participant_id,full_name,nationality,gender,age_group,occupation,university_institution,study_level,year_of_study,subject_area,prior_ai_experience,condition,session_datetime,session_duration_mins,suspicion_probe,financial_literacy_score_0_3,need_for_cognition_1_5,technology_disposition_1_5,ai_follow_rate_0_1,decision_accuracy_rate_0_1,calibration_score,avg_confidence_1_5,avg_response_time_ms,ai_errors_caught_0_3,override_correct_count,override_wrong_count,mental_model_estimate_pct,mental_model_accurate,trust_in_automation_1_7,perceived_fairness_1_7,appeal_intent_1_5,retrust_organisation_1_5
P0001,Forhad Hossain,Bangladeshi,Male,18-22,Undergraduate student,University of Surrey,BSc / BEng / BA,Year 1,Information Technology,Moderate,B_surface,2026-07-20 02:57:00,53.6,No,2,2.5,3.2,0.7,0.4,-0.232,2.9,14367,0,2,1,80,True,3.71,4.89,1,3
P0002,Reshma Begum,Bangladeshi,Female,18-22,Undergraduate student,University of South Wales,BSc / BEng / BA,Year 3,Psychology,High,B_surface,2026-07-20 08:10:25,51.5,Somewhat — thought it was about AI accuracy,2,3.8,3.7,0.5,0.4,0.138,3.3,17932,1,1,2,100,True,4.63,4.23,4,4
P0003,Ivan Petrov,Other,Male,18-22,Undergraduate student,Middlesex University,HND / Foundation,Year 4,Business & Management,Moderate,A_no_explanation,2026-07-20 09:58:04,52.7,Yes — I thought it was about trust in AI,2,4.6,3.0,0.6,0.7,0.127,3.2,15982,2,4,2,84,True,3.87,3.08,2,2
P0004,Shahidul Islam,Bangladeshi,Male,41-50,Postgraduate student (MSc),Sheffield Hallam University,MSc / MA / MEng,PG Year 1,Finance & Accounting,High,C_counterfactual,2026-07-20 10:24:29,45.3,No,2,3.7,2.7,0.6,0.5,-0.187,3.7,19322,1,2,1,82,True,3.25,4.58,5,4
P0005,Sagor Hossain,Bangladeshi,Male,18-22,Working professional,Brunel University London,BSc / BEng / BA,Not a student,Information Technology,Low,B_surface,2026-07-20 10:47:24,59.4,Unsure,3,4.1,3.7,0.4,0.7,0.282,3.3,16782,3,1,2,100,True,3.74,4.16,4,3
P0006,Jean Baptiste,Other,Male,28-32,Undergraduate student,BRAC University,BSc / BEng / BA,Year 3,Finance & Accounting,Low,B_surface,2026-07-20 13:07:59,41.8,No,3,1.6,3.9,0.7,0.6,0.166,3.1,16945,1,1,0,89,True,4.78,4.89,4,3
P0007,Morshedul Islam,Bangladeshi,Male,23-27,Academic / lecturer,Manchester Metropolitan University,Prefer not to say,Completed,Media & Communication,Low,A_no_explanation,2026-07-20 14:43:56,39.7,No,2,4.1,3.8,0.5,0.4,-0.529,3.6,15644,1,1,2,67,False,4.79,3.6,2,4
P0008,Biodun Afolabi,Nigerian,Male,18-22,Postgraduate student (MSc),Middlesex University,MSc / MA / MEng,PG Year 2,Graphic Design,High,C_counterfactual,2026-07-20 17:46:35,51.7,No,2,3.0,2.9,0.6,0.5,-0.118,3.5,19502,1,1,1,79,True,3.43,4.81,4,5
P0009,Mahbubur Rahman,Bangladeshi,Male,23-27,Student & part-time worker,University of East London,BSc / BEng / BA,Year 1,Media & Communication,Moderate,B_surface,2026-07-20 18:51:21,47.2,No,2,1.7,3.2,0.7,0.6,0.323,3.4,14772,1,3,2,96,True,3.8,5.46,4,4
P0010,Asad Mirza,Pakistani,Male,23-27,Postgraduate student (MSc),Coventry University,MSc / MA / MEng,PG Year 2,Cybersecurity,Moderate,A_no_explanation,2026-07-20 19:06:42,42.1,Somewhat — thought it was about AI accuracy,1,3.9,2.9,0.2,0.3,-0.095,3.0,17507,2,2,3,64,True,4.12,5.14,2,5
P0011,Tanvir Ahmed,Bangladeshi,Male,18-22,Graduate (recent),North South University,MSc / MA / MEng,Completed,Graphic Design,Moderate,A_no_explanation,2026-07-20 19:29:45,58.7,Unsure,2,4.3,3.6,0.8,0.9,0.68,3.0,11857,2,1,0,100,True,5.39,5.24,3,5
P0012,Shakil Hossain,Bangladeshi,Male,23-27,Undergraduate student,Leeds Beckett University,BSc / BEng / BA,Year 2,Digital Marketing,Low,A_no_explanation,2026-07-20 19:30:01,48.8,No,2,3.0,4.3,0.7,0.4,-0.593,3.2,12959,0,1,1,100,False,4.18,4.36,3,3
P0013,Rasel Ahmed,Bangladeshi,Male,33-40,Postgraduate student (MSc),University of Hertfordshire,MSc / MA / MEng,PG Year 1,Business & Management,High,A_no_explanation,2026-07-20 19:40:45,58.3,No,2,3.8,5.0,0.8,0.9,0.4,3.0,14947,2,2,1,100,True,3.65,2.85,2,2
P0014,Adaeze Okafor,Nigerian,Female,18-22,Undergraduate student,University of Surrey,BSc / BEng / BA,Year 3,Health Informatics,Moderate,A_no_explanation,2026-07-20 20:18:19,72.9,Yes — I thought it was about trust in AI,1,2.1,1.7,0.7,0.4,-0.26,3.0,16196,0,0,1,99,True,3.77,4.51,1,4
P0015,Monwar Hossain,Bangladeshi,Male,23-27,Undergraduate student,Middlesex University,HND / Foundation,Year 3,Data Science & AI,Low,B_surface,2026-07-20 20:41:36,61.4,Somewhat — thought it was about AI accuracy,1,1.9,2.2,0.9,0.6,-0.085,3.2,13680,0,0,0,92,True,3.76,4.73,2,3
P0016,Arif Hossain,Bangladeshi,Male,23-27,Postgraduate student (MSc),Goldsmiths University of London,MSc / MA / MEng,PG Year 1,Human-Computer Interaction,Low,A_no_explanation,2026-07-20 20:42:21,69.2,Somewhat — thought it was about usability,3,2.4,3.4,0.5,0.6,0.196,2.8,17325,2,1,1,76,True,4.79,3.74,2,4
P0017,Charlotte Carter,British,Female,23-27,Academic / lecturer,Oxford Brookes University,PhD / MPhil,Not a student,Digital Marketing,Moderate,A_no_explanation,2026-07-20 21:28:17,64.3,No,3,1.9,3.1,0.5,0.4,0.021,2.7,16119,1,2,2,86,False,3.53,5.2,2,1
P0018,Zahirul Islam,Bangladeshi,Male,33-40,Undergraduate student,University of Reading,BSc / BEng / BA,Year 1,Education Technology,High,C_counterfactual,2026-07-20 21:36:13,41.8,No,1,4.5,3.7,0.8,0.7,-0.085,3.4,16447,1,0,0,100,True,5.08,5.45,5,3
P0019,Ajay Chauhan,Indian,Male,18-22,Undergraduate student,Daffodil International University,BSc / BEng / BA,Year 4,Computer Science,High,A_no_explanation,2026-07-20 23:02:28,54.1,No,3,2.9,3.5,0.5,0.4,0.257,2.4,16427,1,1,1,48,False,4.38,5.11,1,2
P0020,Dele Ogunyemi,Nigerian,Male,23-27,PhD researcher,Manchester Metropolitan University,PhD / MPhil,PhD Year 1,Digital Marketing,Low,A_no_explanation,2026-07-20 23:25:37,62.9,Unsure,1,2.3,3.8,0.7,0.4,-0.062,3.5,14636,0,1,2,47,True,4.41,2.18,2,3
P0021,Nabil Hossain,Bangladeshi,Male,28-32,Undergraduate student,Middlesex University,BSc / BEng / BA,Year 3,Computer Science,Low,B_surface,2026-07-21 06:01:19,52.3,No,3,1.9,3.3,0.4,0.5,-0.233,3.3,17016,2,1,3,87,True,4.44,3.38,4,3
P0022,Nasir Uddin,Bangladeshi,Male,28-32,Postgraduate student (MSc),Coventry University,MSc / MA / MEng,PG Year 1,International Business,High,B_surface,2026-07-21 08:30:45,44.5,Somewhat — thought it was about AI accuracy,1,2.8,2.3,0.5,0.6,0.017,2.9,14944,2,2,0,83,True,3.03,3.79,2,4
P0023,Sazzad Hossain,Bangladeshi,Male,28-32,Undergraduate student,BUET,BSc / BEng / BA,Year 1,Software Engineering,Moderate,C_counterfactual,2026-07-21 08:51:29,42.5,No,3,2.5,2.9,0.6,0.7,0.279,3.1,18383,2,2,1,100,True,3.38,4.8,4,4
P0024,Zoe Thompson,British,Female,23-27,PhD researcher,Daffodil International University,PhD / MPhil,PhD Year 1,Data Science & AI,Moderate,B_surface,2026-07-21 09:05:06,49.2,No,3,1.4,2.4,0.7,0.4,0.076,2.8,16480,0,1,2,92,True,3.74,4.2,4,3
P0025,Ruhul Amin,Bangladeshi,Male,23-27,Undergraduate student,University of South Wales,BSc / BEng / BA,Year 1,Finance & Accounting,High,A_no_explanation,2026-07-21 09:13:38,43.3,No,3,2.5,3.2,0.9,0.6,0.005,3.2,12216,0,1,0,85,True,3.67,4.27,4,3
P0026,Akosua Osei,Other,Prefer not to say,28-32,Postgraduate student (MSc),Daffodil International University,MSc / MA / MEng,PG Year 1,Digital Marketing,Moderate,C_counterfactual,2026-07-21 09:30:45,64.5,Yes — I thought it was about trust in AI,3,4.0,3.6,0.8,0.7,0.013,3.2,17032,1,2,2,70,True,3.08,5.18,3,2
P0027,Hossain Ali,Bangladeshi,Male,18-22,Postgraduate student (MSc),Kingston University London,MSc / MA / MEng,PG Year 2,Digital Marketing,Low,B_surface,2026-07-21 10:21:42,65.0,No,1,3.7,3.9,0.8,0.5,-0.199,2.8,13543,0,0,1,56,True,4.35,3.01,3,2
P0028,Belal Hossain,Bangladeshi,Male,18-22,Undergraduate student,Daffodil International University,BSc / BEng / BA,Year 1,Digital Marketing,Low,A_no_explanation,2026-07-21 10:35:55,55.9,No,2,4.2,3.2,0.6,0.5,-0.146,3.4,13589,1,1,1,49,True,3.98,4.62,2,4
P0029,Jeba Akter,Bangladeshi,Female,18-22,Undergraduate student,London Metropolitan University,BSc / BEng / BA,Year 2,International Business,Low,B_surface,2026-07-21 10:54:49,43.9,No,3,4.0,3.8,0.7,0.6,-0.087,3.2,15055,1,2,1,92,True,4.37,4.44,3,4
P0030,Rajesh Pillai,Indian,Male,18-22,Postgraduate student (MBA),Coventry University,MBA,PG Year 1,Cybersecurity,Low,B_surface,2026-07-21 11:04:21,51.0,Somewhat — thought it was about AI accuracy,1,3.3,1.4,0.7,0.6,0.084,3.1,13605,1,0,0,90,True,5.2,4.68,1,3
P0031,Lei Hu,Chinese,Female,51+,Working professional,University of Bedfordshire,MSc / MA / MEng,Completed,Human-Computer Interaction,Moderate,C_counterfactual,2026-07-21 11:06:01,63.8,No,0,2.1,3.3,0.6,0.5,-0.158,3.3,17876,1,2,1,75,False,3.27,5.91,4,3
P0032,Geeta Mishra,Indian,Female,41-50,Postgraduate student (MSc),University of Reading,MSc / MA / MEng,PG Year 2,Media & Communication,Moderate,B_surface,2026-07-21 12:48:43,46.6,Somewhat — thought it was about usability,1,3.6,3.0,0.5,0.6,0.265,2.8,15509,2,2,2,79,False,5.11,5.48,3,3
P0033,Aklima Begum,Bangladeshi,Female,18-22,Postgraduate student (MBA),University of Westminster,MBA,PG Year 1,Data Science & AI,Moderate,B_surface,2026-07-21 13:02:13,56.4,No,2,3.1,4.2,0.4,0.7,0.151,2.9,17725,3,2,0,82,True,4.04,3.94,3,4
P0034,Himel Hossain,Bangladeshi,Male,23-27,PhD researcher,University of Dhaka,PhD / MPhil,PhD Year 3,Psychology,Low,A_no_explanation,2026-07-21 13:14:52,62.6,No,2,3.3,3.9,0.7,0.6,0.053,3.0,15380,1,1,1,49,False,4.93,3.94,2,4
P0035,Halima Begum,Bangladeshi,Female,23-27,Postgraduate student (MSc),University of Chichester,MSc / MA / MEng,PG Year 2,Finance & Accounting,Moderate,A_no_explanation,2026-07-21 13:46:27,60.9,No,1,5.0,2.9,0.7,0.6,0.045,3.2,16065,1,1,0,57,False,5.4,3.15,1,3
P0036,Salim Ahmed,Bangladeshi,Male,33-40,Undergraduate student,University of Surrey,BSc / BEng / BA,Year 1,Media & Communication,Low,B_surface,2026-07-21 14:07:31,57.0,Somewhat — thought it was about usability,0,3.8,3.9,0.5,0.4,0.195,2.4,16622,1,1,2,79,True,4.76,3.74,3,5
P0037,Harry Johnson,British,Male,23-27,Graduate (recent),Daffodil International University,MSc / MA / MEng,Completed,Media & Communication,High,C_counterfactual,2026-07-21 15:39:49,58.2,No,3,4.8,3.9,0.2,0.3,-0.274,3.4,21199,2,3,6,66,True,4.67,6.26,5,2
P0038,Farhad Uddin,Bangladeshi,Male,18-22,Undergraduate student,Manchester Metropolitan University,BSc / BEng / BA,Year 2,Human-Computer Interaction,Low,C_counterfactual,2026-07-21 19:31:04,45.1,Somewhat — thought it was about usability,1,2.5,1.7,0.4,0.5,0.031,3.1,20768,2,2,2,68,True,3.03,5.47,2,2
P0039,Alamgir Hossain,Bangladeshi,Male,28-32,Student & part-time worker,Kingston University London,MSc / MA / MEng,Year 3,Software Engineering,High,C_counterfactual,2026-07-21 19:55:33,58.6,No,2,2.3,2.9,0.4,0.5,-0.029,3.3,19755,2,1,1,81,True,3.9,6.39,4,3
P0040,Murad Hossain,Bangladeshi,Male,18-22,Postgraduate student (MSc),Anglia Ruskin University,MSc / MA / MEng,PG Year 1,Digital Marketing,Low,B_surface,2026-07-21 20:43:46,54.0,No,2,3.2,4.5,0.6,0.5,0.164,3.0,15951,1,2,1,57,True,3.93,5.19,4,5
P0041,Hafiz Jaafar,Malaysian,Male,18-22,Undergraduate student,University of Chichester,BSc / BEng / BA,Year 1,International Business,High,C_counterfactual,2026-07-21 20:49:04,65.4,No,3,3.7,2.9,0.7,0.8,-0.008,3.4,18147,2,1,2,87,True,3.49,5.72,5,3
P0042,Sohel Rana,Bangladeshi,Male,28-32,Postgraduate student (MSc),Brunel University London,MSc / MA / MEng,PG Year 1,Cybersecurity,Moderate,B_surface,2026-07-21 21:06:57,52.0,No,1,3.3,2.4,0.7,0.4,-0.028,3.2,17006,0,1,2,71,True,4.04,6.38,4,4
P0043,Monirul Islam,Bangladeshi,Male,33-40,Postgraduate student (MSc),Anglia Ruskin University,MSc / MA / MEng,PG Year 2,Digital Marketing,Moderate,A_no_explanation,2026-07-21 21:19:32,48.3,No,1,3.4,3.4,0.8,0.7,0.217,3.1,14349,1,1,0,76,True,6.17,4.12,1,2
P0044,Rekha Begum,Bangladeshi,Female,23-27,Postgraduate student (MSc),University of Chichester,MSc / MA / MEng,PG Year 2,Human-Computer Interaction,Moderate,A_no_explanation,2026-07-21 21:34:05,51.4,Yes — I thought it was about trust in AI,1,4.8,2.7,0.7,0.8,0.087,2.8,13762,2,1,1,94,True,4.45,1.61,2,2
P0045,Lutfa Begum,Bangladeshi,Female,18-22,Postgraduate student (MSc),Daffodil International University,MSc / MA / MEng,PG Year 2,Graphic Design,Moderate,C_counterfactual,2026-07-21 22:07:11,59.3,No,3,3.4,4.0,0.6,0.7,-0.166,3.1,17366,2,0,0,95,True,4.17,4.93,4,5
P0046,Nabiha Islam,Bangladeshi,Female,18-22,Working professional,University of South Wales,BSc / BEng / BA,Not a student,Human-Computer Interaction,Low,A_no_explanation,2026-07-22 07:19:20,58.9,Unsure,1,2.6,3.5,0.7,0.6,0.113,2.6,15680,1,1,1,90,False,3.75,3.41,1,2
P0047,Kiran Reddy,Indian,Male,23-27,Postgraduate student (MBA),Kingston University London,MBA,Year 1,Computer Science,Low,B_surface,2026-07-22 08:42:42,37.5,No,2,3.0,3.3,0.8,0.9,0.038,3.3,16879,2,1,0,82,False,3.64,4.94,3,5
P0048,Sunita Mehta,Indian,Female,41-50,Undergraduate student,"University for the Creative Arts, Farnham",BSc / BEng / BA,Year 3,Cybersecurity,Low,B_surface,2026-07-22 08:55:33,63.2,Unsure,3,4.4,2.7,0.4,0.7,-0.116,2.9,19084,3,1,2,97,True,3.93,5.69,5,4
P0049,Jun Li,Chinese,Male,23-27,Undergraduate student,Oxford Brookes University,BSc / BEng / BA,Year 4,Cybersecurity,Moderate,A_no_explanation,2026-07-22 11:10:33,36.3,Somewhat — thought it was about usability,3,3.2,3.6,0.6,0.5,0.178,2.9,14838,1,2,1,49,False,4.95,5.63,2,3
P0050,Rina Akter,Bangladeshi,Female,28-32,Undergraduate student,University of Chichester,BSc / BEng / BA,Year 1,Finance & Accounting,Moderate,A_no_explanation,2026-07-22 11:37:48,51.9,No,2,3.1,2.9,0.7,0.4,0.204,3.1,13892,0,0,0,75,True,4.69,3.82,3,4
P0051,Zakia Begum,Bangladeshi,Female,23-27,Postgraduate student (MBA),Middlesex University,MBA,Year 1,Graphic Design,High,A_no_explanation,2026-07-22 11:40:22,32.0,Yes — I thought it was about trust in AI,1,1.7,4.4,0.6,0.5,-0.264,2.9,17437,1,3,2,100,False,7.0,5.92,2,3
P0052,Maria Garcia,Other,Female,23-27,Academic / lecturer,Manchester Metropolitan University,PhD / MPhil,Not a student,Data Science & AI,Moderate,A_no_explanation,2026-07-22 12:35:02,43.5,No,0,4.1,3.4,0.7,0.8,0.336,2.8,13024,2,1,0,91,True,4.88,3.89,3,4
P0053,Shamsul Alam,Bangladeshi,Male,33-40,Postgraduate student (MSc),University of Hertfordshire,MSc / MA / MEng,PG Year 1,Media & Communication,Moderate,C_counterfactual,2026-07-22 13:16:22,57.7,No,2,3.2,5.0,0.3,0.6,-0.38,3.0,20260,3,1,0,96,True,3.89,4.23,4,3
P0054,Bazlur Rahman,Bangladeshi,Male,23-27,Postgraduate student (MSc),Coventry University,MSc / MA / MEng,PG Year 2,Psychology,Moderate,A_no_explanation,2026-07-22 17:25:16,44.0,Somewhat — thought it was about AI accuracy,2,5.0,3.2,0.6,0.7,0.005,2.9,15571,2,4,1,40,False,4.91,3.98,3,2
P0055,Fazlul Haque,Bangladeshi,Male,51+,Undergraduate student,Coventry University,BSc / BEng / BA,Year 4,Information Technology,Moderate,B_surface,2026-07-22 18:00:36,46.6,Somewhat — thought it was about usability,2,3.9,3.6,0.7,0.4,0.009,3.0,16086,0,0,1,64,False,4.6,3.49,2,5
P0056,Hannah Green,British,Female,23-27,Undergraduate student,University of Surrey,BSc / BEng / BA,Year 4,Cybersecurity,Low,A_no_explanation,2026-07-22 19:45:55,57.5,Unsure,1,4.8,2.6,0.8,0.9,0.244,3.2,12398,2,0,0,91,False,4.92,3.61,2,3
P0057,Anna Mueller,Other,Female,33-40,Undergraduate student,"University for the Creative Arts, Farnham",BSc / BEng / BA,Year 1,Education Technology,Low,C_counterfactual,2026-07-22 19:56:32,34.8,No,2,2.2,3.6,0.7,0.6,-0.1,3.5,20147,1,1,1,90,True,5.16,5.81,5,3
P0058,Anika Tasnim,Bangladeshi,Female,33-40,PhD researcher,University of East London,PhD / MPhil,PhD Year 1,Cybersecurity,Low,C_counterfactual,2026-07-22 20:17:23,55.5,Yes — I thought it was about trust in AI,1,2.9,2.9,0.7,0.6,0.191,3.4,17272,1,1,0,35,False,3.57,7.0,4,3
P0059,Golam Mostafa,Bangladeshi,Male,23-27,Graduate (recent),Manchester Metropolitan University,BSc / BEng / BA,Completed,Computer Science,High,C_counterfactual,2026-07-22 20:52:48,57.2,Somewhat — thought it was about AI accuracy,0,2.6,3.1,0.4,0.5,0.04,3.2,21615,2,1,2,85,True,4.14,4.73,5,3
P0060,Olivia Morris,British,Female,23-27,Postgraduate student (MSc),London Metropolitan University,MSc / MA / MEng,PG Year 2,Finance & Accounting,Moderate,A_no_explanation,2026-07-22 22:02:42,46.4,Somewhat — thought it was about AI accuracy,3,4.5,3.9,0.4,0.5,0.018,3.4,16169,2,2,2,61,True,4.97,4.26,3,4
P0061,Ritu Gupta,Indian,Female,33-40,Postgraduate student (MSc),"University for the Creative Arts, Farnham",MSc / MA / MEng,PG Year 1,Computer Science,Moderate,B_surface,2026-07-22 22:06:10,58.9,No,2,3.6,3.8,0.6,0.5,0.205,2.6,17215,1,1,0,69,True,4.97,3.46,3,5
P0062,Mason Thompson,British,Male,33-40,Postgraduate student (MBA),University of South Wales,MBA,PG Year 1,Psychology,High,B_surface,2026-07-22 22:10:00,36.0,No,1,3.1,4.4,0.5,0.4,-0.136,3.1,17836,1,0,1,77,False,4.08,4.26,2,4
P0063,Ryan Green,British,Male,23-27,Undergraduate student,Brunel University London,BSc / BEng / BA,Year 1,Human-Computer Interaction,High,B_surface,2026-07-22 23:12:24,45.3,No,1,2.9,4.0,0.5,0.2,-0.073,3.5,16275,0,0,4,83,True,4.35,3.5,4,3
P0064,Sorifa Begum,Bangladeshi,Female,18-22,Postgraduate student (MBA),Kingston University London,MBA,PG Year 1,Graphic Design,Moderate,C_counterfactual,2026-07-22 23:21:48,42.2,No,2,4.0,3.2,0.6,0.5,-0.274,3.4,19472,1,2,3,80,False,4.09,6.52,4,3
P0065,Elena Popescu,Other,Female,33-40,Student & part-time worker,North South University,BSc / BEng / BA,PG Year 1,Digital Marketing,Low,A_no_explanation,2026-07-23 04:28:01,45.9,No,2,2.2,4.0,0.9,0.8,0.107,3.3,15008,1,0,0,85,True,5.06,5.94,3,2
P0066,Ella Hall,British,Non-binary,18-22,Postgraduate student (MBA),University of Bedfordshire,MBA,Year 1,Cybersecurity,Moderate,A_no_explanation,2026-07-23 06:28:50,53.2,Somewhat — thought it was about AI accuracy,2,2.1,2.7,0.9,0.8,0.349,3.1,14541,1,0,0,97,True,4.9,3.82,3,4
P0067,Ashraful Alam,Bangladeshi,Male,18-22,Undergraduate student,North South University,BSc / BEng / BA,Year 3,Cybersecurity,High,C_counterfactual,2026-07-23 07:03:09,53.7,Somewhat — thought it was about AI accuracy,2,2.5,3.5,0.4,0.7,-0.088,3.5,19418,3,5,1,100,True,3.3,4.56,4,3
P0068,Seun Akinwale,Nigerian,Male,33-40,Undergraduate student,BRAC University,BSc / BEng / BA,Year 2,Software Engineering,Low,C_counterfactual,2026-07-23 08:12:17,58.9,No,1,2.4,4.0,0.8,0.9,0.336,3.1,18281,2,1,0,100,True,3.83,6.28,3,4
P0069,Rezaul Karim,Bangladeshi,Male,23-27,Undergraduate student,University of Surrey,BSc / BEng / BA,Year 2,Information Technology,Low,C_counterfactual,2026-07-23 08:30:13,49.4,Somewhat — thought it was about AI accuracy,0,3.0,3.1,0.3,0.6,0.14,3.0,20169,3,3,2,61,False,3.1,5.57,1,3
P0070,Taslima Begum,Bangladeshi,Female,18-22,Postgraduate student (MSc),Goldsmiths University of London,MSc / MA / MEng,PG Year 1,Education Technology,Low,C_counterfactual,2026-07-23 08:59:22,56.7,No,1,1.7,2.0,0.3,0.0,-0.524,3.0,22132,0,1,2,79,False,4.65,4.28,3,3
P0071,Mayisha Islam,Bangladeshi,Female,18-22,Postgraduate student (MSc),Goldsmiths University of London,MSc / MA / MEng,PG Year 1,International Business,Low,A_no_explanation,2026-07-23 08:59:29,66.9,No,2,2.6,3.1,0.7,0.6,0.472,2.8,11479,1,1,1,80,True,5.09,4.41,5,5
P0072,Redwan Islam,Bangladeshi,Male,28-32,Working professional,University of East London,MSc / MA / MEng,Not a student,Human-Computer Interaction,Moderate,B_surface,2026-07-23 10:09:00,59.0,No,2,4.1,2.3,0.6,0.7,0.275,3.2,15709,2,1,1,84,True,3.37,5.24,2,3
P0073,Motiur Rahman,Bangladeshi,Male,28-32,PhD researcher,Daffodil International University,PhD / MPhil,PhD Year 1,Health Informatics,Low,A_no_explanation,2026-07-23 10:27:13,40.5,Unsure,3,5.0,2.0,0.8,0.7,0.253,2.7,13199,1,1,0,80,False,4.35,4.4,3,3
P0074,Nure Alam,Bangladeshi,Male,18-22,Graduate (recent),North South University,MSc / MA / MEng,Completed,International Business,Moderate,A_no_explanation,2026-07-23 10:51:42,61.9,Yes — I thought it was about trust in AI,3,2.0,2.7,0.8,0.7,0.156,3.1,15642,1,0,0,100,True,4.4,4.01,4,2
P0075,Lutfur Rahman,Bangladeshi,Male,18-22,Undergraduate student,BRAC University,BSc / BEng / BA,Year 4,Education Technology,Moderate,B_surface,2026-07-23 11:47:17,46.7,Somewhat — thought it was about AI accuracy,2,3.7,3.7,0.6,0.5,0.155,2.9,17916,1,1,1,85,True,3.62,4.17,3,1
P0076,Divya Pillai,Indian,Prefer not to say,23-27,PhD researcher,Oxford Brookes University,PhD / MPhil,PhD Year 2,Information Technology,Low,A_no_explanation,2026-07-23 11:55:33,63.0,No,0,3.7,3.6,0.7,0.6,-0.195,3.5,14876,1,3,3,87,True,5.24,3.86,5,3
P0077,Rafique Hossain,Bangladeshi,Male,28-32,Undergraduate student,BUET,HND / Foundation,Year 1,Education Technology,Low,A_no_explanation,2026-07-23 12:11:51,41.7,No,2,2.3,3.7,0.8,0.7,-0.044,3.4,13692,1,0,0,80,True,4.94,3.81,3,4
P0078,Shapna Akter,Bangladeshi,Female,28-32,Postgraduate student (MSc),Kingston University London,MSc / MA / MEng,PG Year 1,Data Science & AI,High,A_no_explanation,2026-07-23 12:12:17,55.4,No,3,3.0,3.2,0.5,0.6,0.024,2.9,14911,2,1,1,86,True,4.12,2.93,2,4
P0079,Sara Butt,Pakistani,Female,28-32,Postgraduate student (MBA),University of South Wales,MBA,Year 1,Media & Communication,High,B_surface,2026-07-23 12:49:38,60.9,No,0,3.6,4.5,0.7,0.4,-0.475,3.3,16589,0,0,1,100,False,5.37,4.57,4,3
P0080,Sunil Bose,Indian,Male,18-22,Postgraduate student (MSc),BUET,MSc / MA / MEng,PG Year 2,International Business,Moderate,A_no_explanation,2026-07-23 14:11:25,54.1,Unsure,2,2.8,2.6,0.8,0.7,0.235,2.9,13474,1,1,1,100,True,4.28,4.99,2,3
P0081,Humayra Islam,Bangladeshi,Female,28-32,Undergraduate student,University of Hertfordshire,BSc / BEng / BA,Year 1,Computer Science,Moderate,C_counterfactual,2026-07-23 15:38:57,56.3,Yes — I thought it was about trust in AI,3,3.0,2.5,0.6,0.5,-0.012,3.7,16553,1,2,1,98,True,3.04,6.79,5,2
P0082,Na Xu,Chinese,Female,23-27,Postgraduate student (MSc),Middlesex University,MSc / MA / MEng,PG Year 2,Education Technology,High,B_surface,2026-07-23 17:31:29,64.7,No,2,3.8,3.4,0.5,0.4,-0.216,3.0,19452,1,1,1,78,True,3.69,5.13,4,2
P0083,Kavitha Nair,Indian,Female,18-22,Postgraduate student (MSc),"University for the Creative Arts, Farnham",MSc / MA / MEng,PG Year 2,Education Technology,Moderate,C_counterfactual,2026-07-23 18:30:25,55.8,Somewhat — thought it was about AI accuracy,3,1.9,2.3,0.3,0.6,0.187,2.8,20100,3,3,4,90,True,4.17,5.47,5,2
P0084,Amaka Eze,Nigerian,Female,23-27,Postgraduate student (MBA),University of South Wales,MBA,PG Year 1,Education Technology,High,C_counterfactual,2026-07-23 18:31:02,55.3,Somewhat — thought it was about usability,3,3.4,3.0,0.3,0.4,-0.43,3.3,19894,2,4,1,100,True,2.36,5.61,4,2
P0085,Afsana Islam,Bangladeshi,Female,23-27,Undergraduate student,University of Westminster,HND / Foundation,Year 1,Cybersecurity,Moderate,A_no_explanation,2026-07-23 19:23:49,56.7,No,3,2.3,3.6,0.7,0.6,0.429,3.1,12638,1,1,1,96,True,4.21,4.24,5,4
P0086,Nurjahan Begum,Bangladeshi,Female,23-27,Postgraduate student (MSc),University of Dhaka,MSc / MA / MEng,PG Year 1,Cybersecurity,Moderate,C_counterfactual,2026-07-23 19:36:40,42.2,No,2,4.4,3.3,0.4,0.5,-0.239,3.1,22263,2,2,1,84,True,3.19,5.29,4,4
P0087,Morium Begum,Bangladeshi,Female,18-22,Postgraduate student (MSc),University of East London,MSc / MA / MEng,PG Year 1,Computer Science,Moderate,C_counterfactual,2026-07-23 19:39:59,55.9,No,1,3.8,4.5,0.5,0.4,-0.254,2.8,20993,1,2,2,100,False,4.21,6.68,2,3
P0088,Zain Malik,Pakistani,Male,28-32,Undergraduate student,University of Westminster,BSc / BEng / BA,Year 1,International Business,Low,C_counterfactual,2026-07-23 20:11:52,51.7,No,0,3.9,3.1,0.4,0.3,-0.38,3.5,20082,1,3,2,92,False,4.64,4.74,2,3
P0089,Fang Wang,Chinese,Female,23-27,Undergraduate student,University of South Wales,BSc / BEng / BA,Year 4,Information Technology,High,A_no_explanation,2026-07-23 20:24:05,53.8,No,0,2.6,4.1,0.8,0.5,0.167,3.1,15357,0,1,2,88,True,4.77,3.58,1,2
P0090,Shafiqul Islam,Bangladeshi,Male,33-40,Undergraduate student,University of Surrey,BSc / BEng / BA,Year 1,Health Informatics,Low,B_surface,2026-07-23 20:44:21,61.9,No,2,3.8,2.4,0.4,0.5,-0.051,2.5,17473,2,3,1,80,True,3.86,4.72,2,3
P0091,Isla Young,British,Female,28-32,PhD researcher,Daffodil International University,PhD / MPhil,PhD Year 1,Media & Communication,Low,C_counterfactual,2026-07-23 20:48:41,41.2,Yes — I thought it was about trust in AI,3,1.9,3.3,0.4,0.3,-0.251,3.6,18637,1,1,4,46,True,3.79,3.99,3,3
P0092,Dmitri Volkov,Other,Male,28-32,Undergraduate student,"University for the Creative Arts, Farnham",BSc / BEng / BA,Year 3,Cybersecurity,Low,C_counterfactual,2026-07-23 20:51:11,58.5,No,3,2.5,4.1,0.5,0.6,0.195,2.9,16818,2,2,1,75,False,3.52,4.9,4,3
P0093,Suresh Yadav,Indian,Male,23-27,Postgraduate student (MSc),University of Westminster,MSc / MA / MEng,PG Year 1,Information Technology,Moderate,C_counterfactual,2026-07-23 21:07:24,47.3,No,2,2.7,4.4,0.7,0.6,-0.016,3.0,17717,1,0,0,80,True,4.63,4.05,4,2
P0094,Pervin Akter,Bangladeshi,Female,41-50,Graduate (recent),University of Reading,BSc / BEng / BA,Completed,International Business,High,C_counterfactual,2026-07-23 21:25:22,53.3,No,3,3.2,3.4,0.1,0.4,0.081,3.4,22530,3,1,2,76,True,3.78,5.77,5,2
P0095,Aiden Young,British,Male,28-32,Undergraduate student,Oxford Brookes University,BSc / BEng / BA,Year 4,Media & Communication,Low,A_no_explanation,2026-07-23 22:24:06,68.7,No,2,2.7,3.0,0.9,0.6,0.054,2.6,12475,0,1,0,71,True,5.68,3.42,3,5
P0096,David Osei,Other,Male,23-27,Postgraduate student (MSc),Daffodil International University,MSc / MA / MEng,PG Year 2,Media & Communication,Moderate,B_surface,2026-07-23 23:04:25,52.2,No,3,2.5,2.3,0.7,0.6,0.0,3.4,14004,1,2,3,64,False,3.87,4.17,3,4
P0097,Folake Afolabi,Nigerian,Female,23-27,Undergraduate student,Goldsmiths University of London,BSc / BEng / BA,Year 4,International Business,Moderate,A_no_explanation,2026-07-23 23:36:53,65.5,Yes — I thought it was about trust in AI,1,4.4,4.5,0.4,0.5,0.173,2.8,17563,2,3,2,69,True,4.09,3.19,3,4
P0098,Lily Scott,British,Female,23-27,PhD researcher,University of Westminster,PhD / MPhil,PhD Year 2,International Business,Moderate,B_surface,2026-07-23 23:52:38,42.2,Somewhat — thought it was about AI accuracy,2,3.9,3.9,0.5,0.4,-0.152,3.2,17466,1,0,3,88,True,4.62,4.25,2,3
P0099,Tayo Adebisi,Nigerian,Male,28-32,Postgraduate student (MSc),Kingston University London,MSc / MA / MEng,PG Year 2,Health Informatics,Moderate,A_no_explanation,2026-07-24 07:04:41,49.5,No,2,4.3,2.4,0.6,0.5,0.014,3.2,14185,1,1,1,75,True,5.05,4.66,2,2
P0100,Mamunur Rashid,Bangladeshi,Male,28-32,Postgraduate student (MSc),BUET,MSc / MA / MEng,PG Year 2,Cybersecurity,High,B_surface,2026-07-24 08:26:22,44.4,Somewhat — thought it was about usability,2,4.9,4.8,0.4,0.3,-0.347,3.2,17182,1,3,3,72,True,4.19,4.85,3,4
P0101,Iqbal Nasir,Malaysian,Male,23-27,Postgraduate student (MSc),Goldsmiths University of London,MSc / MA / MEng,PG Year 1,Health Informatics,Moderate,C_counterfactual,2026-07-24 10:39:37,59.2,No,2,1.2,2.9,0.5,0.4,-0.136,3.3,20363,1,1,1,74,True,4.18,5.75,4,2
P0102,Hafsa Begum,Bangladeshi,Female,51+,PhD researcher,University of Bedfordshire,PhD / MPhil,PhD Year 3,Data Science & AI,Low,B_surface,2026-07-24 11:52:55,61.8,Somewhat — thought it was about usability,3,2.9,2.2,0.5,0.2,-0.382,3.1,17309,0,0,0,74,True,4.56,4.53,3,3
P0103,Syafiqah Ramli,Malaysian,Female,28-32,Postgraduate student (MSc),Kingston University London,MSc / MA / MEng,PG Year 2,Information Technology,Low,B_surface,2026-07-24 12:13:11,52.2,No,0,4.7,3.8,0.8,0.5,-0.245,3.0,14884,0,0,0,92,True,5.46,4.71,2,3
P0104,Rejwan Ahmed,Bangladeshi,Male,23-27,PhD researcher,BRAC University,PhD / MPhil,PhD Year 1,Health Informatics,Moderate,A_no_explanation,2026-07-24 12:49:57,54.4,Unsure,0,4.3,3.4,0.4,0.3,-0.36,3.5,17575,1,4,2,87,True,3.63,3.35,2,2
P0105,Shayla Akter,Bangladeshi,Female,23-27,Postgraduate student (MSc),University of Hertfordshire,MSc / MA / MEng,PG Year 2,Software Engineering,Low,C_counterfactual,2026-07-24 12:57:25,58.6,Somewhat — thought it was about AI accuracy,3,3.9,4.1,0.3,0.6,0.094,3.6,20686,3,4,1,72,True,4.41,5.38,5,5
P0106,Noah Anderson,British,Male,33-40,Postgraduate student (MSc),Sheffield Hallam University,MSc / MA / MEng,PG Year 2,Software Engineering,Low,C_counterfactual,2026-07-24 14:07:06,48.8,Unsure,2,2.2,3.1,0.7,0.8,0.011,3.4,16885,2,1,0,100,True,3.89,4.49,4,3
P0107,Sophia Harris,British,Female,28-32,Undergraduate student,University of East London,BSc / BEng / BA,Year 1,Business & Management,Moderate,B_surface,2026-07-24 14:59:46,35.9,No,2,2.7,2.5,0.5,0.6,0.264,3.1,17105,2,0,1,86,True,3.19,2.66,3,4
P0108,Oliver Smith,British,Male,18-22,Working professional,University of Hertfordshire,MSc / MA / MEng,Not a student,Software Engineering,Moderate,A_no_explanation,2026-07-24 17:45:53,51.5,No,1,3.0,2.1,0.8,0.7,0.328,2.9,12742,1,1,0,94,True,5.06,2.8,2,3
P0109,Charlie Davis,British,Male,23-27,Student & part-time worker,University of Bedfordshire,BSc / BEng / BA,Year 2,International Business,Low,C_counterfactual,2026-07-24 18:03:38,54.0,No,0,4.1,3.2,0.7,0.4,-0.136,3.2,18214,0,1,1,95,False,5.15,4.93,2,3
P0110,Obaidul Islam,Bangladeshi,Male,18-22,Undergraduate student,North South University,BSc / BEng / BA,Year 4,Business & Management,Moderate,C_counterfactual,2026-07-24 18:10:40,67.7,No,0,2.3,2.4,0.1,0.2,0.006,3.1,22692,2,2,4,68,True,3.26,4.78,3,3
P0111,Bayo Okonkwo,Nigerian,Male,33-40,Postgraduate student (MSc),Kingston University London,MSc / MA / MEng,PG Year 2,Health Informatics,Moderate,B_surface,2026-07-24 18:49:10,52.1,No,1,3.3,3.8,0.7,0.4,-0.221,3.2,15441,0,1,0,100,False,5.67,4.75,4,2
P0112,Deepak Tiwari,Indian,Male,23-27,Undergraduate student,Anglia Ruskin University,BSc / BEng / BA,Year 4,Digital Marketing,High,B_surface,2026-07-24 19:24:55,71.9,No,0,1.6,3.6,0.6,0.5,0.346,2.7,16181,1,1,2,89,True,4.22,4.79,3,5
P0113,Riadul Islam,Bangladeshi,Male,18-22,Student & part-time worker,University of Reading,BSc / BEng / BA,PG Year 1,Digital Marketing,High,B_surface,2026-07-24 19:46:18,43.9,No,2,3.0,4.0,0.4,0.5,-0.207,3.3,19084,2,3,2,86,True,3.86,4.18,5,4
P0114,Anjali Patel,Indian,Female,23-27,Undergraduate student,North South University,BSc / BEng / BA,Year 1,Cybersecurity,Low,C_counterfactual,2026-07-24 20:08:41,62.9,Somewhat — thought it was about AI accuracy,1,2.8,2.6,0.6,0.5,-0.046,3.1,18978,1,1,1,97,True,3.43,5.81,3,3
P0115,Farhana Azmi,Malaysian,Female,23-27,Student & part-time worker,University of South Wales,BSc / BEng / BA,PG Year 1,Human-Computer Interaction,High,C_counterfactual,2026-07-24 20:38:18,56.6,No,1,2.0,4.2,0.7,0.6,-0.035,3.1,15631,1,2,1,52,False,4.66,4.94,4,3
P0116,Rahima Begum,Bangladeshi,Female,28-32,Undergraduate student,BRAC University,BSc / BEng / BA,Year 2,Digital Marketing,High,C_counterfactual,2026-07-24 21:32:39,56.3,No,2,5.0,3.0,0.6,0.7,-0.075,3.3,17545,2,1,2,74,True,4.34,6.05,3,4
P0117,Parvez Ahmed,Bangladeshi,Male,41-50,Undergraduate student,Coventry University,BSc / BEng / BA,Year 3,Cybersecurity,High,A_no_explanation,2026-07-25 00:18:00,57.9,No,3,3.1,2.9,0.5,0.4,0.053,2.7,16617,1,2,1,98,True,3.4,4.17,2,3
P0118,Naimul Islam,Bangladeshi,Male,18-22,Undergraduate student,Sheffield Hallam University,BSc / BEng / BA,Year 1,Media & Communication,High,A_no_explanation,2026-07-25 06:15:00,60.7,No,0,5.0,4.2,0.5,0.4,-0.317,3.5,17067,1,2,4,73,True,5.15,3.46,2,4
P0119,Suraya Jaafar,Malaysian,Female,33-40,Postgraduate student (MSc),London Metropolitan University,MSc / MA / MEng,PG Year 2,Human-Computer Interaction,Low,A_no_explanation,2026-07-25 07:27:30,52.3,No,0,4.3,3.4,0.6,0.5,0.022,3.0,16304,1,3,5,99,True,3.7,4.27,2,3
P0120,Lakshmi Reddy,Indian,Female,23-27,PhD researcher,Goldsmiths University of London,PhD / MPhil,PhD Year 2,Health Informatics,Moderate,A_no_explanation,2026-07-25 08:48:38,57.4,No,0,2.8,4.3,0.5,0.2,-0.317,3.2,15974,0,1,3,59,True,5.17,5.32,3,2
P0121,Ananya Krishnan,Indian,Female,18-22,Undergraduate student,BRAC University,BSc / BEng / BA,Year 1,Computer Science,High,C_counterfactual,2026-07-25 09:41:07,41.5,No,2,3.4,3.1,0.3,0.6,0.259,3.2,21594,3,4,4,95,True,5.17,4.15,4,4
P0122,Madison Clark,British,Female,18-22,Working professional,Daffodil International University,Prefer not to say,Not a student,Media & Communication,Low,B_surface,2026-07-25 10:23:28,38.6,No,3,2.2,1.9,0.5,0.6,0.129,3.0,19319,2,2,2,47,False,4.01,7.0,4,3
P0123,Lima Akter,Bangladeshi,Female,28-32,Postgraduate student (MSc),University of Dhaka,MSc / MA / MEng,PG Year 1,Human-Computer Interaction,Low,A_no_explanation,2026-07-25 11:30:26,55.3,No,0,2.9,2.9,0.8,0.5,0.169,2.7,15492,0,1,0,79,True,4.56,2.95,2,2
P0124,Azlan Ishak,Malaysian,Male,18-22,Undergraduate student,Daffodil International University,HND / Foundation,Year 4,Human-Computer Interaction,High,A_no_explanation,2026-07-25 11:45:41,49.7,Somewhat — thought it was about AI accuracy,2,3.5,1.8,0.7,0.6,0.025,3.1,14601,1,0,0,62,True,3.52,5.33,2,2
P0125,Lu Sun,Chinese,Female,33-40,Graduate (recent),Daffodil International University,MSc / MA / MEng,Completed,Health Informatics,High,C_counterfactual,2026-07-25 11:56:22,63.3,No,2,3.4,3.4,0.6,0.3,-0.308,2.9,18374,0,1,2,83,True,4.81,6.46,5,3
P0126,Xia Zhou,Chinese,Female,41-50,Undergraduate student,Oxford Brookes University,BSc / BEng / BA,Year 2,Cybersecurity,Moderate,C_counterfactual,2026-07-25 12:22:19,52.5,No,2,3.8,4.6,0.4,0.7,0.124,3.3,21152,3,2,1,78,True,4.45,4.84,5,4
P0127,Obaidul Haque,Bangladeshi,Male,33-40,Graduate (recent),BRAC University,BSc / BEng / BA,Completed,Human-Computer Interaction,Low,C_counterfactual,2026-07-25 12:47:57,51.0,No,2,3.6,4.2,0.4,0.3,-0.328,3.2,20736,1,1,1,100,False,3.7,3.82,3,2
P0128,Fahim Uddin,Bangladeshi,Male,18-22,Postgraduate student (MBA),BUET,MBA,PG Year 1,Graphic Design,Moderate,A_no_explanation,2026-07-25 14:33:56,57.9,Yes — I thought it was about trust in AI,2,4.6,2.0,0.3,0.4,-0.28,3.3,17547,2,4,1,44,False,4.56,4.59,1,2
P0129,Bazlur Hossain,Bangladeshi,Male,23-27,Postgraduate student (MSc),University of Bedfordshire,MSc / MA / MEng,PG Year 1,Psychology,High,C_counterfactual,2026-07-25 16:38:14,65.9,No,3,3.8,3.7,0.4,0.7,0.176,3.4,18877,3,4,3,100,True,4.33,4.45,3,3
P0130,Aisha Hassan,Other,Non-binary,23-27,Postgraduate student (MBA),Sheffield Hallam University,MBA,PG Year 1,Media & Communication,High,B_surface,2026-07-25 18:02:50,45.5,No,0,4.0,3.8,0.6,0.5,0.036,3.3,17393,1,1,1,78,True,4.08,4.29,3,2
P0131,Kamala Rani,Bangladeshi,Female,28-32,Undergraduate student,University of Hertfordshire,BSc / BEng / BA,Year 1,Computer Science,High,C_counterfactual,2026-07-25 18:24:06,74.7,Somewhat — thought it was about usability,2,2.3,3.7,0.7,0.8,0.372,3.1,17789,2,1,1,100,True,3.89,5.12,4,3
P0132,Tasnia Rahman,Bangladeshi,Female,23-27,Student & part-time worker,Goldsmiths University of London,MSc / MA / MEng,Year 3,Information Technology,Moderate,C_counterfactual,2026-07-25 19:18:22,61.5,No,2,2.2,3.2,0.5,0.4,-0.272,3.1,20252,1,0,1,88,False,3.0,6.32,5,3
P0133,Fatima Mahmood,Pakistani,Female,23-27,PhD researcher,Anglia Ruskin University,PhD / MPhil,PhD Year 3,Computer Science,Moderate,C_counterfactual,2026-07-25 20:05:00,58.7,No,1,3.4,4.0,0.7,0.6,0.327,3.3,18124,1,3,1,62,True,3.18,5.34,2,5
P0134,Hira Ahmed,Pakistani,Female,41-50,Undergraduate student,"University for the Creative Arts, Farnham",BSc / BEng / BA,Year 3,Cybersecurity,Moderate,C_counterfactual,2026-07-25 20:58:19,42.8,No,2,3.0,5.0,0.6,0.5,0.115,3.2,19129,1,3,3,57,True,3.79,5.52,3,2
P0135,Thomas Evans,British,Male,18-22,Student & part-time worker,Coventry University,BSc / BEng / BA,PG Year 1,Software Engineering,High,B_surface,2026-07-25 21:18:27,42.1,No,0,2.8,4.3,0.5,0.6,0.001,3.3,15829,2,3,1,85,True,4.84,3.2,4,3
P0136,Arman Hossain,Bangladeshi,Male,18-22,Postgraduate student (MSc),Daffodil International University,MSc / MA / MEng,PG Year 1,Media & Communication,Moderate,A_no_explanation,2026-07-25 22:22:13,50.9,No,1,4.0,4.4,0.9,0.6,0.048,3.3,12162,0,2,1,94,True,4.24,2.31,3,3
P0137,Shweta Kumar,Indian,Female,33-40,Graduate (recent),University of Hertfordshire,MSc / MA / MEng,Completed,Psychology,High,B_surface,2026-07-25 22:26:40,56.2,No,1,2.6,3.1,0.4,0.5,-0.126,2.8,16345,2,3,3,77,True,3.9,3.46,3,4
P0138,Zahid Hasan,Bangladeshi,Male,18-22,Postgraduate student (MSc),Daffodil International University,MSc / MA / MEng,PG Year 1,Computer Science,Moderate,C_counterfactual,2026-07-26 02:11:26,54.8,No,3,2.4,3.8,0.5,0.4,0.044,3.6,20207,1,3,5,51,True,4.12,6.44,2,4
P0139,Mizanur Rahman,Bangladeshi,Male,51+,Postgraduate student (MSc),Oxford Brookes University,MSc / MA / MEng,PG Year 2,Finance & Accounting,Moderate,C_counterfactual,2026-07-26 10:26:13,39.0,No,3,2.0,2.5,0.7,0.8,0.458,3.0,18437,2,1,0,84,True,3.3,6.98,5,4
P0140,Sinthia Islam,Bangladeshi,Female,18-22,Undergraduate student,University of Reading,HND / Foundation,Year 2,Computer Science,Moderate,A_no_explanation,2026-07-26 10:28:02,54.6,No,1,4.3,2.8,0.7,0.8,0.44,2.7,12276,2,1,0,100,True,4.21,5.23,3,4
P0141,Nisha Iyer,Indian,Female,23-27,Working professional,Anglia Ruskin University,BSc / BEng / BA,Completed,Information Technology,Moderate,C_counterfactual,2026-07-26 11:15:02,56.0,No,3,2.7,3.4,0.7,0.8,0.367,2.6,19389,2,4,1,100,True,3.28,6.06,3,4
P0142,Mahbub Alam,Bangladeshi,Male,51+,Postgraduate student (MSc),University of Bedfordshire,MSc / MA / MEng,PG Year 1,Graphic Design,Moderate,C_counterfactual,2026-07-26 11:17:43,50.3,No,3,2.3,3.9,0.5,0.4,-0.132,3.5,18175,1,2,3,45,False,4.28,5.57,4,4
P0143,Hafizur Rahman,Bangladeshi,Male,33-40,Postgraduate student (MSc),University of Dhaka,MSc / MA / MEng,PG Year 2,Human-Computer Interaction,High,B_surface,2026-07-26 12:16:56,58.1,Unsure,2,3.5,2.3,0.3,0.6,-0.051,2.9,18611,3,3,2,61,True,3.81,4.84,3,3
P0144,Tanveer Hossain,Bangladeshi,Male,18-22,Undergraduate student,BUET,BSc / BEng / BA,Year 4,Health Informatics,Low,B_surface,2026-07-26 12:31:26,49.7,No,3,2.7,3.5,0.6,0.5,0.001,2.8,15446,1,4,1,100,False,5.15,4.77,1,3
P0145,Saad Anwar,Pakistani,Male,18-22,Postgraduate student (MSc),Goldsmiths University of London,MSc / MA / MEng,PG Year 2,Media & Communication,Moderate,B_surface,2026-07-26 13:02:33,65.3,Somewhat — thought it was about AI accuracy,2,3.8,4.8,0.5,0.4,0.04,2.8,17460,1,1,1,94,False,4.92,5.66,4,4
P0146,Samia Islam,Bangladeshi,Prefer not to say,28-32,Postgraduate student (MBA),Daffodil International University,MBA,Year 1,Health Informatics,Low,B_surface,2026-07-26 14:14:26,48.9,No,1,3.5,2.2,0.6,0.3,-0.498,3.2,16436,0,4,3,74,True,3.59,6.25,3,2
P0147,Chloe Martin,British,Female,18-22,Undergraduate student,"University for the Creative Arts, Farnham",BSc / BEng / BA,Year 1,Psychology,High,C_counterfactual,2026-07-26 15:05:41,50.5,Unsure,2,3.0,3.0,0.6,0.5,0.233,2.8,19130,1,4,2,71,False,2.6,6.26,5,3
P0148,Naveed Chaudhry,Pakistani,Male,18-22,Postgraduate student (MSc),University of Hertfordshire,MSc / MA / MEng,PG Year 1,Data Science & AI,Low,A_no_explanation,2026-07-26 17:51:44,50.6,No,1,2.7,4.7,0.7,0.4,-0.064,3.2,15304,0,1,2,79,False,3.65,4.15,3,3
P0149,Grace Wright,British,Female,18-22,Undergraduate student,University of Dhaka,HND / Foundation,Year 2,Education Technology,Moderate,C_counterfactual,2026-07-26 18:08:36,49.0,Yes — I thought it was about trust in AI,0,3.2,3.6,0.7,0.4,-0.055,3.0,18311,0,1,1,82,True,4.18,3.87,3,2
P0150,William Moore,British,Male,18-22,Working professional,Oxford Brookes University,BSc / BEng / BA,Not a student,International Business,Moderate,C_counterfactual,2026-07-26 18:58:01,50.5,Somewhat — thought it was about AI accuracy,2,4.1,3.4,0.5,0.6,0.237,3.2,20229,2,2,2,77,True,3.02,5.92,4,3
P0151,Kamran Yousaf,Pakistani,Male,41-50,Undergraduate student,University of East London,BSc / BEng / BA,Year 3,International Business,Moderate,A_no_explanation,2026-07-26 19:22:27,36.9,No,0,3.3,3.5,0.7,0.8,0.098,2.7,15643,2,1,0,100,True,4.85,3.61,3,4
P0152,Mily Akter,Bangladeshi,Female,23-27,PhD researcher,Leeds Beckett University,PhD / MPhil,PhD Year 3,Graphic Design,Low,A_no_explanation,2026-07-26 19:48:13,48.3,No,2,3.9,2.9,0.6,0.5,0.135,3.0,14296,1,3,1,100,True,5.5,2.79,2,3
P0153,Marco Rossi,Other,Male,33-40,Postgraduate student (MSc),Coventry University,MSc / MA / MEng,PG Year 1,Health Informatics,High,C_counterfactual,2026-07-26 21:36:16,49.9,No,3,4.4,4.3,0.5,0.6,0.235,2.8,18077,2,2,1,51,True,3.27,4.45,3,3
P0154,Imtiaz Ahmed,Bangladeshi,Male,23-27,Postgraduate student (MSc),Manchester Metropolitan University,MSc / MA / MEng,PG Year 1,Information Technology,Moderate,A_no_explanation,2026-07-26 23:54:41,53.3,Unsure,1,2.4,3.0,0.8,0.7,-0.106,3.5,12467,1,1,0,86,True,4.92,3.15,3,4
P0155,Priya Sharma,Indian,Female,18-22,Undergraduate student,Middlesex University,BSc / BEng / BA,Year 4,Information Technology,Low,C_counterfactual,2026-07-27 03:39:35,65.4,No,1,3.8,3.2,0.6,0.5,-0.23,3.8,18448,1,1,2,88,True,3.14,5.3,3,1
P0156,Meera Verma,Indian,Female,28-32,Undergraduate student,North South University,BSc / BEng / BA,Year 3,Finance & Accounting,Moderate,C_counterfactual,2026-07-27 07:55:55,50.1,Somewhat — thought it was about usability,3,1.8,2.8,0.4,0.5,0.019,3.3,20672,2,1,2,80,True,2.97,4.45,3,2
P0157,Seema Tiwari,Indian,Female,18-22,Postgraduate student (MSc),Anglia Ruskin University,MSc / MA / MEng,PG Year 1,International Business,Low,A_no_explanation,2026-07-27 10:14:49,52.6,No,3,3.6,3.9,0.8,0.7,0.233,2.6,12252,1,1,1,81,True,4.36,4.02,3,5
P0158,Shahriar Kabir,Bangladeshi,Male,28-32,Postgraduate student (MSc),University of Westminster,MSc / MA / MEng,PG Year 1,Finance & Accounting,High,B_surface,2026-07-27 10:29:05,48.2,No,2,4.3,3.0,0.6,0.5,-0.046,3.4,16874,1,2,2,92,True,4.12,4.37,2,4
P0159,Amirah Hamdan,Malaysian,Prefer not to say,41-50,PhD researcher,Goldsmiths University of London,PhD / MPhil,PhD Year 1,Digital Marketing,Moderate,A_no_explanation,2026-07-27 10:40:22,56.1,Yes — I thought it was about trust in AI,2,4.0,3.0,0.8,0.7,-0.165,3.0,14831,1,0,1,89,True,4.91,4.23,3,4
P0160,Faisal Ahmed,Bangladeshi,Male,18-22,Postgraduate student (MSc),Anglia Ruskin University,MSc / MA / MEng,PG Year 1,Finance & Accounting,High,C_counterfactual,2026-07-27 11:06:30,47.1,No,3,2.3,3.1,0.4,0.7,0.335,3.2,21278,3,2,1,100,True,5.03,6.19,5,3
P0161,Shaheb Ali,Bangladeshi,Male,18-22,Undergraduate student,University of Dhaka,BSc / BEng / BA,Year 2,Psychology,Low,C_counterfactual,2026-07-27 11:40:26,55.4,Yes — I thought it was about trust in AI,2,3.5,3.7,0.4,0.3,-0.152,3.6,19961,1,2,2,42,True,4.0,5.67,5,4
P0162,Sirajul Islam,Bangladeshi,Male,23-27,Postgraduate student (MBA),Kingston University London,MBA,PG Year 1,Software Engineering,Moderate,B_surface,2026-07-27 12:38:13,55.4,No,1,3.2,2.3,0.6,0.7,0.142,2.9,17334,2,3,1,67,False,4.79,2.54,2,3
P0163,Mahir Hossain,Bangladeshi,Male,28-32,Undergraduate student,London Metropolitan University,BSc / BEng / BA,Year 1,Software Engineering,Moderate,C_counterfactual,2026-07-27 12:46:29,57.0,Unsure,2,3.7,3.0,0.9,0.8,-0.097,3.7,17055,1,0,0,100,True,3.77,3.77,4,2
P0164,Camila Ferreira,Other,Female,23-27,Postgraduate student (MSc),University of Chichester,MSc / MA / MEng,PG Year 2,Data Science & AI,Moderate,B_surface,2026-07-27 13:01:47,47.0,Somewhat — thought it was about usability,2,3.5,3.6,0.6,0.7,0.183,3.5,16056,2,2,1,100,True,4.7,6.96,2,2
P0165,Deepa Singh,Indian,Female,23-27,Undergraduate student,North South University,BSc / BEng / BA,Year 3,Health Informatics,Low,C_counterfactual,2026-07-27 13:29:02,67.5,Yes — I thought it was about trust in AI,2,3.0,3.7,0.4,0.3,-0.039,3.3,20491,1,1,1,56,False,3.97,5.24,5,4
P0166,Imran Hossain,Bangladeshi,Male,18-22,Postgraduate student (MBA),"University for the Creative Arts, Farnham",MBA,Year 1,Finance & Accounting,Low,C_counterfactual,2026-07-27 14:20:16,56.1,No,1,3.2,2.6,0.4,0.5,0.265,2.2,19458,2,1,1,66,True,3.79,5.05,5,3
P0167,Wei Song,Chinese,Female,23-27,Student & part-time worker,University of Westminster,BSc / BEng / BA,PG Year 2,Finance & Accounting,High,C_counterfactual,2026-07-27 14:32:03,39.1,No,1,3.9,3.7,0.4,0.5,-0.546,3.5,20042,2,2,3,52,True,3.58,6.25,4,4
P0168,Farhan Hossain,Bangladeshi,Male,18-22,Undergraduate student,University of South Wales,BSc / BEng / BA,Year 1,Psychology,Low,B_surface,2026-07-27 17:55:51,50.0,Somewhat — thought it was about AI accuracy,0,4.3,3.7,0.6,0.3,0.034,2.8,18530,0,1,1,38,True,4.46,5.36,4,3
P0169,Wei Zhang,Chinese,Male,23-27,Student & part-time worker,University of Hertfordshire,BSc / BEng / BA,PG Year 2,Health Informatics,Moderate,A_no_explanation,2026-07-27 18:26:01,61.0,Somewhat — thought it was about AI accuracy,1,3.0,2.7,0.5,0.6,0.177,2.7,15273,2,2,2,100,False,4.85,3.08,4,4
P0170,Nadia Akter,Bangladeshi,Female,33-40,Undergraduate student,Daffodil International University,BSc / BEng / BA,Year 1,Cybersecurity,Moderate,B_surface,2026-07-27 20:15:01,42.9,No,3,2.7,4.2,0.5,0.4,-0.037,3.5,16208,1,1,5,75,True,4.83,3.92,3,4
P0171,Nazrul Islam,Bangladeshi,Male,23-27,Postgraduate student (MSc),BRAC University,MSc / MA / MEng,PG Year 1,Psychology,Moderate,A_no_explanation,2026-07-27 20:41:48,42.6,No,1,2.6,2.4,0.8,0.5,-0.1,2.9,13688,0,2,1,79,True,4.75,5.41,4,3
P0172,Pradeep Iyer,Indian,Male,33-40,Postgraduate student (MSc),Brunel University London,MSc / MA / MEng,PG Year 2,Graphic Design,Moderate,B_surface,2026-07-27 21:03:40,57.2,Somewhat — thought it was about AI accuracy,2,3.2,2.5,0.4,0.7,-0.299,3.0,17002,3,5,1,85,True,4.65,5.33,3,3
P0173,Zara Shaikh,Other,Female,28-32,Postgraduate student (MSc),Kingston University London,MSc / MA / MEng,PG Year 1,Graphic Design,Low,A_no_explanation,2026-07-27 21:39:16,56.5,No,1,3.5,3.3,0.6,0.7,0.037,3.3,16667,2,2,0,100,True,4.85,4.48,1,3
P0174,Rokeya Begum,Bangladeshi,Prefer not to say,18-22,Postgraduate student (MSc),Daffodil International University,MSc / MA / MEng,PG Year 2,Graphic Design,High,A_no_explanation,2026-07-27 21:41:07,47.6,Somewhat — thought it was about usability,2,2.9,3.9,0.4,0.3,0.094,3.1,17108,1,2,4,76,True,4.38,3.44,2,3
P0175,Shumi Akter,Bangladeshi,Female,18-22,Postgraduate student (MSc),Anglia Ruskin University,MSc / MA / MEng,PG Year 2,Education Technology,High,C_counterfactual,2026-07-27 22:35:08,50.1,Yes — I thought it was about trust in AI,0,3.5,3.7,0.7,0.4,-0.17,2.9,19764,0,2,1,92,True,4.94,6.15,4,3
P0176,Peng Sun,Chinese,Male,23-27,Postgraduate student (MSc),London Metropolitan University,MSc / MA / MEng,PG Year 2,Media & Communication,High,C_counterfactual,2026-07-28 00:39:48,40.2,Somewhat — thought it was about AI accuracy,1,4.6,4.6,0.4,0.5,-0.229,3.2,19492,2,1,0,42,False,5.76,4.68,3,4
P0177,Dong Guo,Chinese,Male,18-22,Graduate (recent),Oxford Brookes University,BSc / BEng / BA,Completed,Cybersecurity,Low,B_surface,2026-07-28 04:00:53,45.8,Somewhat — thought it was about usability,1,3.4,5.0,0.7,1.0,0.426,3.7,15958,3,1,0,100,True,4.44,4.77,4,5
P0178,Raj Gupta,Indian,Male,18-22,Undergraduate student,University of Bedfordshire,BSc / BEng / BA,Year 3,Graphic Design,Moderate,A_no_explanation,2026-07-28 05:21:21,63.4,No,0,3.3,4.2,0.8,0.5,-0.049,3.4,14174,0,0,0,53,False,5.19,4.14,2,4
P0179,Stefan Mueller,Other,Male,33-40,Student & part-time worker,Oxford Brookes University,BSc / BEng / BA,PG Year 1,Information Technology,Moderate,B_surface,2026-07-28 09:39:53,42.8,No,2,4.5,3.7,0.5,0.2,-0.13,3.4,17919,0,1,3,61,True,4.06,4.07,3,4
P0180,Mamun Hossain,Bangladeshi,Male,23-27,Undergraduate student,Brunel University London,BSc / BEng / BA,Year 1,Software Engineering,High,A_no_explanation,2026-07-28 09:57:12,47.7,Somewhat — thought it was about usability,3,3.2,4.1,0.4,0.5,0.256,2.7,15261,2,1,1,82,True,4.96,4.91,2,5
P0181,Rifatul Islam,Bangladeshi,Male,28-32,Postgraduate student (MSc),University of Bedfordshire,MSc / MA / MEng,PG Year 1,International Business,High,B_surface,2026-07-28 10:43:07,62.2,No,3,3.2,4.3,0.6,0.5,0.186,2.8,16145,1,1,1,77,True,5.14,3.6,4,4
P0182,Mohibur Rahman,Bangladeshi,Male,18-22,Undergraduate student,Leeds Beckett University,BSc / BEng / BA,Year 4,Information Technology,High,B_surface,2026-07-28 11:25:30,54.4,No,1,3.0,2.4,0.7,0.6,0.078,3.0,15574,1,1,2,100,True,3.14,4.33,2,3
P0183,Umme Habiba,Bangladeshi,Female,18-22,Graduate (recent),University of Hertfordshire,BSc / BEng / BA,Completed,Digital Marketing,Moderate,C_counterfactual,2026-07-28 13:00:20,50.5,No,1,3.4,1.6,0.6,0.5,-0.064,3.4,17244,1,3,2,82,True,2.69,6.1,5,4
P0184,Hassan Ali,Pakistani,Male,18-22,Postgraduate student (MSc),Manchester Metropolitan University,MSc / MA / MEng,PG Year 2,Graphic Design,High,A_no_explanation,2026-07-28 13:08:00,48.5,Somewhat — thought it was about AI accuracy,2,2.6,3.7,0.6,0.3,-0.486,2.9,14479,0,1,3,89,True,4.85,6.91,2,3
P0185,Natalia Petrov,Other,Female,23-27,Graduate (recent),Leeds Beckett University,BSc / BEng / BA,Completed,Finance & Accounting,Moderate,B_surface,2026-07-28 16:19:05,44.6,Yes — I thought it was about trust in AI,1,3.9,3.1,0.6,0.7,0.177,3.3,15717,2,3,2,94,True,4.65,4.12,5,3
P0186,Lamia Hossain,Bangladeshi,Female,33-40,Postgraduate student (MSc),Daffodil International University,MSc / MA / MEng,PG Year 2,Health Informatics,Moderate,C_counterfactual,2026-07-28 16:29:57,71.5,Unsure,0,1.9,3.7,0.5,0.4,0.042,3.1,18755,1,3,4,100,True,4.16,4.19,4,2
P0187,Saiful Islam,Bangladeshi,Male,23-27,Postgraduate student (MSc),Leeds Beckett University,MSc / MA / MEng,PG Year 1,Computer Science,Moderate,C_counterfactual,2026-07-28 16:40:50,72.9,No,1,2.2,5.0,0.3,0.4,0.102,3.0,22924,2,2,3,87,True,5.75,4.79,3,3
P0188,Protyasha Das,Bangladeshi,Female,23-27,Postgraduate student (MSc),Middlesex University,MSc / MA / MEng,PG Year 1,Digital Marketing,High,B_surface,2026-07-28 20:13:03,57.3,No,0,3.0,4.0,0.6,0.5,0.039,2.7,15018,1,2,3,79,True,4.49,4.33,3,3
P0189,Yasmin Tehrani,Other,Female,23-27,Undergraduate student,Daffodil International University,BSc / BEng / BA,Year 3,Information Technology,Moderate,B_surface,2026-07-28 20:27:35,53.9,Somewhat — thought it was about AI accuracy,3,4.8,3.3,0.4,0.7,0.265,2.8,18741,3,3,2,100,True,5.05,4.8,4,5
P0190,Isabella White,British,Non-binary,28-32,Postgraduate student (MSc),University of Surrey,MSc / MA / MEng,PG Year 1,Business & Management,High,B_surface,2026-07-28 20:48:26,50.1,No,3,3.2,2.7,0.4,0.5,-0.089,2.6,18333,2,2,3,70,False,3.58,5.4,3,4
P0191,Feng Wang,Chinese,Male,33-40,Undergraduate student,"University for the Creative Arts, Farnham",BSc / BEng / BA,Year 3,Data Science & AI,Low,B_surface,2026-07-28 23:26:02,42.9,No,2,4.0,4.4,0.6,0.7,0.201,3.1,16676,2,1,1,84,True,4.48,5.41,1,4
P0192,Lutful Haque,Bangladeshi,Male,18-22,Undergraduate student,University of East London,BSc / BEng / BA,Year 3,Business & Management,Low,C_counterfactual,2026-07-29 00:48:25,44.6,No,0,1.3,2.1,0.6,0.5,-0.156,3.4,20019,1,2,2,70,True,3.13,5.44,4,2
P0193,Naim Islam,Bangladeshi,Male,33-40,Undergraduate student,North South University,BSc / BEng / BA,Year 1,Digital Marketing,High,B_surface,2026-07-29 08:52:31,48.4,Unsure,1,3.4,3.1,0.4,0.5,-0.333,3.1,18886,2,1,2,85,True,4.9,4.94,3,4
P0194,Dilruba Begum,Bangladeshi,Female,28-32,Undergraduate student,BUET,BSc / BEng / BA,Year 3,Business & Management,High,A_no_explanation,2026-07-29 08:55:04,49.3,Somewhat — thought it was about usability,1,3.2,2.8,0.8,0.9,0.21,3.1,14270,2,0,0,99,True,3.59,5.65,3,3
P0195,Izzatul Nasir,Malaysian,Female,33-40,Postgraduate student (MSc),Manchester Metropolitan University,MSc / MA / MEng,PG Year 1,Psychology,Moderate,C_counterfactual,2026-07-29 10:03:07,52.9,No,2,3.1,4.0,0.3,0.4,-0.117,2.8,22120,2,5,2,92,True,4.67,5.76,3,4
P0196,Rubel Hossain,Bangladeshi,Male,23-27,Postgraduate student (MSc),Oxford Brookes University,MSc / MA / MEng,PG Year 2,Graphic Design,Moderate,B_surface,2026-07-29 10:05:02,47.8,No,0,2.7,3.4,0.7,1.0,0.216,3.4,16303,3,4,0,100,True,4.37,4.11,2,4
P0197,Shakil Ahmed,Bangladeshi,Male,18-22,Undergraduate student,University of Westminster,BSc / BEng / BA,Year 4,Business & Management,Moderate,A_no_explanation,2026-07-29 11:12:18,60.8,Unsure,1,2.1,2.7,0.6,0.5,-0.042,3.0,15385,1,0,1,82,True,4.31,5.74,4,4
P0198,Billal Hossain,Bangladeshi,Male,23-27,Postgraduate student (MSc),Oxford Brookes University,MSc / MA / MEng,PG Year 1,International Business,Moderate,A_no_explanation,2026-07-29 11:41:29,43.7,No,2,2.6,2.8,0.4,0.5,-0.035,3.2,17074,2,2,2,90,False,4.72,2.88,2,3
P0199,Shahnaz Parvin,Bangladeshi,Female,33-40,Undergraduate student,Kingston University London,BSc / BEng / BA,Year 4,Information Technology,Moderate,A_no_explanation,2026-07-29 13:00:26,61.8,Unsure,1,1.0,4.0,0.7,0.4,-0.228,3.1,14656,0,1,2,76,True,4.85,2.93,2,2
P0200,Fariha Islam,Bangladeshi,Female,18-22,Postgraduate student (MSc),Kingston University London,MSc / MA / MEng,PG Year 1,International Business,Moderate,C_counterfactual,2026-07-29 14:01:50,48.6,Yes — I thought it was about trust in AI,3,2.4,4.7,0.6,0.7,-0.035,3.2,19237,2,0,1,55,True,3.79,3.98,3,4
P0201,Monira Begum,Bangladeshi,Female,18-22,Graduate (recent),University of South Wales,BSc / BEng / BA,Completed,Graphic Design,Moderate,A_no_explanation,2026-07-29 15:45:15,58.7,Unsure,2,1.8,2.4,0.3,0.2,-0.167,2.9,19866,1,1,3,77,True,5.8,3.06,2,3
P0202,Junaid Baig,Pakistani,Male,18-22,Undergraduate student,Manchester Metropolitan University,BSc / BEng / BA,Year 1,Business & Management,Moderate,A_no_explanation,2026-07-29 18:19:32,54.7,No,0,4.0,2.7,0.6,0.5,-0.001,2.7,14963,1,1,0,67,True,5.36,4.5,3,4
P0203,Rubel Islam,Bangladeshi,Male,41-50,Graduate (recent),University of Reading,BSc / BEng / BA,Completed,Business & Management,Low,C_counterfactual,2026-07-29 19:13:41,58.6,Somewhat — thought it was about AI accuracy,3,2.0,3.7,0.2,0.5,0.169,3.3,22045,3,3,3,88,True,2.95,4.02,5,4
P0204,Badrul Alam,Bangladeshi,Male,23-27,Undergraduate student,Goldsmiths University of London,BSc / BEng / BA,Year 2,Health Informatics,Moderate,B_surface,2026-07-29 20:06:53,55.0,Yes — I thought it was about trust in AI,2,3.5,3.7,0.4,0.7,0.151,3.1,15608,3,1,0,82,True,3.12,4.81,4,4
P0205,Ratna Akter,Bangladeshi,Female,23-27,Postgraduate student (MSc),Anglia Ruskin University,MSc / MA / MEng,PG Year 2,Psychology,High,C_counterfactual,2026-07-29 20:47:34,49.7,No,1,3.9,4.3,0.5,0.4,-0.16,3.1,19028,1,4,3,65,False,3.11,6.57,3,3
P0206,Funke Ogunyemi,Nigerian,Non-binary,41-50,Student & part-time worker,University of Surrey,MSc / MA / MEng,Year 3,Health Informatics,Moderate,B_surface,2026-07-29 21:09:05,34.9,No,1,2.4,2.8,0.8,0.7,0.28,2.9,14647,1,0,0,98,True,2.9,3.78,1,2
P0207,Imran Butt,Pakistani,Male,28-32,Undergraduate student,"University for the Creative Arts, Farnham",BSc / BEng / BA,Year 1,Business & Management,High,C_counterfactual,2026-07-29 23:49:08,51.2,No,1,2.1,4.2,0.8,0.5,0.102,3.3,18480,0,0,0,65,True,3.01,4.34,5,2
P0208,Abul Bashar,Bangladeshi,Male,23-27,Student & part-time worker,University of Chichester,BSc / BEng / BA,PG Year 1,International Business,Moderate,B_surface,2026-07-30 00:47:57,65.6,No,0,3.0,3.5,0.6,0.7,0.13,2.8,17128,2,3,1,91,True,4.2,4.43,2,3
P0209,Usman Khan,Pakistani,Male,18-22,Student & part-time worker,London Metropolitan University,BSc / BEng / BA,PG Year 2,Information Technology,Moderate,A_no_explanation,2026-07-30 00:48:51,50.2,Somewhat — thought it was about usability,3,3.9,3.4,0.7,0.4,-0.133,3.6,14475,0,2,1,82,False,4.0,4.45,5,5
P0210,Qiang He,Chinese,Male,18-22,Undergraduate student,University of East London,BSc / BEng / BA,Year 2,Business & Management,Moderate,A_no_explanation,2026-07-30 07:20:18,61.2,No,1,3.2,4.0,0.6,0.5,-0.119,3.0,13218,1,1,2,72,True,5.43,4.2,1,4
P0211,Amelia King,British,Female,23-27,Undergraduate student,"University for the Creative Arts, Farnham",BSc / BEng / BA,Year 1,Education Technology,Moderate,B_surface,2026-07-30 09:05:21,43.4,No,1,2.9,3.2,0.7,0.6,0.166,3.1,13252,1,1,0,79,False,4.39,5.78,4,3
P0212,Emily Clarke,British,Female,28-32,Undergraduate student,University of Chichester,HND / Foundation,Year 3,Business & Management,Low,A_no_explanation,2026-07-30 10:12:48,34.6,No,1,5.0,3.3,0.6,0.5,0.011,2.9,15091,1,1,1,100,True,5.43,3.1,2,2
P0213,Mostofa Kamal,Bangladeshi,Male,18-22,Postgraduate student (MSc),"University for the Creative Arts, Farnham",MSc / MA / MEng,PG Year 1,Media & Communication,Low,B_surface,2026-07-30 10:21:12,42.6,Unsure,0,3.3,2.3,0.8,0.9,0.641,2.8,14647,2,0,0,93,True,5.09,4.05,2,3
P0214,Nayem Islam,Bangladeshi,Male,23-27,Postgraduate student (MSc),University of Chichester,MSc / MA / MEng,PG Year 1,Information Technology,Low,C_counterfactual,2026-07-30 10:56:37,55.4,No,1,3.0,2.9,0.6,0.7,0.083,2.7,18829,2,1,3,77,True,3.58,4.63,3,2
P0215,Nazia Islam,Bangladeshi,Female,23-27,Postgraduate student (MSc),BRAC University,MSc / MA / MEng,PG Year 2,Human-Computer Interaction,Moderate,A_no_explanation,2026-07-30 11:17:58,49.5,No,2,3.8,3.7,0.7,0.8,0.075,3.2,13672,2,2,1,100,True,3.91,5.27,3,4
P0216,Khadija Begum,Bangladeshi,Female,23-27,Undergraduate student,Goldsmiths University of London,HND / Foundation,Year 4,Information Technology,High,B_surface,2026-07-30 11:25:52,45.6,No,0,3.5,2.9,0.6,0.3,-0.237,2.9,16347,0,1,1,83,True,4.38,4.21,4,2
P0217,Nusrat Jahan,Bangladeshi,Female,28-32,Postgraduate student (MSc),Sheffield Hallam University,MSc / MA / MEng,PG Year 1,Education Technology,Moderate,A_no_explanation,2026-07-30 11:46:46,41.5,No,2,3.9,4.0,0.8,0.5,-0.376,3.4,14262,0,2,2,96,True,4.06,4.56,3,3
P0218,Sumaiya Islam,Bangladeshi,Female,28-32,PhD researcher,Anglia Ruskin University,PhD / MPhil,PhD Year 1,Media & Communication,Low,C_counterfactual,2026-07-30 11:58:40,52.8,No,1,1.6,3.6,0.4,0.3,-0.149,3.2,19901,1,1,5,62,True,4.18,5.81,3,3
P0219,Abid Hossain,Bangladeshi,Male,28-32,Undergraduate student,North South University,BSc / BEng / BA,Year 4,Digital Marketing,Moderate,A_no_explanation,2026-07-30 12:19:36,60.0,No,1,3.0,2.1,0.6,0.7,0.339,2.9,14622,2,1,2,94,True,4.94,3.7,1,2
P0220,Sumon Hossain,Bangladeshi,Male,23-27,Postgraduate student (MSc),Coventry University,MSc / MA / MEng,PG Year 1,Education Technology,Moderate,A_no_explanation,2026-07-30 13:04:16,60.3,No,0,3.8,2.9,0.7,0.6,-0.024,3.0,14820,1,1,1,90,True,4.05,3.27,2,4
P0221,Zubayer Hossain,Bangladeshi,Male,51+,Undergraduate student,University of South Wales,BSc / BEng / BA,Year 1,Business & Management,High,C_counterfactual,2026-07-30 13:14:42,52.5,Somewhat — thought it was about AI accuracy,1,2.4,2.6,0.3,0.6,0.354,2.9,21342,3,3,2,81,True,3.39,5.73,5,3
P0222,Qian Zhao,Chinese,Female,18-22,Undergraduate student,Anglia Ruskin University,BSc / BEng / BA,Year 4,Business & Management,Moderate,A_no_explanation,2026-07-30 14:22:38,60.9,Somewhat — thought it was about usability,2,3.8,4.1,0.6,0.7,0.051,2.6,11629,2,1,0,87,True,5.04,3.28,4,4
P0223,Ashok Mishra,Indian,Male,18-22,Undergraduate student,University of Chichester,BSc / BEng / BA,Year 2,Health Informatics,Moderate,C_counterfactual,2026-07-30 16:28:51,46.1,No,2,3.5,5.0,0.3,0.4,-0.227,3.0,20647,2,1,1,89,True,4.07,5.25,5,3
P0224,Dinesh Nair,Indian,Male,28-32,Working professional,BUET,MSc / MA / MEng,Completed,Graphic Design,Moderate,C_counterfactual,2026-07-30 17:44:38,45.5,Yes — I thought it was about trust in AI,2,3.5,4.1,0.5,0.8,0.194,3.1,18218,3,3,1,100,True,3.79,5.15,2,2
P0225,Khalilur Rahman,Bangladeshi,Male,23-27,Undergraduate student,University of Reading,BSc / BEng / BA,Year 2,Cybersecurity,Moderate,B_surface,2026-07-30 18:23:52,64.7,Somewhat — thought it was about AI accuracy,3,2.1,4.1,0.8,0.9,-0.076,3.6,14936,2,1,0,100,True,4.05,4.73,2,2
P0226,Sadman Sakib,Bangladeshi,Male,18-22,Graduate (recent),University of East London,MSc / MA / MEng,Completed,Data Science & AI,Moderate,B_surface,2026-07-30 18:24:04,49.3,No,0,1.9,4.4,0.7,0.6,-0.027,3.3,14561,1,1,0,100,True,4.66,3.11,4,2
P0227,Tamanna Islam,Bangladeshi,Female,23-27,Undergraduate student,Anglia Ruskin University,BSc / BEng / BA,Year 3,Psychology,Low,B_surface,2026-07-30 18:33:05,55.2,No,0,2.1,3.0,0.5,0.4,-0.031,3.0,16943,1,1,1,80,True,4.92,5.24,3,4
P0228,Vikram Singh,Indian,Male,23-27,Student & part-time worker,Manchester Metropolitan University,BSc / BEng / BA,PG Year 2,Computer Science,Low,B_surface,2026-07-30 19:21:41,58.7,Somewhat — thought it was about AI accuracy,2,2.4,3.9,0.6,0.7,0.015,3.2,15086,2,0,0,92,False,4.0,5.87,3,2
P0229,Emma Campbell,British,Female,18-22,Undergraduate student,Daffodil International University,HND / Foundation,Year 2,Data Science & AI,Low,C_counterfactual,2026-07-30 20:16:23,42.9,Somewhat — thought it was about usability,1,3.5,2.8,0.5,0.6,-0.125,3.6,19020,2,1,2,99,True,4.53,5.5,4,4
P0230,Tariqul Islam,Bangladeshi,Male,18-22,Undergraduate student,Sheffield Hallam University,BSc / BEng / BA,Year 3,International Business,High,B_surface,2026-07-30 21:05:10,50.6,No,1,2.7,1.7,0.7,0.8,0.146,3.3,15025,2,1,1,53,False,3.35,6.26,2,4
P0231,Urmila Dubey,Indian,Non-binary,28-32,Working professional,Brunel University London,MSc / MA / MEng,Completed,Computer Science,High,A_no_explanation,2026-07-30 23:08:32,40.0,Yes — I thought it was about trust in AI,3,2.5,2.3,0.4,0.5,-0.068,2.8,17151,2,2,1,76,False,4.46,4.88,2,3
P0232,Rabeya Begum,Bangladeshi,Female,23-27,Postgraduate student (MSc),Sheffield Hallam University,MSc / MA / MEng,PG Year 2,Media & Communication,Low,B_surface,2026-07-31 08:38:00,48.0,Somewhat — thought it was about AI accuracy,0,1.0,3.3,0.9,0.6,-0.01,3.2,14604,0,0,0,84,True,4.8,5.38,2,4
P0233,Roshan Ara,Bangladeshi,Female,23-27,Graduate (recent),University of South Wales,MSc / MA / MEng,Completed,Business & Management,Moderate,C_counterfactual,2026-07-31 09:35:51,44.3,No,0,1.8,3.0,0.6,0.5,-0.111,3.3,19522,1,0,1,100,False,4.7,6.18,2,2
P0234,Jonathan Scott,British,Male,23-27,Undergraduate student,University of East London,BSc / BEng / BA,Year 1,International Business,Moderate,C_counterfactual,2026-07-31 09:49:10,46.7,No,3,3.0,3.5,0.3,0.4,-0.193,3.5,20549,2,1,1,89,True,3.72,6.03,5,3
P0235,Sumaira Islam,Bangladeshi,Female,18-22,Graduate (recent),Daffodil International University,BSc / BEng / BA,Completed,Psychology,High,A_no_explanation,2026-07-31 10:16:57,66.0,No,1,1.3,2.3,0.6,0.3,-0.12,3.3,17160,0,0,4,66,True,3.21,4.68,4,4
P0236,Minhajul Abedin,Bangladeshi,Male,23-27,Working professional,Kingston University London,HND / Foundation,Completed,Psychology,Low,A_no_explanation,2026-07-31 10:27:36,55.4,No,3,2.9,2.7,0.7,0.6,-0.339,3.5,13485,1,3,4,94,True,5.17,3.01,5,3
P0237,Nusaiba Islam,Bangladeshi,Female,33-40,Undergraduate student,Sheffield Hallam University,BSc / BEng / BA,Year 3,Information Technology,Low,C_counterfactual,2026-07-31 10:31:40,58.9,Unsure,2,3.0,3.7,0.5,0.6,0.004,3.3,17891,2,3,1,100,True,4.54,5.03,3,3
P0238,Razia Begum,Bangladeshi,Female,18-22,Working professional,University of Surrey,MSc / MA / MEng,Not a student,Health Informatics,Moderate,C_counterfactual,2026-07-31 10:57:32,60.2,No,1,4.8,3.7,0.2,0.5,0.163,3.5,21968,3,2,4,69,True,5.36,4.63,4,3
P0239,Saifur Rahman,Bangladeshi,Male,28-32,Graduate (recent),University of Hertfordshire,BSc / BEng / BA,Completed,Digital Marketing,Low,A_no_explanation,2026-07-31 11:30:19,41.4,Somewhat — thought it was about usability,0,2.5,4.2,0.7,0.6,0.227,2.9,13913,1,1,1,88,True,4.64,4.14,3,4
P0240,Radha Pandey,Indian,Female,23-27,Postgraduate student (MSc),Leeds Beckett University,MSc / MA / MEng,PG Year 2,Graphic Design,Low,C_counterfactual,2026-07-31 11:35:00,55.0,No,1,4.5,3.1,0.3,0.6,0.187,3.2,19788,3,1,2,84,True,3.46,5.34,4,4
P0241,Phoebe Phillips,British,Female,23-27,Academic / lecturer,Goldsmiths University of London,PhD / MPhil,Completed,Data Science & AI,Moderate,B_surface,2026-07-31 12:56:38,57.6,No,3,4.2,2.7,0.9,0.6,0.461,3.1,15174,0,0,0,85,True,4.11,4.44,3,4
P0242,Nurul Islam,Bangladeshi,Male,18-22,Student & part-time worker,University of Chichester,BSc / BEng / BA,PG Year 2,Graphic Design,Low,C_counterfactual,2026-07-31 15:00:51,54.0,Somewhat — thought it was about usability,2,3.0,3.4,0.8,0.9,0.011,3.7,15455,2,1,0,96,True,4.83,5.41,2,2
P0243,Maryam Ali,Pakistani,Female,41-50,Postgraduate student (MSc),University of Surrey,MSc / MA / MEng,PG Year 1,Information Technology,Low,C_counterfactual,2026-07-31 17:11:38,54.8,No,1,2.6,4.1,0.3,0.4,-0.041,3.1,20789,2,0,0,87,True,3.39,4.59,4,4
P0244,Sophie Walker,British,Female,33-40,Student & part-time worker,University of Reading,BSc / BEng / BA,PG Year 2,Media & Communication,Low,A_no_explanation,2026-07-31 19:00:49,53.5,No,2,2.6,3.5,0.4,0.7,0.154,2.9,16846,3,2,2,100,True,5.51,3.38,1,4
P0245,Benjamin Clark,British,Male,23-27,Postgraduate student (MSc),Oxford Brookes University,MSc / MA / MEng,PG Year 1,Education Technology,Moderate,C_counterfactual,2026-07-31 20:11:27,53.2,Unsure,2,2.2,2.6,0.9,0.8,0.438,3.2,15982,1,1,0,79,False,3.11,5.26,4,2
P0246,Momtaz Begum,Bangladeshi,Female,18-22,Graduate (recent),Coventry University,BSc / BEng / BA,Completed,Finance & Accounting,High,A_no_explanation,2026-07-31 22:40:20,59.3,Somewhat — thought it was about AI accuracy,0,2.4,4.3,0.8,0.9,-0.212,3.1,14124,2,0,0,100,True,5.42,3.33,3,4
P0247,Nasrin Akter,Bangladeshi,Female,28-32,Postgraduate student (MBA),Brunel University London,MBA,Year 1,Graphic Design,Moderate,C_counterfactual,2026-07-31 23:02:25,58.4,No,2,3.1,3.3,0.5,0.4,-0.104,3.1,19197,1,2,2,92,True,3.01,4.22,4,2
P0248,Bilal Ahmed,Pakistani,Male,18-22,Postgraduate student (MSc),University of Reading,MSc / MA / MEng,PG Year 2,Finance & Accounting,Low,A_no_explanation,2026-08-01 08:57:18,45.8,No,1,4.2,1.8,0.6,0.3,-0.143,3.2,15448,0,0,1,70,True,4.84,4.28,3,2
P0249,Rahela Begum,Bangladeshi,Female,18-22,Undergraduate student,Brunel University London,BSc / BEng / BA,Year 3,Graphic Design,Moderate,A_no_explanation,2026-08-01 09:23:23,46.7,No,3,1.6,2.6,0.6,0.7,0.355,3.0,16845,2,2,0,87,True,4.1,2.68,4,3
P0250,Ana Silva,Other,Female,18-22,Postgraduate student (MSc),Manchester Metropolitan University,MSc / MA / MEng,PG Year 1,Cybersecurity,Moderate,A_no_explanation,2026-08-01 09:51:25,54.7,Somewhat — thought it was about usability,1,3.0,3.3,0.6,0.7,0.08,3.0,15883,2,1,1,66,False,3.5,3.87,2,3
P0251,Khairul Islam,Bangladeshi,Male,18-22,Postgraduate student (MBA),Kingston University London,MBA,Year 1,Media & Communication,Moderate,B_surface,2026-08-01 10:02:41,50.4,Unsure,3,3.6,3.7,0.4,0.5,0.068,3.0,20161,2,3,2,68,False,4.16,4.54,1,4
P0252,Shakibul Hasan,Bangladeshi,Male,18-22,Undergraduate student,Brunel University London,BSc / BEng / BA,Year 4,Health Informatics,High,B_surface,2026-08-01 12:38:14,50.6,Somewhat — thought it was about usability,2,2.4,3.4,0.6,0.5,-0.055,3.5,15851,1,4,2,62,True,3.19,3.84,4,3
P0253,Swati Joshi,Indian,Female,23-27,PhD researcher,BRAC University,PhD / MPhil,PhD Year 3,Information Technology,Moderate,A_no_explanation,2026-08-01 13:29:48,43.9,No,1,2.7,2.8,0.4,0.7,0.018,2.9,14974,3,4,3,72,True,3.39,5.25,2,4
P0254,Arjun Sharma,Indian,Male,23-27,Student & part-time worker,University of East London,BSc / BEng / BA,PG Year 1,Graphic Design,High,C_counterfactual,2026-08-01 14:33:06,59.5,No,1,2.0,2.7,0.6,0.5,-0.248,3.2,19761,1,0,1,70,True,3.77,6.16,4,2
P0255,Xiu Zhang,Chinese,Female,23-27,Postgraduate student (MBA),University of Bedfordshire,MBA,PG Year 1,Cybersecurity,High,B_surface,2026-08-01 16:30:49,66.7,No,3,2.9,3.8,0.6,0.5,0.069,3.0,14096,1,1,3,92,True,3.2,5.29,2,4
P0256,Mizanur Hossain,Bangladeshi,Male,18-22,Undergraduate student,Manchester Metropolitan University,BSc / BEng / BA,Year 2,Finance & Accounting,Low,A_no_explanation,2026-08-01 17:37:44,41.3,No,0,2.1,3.3,0.9,0.6,-0.183,3.1,12090,0,1,1,100,True,3.56,3.22,2,1
P0257,Roksana Akter,Bangladeshi,Female,41-50,Undergraduate student,North South University,BSc / BEng / BA,Year 3,International Business,Low,A_no_explanation,2026-08-01 17:39:09,44.1,No,2,3.2,2.0,0.5,0.4,-0.131,2.7,16830,1,0,0,71,True,3.96,3.17,3,4
P0258,Hamza Iqbal,Pakistani,Male,23-27,Undergraduate student,"University for the Creative Arts, Farnham",BSc / BEng / BA,Year 1,Human-Computer Interaction,Low,B_surface,2026-08-01 17:59:29,45.2,Somewhat — thought it was about usability,2,3.0,3.5,0.7,0.6,0.188,3.1,14504,1,0,1,59,True,3.75,4.02,3,3
P0259,Milon Hossain,Bangladeshi,Male,28-32,Postgraduate student (MSc),Oxford Brookes University,MSc / MA / MEng,PG Year 1,Finance & Accounting,Low,B_surface,2026-08-01 18:10:28,59.1,No,1,2.8,2.8,0.7,0.6,0.131,3.3,15190,1,3,1,100,True,4.76,4.95,3,5
P0260,Sana Malik,Pakistani,Female,28-32,Undergraduate student,University of Surrey,BSc / BEng / BA,Year 1,Health Informatics,Low,A_no_explanation,2026-08-01 18:42:46,54.1,Somewhat — thought it was about usability,2,2.2,2.0,0.9,0.6,0.166,2.9,11552,0,1,1,100,True,5.88,2.57,1,4
P0261,Matthew Hall,British,Male,23-27,Undergraduate student,University of Bedfordshire,BSc / BEng / BA,Year 1,Data Science & AI,Moderate,C_counterfactual,2026-08-01 20:11:24,54.7,No,2,2.6,2.3,0.3,0.6,0.039,3.4,21548,3,4,2,85,False,4.75,5.7,2,4
P0262,Leila Reza,Other,Female,28-32,Student & part-time worker,Kingston University London,MSc / MA / MEng,Year 2,Business & Management,Low,B_surface,2026-08-01 20:14:27,62.6,No,1,2.1,1.7,0.9,0.6,0.413,2.6,12044,0,1,0,77,False,4.76,5.79,4,2
P0263,Shamsuddin Ahmed,Bangladeshi,Male,23-27,Postgraduate student (MSc),Brunel University London,MSc / MA / MEng,PG Year 1,Media & Communication,Moderate,C_counterfactual,2026-08-01 20:27:20,62.3,Somewhat — thought it was about AI accuracy,2,3.6,4.7,0.3,0.6,0.039,3.2,20007,3,3,2,96,True,3.72,7.0,5,4
P0264,Hao Chen,Chinese,Male,23-27,Academic / lecturer,Sheffield Hallam University,PhD / MPhil,Not a student,Business & Management,Moderate,B_surface,2026-08-01 20:59:07,65.1,No,2,2.4,3.4,0.6,0.9,0.273,3.0,16404,3,6,2,100,True,4.43,4.4,2,3
P0265,Asma Begum,Bangladeshi,Female,23-27,Postgraduate student (MSc),University of Reading,MSc / MA / MEng,PG Year 1,Cybersecurity,Low,B_surface,2026-08-01 21:39:43,57.9,No,0,3.8,4.3,0.8,0.7,-0.19,3.6,15154,1,0,0,80,True,4.86,4.29,1,3
P0266,Sabrina Islam,Bangladeshi,Female,33-40,Graduate (recent),Manchester Metropolitan University,MSc / MA / MEng,Completed,Psychology,Moderate,B_surface,2026-08-01 22:04:30,50.2,No,3,3.7,2.3,0.8,0.7,-0.263,3.1,15037,1,2,1,83,False,4.3,2.71,4,1
P0267,Touhid Ahmed,Bangladeshi,Male,28-32,Undergraduate student,University of Bedfordshire,BSc / BEng / BA,Year 4,Health Informatics,High,A_no_explanation,2026-08-02 00:05:29,41.2,No,2,2.3,3.6,0.8,0.7,0.064,2.9,13468,1,0,0,80,False,4.78,2.74,3,4
P0268,Saidur Rahman,Bangladeshi,Male,18-22,Graduate (recent),North South University,BSc / BEng / BA,Completed,Computer Science,Moderate,A_no_explanation,2026-08-02 00:10:33,62.3,Unsure,1,2.6,1.8,0.8,0.5,0.168,2.9,12511,0,1,0,86,True,5.14,3.03,3,2
P0269,Jakir Hossain,Bangladeshi,Male,28-32,Undergraduate student,Anglia Ruskin University,BSc / BEng / BA,Year 2,Software Engineering,Low,B_surface,2026-08-02 05:29:33,35.7,No,3,2.6,3.3,0.5,0.6,0.048,3.1,16509,2,3,1,100,True,3.58,5.32,3,5
P0270,Zubaida Khatun,Bangladeshi,Female,23-27,Postgraduate student (MSc),University of Reading,MSc / MA / MEng,PG Year 1,Cybersecurity,Low,B_surface,2026-08-02 07:48:10,51.3,No,1,3.9,3.7,0.6,0.7,0.115,3.1,18270,2,2,1,79,True,3.91,4.69,4,4
P0271,Nadia Iqbal,Pakistani,Female,23-27,Postgraduate student (MSc),"University for the Creative Arts, Farnham",MSc / MA / MEng,PG Year 2,Data Science & AI,Low,B_surface,2026-08-02 09:27:56,62.1,Unsure,0,4.0,3.1,0.7,0.8,0.003,2.9,14080,2,1,0,100,True,4.93,4.42,3,4
P0272,Natalie Lewis,British,Female,41-50,Postgraduate student (MSc),Oxford Brookes University,MSc / MA / MEng,PG Year 2,Media & Communication,Moderate,B_surface,2026-08-02 10:25:37,44.5,Unsure,0,1.0,3.3,0.9,0.6,0.017,3.5,14452,0,1,0,76,True,5.78,6.05,3,3
P0273,Bithi Akter,Bangladeshi,Female,18-22,Student & part-time worker,University of South Wales,BSc / BEng / BA,Year 2,Digital Marketing,Low,A_no_explanation,2026-08-02 11:18:12,59.6,No,1,3.1,3.3,0.7,0.4,0.074,3.2,16584,0,1,2,52,True,5.07,3.25,2,3
P0274,Poppy Baker,British,Female,28-32,Postgraduate student (MBA),University of Surrey,MBA,Year 1,Graphic Design,High,A_no_explanation,2026-08-02 11:32:00,43.9,Yes — I thought it was about trust in AI,2,3.7,2.1,0.5,0.4,0.168,3.2,16130,1,3,2,90,True,3.64,4.53,2,2
P0275,Tarek Hossain,Bangladeshi,Male,23-27,Undergraduate student,University of South Wales,BSc / BEng / BA,Year 4,Computer Science,Moderate,A_no_explanation,2026-08-02 11:45:09,51.5,Somewhat — thought it was about usability,2,3.8,4.3,0.6,0.7,-0.246,3.4,13991,2,1,0,87,True,4.84,3.72,3,3
P0276,Monowara Begum,Bangladeshi,Female,23-27,Graduate (recent),University of Reading,BSc / BEng / BA,Completed,Information Technology,Moderate,A_no_explanation,2026-08-02 11:45:56,52.9,No,1,3.7,4.2,0.7,0.4,-0.218,2.8,14591,0,0,1,68,True,4.26,3.63,1,3
P0277,Mosharraf Hossain,Bangladeshi,Male,23-27,Postgraduate student (MSc),Middlesex University,MSc / MA / MEng,PG Year 1,Software Engineering,Moderate,C_counterfactual,2026-08-02 13:22:38,45.3,No,1,4.7,3.1,0.5,0.4,-0.046,3.4,19959,1,3,2,82,True,4.11,5.88,3,2
P0278,Kola Adesanya,Nigerian,Male,23-27,Postgraduate student (MSc),University of Reading,MSc / MA / MEng,PG Year 2,Computer Science,Low,A_no_explanation,2026-08-02 16:57:24,62.1,No,2,3.8,3.7,0.8,0.7,-0.176,3.0,12232,1,0,0,94,False,4.19,4.14,3,3
P0279,Masum Billah,Bangladeshi,Male,18-22,Working professional,BRAC University,BSc / BEng / BA,Completed,Graphic Design,High,C_counterfactual,2026-08-02 16:59:50,55.3,Yes — I thought it was about trust in AI,0,1.1,4.3,0.5,0.2,-0.195,3.2,20415,0,1,2,87,True,4.74,4.61,3,4
P0280,Toyin Adebayo,Nigerian,Female,23-27,PhD researcher,University of Bedfordshire,PhD / MPhil,PhD Year 2,Cybersecurity,Moderate,B_surface,2026-08-02 18:40:12,41.3,No,0,2.4,3.6,0.3,0.4,0.049,2.7,19294,2,2,2,82,True,4.44,5.32,4,4
P0281,Mahmudul Karim,Bangladeshi,Male,18-22,Postgraduate student (MSc),University of Chichester,MSc / MA / MEng,PG Year 2,Finance & Accounting,High,B_surface,2026-08-02 18:42:49,56.0,No,2,1.0,2.8,0.4,0.7,-0.005,3.2,17542,3,3,1,100,True,4.18,5.34,2,4
P0282,Ahsan Habib,Bangladeshi,Male,28-32,Undergraduate student,Goldsmiths University of London,BSc / BEng / BA,Year 2,Finance & Accounting,Low,C_counterfactual,2026-08-02 18:55:34,44.3,No,2,2.6,3.0,0.5,0.6,-0.181,3.4,20160,2,2,1,100,True,4.44,4.5,3,4
P0283,Logan Garcia,British,Male,41-50,Postgraduate student (MSc),Oxford Brookes University,MSc / MA / MEng,PG Year 2,Education Technology,Moderate,C_counterfactual,2026-08-02 19:22:45,58.8,No,2,4.7,2.2,0.5,0.6,0.149,3.1,18501,2,3,2,87,True,4.46,5.0,4,3
P0284,Azizul Haque,Bangladeshi,Male,33-40,Postgraduate student (MBA),Sheffield Hallam University,MBA,Year 1,Business & Management,High,A_no_explanation,2026-08-02 19:45:46,63.9,Yes — I thought it was about trust in AI,2,2.3,3.3,0.8,0.7,0.397,3.1,12402,1,1,0,100,True,3.96,2.87,3,3
P0285,Nurul Ain,Malaysian,Female,23-27,Undergraduate student,Kingston University London,BSc / BEng / BA,Year 2,Media & Communication,High,A_no_explanation,2026-08-02 20:25:24,71.2,No,0,2.7,4.5,0.9,0.8,0.205,3.0,11042,1,1,1,95,True,4.77,3.71,2,3
P0286,Sufia Begum,Bangladeshi,Female,18-22,Undergraduate student,University of Chichester,BSc / BEng / BA,Year 2,Graphic Design,Moderate,A_no_explanation,2026-08-02 20:59:46,44.2,No,2,3.1,2.4,0.5,0.2,-0.104,2.4,16058,0,2,4,69,True,5.38,3.56,3,3
P0287,Emon Hossain,Bangladeshi,Male,41-50,Postgraduate student (MSc),Goldsmiths University of London,MSc / MA / MEng,PG Year 2,Health Informatics,High,A_no_explanation,2026-08-02 21:29:23,38.1,No,1,5.0,2.7,0.6,0.7,0.086,3.1,15688,2,3,1,82,True,4.8,3.83,1,3
P0288,Sharif Ahmed,Bangladeshi,Male,23-27,PhD researcher,University of Surrey,PhD / MPhil,PhD Year 3,Digital Marketing,Low,A_no_explanation,2026-08-02 21:48:33,49.9,Unsure,3,2.8,3.5,0.6,0.3,0.162,3.2,14507,0,0,1,57,True,5.0,5.5,3,4
P0289,Lucy Turner,British,Female,23-27,Undergraduate student,Sheffield Hallam University,BSc / BEng / BA,Year 1,International Business,Moderate,B_surface,2026-08-02 21:49:50,55.0,No,2,3.8,2.7,0.8,0.5,-0.092,2.9,15640,0,0,1,94,False,3.27,5.78,3,4
P0290,Shahida Begum,Bangladeshi,Female,28-32,Graduate (recent),University of Westminster,MSc / MA / MEng,Completed,Business & Management,High,B_surface,2026-08-02 22:01:44,50.7,No,0,3.4,2.4,0.4,0.5,-0.132,2.9,16741,2,2,2,68,True,4.11,4.19,3,3
P0291,Nazmun Nahar,Bangladeshi,Female,23-27,Undergraduate student,Middlesex University,BSc / BEng / BA,Year 3,Psychology,Moderate,C_counterfactual,2026-08-02 22:44:48,45.7,Somewhat — thought it was about usability,3,2.7,4.5,0.5,0.4,-0.088,3.4,18418,1,3,3,72,True,4.02,5.71,3,3
P0292,Bushra Islam,Bangladeshi,Female,23-27,Undergraduate student,BRAC University,BSc / BEng / BA,Year 2,Education Technology,High,B_surface,2026-08-03 06:30:50,60.8,No,2,2.3,3.2,0.5,0.6,-0.113,2.7,15481,2,2,2,85,True,4.01,3.52,5,1
P0293,Ming Liu,Chinese,Male,18-22,Undergraduate student,University of Bedfordshire,BSc / BEng / BA,Year 2,Cybersecurity,Moderate,C_counterfactual,2026-08-03 08:04:41,49.8,No,1,2.6,3.0,0.2,0.3,-0.362,3.2,22846,2,1,1,72,False,3.89,5.79,3,5
P0294,Amna Siddiqui,Pakistani,Prefer not to say,23-27,Academic / lecturer,Sheffield Hallam University,PhD / MPhil,Not a student,Business & Management,Low,A_no_explanation,2026-08-03 08:52:43,57.1,No,1,2.8,3.7,0.7,0.4,-0.041,2.6,13050,0,1,2,75,True,5.62,5.68,3,4
P0295,Gias Uddin,Bangladeshi,Male,18-22,Postgraduate student (MBA),University of Dhaka,MBA,Year 1,International Business,Low,C_counterfactual,2026-08-03 09:03:59,56.2,No,1,1.5,4.5,0.8,0.5,-0.052,3.3,17192,0,1,1,62,False,3.14,4.6,5,4
P0296,Sola Adesanya,Nigerian,Female,33-40,Postgraduate student (MSc),University of Chichester,MSc / MA / MEng,PG Year 2,Education Technology,Moderate,A_no_explanation,2026-08-03 09:54:04,51.3,No,1,2.6,3.6,0.7,0.6,0.287,3.2,15373,1,2,1,71,True,5.21,4.31,1,2
P0297,Shohel Rana,Bangladeshi,Male,18-22,Postgraduate student (MSc),Kingston University London,MSc / MA / MEng,PG Year 2,Digital Marketing,Moderate,A_no_explanation,2026-08-03 10:04:57,55.3,No,0,1.9,3.0,0.7,0.8,0.202,2.9,12905,2,3,1,100,True,5.16,3.9,1,4
P0298,Mia Adams,British,Non-binary,23-27,Graduate (recent),Anglia Ruskin University,MSc / MA / MEng,Completed,Cybersecurity,Moderate,A_no_explanation,2026-08-03 10:35:24,39.8,Somewhat — thought it was about AI accuracy,3,2.6,3.8,0.6,0.5,-0.122,3.2,14238,1,1,1,78,True,3.78,4.78,3,1
P0299,Manoj Joshi,Indian,Male,23-27,Undergraduate student,Kingston University London,HND / Foundation,Year 4,Graphic Design,Moderate,B_surface,2026-08-03 10:37:56,46.5,No,0,1.9,4.1,0.5,0.4,-0.181,2.5,15757,1,2,3,73,True,5.21,6.04,1,3
P0300,Shakib Al Hasan,Bangladeshi,Male,23-27,Postgraduate student (MSc),University of Dhaka,MSc / MA / MEng,PG Year 2,Psychology,Low,B_surface,2026-08-03 10:49:32,50.1,No,1,3.1,3.8,0.7,0.6,-0.016,2.8,16514,1,1,0,100,True,5.3,4.18,2,4
P0301,Samuel Lewis,British,Male,23-27,Undergraduate student,"University for the Creative Arts, Farnham",BSc / BEng / BA,Year 1,Psychology,High,C_counterfactual,2026-08-03 11:25:47,43.3,No,1,2.4,2.8,0.6,0.7,0.119,3.3,16699,2,3,1,80,True,4.89,4.81,4,2
P0302,Pooja Yadav,Indian,Female,28-32,Postgraduate student (MSc),University of Chichester,MSc / MA / MEng,PG Year 1,Software Engineering,Low,B_surface,2026-08-03 11:38:17,55.0,No,1,4.7,3.6,0.8,0.7,-0.038,3.2,12122,1,1,0,96,True,2.2,5.3,4,4
P0303,Liang Ma,Chinese,Male,33-40,Postgraduate student (MSc),Coventry University,MSc / MA / MEng,PG Year 2,Psychology,Moderate,B_surface,2026-08-03 11:56:18,35.7,No,0,2.3,3.6,0.8,0.7,0.234,3.1,16820,1,2,1,74,True,5.04,4.25,1,3
P0304,Jaya Chauhan,Indian,Female,18-22,Working professional,Anglia Ruskin University,BSc / BEng / BA,Not a student,Business & Management,High,A_no_explanation,2026-08-03 12:10:15,51.3,No,3,2.5,4.2,0.7,0.6,-0.043,3.1,14054,1,2,1,84,True,3.84,3.45,1,4
P0305,Shariful Islam,Bangladeshi,Male,23-27,Postgraduate student (MSc),"University for the Creative Arts, Farnham",MSc / MA / MEng,PG Year 1,Health Informatics,Moderate,A_no_explanation,2026-08-03 12:52:09,58.1,No,2,3.6,2.7,0.4,0.1,-0.319,2.9,16449,0,1,1,68,True,4.6,4.41,3,3
P0306,Shan Lin,Chinese,Non-binary,23-27,Undergraduate student,University of Reading,BSc / BEng / BA,Year 4,Cybersecurity,Moderate,B_surface,2026-08-03 15:14:26,50.7,No,3,4.6,3.3,0.4,0.5,0.129,2.5,15240,2,2,2,53,False,4.13,4.61,2,3
P0307,Rekha Bose,Indian,Female,41-50,Postgraduate student (MSc),BRAC University,MSc / MA / MEng,PG Year 1,Finance & Accounting,Low,A_no_explanation,2026-08-03 19:26:42,52.2,No,2,3.3,3.7,0.4,0.5,-0.128,2.7,18050,2,4,3,65,True,4.02,3.54,2,3
P0308,Ramesh Dubey,Indian,Male,18-22,Postgraduate student (MSc),Middlesex University,MSc / MA / MEng,PG Year 2,Information Technology,Low,C_counterfactual,2026-08-03 19:38:24,49.1,No,1,3.2,3.5,0.6,0.5,-0.172,3.0,18671,1,1,0,90,True,4.35,4.3,3,4
P0309,Arun Krishnan,Indian,Male,28-32,Postgraduate student (MSc),University of Hertfordshire,MSc / MA / MEng,PG Year 2,Education Technology,Moderate,C_counterfactual,2026-08-03 19:46:01,50.6,No,0,3.5,3.8,0.5,0.4,0.064,3.6,19973,1,1,2,69,True,4.66,5.97,3,3
P0310,Sabbir Rahman,Bangladeshi,Male,23-27,Postgraduate student (MSc),University of South Wales,MSc / MA / MEng,PG Year 1,Information Technology,Low,C_counterfactual,2026-08-03 20:09:11,60.2,Yes — I thought it was about trust in AI,2,3.1,2.6,0.5,0.4,-0.176,2.9,18505,1,2,3,62,False,3.27,5.27,5,3
P0311,Mei Li,Chinese,Female,28-32,Postgraduate student (MBA),BRAC University,MBA,Year 1,Psychology,Moderate,B_surface,2026-08-03 20:16:26,66.4,Somewhat — thought it was about usability,3,2.6,4.6,0.6,0.7,0.191,3.5,17265,2,0,0,62,True,5.01,3.61,3,4
P0312,Andrew Wright,British,Male,28-32,Graduate (recent),Manchester Metropolitan University,BSc / BEng / BA,Completed,Data Science & AI,Moderate,A_no_explanation,2026-08-03 21:04:41,60.9,Yes — I thought it was about trust in AI,0,3.8,4.8,0.7,0.6,0.008,3.0,14449,1,0,0,54,False,6.17,5.13,3,4
P0313,Rokhsana Begum,Bangladeshi,Female,23-27,Academic / lecturer,University of Westminster,PhD / MPhil,Completed,Graphic Design,Moderate,A_no_explanation,2026-08-03 21:15:01,51.7,No,2,2.1,3.9,0.8,0.5,0.035,3.1,13553,0,1,1,71,True,5.38,4.29,2,2
P0314,Victoria Lee,British,Female,23-27,Undergraduate student,University of Bedfordshire,BSc / BEng / BA,Year 3,Health Informatics,Low,A_no_explanation,2026-08-03 21:45:33,39.6,No,3,2.8,4.3,0.8,0.7,0.208,3.5,14004,1,3,0,100,True,5.17,5.16,3,4
P0315,Mehedi Hasan,Bangladeshi,Male,23-27,Working professional,Sheffield Hallam University,MSc / MA / MEng,Completed,Graphic Design,Low,A_no_explanation,2026-08-03 22:07:00,52.6,No,2,1.9,2.9,0.6,0.5,-0.111,2.9,15801,1,2,2,65,False,4.58,4.18,1,2
P0316,Monir Hossain,Bangladeshi,Male,28-32,Academic / lecturer,"University for the Creative Arts, Farnham",PhD / MPhil,Not a student,Software Engineering,Low,C_counterfactual,2026-08-03 23:49:01,51.4,No,3,1.2,4.5,0.7,0.6,-0.332,3.7,19217,1,1,2,100,True,4.45,5.27,4,4
P0317,Liam Robinson,British,Male,28-32,PhD researcher,University of Surrey,PhD / MPhil,PhD Year 1,Education Technology,High,B_surface,2026-08-04 07:23:27,42.0,No,3,3.7,3.1,0.6,0.5,-0.092,3.1,14001,1,3,3,87,True,4.46,5.45,5,3
P0318,Abul Hossain,Bangladeshi,Male,18-22,Postgraduate student (MSc),University of Dhaka,MSc / MA / MEng,PG Year 1,Finance & Accounting,High,C_counterfactual,2026-08-04 07:38:56,56.5,No,2,2.9,3.8,0.3,0.4,-0.288,3.5,19114,2,5,2,70,True,3.28,5.77,4,4
P0319,Faruk Hossain,Bangladeshi,Male,18-22,Undergraduate student,Sheffield Hallam University,BSc / BEng / BA,Year 2,Psychology,Low,B_surface,2026-08-04 09:44:58,42.8,Somewhat — thought it was about AI accuracy,1,2.8,2.7,1.0,0.7,0.062,3.3,12593,0,0,0,100,True,4.2,4.76,3,3
P0320,Ava Jackson,British,Female,23-27,Postgraduate student (MSc),University of Dhaka,MSc / MA / MEng,PG Year 1,Graphic Design,Moderate,B_surface,2026-08-04 10:26:21,70.6,Somewhat — thought it was about usability,1,3.6,3.2,0.4,0.5,0.331,3.0,17742,2,5,2,62,True,4.05,5.96,3,2
P0321,Jia Zheng,Chinese,Female,41-50,Graduate (recent),University of Surrey,MSc / MA / MEng,Completed,Graphic Design,Low,B_surface,2026-08-04 10:40:18,42.1,No,2,2.6,3.6,0.8,0.5,0.054,2.9,12908,0,0,1,79,True,4.32,4.7,4,3
P0322,Rayhan Ahmed,Bangladeshi,Male,23-27,Undergraduate student,University of Hertfordshire,BSc / BEng / BA,Year 4,Information Technology,Low,C_counterfactual,2026-08-04 10:49:14,49.5,Somewhat — thought it was about usability,2,2.3,3.6,0.5,0.6,0.161,3.5,19272,2,3,2,69,True,3.57,6.67,5,4
P0323,Raihan Islam,Bangladeshi,Male,23-27,Undergraduate student,University of Hertfordshire,HND / Foundation,Year 1,Computer Science,High,B_surface,2026-08-04 11:54:10,48.5,No,1,3.3,3.4,0.6,0.5,-0.114,3.3,15492,1,4,5,76,True,4.56,4.71,4,3
P0324,Ashique Hossain,Bangladeshi,Male,23-27,Undergraduate student,Goldsmiths University of London,BSc / BEng / BA,Year 4,Cybersecurity,Low,B_surface,2026-08-04 14:19:32,47.5,No,2,3.0,3.8,0.6,0.5,0.293,3.5,17814,1,1,2,96,True,3.87,4.11,3,5
P0325,Geeta A. Mishra,Indian,Female,23-27,Undergraduate student,University of Bedfordshire,BSc / BEng / BA,Year 1,Cybersecurity,Moderate,B_surface,2026-08-04 14:44:52,58.0,Yes — I thought it was about trust in AI,0,1.1,4.7,1.0,0.7,0.178,3.1,14533,0,0,0,96,False,4.3,4.59,3,3
P0326,Fatema Begum,Bangladeshi,Prefer not to say,33-40,Undergraduate student,London Metropolitan University,HND / Foundation,Year 1,International Business,High,A_no_explanation,2026-08-04 16:19:09,54.1,No,1,4.4,4.3,0.8,0.5,-0.141,3.0,14680,0,1,0,68,True,5.27,5.86,5,3
P0327,Noor Baig,Pakistani,Female,23-27,Postgraduate student (MSc),BRAC University,MSc / MA / MEng,PG Year 1,Health Informatics,Low,C_counterfactual,2026-08-04 18:01:31,50.7,Unsure,2,5.0,3.9,0.6,0.5,-0.067,3.4,18689,1,1,1,68,True,3.9,5.04,4,4
P0328,Jessica Mitchell,British,Female,33-40,Undergraduate student,BUET,BSc / BEng / BA,Year 3,Psychology,Moderate,B_surface,2026-08-04 20:04:14,43.1,Somewhat — thought it was about AI accuracy,2,3.0,4.1,0.5,0.6,0.092,3.0,17222,2,3,1,93,False,3.8,3.15,2,3
P0329,Sunita A. Mehta,Indian,Female,18-22,Undergraduate student,Daffodil International University,BSc / BEng / BA,Year 1,Data Science & AI,High,C_counterfactual,2026-08-04 20:43:13,45.9,No,2,2.5,3.8,0.4,0.5,0.148,3.4,18251,2,1,1,90,True,3.89,5.12,4,4
P0330,Yeasmin Akter,Bangladeshi,Female,23-27,Postgraduate student (MBA),Daffodil International University,MBA,Year 1,Media & Communication,Low,A_no_explanation,2026-08-04 21:24:00,51.7,No,3,2.5,3.7,0.6,0.3,-0.002,2.9,16930,0,2,1,90,False,5.6,5.28,3,3
P0331,Sanjay Mehta,Indian,Male,41-50,Postgraduate student (MSc),"University for the Creative Arts, Farnham",MSc / MA / MEng,PG Year 2,Graphic Design,Moderate,C_counterfactual,2026-08-04 21:53:52,57.2,No,0,2.9,3.4,0.4,0.7,0.083,3.1,21673,3,1,0,78,True,4.05,5.21,3,3
P0332,Hao Tang,Chinese,Male,18-22,Postgraduate student (MBA),Brunel University London,MBA,PG Year 1,Computer Science,Low,B_surface,2026-08-04 22:21:56,71.9,No,2,3.7,3.2,0.6,0.5,0.02,2.9,17167,1,3,4,63,True,4.58,5.36,4,4
P0333,Abigail Robinson,British,Female,28-32,Student & part-time worker,North South University,MSc / MA / MEng,Year 2,Software Engineering,Moderate,A_no_explanation,2026-08-04 23:51:42,48.9,No,3,3.5,4.0,0.8,0.9,0.22,3.3,14702,2,2,0,90,True,4.24,5.32,2,5
P0334,Rui Hu,Chinese,Male,28-32,Academic / lecturer,University of Surrey,PhD / MPhil,Completed,Digital Marketing,Low,B_surface,2026-08-05 08:53:10,41.5,No,2,2.1,3.6,0.6,0.5,-0.178,3.4,14116,1,2,1,91,True,3.51,3.94,3,2
P0335,Zahirul Haque,Bangladeshi,Male,18-22,Postgraduate student (MSc),Daffodil International University,MSc / MA / MEng,PG Year 1,Finance & Accounting,Low,C_counterfactual,2026-08-05 09:43:56,32.0,No,3,2.0,4.6,0.7,0.8,0.128,3.2,15978,2,2,1,87,True,4.63,5.24,5,3
P0336,Farah Yousaf,Pakistani,Female,23-27,Postgraduate student (MSc),University of Surrey,MSc / MA / MEng,PG Year 2,Graphic Design,Moderate,C_counterfactual,2026-08-05 10:20:58,56.8,No,3,5.0,3.4,0.3,0.4,-0.237,3.2,19407,2,0,2,87,True,4.26,5.37,4,4
P0337,Shajahan Kabir,Bangladeshi,Male,23-27,Undergraduate student,Coventry University,BSc / BEng / BA,Year 4,Software Engineering,Low,C_counterfactual,2026-08-05 10:26:57,58.3,No,2,2.2,3.6,0.8,0.7,0.2,3.2,17443,1,2,1,51,False,4.58,4.81,3,2
P0338,Eduardo Ferreira,Other,Male,28-32,Postgraduate student (MBA),Daffodil International University,MBA,Year 1,International Business,Low,B_surface,2026-08-05 10:43:56,47.1,Unsure,1,4.1,5.0,0.9,0.6,0.204,2.9,14749,0,0,1,100,True,4.37,4.11,3,4
P0339,Ashik Hossain,Bangladeshi,Male,28-32,Undergraduate student,London Metropolitan University,BSc / BEng / BA,Year 4,Media & Communication,Moderate,B_surface,2026-08-05 12:49:31,65.2,No,0,2.1,2.8,0.5,0.6,0.266,3.0,16920,2,3,2,79,True,4.75,5.3,3,5
P0340,Rajiur Rahman,Bangladeshi,Male,23-27,Undergraduate student,North South University,BSc / BEng / BA,Year 2,Computer Science,Moderate,B_surface,2026-08-05 17:37:00,46.7,No,1,3.7,2.7,0.3,0.6,-0.05,3.2,19109,3,3,3,89,True,3.79,4.79,2,4
P0341,Ayasha Siddika,Bangladeshi,Female,23-27,Postgraduate student (MBA),University of East London,MBA,PG Year 1,Graphic Design,High,B_surface,2026-08-05 18:56:14,63.9,No,0,4.3,2.0,0.3,0.4,-0.12,2.7,19409,2,1,3,70,True,3.08,5.08,2,4
P0342,Charlotte A. Carter,British,Female,23-27,Undergraduate student,University of East London,HND / Foundation,Year 1,Education Technology,High,A_no_explanation,2026-08-05 19:46:04,45.5,No,1,3.9,3.9,0.6,0.3,-0.461,3.2,14121,0,0,2,43,False,5.92,5.64,1,3
P0343,Amit Kumar,Indian,Male,18-22,Postgraduate student (MSc),BUET,MSc / MA / MEng,PG Year 1,Education Technology,Low,B_surface,2026-08-05 20:20:55,43.8,Unsure,0,4.9,2.5,0.5,0.4,-0.107,3.5,16143,1,0,1,74,True,3.51,4.66,3,5
P0344,Siti Hajar,Malaysian,Female,18-22,Undergraduate student,University of Dhaka,BSc / BEng / BA,Year 4,Finance & Accounting,Moderate,C_counterfactual,2026-08-05 20:23:51,44.0,Somewhat — thought it was about AI accuracy,3,2.7,2.6,0.5,0.4,-0.463,3.4,17981,1,0,1,50,True,3.4,5.55,4,3
P0345,Ethan White,British,Male,18-22,Undergraduate student,Sheffield Hallam University,BSc / BEng / BA,Year 3,Psychology,High,A_no_explanation,2026-08-05 20:48:20,57.2,No,0,4.3,3.0,0.4,0.1,-0.225,2.5,16742,0,1,2,23,False,5.44,5.16,3,2
P0346,Bilkis Akter,Bangladeshi,Female,18-22,Undergraduate student,Middlesex University,BSc / BEng / BA,Year 1,Education Technology,High,A_no_explanation,2026-08-05 21:31:39,58.7,No,0,4.3,3.6,0.8,0.9,0.289,3.1,14785,2,2,0,92,True,4.58,4.49,3,2
P0347,Shirin Akter,Bangladeshi,Female,23-27,Undergraduate student,University of Reading,BSc / BEng / BA,Year 1,Education Technology,Low,A_no_explanation,2026-08-05 22:22:01,53.4,No,2,2.0,2.8,0.9,0.8,0.015,3.3,14436,1,1,0,100,True,3.83,4.79,4,4
P0348,Sujon Ahmed,Bangladeshi,Male,18-22,Undergraduate student,London Metropolitan University,HND / Foundation,Year 1,Psychology,Moderate,C_counterfactual,2026-08-06 07:01:45,45.7,Somewhat — thought it was about AI accuracy,3,4.3,4.4,0.2,0.3,-0.152,3.5,21243,2,1,3,62,True,3.85,5.9,4,4
P0349,Bin Luo,Chinese,Male,33-40,Undergraduate student,University of Westminster,BSc / BEng / BA,Year 3,Media & Communication,Moderate,B_surface,2026-08-06 08:04:01,57.0,No,3,3.0,4.9,0.7,0.8,0.223,3.0,14892,2,0,0,80,True,3.85,4.32,2,2
P0350,Ibnul Hasan,Bangladeshi,Male,33-40,PhD researcher,Oxford Brookes University,PhD / MPhil,PhD Year 2,Computer Science,Moderate,B_surface,2026-08-06 08:59:53,47.5,No,2,2.6,3.1,0.7,0.6,0.001,3.3,13933,1,1,0,86,True,3.78,2.43,3,2
P0351,Atiqur Rahman,Bangladeshi,Male,28-32,Undergraduate student,BRAC University,BSc / BEng / BA,Year 4,Human-Computer Interaction,Moderate,B_surface,2026-08-06 09:11:29,72.8,No,3,3.0,2.1,0.6,0.7,-0.081,3.5,17763,2,0,0,100,True,3.96,5.02,5,5
P0352,Aminul Islam,Bangladeshi,Male,23-27,Postgraduate student (MBA),"University for the Creative Arts, Farnham",MBA,Year 1,Psychology,High,C_counterfactual,2026-08-06 09:31:48,50.5,Yes — I thought it was about trust in AI,3,3.8,4.3,0.6,0.7,0.151,3.3,18319,2,1,1,94,True,3.36,5.17,3,4
P0353,Shumon Hasan,Bangladeshi,Male,33-40,Graduate (recent),"University for the Creative Arts, Farnham",MSc / MA / MEng,Completed,Information Technology,Moderate,A_no_explanation,2026-08-06 11:21:19,56.8,No,1,3.7,4.2,0.4,0.3,0.185,2.6,16643,1,1,1,81,True,4.57,4.52,1,4
P0354,Nabila Islam,Bangladeshi,Female,18-22,Graduate (recent),University of Hertfordshire,MSc / MA / MEng,Completed,Psychology,Moderate,A_no_explanation,2026-08-06 11:41:58,61.6,Somewhat — thought it was about usability,1,4.1,3.0,0.6,0.5,0.039,3.0,16843,1,1,1,75,True,3.88,3.18,2,3
P0355,Marium Akter,Bangladeshi,Female,23-27,Working professional,University of Reading,MSc / MA / MEng,Completed,Data Science & AI,Low,C_counterfactual,2026-08-06 12:02:41,55.9,No,2,2.1,4.5,0.8,0.7,0.378,3.6,15227,1,1,0,87,True,3.51,3.76,4,4
P0356,Zoe A. Thompson,British,Female,33-40,Postgraduate student (MSc),BUET,MSc / MA / MEng,PG Year 1,International Business,Moderate,C_counterfactual,2026-08-06 12:51:23,58.3,Unsure,1,1.7,3.0,0.3,0.6,-0.131,3.5,18825,3,1,1,85,True,3.53,4.42,3,2
P0357,Arafat Hossain,Bangladeshi,Male,23-27,PhD researcher,University of South Wales,PhD / MPhil,PhD Year 1,Finance & Accounting,Low,C_counterfactual,2026-08-06 17:28:07,57.3,No,3,4.0,5.0,0.5,0.4,-0.264,3.0,21417,1,0,0,84,True,4.33,4.88,5,4
P0358,Ritu A. Gupta,Indian,Prefer not to say,18-22,Postgraduate student (MSc),Middlesex University,MSc / MA / MEng,PG Year 1,Information Technology,High,B_surface,2026-08-06 17:47:17,63.7,No,1,3.9,5.0,0.4,0.3,-0.228,3.1,16692,1,1,2,91,True,5.02,4.89,3,5
P0359,Morsheda Begum,Bangladeshi,Female,23-27,Undergraduate student,Leeds Beckett University,BSc / BEng / BA,Year 1,Information Technology,Low,A_no_explanation,2026-08-06 18:12:55,52.8,No,3,3.4,2.0,0.7,0.6,0.114,3.3,13823,1,1,1,100,True,4.81,4.68,1,3
P0360,Faizan Qureshi,Pakistani,Male,28-32,Undergraduate student,London Metropolitan University,BSc / BEng / BA,Year 1,Graphic Design,Moderate,C_counterfactual,2026-08-06 19:39:12,58.3,No,1,2.1,4.4,0.6,0.5,-0.011,3.2,18242,1,0,1,64,True,5.1,4.35,3,4
P0361,Liton Hossain,Bangladeshi,Male,41-50,PhD researcher,London Metropolitan University,PhD / MPhil,PhD Year 3,Computer Science,High,B_surface,2026-08-06 20:39:16,46.7,No,0,4.6,1.0,0.6,0.5,0.054,3.0,17384,1,2,1,78,True,3.67,5.17,3,3
P0362,Shamim Hossain,Bangladeshi,Male,18-22,Postgraduate student (MSc),BUET,MSc / MA / MEng,PG Year 1,Human-Computer Interaction,Low,A_no_explanation,2026-08-06 21:43:17,56.5,No,0,2.7,1.8,0.7,0.8,0.439,3.1,14401,2,2,1,97,True,4.72,4.28,2,4
P0363,Raisul Islam,Bangladeshi,Male,18-22,Student & part-time worker,University of Westminster,BSc / BEng / BA,PG Year 2,Digital Marketing,High,A_no_explanation,2026-08-06 22:08:47,49.1,Somewhat — thought it was about AI accuracy,3,2.2,4.1,0.6,0.5,-0.171,3.1,15120,1,0,1,72,True,4.08,3.4,4,3
P0364,Mithila Rahman,Bangladeshi,Female,33-40,Undergraduate student,Daffodil International University,BSc / BEng / BA,Year 3,Finance & Accounting,Low,C_counterfactual,2026-08-06 23:50:45,55.1,Somewhat — thought it was about usability,2,3.5,3.4,0.3,0.2,-0.356,3.5,22101,1,2,3,63,False,4.33,4.72,5,3
P0365,Rahnuma Islam,Bangladeshi,Prefer not to say,23-27,Academic / lecturer,BUET,PhD / MPhil,Not a student,Psychology,Moderate,A_no_explanation,2026-08-07 03:16:37,60.8,Somewhat — thought it was about usability,1,3.3,3.7,0.7,0.6,-0.173,3.2,14170,1,1,1,96,True,4.71,2.83,2,4
P0366,Naima Islam,Bangladeshi,Female,18-22,Postgraduate student (MSc),Manchester Metropolitan University,MSc / MA / MEng,PG Year 1,Business & Management,Low,C_counterfactual,2026-08-07 06:29:33,59.5,No,2,1.0,3.4,0.7,0.8,0.244,3.6,18125,2,4,2,100,True,3.35,5.28,3,3
P0367,Hasina Begum,Bangladeshi,Female,33-40,Student & part-time worker,University of Chichester,BSc / BEng / BA,Year 2,Software Engineering,Low,B_surface,2026-08-07 07:29:23,36.6,No,2,3.7,2.8,0.4,0.5,0.093,2.9,17004,2,2,3,73,True,3.9,4.3,4,4
P0368,Sadia Hossain,Bangladeshi,Female,23-27,Postgraduate student (MBA),University of South Wales,MBA,PG Year 1,Software Engineering,High,C_counterfactual,2026-08-07 08:25:33,49.0,Somewhat — thought it was about usability,1,2.7,2.4,0.6,0.7,0.164,3.3,17865,2,2,3,100,True,4.31,3.84,5,4
P0369,Momotaj Begum,Bangladeshi,Female,33-40,Graduate (recent),BRAC University,BSc / BEng / BA,Completed,Finance & Accounting,Moderate,A_no_explanation,2026-08-07 08:32:45,42.1,No,0,3.8,3.5,0.6,0.5,0.078,3.0,14858,1,3,1,73,False,6.36,3.09,3,3
P0370,Chukwu Obi,Nigerian,Male,33-40,Graduate (recent),University of East London,MSc / MA / MEng,Completed,Psychology,Moderate,C_counterfactual,2026-08-07 10:05:06,52.9,No,0,3.9,3.5,0.7,1.0,0.349,3.4,18914,3,1,0,97,True,2.85,5.57,5,4
P0371,Adnan Siddiqui,Pakistani,Male,33-40,Working professional,University of Dhaka,BSc / BEng / BA,Not a student,Education Technology,High,B_surface,2026-08-07 10:26:30,54.1,No,3,3.4,4.2,0.5,0.6,0.026,3.1,19576,2,2,1,56,False,3.9,4.39,3,5
P0372,Hannah A. Green,British,Female,23-27,PhD researcher,Coventry University,PhD / MPhil,PhD Year 2,Graphic Design,Moderate,C_counterfactual,2026-08-07 11:27:37,49.5,No,1,3.9,3.2,0.4,0.7,-0.053,3.4,18970,3,5,3,98,True,3.84,5.49,4,5
P0373,Mehrab Hossain,Bangladeshi,Male,18-22,Undergraduate student,University of East London,BSc / BEng / BA,Year 1,Human-Computer Interaction,Low,B_surface,2026-08-07 11:38:29,51.2,Somewhat — thought it was about AI accuracy,1,4.0,3.4,0.7,0.4,-0.271,2.9,13132,0,1,1,74,True,4.22,5.86,3,4
P0374,Olivia A. Morris,British,Female,23-27,Working professional,Kingston University London,BSc / BEng / BA,Completed,Data Science & AI,Low,A_no_explanation,2026-08-07 11:55:28,46.2,No,1,2.7,2.6,0.9,0.6,0.009,2.7,13108,0,0,1,100,False,3.72,3.42,2,3
P0375,Siamul Islam,Bangladeshi,Male,18-22,Undergraduate student,University of South Wales,BSc / BEng / BA,Year 3,Health Informatics,Moderate,C_counterfactual,2026-08-07 11:58:45,48.2,No,3,3.2,1.9,0.5,0.6,0.214,3.5,19029,2,2,5,80,True,3.8,5.63,2,2
P0376,Wura Oluwole,Nigerian,Female,28-32,Graduate (recent),University of Surrey,BSc / BEng / BA,Completed,International Business,High,B_surface,2026-08-07 12:08:15,35.1,Somewhat — thought it was about AI accuracy,2,2.2,2.9,0.8,0.7,0.125,2.8,14273,1,1,2,100,True,3.8,6.05,3,3
P0377,Noor Mohammed,Bangladeshi,Male,33-40,Graduate (recent),University of Surrey,BSc / BEng / BA,Completed,Finance & Accounting,High,C_counterfactual,2026-08-07 12:24:14,47.2,No,2,2.8,3.7,0.6,0.9,0.446,3.0,16765,3,1,1,100,True,2.88,5.94,3,4
P0378,Rabia Hussain,Pakistani,Female,18-22,Postgraduate student (MSc),University of Bedfordshire,MSc / MA / MEng,PG Year 1,Health Informatics,High,C_counterfactual,2026-08-07 13:14:30,50.1,Somewhat — thought it was about usability,3,2.5,3.2,0.3,0.6,0.172,2.7,20157,3,1,0,74,True,3.11,5.91,4,3
P0379,Nasima Begum,Bangladeshi,Female,18-22,Student & part-time worker,Brunel University London,MSc / MA / MEng,PG Year 2,Information Technology,Moderate,A_no_explanation,2026-08-07 16:43:06,46.1,No,3,2.6,3.6,0.4,0.5,0.301,2.2,16817,2,1,1,85,False,4.76,3.05,5,3
P0380,Moazzem Hossain,Bangladeshi,Male,18-22,Undergraduate student,University of Chichester,HND / Foundation,Year 2,Finance & Accounting,High,A_no_explanation,2026-08-07 17:17:07,61.1,No,3,3.9,3.7,0.5,0.4,0.199,2.6,16322,1,1,1,88,True,3.55,5.36,2,1
P0381,Sahera Begum,Bangladeshi,Female,23-27,Graduate (recent),Oxford Brookes University,MSc / MA / MEng,Completed,Digital Marketing,Low,A_no_explanation,2026-08-07 18:15:53,57.3,No,2,4.6,3.5,0.6,0.7,-0.193,3.7,13800,2,1,1,97,False,4.4,4.05,2,4
P0382,Said Al-Rashidi,Other,Male,28-32,Postgraduate student (MSc),Oxford Brookes University,MSc / MA / MEng,PG Year 1,Human-Computer Interaction,Low,B_surface,2026-08-07 18:46:56,58.7,Somewhat — thought it was about usability,3,2.2,4.1,0.5,0.6,0.271,2.6,16862,2,4,1,87,True,3.53,4.92,3,3
P0383,Tariq Mahmood,Pakistani,Male,28-32,Undergraduate student,University of East London,HND / Foundation,Year 2,International Business,Low,C_counterfactual,2026-08-07 19:00:51,53.5,Unsure,2,3.1,3.1,0.5,0.2,-0.108,3.0,17080,0,4,2,68,True,4.57,7.0,4,2
P0384,Zara Qureshi,Pakistani,Female,18-22,Undergraduate student,BUET,BSc / BEng / BA,Year 4,Software Engineering,Moderate,C_counterfactual,2026-08-07 19:57:49,42.5,No,3,2.9,3.9,0.7,0.6,-0.4,3.6,18547,1,0,0,68,True,3.34,5.44,5,4
P0385,Afsana Akter,Bangladeshi,Female,28-32,Undergraduate student,Sheffield Hallam University,BSc / BEng / BA,Year 3,Software Engineering,Low,A_no_explanation,2026-08-07 20:32:44,55.9,Somewhat — thought it was about usability,0,2.6,3.6,0.8,0.9,0.378,3.0,12532,2,2,1,100,True,4.79,3.82,2,4
P0386,Nazim Uddin,Bangladeshi,Male,28-32,Postgraduate student (MBA),BRAC University,MBA,PG Year 1,Graphic Design,Moderate,A_no_explanation,2026-08-07 20:58:29,48.2,No,0,2.4,4.4,0.9,0.8,0.292,3.4,14438,1,1,1,88,True,6.68,4.67,3,3
P0387,Alamin Hossain,Bangladeshi,Male,23-27,Postgraduate student (MSc),Brunel University London,MSc / MA / MEng,PG Year 1,Computer Science,High,A_no_explanation,2026-08-07 21:29:14,52.1,No,3,3.6,3.5,0.6,0.7,0.296,2.9,16746,2,2,1,100,True,4.38,4.91,3,3
P0388,Shahid Hussain,Pakistani,Male,18-22,Postgraduate student (MSc),Brunel University London,MSc / MA / MEng,PG Year 2,Digital Marketing,Moderate,C_counterfactual,2026-08-07 22:12:19,54.5,No,2,3.8,2.3,0.4,0.5,0.256,3.0,19150,2,2,0,73,True,4.16,5.17,2,1
P0389,Nabilah Fikri,Malaysian,Female,33-40,PhD researcher,University of Chichester,PhD / MPhil,PhD Year 3,Human-Computer Interaction,High,B_surface,2026-08-07 22:15:38,44.5,No,0,2.3,3.3,0.5,0.2,-0.198,2.9,15208,0,1,3,75,True,4.77,3.88,4,4
P0390,Divya A. Pillai,Indian,Female,23-27,Postgraduate student (MSc),Daffodil International University,MSc / MA / MEng,PG Year 1,Digital Marketing,High,B_surface,2026-08-08 06:05:45,60.1,Unsure,2,1.0,4.2,0.6,0.7,-0.125,3.0,15099,2,2,1,68,True,4.76,4.91,5,3
P0391,Jing Wu,Chinese,Female,23-27,Academic / lecturer,North South University,Prefer not to say,Completed,Health Informatics,Moderate,C_counterfactual,2026-08-08 09:53:55,50.3,No,1,2.6,4.9,0.8,0.5,0.131,3.5,18293,0,0,1,77,True,2.75,5.55,3,2
P0392,Ella A. Hall,British,Prefer not to say,18-22,Undergraduate student,Oxford Brookes University,BSc / BEng / BA,Year 2,Digital Marketing,High,A_no_explanation,2026-08-08 11:03:16,54.6,No,2,1.6,2.9,0.7,0.6,0.253,2.8,14141,1,2,2,78,True,4.38,4.59,2,3
P0393,Popy Akter,Bangladeshi,Female,18-22,Undergraduate student,University of Chichester,BSc / BEng / BA,Year 3,Cybersecurity,Low,C_counterfactual,2026-08-08 11:06:51,45.4,Somewhat — thought it was about AI accuracy,2,3.7,4.4,0.5,0.6,0.185,3.4,20520,2,0,0,99,False,3.93,5.05,4,3
P0394,Moni Akter,Bangladeshi,Female,28-32,Undergraduate student,University of Surrey,BSc / BEng / BA,Year 4,Digital Marketing,Moderate,A_no_explanation,2026-08-08 11:13:18,47.1,No,2,3.9,4.9,0.5,0.6,0.463,3.1,13970,2,1,3,78,True,4.9,5.65,3,3
P0395,Daniel Harris,British,Male,33-40,Postgraduate student (MBA),Anglia Ruskin University,MBA,Year 1,Media & Communication,Low,B_surface,2026-08-08 12:02:00,61.5,No,2,1.7,4.5,0.7,0.6,0.082,3.2,14850,1,1,0,99,True,5.28,5.82,3,3
P0396,Asif Iqbal,Bangladeshi,Male,18-22,Undergraduate student,Manchester Metropolitan University,BSc / BEng / BA,Year 4,Software Engineering,Moderate,A_no_explanation,2026-08-08 12:20:16,46.6,No,1,3.7,3.8,0.7,0.6,0.048,3.1,15432,1,1,0,73,True,4.21,2.55,3,4
P0397,Akbar Ali,Bangladeshi,Male,18-22,Postgraduate student (MSc),BUET,MSc / MA / MEng,PG Year 2,International Business,High,A_no_explanation,2026-08-08 13:43:58,49.5,Somewhat — thought it was about AI accuracy,2,3.8,3.8,0.7,0.4,-0.078,3.2,13414,0,2,3,52,True,4.45,4.28,3,3
P0398,Tahiya Islam,Bangladeshi,Female,23-27,Postgraduate student (MBA),Daffodil International University,MBA,PG Year 1,Health Informatics,Moderate,B_surface,2026-08-08 14:20:13,51.2,Somewhat — thought it was about usability,2,3.6,2.9,0.5,0.6,0.171,3.0,17268,2,2,4,80,True,4.16,6.31,2,3
P0399,Nike Lawal,Nigerian,Female,18-22,Postgraduate student (MSc),University of Dhaka,MSc / MA / MEng,PG Year 1,Data Science & AI,Low,C_counterfactual,2026-08-08 14:30:54,48.2,Somewhat — thought it was about usability,3,1.9,2.4,0.3,0.4,-0.124,3.4,21722,2,3,5,71,True,4.53,4.97,4,4
P0400,Bisi Adeyemi,Nigerian,Female,23-27,Undergraduate student,Coventry University,BSc / BEng / BA,Year 4,Psychology,Moderate,A_no_explanation,2026-08-08 15:21:28,66.0,Unsure,1,2.4,3.1,0.5,0.6,0.01,2.9,15960,2,2,1,100,True,4.96,3.41,3,4
P0401,Hidayah Ishak,Malaysian,Prefer not to say,23-27,PhD researcher,University of Chichester,PhD / MPhil,PhD Year 3,Psychology,Low,A_no_explanation,2026-08-08 17:29:45,55.6,No,2,3.6,2.4,0.7,0.8,0.204,3.4,16989,2,1,0,100,True,4.17,3.74,3,3
P0402,Isla A. Young,British,Female,23-27,PhD researcher,Goldsmiths University of London,PhD / MPhil,PhD Year 3,Finance & Accounting,Low,B_surface,2026-08-08 17:57:13,65.6,No,2,3.1,3.3,0.7,0.8,0.129,3.6,15375,2,3,1,94,True,5.1,4.29,3,4
P0403,Laila Chaudhry,Pakistani,Female,23-27,PhD researcher,University of Westminster,PhD / MPhil,PhD Year 1,Psychology,Low,B_surface,2026-08-08 18:08:17,67.1,Somewhat — thought it was about AI accuracy,1,1.3,4.0,0.6,0.5,0.175,2.7,14513,1,3,1,80,True,4.44,3.7,3,4
P0404,Muhammad Faiz,Malaysian,Male,33-40,Postgraduate student (MSc),Leeds Beckett University,MSc / MA / MEng,PG Year 1,Software Engineering,Moderate,B_surface,2026-08-08 18:23:24,48.7,No,0,3.4,4.3,0.6,0.5,-0.245,3.4,17215,1,1,1,83,False,4.82,4.04,3,3
P0405,Lily A. Scott,British,Female,41-50,Postgraduate student (MSc),University of Surrey,MSc / MA / MEng,PG Year 1,Data Science & AI,Low,B_surface,2026-08-08 19:25:58,45.4,No,1,3.9,2.5,0.5,0.2,0.11,2.8,15359,0,3,2,60,True,4.43,4.84,2,3
P0406,Borhan Uddin,Bangladeshi,Male,23-27,PhD researcher,Manchester Metropolitan University,PhD / MPhil,PhD Year 3,Data Science & AI,Moderate,B_surface,2026-08-08 19:57:38,53.5,No,0,3.4,2.2,0.6,0.7,0.217,3.0,13671,2,2,0,58,False,5.7,4.28,5,4
P0407,Shirina Begum,Bangladeshi,Female,28-32,Undergraduate student,University of Chichester,BSc / BEng / BA,Year 1,Health Informatics,Low,B_surface,2026-08-08 20:16:29,42.5,Yes — I thought it was about trust in AI,3,3.5,4.5,0.6,0.5,0.261,2.6,14599,1,1,0,100,True,3.91,5.6,4,4
P0408,Shahidul Alam,Bangladeshi,Male,28-32,Undergraduate student,University of Chichester,BSc / BEng / BA,Year 2,Cybersecurity,Moderate,B_surface,2026-08-08 20:55:34,63.0,No,1,2.8,3.1,0.6,0.7,0.256,2.7,16377,2,0,0,98,True,4.0,4.37,3,4
P0409,Mozammel Haq,Bangladeshi,Male,23-27,PhD researcher,Manchester Metropolitan University,PhD / MPhil,PhD Year 3,Finance & Accounting,High,A_no_explanation,2026-08-08 21:42:16,50.6,Somewhat — thought it was about usability,0,3.9,3.2,0.4,0.3,-0.307,2.8,17441,1,1,3,99,True,4.95,5.4,1,3
P0410,Asad A. Mirza,Pakistani,Male,23-27,PhD researcher,Kingston University London,PhD / MPhil,PhD Year 1,Information Technology,Moderate,A_no_explanation,2026-08-09 08:43:18,45.9,No,2,2.8,4.8,0.7,0.8,0.18,3.3,14161,2,3,0,100,True,4.76,1.62,1,4
P0411,Zain A. Malik,Pakistani,Male,28-32,PhD researcher,University of East London,PhD / MPhil,PhD Year 2,Cybersecurity,Moderate,B_surface,2026-08-09 10:29:45,57.0,No,2,2.6,3.9,0.7,0.4,-0.04,2.5,13864,0,1,1,93,True,4.34,6.53,4,4
P0412,Sophia A. Harris,British,Female,23-27,Undergraduate student,Middlesex University,BSc / BEng / BA,Year 3,Education Technology,Low,B_surface,2026-08-09 10:58:05,47.4,No,0,4.5,2.6,0.8,0.9,0.308,2.9,14948,2,1,0,98,True,3.99,3.64,3,3
P0413,Rahatul Islam,Bangladeshi,Male,28-32,Postgraduate student (MSc),University of Hertfordshire,MSc / MA / MEng,PG Year 1,Business & Management,Moderate,B_surface,2026-08-09 11:02:07,44.0,No,1,4.9,5.0,0.6,0.5,-0.221,3.0,15052,1,1,1,96,True,5.75,3.59,2,3
P0414,Zainab Anwar,Pakistani,Female,28-32,Undergraduate student,Manchester Metropolitan University,BSc / BEng / BA,Year 3,Finance & Accounting,Low,A_no_explanation,2026-08-09 12:04:20,58.8,Somewhat — thought it was about usability,3,2.9,3.8,0.9,0.8,0.374,2.7,12827,1,0,0,94,True,4.36,5.01,5,5
P0415,Madison A. Clark,British,Female,18-22,Undergraduate student,Goldsmiths University of London,BSc / BEng / BA,Year 2,Software Engineering,Low,C_counterfactual,2026-08-09 12:07:03,48.6,No,0,2.9,2.9,0.5,0.6,0.269,3.1,19823,2,1,1,100,True,4.64,6.81,3,3
P0416,Christopher Walker,British,Male,23-27,Postgraduate student (MSc),North South University,MSc / MA / MEng,PG Year 2,Business & Management,Low,B_surface,2026-08-09 13:01:13,53.5,No,2,2.5,4.3,0.7,0.6,-0.157,3.4,15000,1,1,1,50,True,3.21,4.12,3,4
P0417,Hasna Begum,Bangladeshi,Prefer not to say,33-40,Postgraduate student (MSc),Middlesex University,MSc / MA / MEng,PG Year 2,Computer Science,Low,C_counterfactual,2026-08-09 13:06:19,46.6,No,0,2.9,3.3,0.9,0.8,0.202,3.5,15433,1,1,0,93,True,3.66,4.93,5,4
P0418,Kemi Okonkwo,Nigerian,Female,18-22,Postgraduate student (MSc),University of South Wales,MSc / MA / MEng,PG Year 2,Software Engineering,Moderate,C_counterfactual,2026-08-09 16:25:26,61.1,Somewhat — thought it was about AI accuracy,1,4.3,3.7,0.2,0.5,0.221,2.9,22811,3,2,3,81,True,4.33,5.44,3,4
P0419,Isabella Costa,Other,Female,23-27,Graduate (recent),University of Westminster,BSc / BEng / BA,Completed,Media & Communication,Low,C_counterfactual,2026-08-09 17:02:16,45.4,No,1,3.4,3.7,0.5,0.6,0.028,3.5,20246,2,4,5,93,True,4.23,7.0,3,3
P0420,Rofika Begum,Bangladeshi,Female,28-32,Graduate (recent),Daffodil International University,BSc / BEng / BA,Completed,Software Engineering,Low,C_counterfactual,2026-08-09 20:01:01,50.9,No,1,2.0,4.2,0.7,0.8,0.111,3.8,19143,2,1,1,100,True,3.57,5.97,5,2
P0421,Nargis Akter,Bangladeshi,Female,23-27,Undergraduate student,Daffodil International University,BSc / BEng / BA,Year 3,Business & Management,Low,B_surface,2026-08-09 20:01:28,50.8,Somewhat — thought it was about usability,0,1.1,3.9,0.8,0.5,-0.105,3.0,12884,0,1,1,71,True,4.42,3.34,4,3
P0422,Noor Islam,Bangladeshi,Male,28-32,Working professional,Coventry University,HND / Foundation,Completed,Finance & Accounting,High,A_no_explanation,2026-08-09 20:09:14,64.4,Somewhat — thought it was about usability,0,4.8,2.7,0.6,0.5,0.22,3.3,15570,1,2,1,85,True,4.74,3.5,3,3
P0423,Saad A. Anwar,Pakistani,Male,28-32,Postgraduate student (MBA),University of Reading,MBA,PG Year 1,Human-Computer Interaction,Moderate,B_surface,2026-08-09 20:12:50,53.4,No,0,2.4,4.6,0.8,0.7,0.165,3.1,13748,1,2,0,100,True,4.92,1.97,2,3
P0424,Farhan Zulkifli,Malaysian,Male,18-22,Working professional,University of Westminster,Prefer not to say,Not a student,Data Science & AI,Low,C_counterfactual,2026-08-09 22:03:15,32.0,Somewhat — thought it was about usability,2,1.5,3.2,0.5,0.4,-0.232,3.3,18719,1,1,2,56,True,3.3,5.99,4,3
P0425,Mahmudul Hasan,Bangladeshi,Male,18-22,Postgraduate student (MSc),Oxford Brookes University,MSc / MA / MEng,PG Year 2,Cybersecurity,Low,C_counterfactual,2026-08-09 22:08:20,55.2,Somewhat — thought it was about AI accuracy,0,3.8,3.4,0.5,0.4,-0.065,3.1,18866,1,1,1,32,False,3.86,3.69,5,3
P0426,Shamima Akter,Bangladeshi,Female,23-27,Undergraduate student,Coventry University,BSc / BEng / BA,Year 4,Data Science & AI,Moderate,A_no_explanation,2026-08-10 00:38:35,48.2,No,3,2.8,3.0,0.7,0.6,0.131,2.8,14026,1,1,0,100,True,4.9,3.84,1,5
P0427,Golam Rabbani,Bangladeshi,Male,23-27,Student & part-time worker,BRAC University,MSc / MA / MEng,Year 1,Human-Computer Interaction,High,B_surface,2026-08-10 08:11:03,43.8,Somewhat — thought it was about AI accuracy,2,3.6,3.8,0.5,0.4,0.147,2.9,17853,1,3,3,39,False,3.29,4.7,4,2
P0428,Bayzid Hossain,Bangladeshi,Male,23-27,Undergraduate student,University of Westminster,BSc / BEng / BA,Year 2,Cybersecurity,High,A_no_explanation,2026-08-10 08:32:00,45.4,Somewhat — thought it was about AI accuracy,1,3.3,3.3,0.6,0.7,-0.077,2.9,15092,2,1,1,100,True,4.2,3.36,1,3
P0429,Rifat Chowdhury,Bangladeshi,Male,23-27,Student & part-time worker,Leeds Beckett University,MSc / MA / MEng,Year 2,Business & Management,Low,B_surface,2026-08-10 08:44:10,47.3,No,1,2.1,2.8,0.8,0.7,0.26,2.7,14622,1,1,0,98,True,4.01,3.93,1,3
P0430,Sanjida Islam,Bangladeshi,Female,18-22,Undergraduate student,Oxford Brookes University,BSc / BEng / BA,Year 2,Digital Marketing,Moderate,B_surface,2026-08-10 09:45:30,52.4,Somewhat — thought it was about AI accuracy,0,2.1,3.8,0.7,0.4,-0.182,2.9,15640,0,1,1,71,True,4.99,6.29,2,4
P0431,Rohit Patel,Indian,Male,23-27,PhD researcher,Leeds Beckett University,PhD / MPhil,PhD Year 3,Education Technology,Moderate,B_surface,2026-08-10 10:38:28,72.1,No,2,3.2,2.2,0.3,0.4,-0.201,3.5,16352,2,2,2,53,True,3.49,5.25,3,1
P0432,Suchona Akter,Bangladeshi,Female,23-27,Undergraduate student,University of Dhaka,BSc / BEng / BA,Year 4,Cybersecurity,Low,A_no_explanation,2026-08-10 10:52:06,36.9,Unsure,1,1.7,3.3,0.7,0.6,0.117,2.9,15056,1,0,1,65,True,5.31,3.16,1,3
P0433,Rumana Akter,Bangladeshi,Female,23-27,Postgraduate student (MSc),London Metropolitan University,MSc / MA / MEng,PG Year 1,Data Science & AI,Low,C_counterfactual,2026-08-10 11:57:19,65.8,Somewhat — thought it was about AI accuracy,2,3.2,2.5,0.4,0.7,0.018,3.3,20965,3,2,2,100,True,2.62,5.91,3,3
P0434,Liza Akter,Bangladeshi,Prefer not to say,18-22,Undergraduate student,Middlesex University,HND / Foundation,Year 1,Human-Computer Interaction,Low,B_surface,2026-08-10 11:58:21,45.4,No,1,3.8,1.3,0.8,0.7,0.204,3.5,15418,1,0,0,100,True,4.06,5.31,3,4
P0435,Chloe A. Martin,British,Female,18-22,Postgraduate student (MSc),University of Chichester,MSc / MA / MEng,PG Year 1,Media & Communication,Moderate,B_surface,2026-08-10 12:00:39,49.1,Somewhat — thought it was about AI accuracy,3,3.7,3.0,0.2,0.3,-0.002,2.7,19521,2,1,2,50,False,4.54,3.61,3,4
P0436,Kavitha A. Nair,Indian,Female,33-40,Undergraduate student,Daffodil International University,BSc / BEng / BA,Year 1,Digital Marketing,Low,A_no_explanation,2026-08-10 12:22:55,49.4,No,3,2.9,5.0,0.5,0.6,-0.146,3.2,15588,2,2,2,90,True,4.34,3.24,1,4
P0437,Bahar Uddin,Bangladeshi,Male,33-40,Undergraduate student,University of Westminster,BSc / BEng / BA,Year 2,Health Informatics,Moderate,C_counterfactual,2026-08-10 12:34:11,62.7,No,2,1.3,4.9,0.2,0.3,-0.046,3.1,22894,2,1,3,91,True,3.36,6.08,4,2
P0438,Vinod Pandey,Indian,Male,28-32,Postgraduate student (MBA),University of Bedfordshire,MBA,Year 1,Cybersecurity,Low,B_surface,2026-08-10 13:10:08,61.1,Somewhat — thought it was about AI accuracy,2,2.6,3.6,0.8,0.7,-0.001,3.4,15060,1,0,0,75,False,4.14,4.15,4,2
P0439,Grace A. Wright,British,Female,28-32,Academic / lecturer,Manchester Metropolitan University,PhD / MPhil,Not a student,Digital Marketing,Moderate,B_surface,2026-08-10 18:19:51,51.7,No,1,3.3,1.9,0.6,0.5,-0.113,2.9,15569,1,1,1,83,True,4.63,5.72,4,5
P0440,Arifa Begum,Bangladeshi,Female,23-27,Undergraduate student,University of Chichester,BSc / BEng / BA,Year 4,Finance & Accounting,Moderate,B_surface,2026-08-10 18:30:34,62.3,Somewhat — thought it was about usability,0,4.0,2.1,0.5,0.4,-0.25,3.3,16794,1,1,2,70,True,5.23,4.46,2,5
P0441,Asma Mirza,Pakistani,Female,23-27,Undergraduate student,Sheffield Hallam University,BSc / BEng / BA,Year 1,Media & Communication,Low,B_surface,2026-08-10 19:15:15,66.7,Yes — I thought it was about trust in AI,1,1.6,3.9,0.7,0.6,0.242,2.9,15194,1,0,1,59,False,4.32,3.72,3,3
P0442,Isabella A. White,British,Female,23-27,Undergraduate student,Leeds Beckett University,HND / Foundation,Year 4,Information Technology,High,B_surface,2026-08-10 19:23:14,60.5,Unsure,1,3.3,3.8,0.7,0.8,0.157,3.4,16475,2,2,0,87,True,3.71,5.27,3,4
P0443,Haziq Azmi,Malaysian,Male,18-22,Postgraduate student (MSc),Brunel University London,MSc / MA / MEng,PG Year 2,Graphic Design,Moderate,A_no_explanation,2026-08-10 20:13:26,65.0,No,3,3.8,1.6,0.6,0.7,0.123,3.2,15319,2,1,1,71,True,4.66,3.01,1,2
P0444,Amelia A. King,British,Female,23-27,Undergraduate student,"University for the Creative Arts, Farnham",BSc / BEng / BA,Year 4,Human-Computer Interaction,Low,B_surface,2026-08-10 20:21:09,56.7,Somewhat — thought it was about AI accuracy,2,4.2,4.0,0.5,0.6,-0.071,3.0,18065,2,1,1,91,True,5.52,3.32,3,2
P0445,Sabbir Hossain,Bangladeshi,Male,28-32,Undergraduate student,University of Surrey,BSc / BEng / BA,Year 3,Human-Computer Interaction,Moderate,B_surface,2026-08-10 20:49:41,53.7,No,3,3.1,4.8,0.6,0.5,0.191,3.0,13985,1,3,1,84,True,3.99,4.02,3,3
P0446,Mujibur Rahman,Bangladeshi,Male,18-22,Undergraduate student,University of Hertfordshire,BSc / BEng / BA,Year 1,Software Engineering,High,C_counterfactual,2026-08-11 06:43:24,50.0,No,0,2.8,3.2,0.2,0.5,0.181,2.9,22953,3,6,3,69,False,3.43,5.93,5,3
P0447,Rubayat Ahmed,Bangladeshi,Male,23-27,Postgraduate student (MSc),University of Hertfordshire,MSc / MA / MEng,PG Year 1,Digital Marketing,Low,C_counterfactual,2026-08-11 07:17:10,53.5,Somewhat — thought it was about usability,1,3.5,2.5,0.4,0.5,-0.01,3.2,21613,2,2,2,74,True,4.2,4.32,4,4
P0448,Olga Volkov,Other,Female,33-40,Undergraduate student,BUET,BSc / BEng / BA,Year 3,Human-Computer Interaction,Low,A_no_explanation,2026-08-11 09:54:25,55.7,Yes — I thought it was about trust in AI,1,3.8,2.2,0.8,0.7,0.006,3.2,13489,1,1,0,100,True,4.19,2.46,2,5
P0449,Lei Song,Chinese,Male,41-50,Undergraduate student,BRAC University,BSc / BEng / BA,Year 3,International Business,Moderate,A_no_explanation,2026-08-11 11:00:15,60.4,No,3,1.8,3.4,0.9,0.6,0.389,2.8,13162,0,1,2,79,True,4.57,4.6,3,3
P0450,Linh Nguyen,Other,Female,18-22,Undergraduate student,University of Dhaka,BSc / BEng / BA,Year 1,Graphic Design,Moderate,C_counterfactual,2026-08-11 11:13:04,55.9,Yes — I thought it was about trust in AI,3,1.3,2.8,0.4,0.5,-0.025,3.0,19190,2,3,3,72,True,4.03,6.48,3,2
P0451,Layla Akter,Bangladeshi,Female,23-27,Working professional,Oxford Brookes University,BSc / BEng / BA,Completed,Business & Management,Moderate,B_surface,2026-08-11 11:19:32,64.2,Unsure,2,3.7,2.8,0.7,0.6,0.092,3.4,16425,1,1,0,100,False,3.71,5.55,4,3
P0452,Emily A. Clarke,British,Female,18-22,Graduate (recent),BRAC University,MSc / MA / MEng,Completed,International Business,Low,B_surface,2026-08-11 11:51:56,62.4,No,1,2.8,4.8,0.5,0.4,-0.186,2.9,18065,1,1,4,72,False,5.12,4.95,3,3
P0453,Anjali A. Patel,Indian,Female,23-27,Student & part-time worker,Sheffield Hallam University,BSc / BEng / BA,PG Year 2,International Business,Moderate,C_counterfactual,2026-08-11 12:51:36,49.2,Somewhat — thought it was about usability,1,3.5,3.1,0.5,0.6,-0.209,2.9,20452,2,2,1,56,True,3.6,6.33,4,3
P0454,Ayesha Khan,Pakistani,Female,28-32,Postgraduate student (MSc),Brunel University London,MSc / MA / MEng,PG Year 2,Information Technology,High,A_no_explanation,2026-08-11 13:46:07,52.4,No,1,3.4,4.3,0.8,0.7,-0.001,2.7,12202,1,1,0,72,True,4.98,4.88,3,4
P0455,Aliya Begum,Bangladeshi,Female,23-27,Postgraduate student (MSc),Sheffield Hallam University,MSc / MA / MEng,PG Year 2,Cybersecurity,Low,B_surface,2026-08-11 18:04:19,51.1,Somewhat — thought it was about AI accuracy,1,3.0,3.0,0.5,0.8,0.172,3.0,16562,3,2,0,98,True,4.37,5.05,2,3
P0456,Toufiqul Islam,Bangladeshi,Male,23-27,Postgraduate student (MSc),London Metropolitan University,MSc / MA / MEng,PG Year 1,Human-Computer Interaction,High,C_counterfactual,2026-08-11 18:25:06,48.9,Unsure,1,4.5,3.6,0.7,0.8,0.09,3.3,16804,2,0,1,76,True,2.8,4.27,3,1
P0457,Salma Begum,Bangladeshi,Female,28-32,Undergraduate student,University of Dhaka,BSc / BEng / BA,Year 3,Cybersecurity,Low,C_counterfactual,2026-08-11 19:25:32,58.7,No,1,3.2,5.0,0.6,0.7,0.274,3.4,18407,2,2,1,90,True,3.66,4.32,4,5
P0458,Emma A. Campbell,British,Female,18-22,Undergraduate student,"University for the Creative Arts, Farnham",BSc / BEng / BA,Year 4,Health Informatics,Moderate,A_no_explanation,2026-08-11 19:54:04,53.2,No,2,2.8,3.5,0.7,0.4,-0.084,2.7,16442,0,1,1,79,True,4.31,4.42,2,4
P0459,Amirul Fikri,Malaysian,Male,23-27,Undergraduate student,London Metropolitan University,HND / Foundation,Year 4,Media & Communication,Moderate,A_no_explanation,2026-08-11 20:54:45,50.1,No,1,3.0,2.8,0.6,0.5,-0.205,3.2,13868,1,1,1,60,True,4.57,4.08,2,3
P0460,Rahul Verma,Indian,Male,41-50,Graduate (recent),London Metropolitan University,BSc / BEng / BA,Completed,Digital Marketing,Moderate,C_counterfactual,2026-08-11 22:10:58,52.8,No,1,1.1,3.3,0.8,0.7,0.054,3.7,17748,1,1,0,100,True,3.8,5.46,4,2
P0461,Afroza Begum,Bangladeshi,Female,23-27,Postgraduate student (MSc),Goldsmiths University of London,MSc / MA / MEng,PG Year 1,Finance & Accounting,Moderate,C_counterfactual,2026-08-11 22:19:13,38.0,Unsure,0,3.3,3.6,0.9,0.8,0.203,2.9,16911,1,0,0,65,False,5.24,6.77,4,3
P0462,Sara A. Butt,Pakistani,Female,18-22,Postgraduate student (MSc),University of South Wales,MSc / MA / MEng,PG Year 1,International Business,Low,C_counterfactual,2026-08-11 22:21:50,63.5,Unsure,1,2.6,2.9,0.6,0.7,0.368,2.9,19086,2,1,0,85,True,5.05,6.21,3,3
P0463,Alexander Lee,British,Male,23-27,Postgraduate student (MSc),University of Dhaka,MSc / MA / MEng,PG Year 2,Computer Science,Moderate,A_no_explanation,2026-08-11 23:08:36,43.0,No,3,3.2,4.7,0.7,0.6,-0.278,3.4,13814,1,0,0,100,True,4.66,4.52,3,3
P0464,Anisur Rahman,Bangladeshi,Male,41-50,Postgraduate student (MSc),Oxford Brookes University,MSc / MA / MEng,PG Year 2,Digital Marketing,Moderate,C_counterfactual,2026-08-12 01:49:22,50.1,No,0,3.1,3.0,0.1,0.4,-0.009,2.6,21421,3,1,4,60,True,3.79,5.0,3,2
P0465,Rafat Hossain,Bangladeshi,Male,18-22,Postgraduate student (MSc),University of East London,MSc / MA / MEng,PG Year 2,Business & Management,Moderate,C_counterfactual,2026-08-12 07:05:12,51.4,No,1,1.9,3.1,0.3,0.4,0.054,2.7,18989,2,0,1,63,False,4.83,4.16,2,2
P0466,Rukhsana Begum,Bangladeshi,Female,23-27,Graduate (recent),Goldsmiths University of London,BSc / BEng / BA,Completed,Computer Science,Moderate,A_no_explanation,2026-08-12 07:40:49,52.8,No,1,4.0,4.4,0.6,0.7,0.27,3.4,15099,2,0,0,98,True,3.73,4.48,2,2
P0467,Poly Akter,Bangladeshi,Female,23-27,Graduate (recent),London Metropolitan University,BSc / BEng / BA,Completed,Cybersecurity,Moderate,C_counterfactual,2026-08-12 07:41:53,58.9,No,3,4.9,3.5,0.2,0.5,-0.151,3.6,23043,3,2,2,100,False,2.93,4.56,5,4
P0468,Muhaiminul Islam,Bangladeshi,Male,23-27,PhD researcher,BUET,PhD / MPhil,PhD Year 3,Finance & Accounting,Low,C_counterfactual,2026-08-12 09:55:40,50.4,No,1,5.0,1.8,0.6,0.5,0.625,3.0,18754,1,1,1,65,True,3.09,5.79,5,2
P0469,Humaira Begum,Bangladeshi,Female,18-22,Undergraduate student,University of Surrey,BSc / BEng / BA,Year 1,Finance & Accounting,High,A_no_explanation,2026-08-12 11:03:35,50.5,Somewhat — thought it was about AI accuracy,3,2.9,3.5,0.7,0.8,0.413,3.1,12353,2,2,1,50,False,3.64,4.75,4,3
P0470,Maisha Akter,Bangladeshi,Female,18-22,Graduate (recent),Kingston University London,MSc / MA / MEng,Completed,Business & Management,High,C_counterfactual,2026-08-12 11:21:46,54.7,No,3,2.4,3.8,0.2,0.5,-0.211,3.1,22199,3,4,2,96,False,4.04,5.7,4,3
P0471,Minhazul Islam,Bangladeshi,Male,18-22,Undergraduate student,University of Hertfordshire,BSc / BEng / BA,Year 1,Digital Marketing,High,C_counterfactual,2026-08-12 12:12:26,53.3,No,3,4.4,3.4,0.4,0.7,0.004,3.3,21256,3,2,1,100,True,3.16,5.12,2,2
P0472,Hosne Ara,Bangladeshi,Female,23-27,Postgraduate student (MSc),Brunel University London,MSc / MA / MEng,PG Year 2,Graphic Design,Moderate,A_no_explanation,2026-08-12 13:48:20,45.1,No,3,2.7,2.6,0.6,0.5,0.36,2.7,13743,1,1,1,78,True,3.39,4.63,4,3
P0473,Fatima A. Mahmood,Pakistani,Female,41-50,Undergraduate student,Leeds Beckett University,BSc / BEng / BA,Year 2,Media & Communication,Low,C_counterfactual,2026-08-12 14:12:43,52.8,No,0,3.5,3.4,0.6,0.5,-0.133,3.1,18828,1,2,5,89,True,3.59,6.8,5,3
P0474,Shafiqur Rahman,Bangladeshi,Male,18-22,Undergraduate student,University of South Wales,BSc / BEng / BA,Year 3,Psychology,Low,C_counterfactual,2026-08-12 14:25:29,48.2,No,2,2.0,3.9,0.5,0.6,0.081,3.2,18988,2,3,2,100,True,4.18,4.89,3,4
P0475,Phoebe A. Phillips,British,Female,23-27,PhD researcher,BRAC University,PhD / MPhil,PhD Year 1,Health Informatics,Moderate,C_counterfactual,2026-08-12 18:11:42,55.0,No,3,4.3,3.5,0.4,0.7,0.486,3.0,20385,3,4,1,81,True,4.1,6.8,4,2
P0476,Nur Izzati,Malaysian,Female,18-22,Working professional,"University for the Creative Arts, Farnham",BSc / BEng / BA,Completed,Digital Marketing,Moderate,A_no_explanation,2026-08-12 19:06:23,54.5,No,1,4.5,4.3,0.9,0.6,0.26,2.9,13052,0,0,1,100,True,5.26,4.29,3,3
P0477,Shafi Hossain,Bangladeshi,Male,33-40,Postgraduate student (MSc),University of East London,MSc / MA / MEng,PG Year 2,Psychology,Moderate,B_surface,2026-08-12 19:25:21,45.3,No,3,3.6,3.0,0.4,0.3,-0.286,3.0,16740,1,1,3,74,True,4.05,3.95,4,4
P0478,Sheng Lin,Chinese,Male,18-22,Undergraduate student,BUET,BSc / BEng / BA,Year 4,Human-Computer Interaction,High,C_counterfactual,2026-08-12 21:21:48,47.7,No,2,2.6,3.7,0.7,0.6,-0.011,3.5,16542,1,4,1,59,False,3.94,4.89,5,1
P0479,Chioma Nwosu,Nigerian,Female,33-40,Undergraduate student,Middlesex University,BSc / BEng / BA,Year 2,Finance & Accounting,Low,C_counterfactual,2026-08-13 05:11:56,41.6,Somewhat — thought it was about usability,2,3.5,1.8,0.4,0.5,-0.23,3.4,18025,2,5,3,100,True,4.04,5.6,3,2
P0480,Ripa Akter,Bangladeshi,Female,33-40,PhD researcher,University of Chichester,PhD / MPhil,PhD Year 1,Health Informatics,High,A_no_explanation,2026-08-13 08:30:10,54.0,Unsure,0,1.9,3.5,0.4,0.5,0.261,2.6,15969,2,1,1,97,True,5.54,4.9,3,2
P0481,Rafiqul Islam,Bangladeshi,Male,23-27,Postgraduate student (MBA),University of Chichester,MBA,PG Year 1,Information Technology,High,C_counterfactual,2026-08-13 09:35:22,47.3,No,1,1.5,2.4,0.4,0.5,-0.196,3.0,19090,2,0,0,79,True,3.45,5.66,4,3
P0482,Nicholas Allen,British,Male,23-27,Academic / lecturer,Middlesex University,Prefer not to say,Completed,Media & Communication,Moderate,C_counterfactual,2026-08-13 10:11:17,46.6,Yes — I thought it was about trust in AI,2,3.7,4.3,0.6,0.7,0.191,3.8,19565,2,1,1,100,True,4.65,4.67,2,4
P0483,Zahir Uddin,Bangladeshi,Male,33-40,Postgraduate student (MSc),London Metropolitan University,MSc / MA / MEng,PG Year 2,Graphic Design,Low,A_no_explanation,2026-08-13 10:52:14,41.9,Somewhat — thought it was about AI accuracy,1,4.1,3.5,0.8,0.7,-0.128,3.1,14575,1,1,1,100,True,5.7,2.99,3,4
P0484,Arafatur Rahman,Bangladeshi,Male,28-32,PhD researcher,Anglia Ruskin University,PhD / MPhil,PhD Year 3,Finance & Accounting,High,A_no_explanation,2026-08-13 11:19:56,62.5,Unsure,2,3.0,1.9,0.7,0.6,-0.057,2.8,14865,1,2,1,73,False,4.55,4.64,3,5
P0485,Nafis Ahmed,Bangladeshi,Male,28-32,Undergraduate student,"University for the Creative Arts, Farnham",BSc / BEng / BA,Year 3,International Business,Moderate,C_counterfactual,2026-08-13 11:31:41,61.0,No,1,2.0,2.7,0.5,0.6,-0.126,3.5,19824,2,2,1,100,True,3.14,4.12,4,3
P0486,Moklesur Rahman,Bangladeshi,Male,33-40,Undergraduate student,University of Bedfordshire,BSc / BEng / BA,Year 1,Information Technology,Moderate,A_no_explanation,2026-08-13 11:46:15,53.1,Yes — I thought it was about trust in AI,2,3.1,3.4,0.7,0.4,-0.21,2.7,14998,0,0,0,52,False,3.91,2.77,4,3
P0487,Lakshmi A. Reddy,Indian,Female,28-32,Postgraduate student (MSc),London Metropolitan University,MSc / MA / MEng,PG Year 1,Psychology,Moderate,C_counterfactual,2026-08-13 12:23:27,50.9,No,2,2.8,2.6,0.4,0.5,-0.278,3.8,19214,2,3,2,72,True,4.22,5.88,5,2
P0488,Kamrul Hasan,Bangladeshi,Male,33-40,Postgraduate student (MSc),Anglia Ruskin University,MSc / MA / MEng,PG Year 1,Education Technology,Moderate,B_surface,2026-08-13 12:38:42,49.8,No,1,4.8,3.5,0.4,0.3,-0.069,3.0,17000,1,1,3,85,True,3.41,4.94,3,4
P0489,Naveed A. Chaudhry,Pakistani,Male,28-32,Undergraduate student,Goldsmiths University of London,HND / Foundation,Year 3,Psychology,High,A_no_explanation,2026-08-13 16:32:01,64.4,No,2,2.6,2.7,0.3,0.4,-0.072,3.0,17407,2,2,2,72,True,4.32,5.06,3,3
P0490,Ananya A. Krishnan,Indian,Female,23-27,Academic / lecturer,Sheffield Hallam University,PhD / MPhil,Not a student,Information Technology,Moderate,B_surface,2026-08-13 17:21:29,56.6,No,2,2.5,1.9,0.5,0.8,0.195,3.4,18318,3,0,1,69,False,3.65,4.17,5,3
P0491,Syafiq Ramli,Malaysian,Male,23-27,Undergraduate student,Middlesex University,BSc / BEng / BA,Year 3,Education Technology,Low,C_counterfactual,2026-08-13 17:34:55,47.2,No,3,3.7,2.6,0.2,0.3,-0.197,2.7,20143,2,2,2,92,False,3.39,4.87,3,3
P0492,Tanzia Akter,Bangladeshi,Female,18-22,Postgraduate student (MSc),University of Dhaka,MSc / MA / MEng,PG Year 2,Digital Marketing,Moderate,B_surface,2026-08-13 18:07:37,32.0,No,2,2.9,3.6,0.7,0.8,0.242,3.4,14370,2,0,0,100,True,3.51,4.18,3,5
P0493,Tahmina Akter,Bangladeshi,Prefer not to say,18-22,Postgraduate student (MSc),University of Chichester,MSc / MA / MEng,PG Year 2,Education Technology,High,B_surface,2026-08-13 18:33:05,61.7,No,1,2.2,3.9,0.6,0.7,-0.147,3.0,15622,2,4,1,81,False,5.5,4.67,3,5
P0494,Shweta A. Kumar,Indian,Prefer not to say,41-50,Undergraduate student,University of Hertfordshire,BSc / BEng / BA,Year 3,Business & Management,Moderate,B_surface,2026-08-13 18:52:32,65.8,No,0,2.3,2.6,0.5,0.4,-0.018,3.0,17451,1,3,2,95,True,4.65,3.38,4,2
P0495,Shahidur Rahman,Bangladeshi,Male,18-22,Postgraduate student (MSc),Kingston University London,MSc / MA / MEng,PG Year 1,Health Informatics,High,B_surface,2026-08-13 18:55:11,49.2,No,0,3.5,3.7,0.6,0.5,0.063,3.3,16249,1,1,0,67,True,4.62,6.45,3,2
P0496,George Brown,British,Male,28-32,Undergraduate student,University of Westminster,BSc / BEng / BA,Year 1,Finance & Accounting,Low,B_surface,2026-08-13 19:11:18,60.6,No,3,3.9,2.5,0.3,0.2,-0.462,3.0,17827,1,3,4,67,True,5.58,4.93,1,3
P0497,Ahmad Razali,Malaysian,Male,23-27,Undergraduate student,Brunel University London,BSc / BEng / BA,Year 4,Cybersecurity,Moderate,C_counterfactual,2026-08-13 19:32:02,51.9,No,2,3.8,3.2,0.7,0.8,0.001,3.7,18543,2,2,2,91,True,3.18,6.71,4,1
P0498,Alauddin Ahmed,Bangladeshi,Male,23-27,Academic / lecturer,University of South Wales,PhD / MPhil,Completed,Cybersecurity,Moderate,A_no_explanation,2026-08-13 19:33:45,59.8,No,3,3.3,2.8,0.6,0.5,0.107,2.8,16281,1,1,2,69,True,4.91,3.57,2,4
P0499,Shahed Alam,Bangladeshi,Male,23-27,Postgraduate student (MSc),Daffodil International University,MSc / MA / MEng,PG Year 2,Education Technology,Low,B_surface,2026-08-13 19:36:18,43.5,No,2,3.4,4.5,0.5,0.6,0.013,3.1,16651,2,1,2,74,True,4.68,4.16,5,3
P0500,Fatou Diallo,Other,Female,33-40,Undergraduate student,Middlesex University,BSc / BEng / BA,Year 2,Business & Management,High,A_no_explanation,2026-08-13 19:40:00,46.7,Unsure,3,1.6,3.2,0.6,0.5,-0.003,3.3,14923,1,3,1,98,False,3.77,4.66,3,2
P0501,Hira A. Ahmed,Pakistani,Female,18-22,Postgraduate student (MSc),BRAC University,MSc / MA / MEng,PG Year 2,Media & Communication,High,B_surface,2026-08-13 19:44:43,56.9,No,3,4.7,3.1,0.5,0.6,0.291,3.1,15101,2,1,1,100,True,4.47,4.08,3,3
P0502,Ajay A. Chauhan,Indian,Male,23-27,Student & part-time worker,Leeds Beckett University,MSc / MA / MEng,PG Year 2,Digital Marketing,Moderate,A_no_explanation,2026-08-13 21:00:49,55.0,No,3,1.5,3.9,0.7,0.6,0.126,2.7,15143,1,1,1,92,True,5.78,2.57,2,4
P0503,Nisha A. Iyer,Indian,Female,23-27,Undergraduate student,University of Bedfordshire,BSc / BEng / BA,Year 2,Graphic Design,Low,B_surface,2026-08-13 23:27:33,44.3,No,2,3.6,3.5,0.5,0.6,-0.003,3.1,15844,2,2,2,85,True,4.45,3.53,5,4
P0504,Rajesh A. Pillai,Indian,Male,18-22,Undergraduate student,Kingston University London,BSc / BEng / BA,Year 1,Information Technology,Low,B_surface,2026-08-14 06:08:39,54.5,No,0,4.6,3.3,0.6,0.5,-0.208,3.3,15861,1,1,1,81,True,4.41,4.59,3,5
P0505,Emeka Eze,Nigerian,Male,23-27,Working professional,University of East London,BSc / BEng / BA,Completed,Graphic Design,High,C_counterfactual,2026-08-14 07:18:07,54.0,No,3,2.4,4.2,0.8,0.5,-0.363,2.9,17378,0,1,1,68,False,3.38,4.09,4,2
P0506,Enamul Haque,Bangladeshi,Male,18-22,Undergraduate student,London Metropolitan University,BSc / BEng / BA,Year 3,Health Informatics,Low,C_counterfactual,2026-08-14 08:58:21,51.5,No,0,2.2,3.8,0.6,0.5,-0.1,3.6,18276,1,0,1,53,False,4.95,4.76,3,2
P0507,Rifat Hasan,Bangladeshi,Male,23-27,Undergraduate student,Leeds Beckett University,BSc / BEng / BA,Year 4,International Business,Moderate,C_counterfactual,2026-08-14 09:11:08,59.7,No,0,1.7,1.3,0.5,0.8,-0.018,3.5,19808,3,3,1,72,False,2.87,5.55,1,4
P0508,Salsabil Hossain,Bangladeshi,Female,23-27,Postgraduate student (MSc),University of Reading,MSc / MA / MEng,PG Year 1,Data Science & AI,Moderate,C_counterfactual,2026-08-14 10:24:54,43.7,No,3,2.9,2.8,0.4,0.5,-0.172,2.8,19385,2,3,2,47,False,3.21,4.99,5,3
P0509,Lucas Martin,British,Male,18-22,Postgraduate student (MSc),University of Hertfordshire,MSc / MA / MEng,PG Year 2,Cybersecurity,High,C_counterfactual,2026-08-14 11:02:44,45.1,No,3,3.2,4.8,0.3,0.6,0.013,3.3,20711,3,7,2,99,False,4.59,6.68,5,3
P0510,Sophie A. Walker,British,Female,23-27,Postgraduate student (MSc),Kingston University London,MSc / MA / MEng,PG Year 1,Media & Communication,Low,A_no_explanation,2026-08-14 11:40:27,66.8,No,1,4.6,2.5,0.6,0.3,-0.334,2.8,15966,0,1,2,50,False,5.59,4.16,3,4
P0511,Bo Yang,Chinese,Male,23-27,Undergraduate student,Middlesex University,BSc / BEng / BA,Year 3,International Business,Moderate,B_surface,2026-08-14 12:38:40,68.2,No,1,4.3,4.7,0.6,0.3,-0.133,2.8,12730,0,0,1,81,False,4.32,4.15,3,2
P0512,Maryam A. Ali,Pakistani,Female,23-27,Postgraduate student (MSc),BRAC University,MSc / MA / MEng,PG Year 1,Digital Marketing,Moderate,C_counterfactual,2026-08-14 13:03:04,41.7,Somewhat — thought it was about AI accuracy,1,2.2,3.4,0.4,0.3,-0.224,3.3,20088,1,0,1,86,True,4.3,6.99,5,3
P0513,Anik Hossain,Bangladeshi,Male,23-27,Undergraduate student,University of Westminster,BSc / BEng / BA,Year 1,Media & Communication,High,B_surface,2026-08-14 17:55:44,58.7,Yes — I thought it was about trust in AI,1,3.5,4.2,0.5,0.4,-0.234,2.9,15883,1,2,1,54,True,4.37,5.21,3,3
P0514,Rima Akter,Bangladeshi,Female,23-27,Undergraduate student,Coventry University,BSc / BEng / BA,Year 1,Psychology,High,A_no_explanation,2026-08-14 19:17:18,49.9,No,2,4.1,3.7,0.5,0.4,-0.222,2.9,15011,1,4,5,82,False,4.4,3.94,2,3
P0515,Tousif Ahmed,Bangladeshi,Male,18-22,Undergraduate student,University of Hertfordshire,BSc / BEng / BA,Year 4,Digital Marketing,Low,C_counterfactual,2026-08-14 19:22:10,59.2,No,1,5.0,2.6,0.7,0.6,0.445,2.5,18330,1,2,6,88,True,3.86,5.02,4,4
P0516,Kofi Boateng,Other,Male,23-27,Postgraduate student (MSc),University of Westminster,MSc / MA / MEng,PG Year 2,Education Technology,Moderate,B_surface,2026-08-14 19:35:34,47.9,No,0,3.4,3.4,0.5,0.6,-0.201,3.1,17323,2,3,1,100,True,5.29,4.67,2,3
P0517,Ishrat Jahan,Bangladeshi,Female,23-27,PhD researcher,University of Reading,PhD / MPhil,PhD Year 1,Business & Management,Moderate,A_no_explanation,2026-08-14 19:37:19,59.7,No,2,3.6,4.2,0.6,0.5,-0.184,2.5,17694,1,2,2,90,True,5.24,4.2,2,3
P0518,Amena Begum,Bangladeshi,Female,51+,Postgraduate student (MSc),Goldsmiths University of London,MSc / MA / MEng,PG Year 2,Media & Communication,Low,B_surface,2026-08-14 22:13:20,53.3,No,0,2.6,3.9,0.7,0.6,-0.029,2.6,14640,1,0,0,54,True,4.58,6.59,4,3
P0519,Tao Zhou,Chinese,Male,28-32,Postgraduate student (MSc),Manchester Metropolitan University,MSc / MA / MEng,PG Year 2,Human-Computer Interaction,Moderate,A_no_explanation,2026-08-14 22:50:12,58.3,No,3,2.0,4.1,0.9,0.6,0.262,2.8,13735,0,0,0,93,True,5.59,5.14,3,4
P0520,Natalie A. Lewis,British,Female,18-22,Undergraduate student,Sheffield Hallam University,BSc / BEng / BA,Year 1,Computer Science,Low,B_surface,2026-08-15 09:09:34,41.6,No,3,3.9,4.9,0.4,0.5,-0.209,3.2,17780,2,1,1,78,True,3.87,4.58,3,4
P0521,Izzat Hamdan,Malaysian,Male,33-40,Postgraduate student (MSc),Middlesex University,MSc / MA / MEng,PG Year 2,Finance & Accounting,Moderate,A_no_explanation,2026-08-15 09:28:57,56.2,Yes — I thought it was about trust in AI,2,3.2,4.3,0.8,0.5,0.075,3.0,13642,0,0,0,65,True,5.19,4.53,3,3
P0522,Abdur Rahman,Bangladeshi,Male,18-22,Undergraduate student,University of East London,BSc / BEng / BA,Year 2,International Business,Low,B_surface,2026-08-15 10:35:30,47.1,No,3,3.7,3.3,0.8,0.5,-0.017,2.9,14784,0,1,0,56,True,4.85,3.38,4,3
P0523,Hafiz A. Jaafar,Malaysian,Male,28-32,PhD researcher,BRAC University,PhD / MPhil,PhD Year 1,Human-Computer Interaction,High,C_counterfactual,2026-08-15 11:09:55,64.1,No,3,3.1,2.3,0.3,0.6,-0.102,3.4,19085,3,1,3,75,True,2.76,4.25,5,4
P0524,Bristy Akter,Bangladeshi,Female,41-50,Postgraduate student (MSc),University of Westminster,MSc / MA / MEng,PG Year 2,Information Technology,High,B_surface,2026-08-15 11:22:16,49.4,No,3,1.9,3.8,0.6,0.7,0.086,3.2,15649,2,4,2,100,True,4.21,3.31,2,3
P0525,Jasim Uddin,Bangladeshi,Male,23-27,Undergraduate student,Anglia Ruskin University,BSc / BEng / BA,Year 3,Finance & Accounting,Low,A_no_explanation,2026-08-15 11:33:03,62.2,No,2,2.7,3.3,0.7,0.6,0.135,3.0,14873,1,2,1,100,True,4.88,2.9,1,2
P0526,Kiran A. Reddy,Indian,Male,18-22,Undergraduate student,Brunel University London,BSc / BEng / BA,Year 2,Computer Science,Moderate,A_no_explanation,2026-08-15 12:11:40,55.5,Yes — I thought it was about trust in AI,0,4.4,3.2,0.8,0.7,-0.059,3.3,14026,1,1,1,67,True,5.28,4.25,1,2
P0527,James Wilson,British,Male,33-40,Postgraduate student (MSc),Brunel University London,MSc / MA / MEng,PG Year 1,Media & Communication,Low,A_no_explanation,2026-08-15 12:21:32,44.0,No,3,1.1,2.2,0.8,0.5,0.02,3.2,15378,0,0,1,82,True,3.66,5.69,3,3
P0528,Tania Sultana,Bangladeshi,Female,28-32,Undergraduate student,University of South Wales,BSc / BEng / BA,Year 3,Business & Management,Low,C_counterfactual,2026-08-15 16:46:23,49.9,No,3,3.3,2.5,0.6,0.5,-0.288,3.4,20036,1,1,4,61,True,3.79,5.77,3,5
P0529,Priya A. Sharma,Indian,Female,23-27,PhD researcher,"University for the Creative Arts, Farnham",PhD / MPhil,PhD Year 3,Human-Computer Interaction,Moderate,B_surface,2026-08-15 18:23:10,49.3,Somewhat — thought it was about AI accuracy,2,2.4,1.9,0.6,0.7,0.164,3.0,15189,2,0,1,84,True,4.71,4.72,3,5
P0530,Poppy A. Baker,British,Female,23-27,Undergraduate student,BUET,BSc / BEng / BA,Year 2,Health Informatics,High,C_counterfactual,2026-08-15 18:47:19,56.5,No,2,3.9,4.8,0.4,0.5,0.269,3.5,21130,2,3,3,80,True,4.48,4.67,3,2
P0531,Sumaiya Akter,Bangladeshi,Female,23-27,Postgraduate student (MSc),University of Westminster,MSc / MA / MEng,PG Year 2,Human-Computer Interaction,Low,A_no_explanation,2026-08-15 19:45:20,57.3,Somewhat — thought it was about AI accuracy,2,2.5,4.2,0.7,0.6,0.192,3.5,13735,1,1,1,74,True,4.74,3.81,1,4
P0532,Sohanur Rahman,Bangladeshi,Male,18-22,Working professional,Sheffield Hallam University,MSc / MA / MEng,Not a student,Computer Science,Moderate,C_counterfactual,2026-08-15 20:26:42,47.8,No,3,3.6,3.3,0.5,0.6,0.021,3.3,19361,2,4,0,85,True,3.99,3.62,5,4
P0533,Runa Begum,Bangladeshi,Female,28-32,Academic / lecturer,Daffodil International University,PhD / MPhil,Completed,Media & Communication,Moderate,B_surface,2026-08-15 20:53:23,52.7,No,1,2.8,2.6,0.6,0.5,-0.201,3.3,15838,1,3,3,93,False,4.15,3.05,3,4
P0534,Mahfuza Akter,Bangladeshi,Female,18-22,Postgraduate student (MBA),North South University,MBA,Year 1,Finance & Accounting,Low,C_counterfactual,2026-08-15 21:53:58,55.2,Somewhat — thought it was about AI accuracy,3,3.1,3.1,0.5,0.6,0.015,2.8,20091,2,1,1,97,False,4.13,5.5,3,3
P0535,Kamal Hossain,Bangladeshi,Male,23-27,Graduate (recent),London Metropolitan University,BSc / BEng / BA,Completed,Psychology,Moderate,C_counterfactual,2026-08-16 08:19:31,68.0,No,3,2.0,4.0,0.3,0.4,-0.185,3.4,20699,2,2,2,69,True,5.11,5.92,5,3
P0536,Mushfiqur Rahman,Bangladeshi,Male,28-32,Undergraduate student,BRAC University,BSc / BEng / BA,Year 3,Human-Computer Interaction,Moderate,B_surface,2026-08-16 09:00:24,51.0,No,1,2.4,2.5,0.8,0.7,-0.07,3.2,14130,1,2,1,65,False,3.48,6.19,2,2
P0537,Jack Taylor,British,Male,23-27,Student & part-time worker,Middlesex University,BSc / BEng / BA,Year 2,Data Science & AI,Moderate,B_surface,2026-08-16 09:47:32,46.7,No,3,2.8,2.1,0.5,0.6,-0.171,3.0,16449,2,2,2,60,False,5.14,4.01,5,5
P0538,Meera A. Verma,Indian,Female,23-27,PhD researcher,BRAC University,PhD / MPhil,PhD Year 1,Education Technology,Moderate,A_no_explanation,2026-08-16 10:26:53,61.1,No,1,4.3,2.3,0.5,0.4,-0.156,2.9,16593,1,3,2,74,True,3.53,4.27,1,4
P0539,Sana A. Malik,Pakistani,Prefer not to say,18-22,Undergraduate student,BUET,BSc / BEng / BA,Year 4,Finance & Accounting,Moderate,B_surface,2026-08-16 11:11:08,44.0,Somewhat — thought it was about usability,1,2.6,4.9,0.9,0.6,0.271,3.0,14954,0,1,0,100,True,4.34,3.36,4,4
P0540,Lucy A. Turner,British,Female,28-32,Postgraduate student (MSc),BRAC University,MSc / MA / MEng,PG Year 2,Psychology,Moderate,B_surface,2026-08-16 12:57:05,51.5,No,2,1.6,2.8,0.5,0.4,-0.472,3.1,17079,1,3,2,60,True,4.87,5.18,3,3
P0541,Rong He,Chinese,Prefer not to say,23-27,Postgraduate student (MSc),Leeds Beckett University,MSc / MA / MEng,PG Year 1,Computer Science,Moderate,C_counterfactual,2026-08-16 15:22:28,64.5,Somewhat — thought it was about AI accuracy,1,3.8,3.9,0.6,0.3,-0.141,3.3,19620,0,0,3,100,True,4.09,5.22,4,5
P0542,Sadia Islam,Bangladeshi,Female,18-22,Postgraduate student (MBA),"University for the Creative Arts, Farnham",MBA,PG Year 1,Cybersecurity,Moderate,A_no_explanation,2026-08-16 19:03:46,75.1,Somewhat — thought it was about AI accuracy,3,4.2,2.5,0.5,0.6,0.348,2.8,16031,2,2,1,100,True,3.68,3.65,3,4
P0543,Iqbal A. Nasir,Malaysian,Male,23-27,Academic / lecturer,Brunel University London,Prefer not to say,Completed,Media & Communication,Moderate,C_counterfactual,2026-08-16 19:30:03,70.5,Somewhat — thought it was about AI accuracy,0,2.7,3.3,0.7,0.8,-0.223,3.3,17450,2,0,0,100,True,2.94,5.4,5,3
P0544,Harry A. Johnson,British,Male,33-40,PhD researcher,Manchester Metropolitan University,PhD / MPhil,PhD Year 3,Business & Management,Low,C_counterfactual,2026-08-16 19:46:31,40.7,Yes — I thought it was about trust in AI,1,3.1,4.5,0.5,0.6,-0.141,3.3,19228,2,2,3,61,True,3.85,5.59,3,3
P0545,Kamrun Nahar,Bangladeshi,Female,18-22,Graduate (recent),BUET,MSc / MA / MEng,Completed,Digital Marketing,Moderate,C_counterfactual,2026-08-16 20:30:43,44.8,Yes — I thought it was about trust in AI,2,3.4,2.2,0.5,0.8,0.011,3.2,19326,3,2,1,76,True,3.46,5.78,4,4
P0546,Nadia Mansour,Other,Prefer not to say,23-27,PhD researcher,Sheffield Hallam University,PhD / MPhil,PhD Year 3,Health Informatics,Moderate,A_no_explanation,2026-08-16 20:34:31,61.4,No,1,1.6,4.3,0.6,0.7,0.466,3.1,14338,2,2,1,100,True,4.99,4.22,3,5
P0547,Raisuddin Ahmed,Bangladeshi,Male,23-27,Undergraduate student,University of Reading,BSc / BEng / BA,Year 2,Graphic Design,High,B_surface,2026-08-16 21:07:19,51.8,No,3,2.7,2.3,0.5,0.6,0.153,3.0,18896,2,3,4,92,True,3.09,5.16,4,4
P0548,Marufa Begum,Bangladeshi,Female,18-22,Postgraduate student (MSc),Kingston University London,MSc / MA / MEng,PG Year 1,Human-Computer Interaction,Low,A_no_explanation,2026-08-16 22:24:34,49.5,Somewhat — thought it was about AI accuracy,3,2.9,3.9,0.4,0.5,0.104,3.2,16542,2,3,3,89,True,3.86,6.06,3,4
P0549,Touhidul Islam,Bangladeshi,Male,23-27,PhD researcher,Oxford Brookes University,PhD / MPhil,PhD Year 2,Business & Management,Moderate,C_counterfactual,2026-08-16 22:52:47,65.9,No,1,4.3,2.8,0.5,0.4,0.121,3.1,19540,1,2,1,75,True,3.81,6.41,4,3
P0550,Seema A. Tiwari,Indian,Female,23-27,Postgraduate student (MBA),North South University,MBA,PG Year 1,Computer Science,Low,B_surface,2026-08-16 23:23:20,52.3,No,1,3.5,4.4,0.6,0.5,-0.19,3.3,16177,1,0,0,84,True,5.77,4.26,2,4
P0551,Robiul Islam,Bangladeshi,Male,23-27,Student & part-time worker,University of Chichester,BSc / BEng / BA,Year 2,Digital Marketing,Low,B_surface,2026-08-17 00:07:35,48.1,Somewhat — thought it was about AI accuracy,2,4.5,3.3,0.4,0.5,0.036,3.1,16728,2,4,3,98,False,5.26,4.42,5,4
P0552,Jahidul Islam,Bangladeshi,Male,23-27,PhD researcher,University of Surrey,PhD / MPhil,PhD Year 2,Graphic Design,High,A_no_explanation,2026-08-17 07:53:18,45.4,Somewhat — thought it was about AI accuracy,2,3.2,1.7,0.7,0.6,-0.273,3.4,13267,1,3,2,63,True,5.93,5.09,3,3
P0553,Deepa A. Singh,Indian,Female,23-27,Postgraduate student (MSc),"University for the Creative Arts, Farnham",MSc / MA / MEng,PG Year 1,Finance & Accounting,Moderate,A_no_explanation,2026-08-17 09:54:22,49.1,Somewhat — thought it was about AI accuracy,3,4.3,3.0,0.8,0.7,0.092,3.0,11502,1,2,1,65,False,3.03,3.63,2,3
P0554,Ife Adebisi,Nigerian,Female,23-27,Postgraduate student (MSc),Daffodil International University,MSc / MA / MEng,PG Year 1,Digital Marketing,High,B_surface,2026-08-17 11:02:39,41.8,No,3,3.4,4.0,0.5,0.4,-0.106,2.9,16554,1,3,1,47,False,4.55,3.18,2,3
P0555,Urmila A. Dubey,Indian,Female,23-27,Undergraduate student,BUET,HND / Foundation,Year 4,Education Technology,Low,B_surface,2026-08-17 12:27:39,44.6,Somewhat — thought it was about AI accuracy,1,2.4,2.6,0.8,0.9,0.45,3.1,14446,2,2,0,92,True,4.4,5.13,4,4
P0556,Nadia A. Iqbal,Pakistani,Female,33-40,PhD researcher,University of Dhaka,PhD / MPhil,PhD Year 1,Information Technology,Moderate,B_surface,2026-08-17 13:25:00,56.0,No,3,3.3,3.7,0.7,0.8,0.076,3.3,15090,2,2,2,100,True,4.21,4.34,4,4
P0557,Yusuf Ibrahim,Other,Male,23-27,Postgraduate student (MSc),"University for the Creative Arts, Farnham",MSc / MA / MEng,PG Year 2,Education Technology,Moderate,C_counterfactual,2026-08-17 17:29:15,47.8,No,0,3.2,4.1,0.5,0.6,0.067,3.4,19212,2,4,2,66,True,2.46,4.62,2,3
P0558,Mehedi Mahmud,Bangladeshi,Male,23-27,Undergraduate student,Goldsmiths University of London,BSc / BEng / BA,Year 1,International Business,Moderate,B_surface,2026-08-17 18:18:30,50.6,No,2,3.5,3.3,0.8,0.7,0.21,3.2,13372,1,1,0,91,True,4.27,4.05,3,3
P0559,Minhaz Uddin,Bangladeshi,Male,23-27,Graduate (recent),BUET,MSc / MA / MEng,Completed,Digital Marketing,Moderate,B_surface,2026-08-17 19:15:47,39.3,Yes — I thought it was about trust in AI,2,5.0,2.6,0.4,0.3,-0.179,3.4,19381,1,3,3,83,True,3.73,4.55,2,4
P0560,Radha A. Pandey,Indian,Female,23-27,Undergraduate student,Goldsmiths University of London,BSc / BEng / BA,Year 1,Health Informatics,Low,C_counterfactual,2026-08-17 20:17:47,55.0,Somewhat — thought it was about AI accuracy,1,4.5,2.8,0.4,0.7,0.094,3.4,19694,3,1,1,100,True,3.96,5.14,4,3
P0561,Wali Ullah,Bangladeshi,Male,28-32,Working professional,University of Dhaka,MSc / MA / MEng,Completed,Media & Communication,Low,B_surface,2026-08-17 21:57:58,58.8,No,1,4.6,3.0,0.7,0.8,0.388,3.2,14364,2,1,0,90,True,4.84,4.31,3,5
P0562,Abena Asante,Other,Prefer not to say,41-50,Student & part-time worker,Brunel University London,MSc / MA / MEng,PG Year 1,Software Engineering,High,A_no_explanation,2026-08-18 01:01:38,53.4,Somewhat — thought it was about AI accuracy,1,2.8,5.0,0.9,0.6,0.116,3.5,12570,0,1,0,100,True,4.74,3.28,4,3
P0563,Mia A. Adams,British,Female,33-40,Undergraduate student,"University for the Creative Arts, Farnham",BSc / BEng / BA,Year 4,Digital Marketing,Low,A_no_explanation,2026-08-18 04:33:27,57.0,No,2,1.0,3.9,0.8,0.7,0.045,2.9,14305,1,0,0,77,False,3.55,2.4,3,3
P0564,Chao Zhao,Chinese,Male,23-27,PhD researcher,University of Bedfordshire,PhD / MPhil,PhD Year 3,Business & Management,Low,A_no_explanation,2026-08-18 07:13:08,48.3,Unsure,3,4.3,2.6,0.7,0.8,0.081,2.7,14458,2,2,1,100,True,3.97,3.93,2,4
P0565,Mofazzal Hossain,Bangladeshi,Male,18-22,Working professional,University of Surrey,BSc / BEng / BA,Not a student,Cybersecurity,Moderate,A_no_explanation,2026-08-18 07:32:51,53.2,No,2,3.7,3.3,0.6,0.7,0.156,3.1,16192,2,5,1,61,False,5.49,4.53,2,4
P0566,Victoria A. Lee,British,Female,23-27,Undergraduate student,Middlesex University,BSc / BEng / BA,Year 3,Media & Communication,Moderate,A_no_explanation,2026-08-18 07:38:38,51.8,No,1,1.0,2.5,0.7,0.6,-0.152,3.0,12892,1,1,0,71,False,4.74,4.16,4,4
P0567,Nipa Akter,Bangladeshi,Female,18-22,Undergraduate student,Kingston University London,BSc / BEng / BA,Year 4,Human-Computer Interaction,Moderate,A_no_explanation,2026-08-18 08:47:24,47.8,Somewhat — thought it was about AI accuracy,3,3.9,5.0,0.7,0.8,0.172,3.0,15240,2,0,0,67,True,4.45,2.73,2,3
P0568,Syafiqah A. Ramli,Malaysian,Female,18-22,Undergraduate student,University of South Wales,BSc / BEng / BA,Year 2,Software Engineering,Moderate,B_surface,2026-08-18 09:01:43,39.7,Somewhat — thought it was about usability,1,3.0,3.9,0.6,0.7,0.319,2.9,16191,2,2,1,74,True,3.51,4.25,2,3
P0569,Ava A. Jackson,British,Prefer not to say,28-32,Undergraduate student,University of Bedfordshire,BSc / BEng / BA,Year 1,Digital Marketing,Low,B_surface,2026-08-18 09:36:22,44.1,Somewhat — thought it was about usability,1,2.6,2.9,0.6,0.7,-0.113,3.0,16360,2,1,0,93,True,4.56,4.25,3,2
P0570,Mitu Akter,Bangladeshi,Female,23-27,Student & part-time worker,Kingston University London,BSc / BEng / BA,Year 3,Finance & Accounting,Moderate,C_counterfactual,2026-08-18 11:12:01,60.6,Somewhat — thought it was about usability,2,4.0,3.9,0.3,0.4,0.014,3.5,20003,2,4,5,67,True,4.43,5.59,2,2
P0571,Mason A. Thompson,British,Male,28-32,Undergraduate student,Sheffield Hallam University,BSc / BEng / BA,Year 2,Cybersecurity,Low,C_counterfactual,2026-08-18 11:39:44,47.9,Somewhat — thought it was about AI accuracy,3,1.6,5.0,0.4,0.5,0.078,3.0,21559,2,4,2,75,True,3.87,4.96,3,3
P0572,Hafiz Uddin,Bangladeshi,Male,18-22,Undergraduate student,University of Bedfordshire,BSc / BEng / BA,Year 1,Media & Communication,High,B_surface,2026-08-18 11:49:18,46.2,Unsure,3,3.9,2.9,0.5,0.8,0.276,2.8,18567,3,0,0,100,True,4.29,5.04,3,4
P0573,Sunil A. Bose,Indian,Male,51+,Postgraduate student (MSc),University of South Wales,MSc / MA / MEng,PG Year 2,Education Technology,Moderate,B_surface,2026-08-18 16:46:54,43.6,Somewhat — thought it was about AI accuracy,2,3.9,3.3,0.5,0.4,0.155,2.7,18549,1,1,0,58,True,4.39,2.94,2,5
P0574,Swati A. Joshi,Indian,Female,18-22,Postgraduate student (MSc),University of Surrey,MSc / MA / MEng,PG Year 1,Data Science & AI,Moderate,B_surface,2026-08-18 19:29:13,55.3,No,3,3.2,3.3,0.6,0.3,-0.323,3.2,16746,0,0,1,54,True,3.28,3.95,3,4
P0575,Farzana Akter,Bangladeshi,Female,18-22,Working professional,Manchester Metropolitan University,MSc / MA / MEng,Completed,Digital Marketing,Low,C_counterfactual,2026-08-18 19:52:18,46.9,No,0,3.0,2.8,0.7,0.6,-0.572,3.6,16096,1,1,1,80,True,5.06,6.31,3,3
P0576,Kohinoor Begum,Bangladeshi,Female,33-40,Undergraduate student,University of South Wales,BSc / BEng / BA,Year 2,Cybersecurity,High,C_counterfactual,2026-08-18 20:22:32,51.2,Unsure,3,2.9,3.1,0.1,0.4,0.248,2.8,23403,3,2,5,97,True,3.74,4.59,5,3
P0577,Moshiur Rahman,Bangladeshi,Male,23-27,Undergraduate student,University of Hertfordshire,BSc / BEng / BA,Year 1,Psychology,High,B_surface,2026-08-18 20:56:31,47.8,No,0,2.6,3.4,0.4,0.3,-0.065,2.6,17337,1,1,3,99,False,3.98,2.76,3,2
P0578,Mahmuda Khatun,Bangladeshi,Female,18-22,Graduate (recent),Coventry University,MSc / MA / MEng,Completed,Human-Computer Interaction,Low,A_no_explanation,2026-08-18 22:43:50,54.9,No,2,3.5,3.6,0.6,0.5,-0.052,3.0,16197,1,1,0,79,True,5.59,4.1,1,5
P0579,Farida Akter,Bangladeshi,Female,33-40,PhD researcher,Manchester Metropolitan University,PhD / MPhil,PhD Year 2,Psychology,Moderate,B_surface,2026-08-18 23:47:16,35.1,No,1,3.7,3.7,0.6,0.7,0.204,3.0,16923,2,4,1,51,False,3.81,4.31,3,1
P0580,Abul Kashem,Bangladeshi,Male,18-22,Undergraduate student,Daffodil International University,HND / Foundation,Year 2,Psychology,Moderate,A_no_explanation,2026-08-19 00:34:24,52.9,No,3,2.9,3.4,0.7,0.6,0.43,2.8,13010,1,1,3,51,True,5.14,3.4,3,4
P0581,Minara Begum,Bangladeshi,Female,23-27,Undergraduate student,University of Dhaka,BSc / BEng / BA,Year 2,Data Science & AI,Moderate,B_surface,2026-08-19 01:40:59,40.9,No,2,4.5,1.8,0.7,0.6,-0.039,3.2,15650,1,1,1,100,False,4.72,4.68,1,4
P0582,Rony Hossain,Bangladeshi,Male,23-27,Undergraduate student,University of Surrey,BSc / BEng / BA,Year 4,Human-Computer Interaction,Low,C_counterfactual,2026-08-19 09:02:06,50.6,No,3,2.8,3.5,0.4,0.5,-0.328,3.1,19927,2,2,1,95,True,5.01,5.57,5,2
P0583,Amna A. Siddiqui,Pakistani,Female,33-40,Postgraduate student (MSc),Middlesex University,MSc / MA / MEng,PG Year 2,Digital Marketing,Moderate,C_counterfactual,2026-08-19 09:22:33,53.6,Yes — I thought it was about trust in AI,3,3.1,3.4,0.5,0.4,0.159,3.4,19864,1,1,3,54,True,4.17,4.47,4,3
P0584,Puja Rani Das,Bangladeshi,Female,33-40,Undergraduate student,Manchester Metropolitan University,BSc / BEng / BA,Year 3,Education Technology,Low,C_counterfactual,2026-08-19 09:44:07,49.7,No,1,2.5,2.6,0.8,0.7,0.264,3.5,18092,1,0,0,83,True,4.41,5.97,3,2
P0585,Suresh A. Yadav,Indian,Male,23-27,Undergraduate student,Leeds Beckett University,BSc / BEng / BA,Year 4,Graphic Design,Low,A_no_explanation,2026-08-19 10:44:38,39.1,No,2,3.9,3.1,0.7,0.6,0.33,2.9,14384,1,1,1,69,True,4.23,4.75,1,3
P0586,Turjoy Roy,Bangladeshi,Male,28-32,Postgraduate student (MSc),Anglia Ruskin University,MSc / MA / MEng,PG Year 2,Business & Management,Low,A_no_explanation,2026-08-19 11:03:11,53.6,Somewhat — thought it was about usability,2,2.4,4.6,0.7,0.6,0.146,3.2,14450,1,0,0,82,True,6.16,3.72,2,3
P0587,Anwara Begum,Bangladeshi,Female,23-27,Undergraduate student,Daffodil International University,BSc / BEng / BA,Year 4,Information Technology,Moderate,C_counterfactual,2026-08-19 11:40:23,46.6,No,1,2.6,3.0,0.7,0.8,0.39,2.9,20659,2,2,1,65,False,4.03,7.0,4,4
P0588,Jian Wu,Chinese,Male,28-32,Graduate (recent),Kingston University London,BSc / BEng / BA,Completed,Data Science & AI,Low,A_no_explanation,2026-08-19 12:01:18,44.4,No,2,3.1,4.0,0.8,0.5,-0.135,3.2,11428,0,1,1,87,False,5.38,3.73,2,3
P0589,Ryan A. Green,British,Male,23-27,Working professional,University of South Wales,MSc / MA / MEng,Completed,Psychology,Low,B_surface,2026-08-19 12:16:44,50.4,Somewhat — thought it was about usability,2,3.0,3.3,0.7,0.6,-0.096,3.3,14852,1,1,0,73,True,5.11,3.69,3,2
P0590,Pooja A. Yadav,Indian,Female,28-32,Undergraduate student,Coventry University,BSc / BEng / BA,Year 3,Digital Marketing,Low,C_counterfactual,2026-08-19 17:12:43,53.1,Somewhat — thought it was about AI accuracy,1,4.6,3.9,0.7,0.6,0.29,2.9,16249,1,2,3,84,True,3.38,4.94,3,3
P0591,Shakhawat Hossain,Bangladeshi,Male,18-22,Undergraduate student,London Metropolitan University,BSc / BEng / BA,Year 4,Software Engineering,Moderate,B_surface,2026-08-19 17:39:24,47.7,No,1,2.5,4.0,0.5,0.6,0.21,2.8,16569,2,2,2,95,True,3.82,4.48,3,3
P0592,Mosaraf Hossain,Bangladeshi,Male,23-27,Undergraduate student,University of Westminster,BSc / BEng / BA,Year 2,Media & Communication,Moderate,A_no_explanation,2026-08-19 17:50:42,50.4,No,3,3.6,3.9,0.8,0.5,0.034,3.5,14022,0,1,1,62,True,4.26,5.2,4,4
P0593,Abdul Karim,Bangladeshi,Male,33-40,Postgraduate student (MSc),University of Reading,MSc / MA / MEng,PG Year 2,Software Engineering,Low,B_surface,2026-08-19 17:58:01,48.0,No,3,3.1,3.1,0.7,0.6,-0.196,3.6,14492,1,1,1,74,False,4.72,3.99,4,3
P0594,Rakibul Islam,Bangladeshi,Male,33-40,Postgraduate student (MBA),Anglia Ruskin University,MBA,Year 1,Cybersecurity,Low,C_counterfactual,2026-08-19 18:03:38,48.4,Somewhat — thought it was about AI accuracy,1,4.0,2.8,0.6,0.5,0.003,3.3,17458,1,0,0,100,False,3.33,5.82,4,3
P0595,Yan Liu,Chinese,Female,23-27,PhD researcher,Middlesex University,PhD / MPhil,PhD Year 3,Digital Marketing,Moderate,C_counterfactual,2026-08-19 18:45:17,45.9,Somewhat — thought it was about AI accuracy,0,2.2,2.4,0.5,0.6,-0.382,3.5,19727,2,3,1,94,False,4.62,4.86,5,4
P0596,Jessica A. Mitchell,British,Female,28-32,Undergraduate student,BUET,BSc / BEng / BA,Year 1,Human-Computer Interaction,High,C_counterfactual,2026-08-19 19:14:37,58.4,No,1,1.7,3.5,0.8,0.7,0.378,3.2,16190,1,1,1,100,True,3.04,5.65,1,4
P0597,Antara Mim,Bangladeshi,Female,28-32,Undergraduate student,University of Dhaka,HND / Foundation,Year 3,Finance & Accounting,Moderate,A_no_explanation,2026-08-19 19:31:57,51.3,No,1,1.0,2.2,0.6,0.5,0.331,3.3,15812,1,1,2,72,True,5.03,4.35,3,5
P0598,Kamran A. Yousaf,Pakistani,Male,23-27,Postgraduate student (MSc),"University for the Creative Arts, Farnham",MSc / MA / MEng,PG Year 1,Computer Science,Low,C_counterfactual,2026-08-19 19:48:51,48.2,No,2,1.7,4.2,0.3,0.4,-0.072,2.9,20458,2,3,3,82,True,4.63,5.59,5,3
P0599,Khorshed Alam,Bangladeshi,Male,23-27,Postgraduate student (MBA),University of Bedfordshire,MBA,Year 1,Human-Computer Interaction,Moderate,B_surface,2026-08-19 20:08:50,46.8,Unsure,2,4.0,3.1,0.5,0.4,0.148,2.9,15159,1,2,1,100,False,2.17,3.81,4,3
P0600,Jing Zheng,Chinese,Male,23-27,Postgraduate student (MSc),Oxford Brookes University,MSc / MA / MEng,PG Year 2,Graphic Design,Moderate,A_no_explanation,2026-08-19 21:02:49,54.3,No,0,4.4,2.7,0.7,0.6,0.243,3.1,14442,1,1,1,70,True,5.49,4.9,2,3
P0601,Delwar Hossain,Bangladeshi,Male,18-22,Student & part-time worker,Manchester Metropolitan University,MSc / MA / MEng,Year 3,Digital Marketing,Moderate,C_counterfactual,2026-08-19 21:27:12,54.4,No,2,3.8,1.0,0.5,0.4,-0.061,3.5,19156,1,2,2,100,False,2.94,3.94,4,3
P0602,Uche Nnaji,Nigerian,Male,23-27,Working professional,Leeds Beckett University,MSc / MA / MEng,Not a student,Digital Marketing,Low,C_counterfactual,2026-08-19 21:41:27,40.4,No,2,2.9,2.2,0.7,0.8,0.126,3.3,18694,2,1,0,77,True,4.09,4.94,3,3
P0603,Hasan Mahmud,Bangladeshi,Male,33-40,Student & part-time worker,Leeds Beckett University,BSc / BEng / BA,PG Year 1,Psychology,Low,C_counterfactual,2026-08-19 21:53:38,65.7,No,1,2.6,2.5,0.8,0.9,0.08,3.4,18057,2,0,0,100,True,4.43,5.97,2,4
P0604,Jahanara Begum,Bangladeshi,Female,23-27,PhD researcher,University of Bedfordshire,PhD / MPhil,PhD Year 1,Health Informatics,Moderate,B_surface,2026-08-19 22:12:10,46.6,No,2,3.7,3.6,0.6,0.5,0.225,2.7,14471,1,0,0,100,True,4.51,5.26,5,4
P0605,Ramisa Rahman,Bangladeshi,Female,18-22,Undergraduate student,University of Hertfordshire,BSc / BEng / BA,Year 1,Graphic Design,Low,C_counterfactual,2026-08-19 22:40:18,39.9,No,0,2.5,2.2,0.6,0.3,-0.46,3.5,19374,0,1,2,65,False,3.5,4.21,3,2
P0606,Hassan A. Ali,Pakistani,Male,28-32,Undergraduate student,"University for the Creative Arts, Farnham",BSc / BEng / BA,Year 4,Information Technology,,B_surface,2026-08-20 07:19:26,56.0,No,1,3.4,3.2,0.7,0.6,0.072,3.5,14142,1,0,1,100,True,4.87,4.54,3,5
P0607,Kawsar Ahmed,Bangladeshi,Male,23-27,Undergraduate student,Anglia Ruskin University,BSc / BEng / BA,Year 4,Software Engineering,High,C_counterfactual,2026-08-20 09:21:41,53.4,Yes — I thought it was about trust in AI,3,3.2,3.1,0.5,0.4,0.046,3.4,18619,1,1,1,84,True,4.12,4.9,3,1
P0608,Nazmul Huda,Bangladeshi,Male,18-22,Graduate (recent),North South University,MSc / MA / MEng,Completed,Education Technology,High,C_counterfactual,2026-08-20 10:52:56,58.0,Unsure,1,1.9,2.6,0.5,0.8,0.174,3.3,18405,3,2,1,100,True,3.79,5.55,3,5
P0609,Tawhid Islam,Bangladeshi,Male,28-32,Postgraduate student (MSc),University of East London,MSc / MA / MEng,PG Year 2,Computer Science,Moderate,C_counterfactual,2026-08-20 11:10:27,54.2,No,3,4.4,3.2,0.4,0.5,-0.266,3.4,19525,2,3,3,95,True,3.68,4.71,5,3
P0610,Najma Begum,Bangladeshi,Prefer not to say,28-32,PhD researcher,Kingston University London,PhD / MPhil,PhD Year 3,International Business,Low,A_no_explanation,2026-08-20 11:31:28,76.0,No,1,2.9,3.7,0.6,0.3,-0.258,3.1,13909,0,1,1,48,False,4.06,5.66,3,3
P0611,Md. Abdulla Al Noman,Bangladeshi,Male,41-50,Postgraduate student (MSc),Manchester Metropolitan University,MSc / MA / MEng,PG Year 2,Education Technology,Moderate,B_surface,2026-08-20 14:51:32,51.6,No,2,2.4,2.2,0.5,0.6,-0.121,3.0,16933,2,2,1,75,True,3.4,5.19,2,5
P0612,Riyadh Hossain,Bangladeshi,Male,23-27,Postgraduate student (MSc),University of Dhaka,MSc / MA / MEng,PG Year 2,International Business,Moderate,C_counterfactual,2026-08-20 15:03:46,46.5,No,3,3.1,4.2,0.4,0.1,0.107,3.3,19031,0,2,3,78,True,5.17,5.18,5,2
P0613,Kulsum Begum,Bangladeshi,Female,18-22,Undergraduate student,University of Surrey,BSc / BEng / BA,Year 2,Software Engineering,Low,B_surface,2026-08-20 16:53:27,51.6,No,1,2.8,4.6,0.2,0.3,0.175,3.1,20012,2,1,3,62,True,3.79,5.98,3,3
P0614,Abigail A. Robinson,British,Female,23-27,PhD researcher,Daffodil International University,PhD / MPhil,PhD Year 3,Information Technology,Moderate,B_surface,2026-08-20 18:11:01,52.2,Yes — I thought it was about trust in AI,3,2.4,2.8,0.1,0.4,-0.134,3.0,22379,3,3,3,43,False,3.85,3.96,3,2
P0615,Charlotte B. Carter,British,Prefer not to say,23-27,Postgraduate student (MSc),North South University,MSc / MA / MEng,PG Year 1,Business & Management,Low,B_surface,2026-08-20 19:12:28,49.5,No,2,2.1,3.4,0.7,0.6,0.012,2.9,15474,1,1,2,100,True,2.79,3.12,3,2
P0616,Deepak A. Tiwari,Indian,Male,23-27,Postgraduate student (MSc),Kingston University London,MSc / MA / MEng,PG Year 1,Psychology,High,C_counterfactual,2026-08-20 19:12:56,39.7,No,2,3.4,2.9,0.5,0.6,0.098,3.1,18462,2,1,2,97,False,4.22,5.23,5,3
P0617,Mousumi Akter,Bangladeshi,Female,28-32,Student & part-time worker,BRAC University,BSc / BEng / BA,Year 3,Data Science & AI,Low,A_no_explanation,2026-08-20 20:05:03,60.6,No,0,3.5,4.1,0.4,0.5,0.143,2.3,15006,2,4,2,80,True,5.53,5.6,3,2
P0618,Junaid A. Baig,Pakistani,Male,23-27,Postgraduate student (MSc),Kingston University London,MSc / MA / MEng,PG Year 1,Health Informatics,Low,A_no_explanation,2026-08-20 20:16:04,36.1,No,3,2.3,3.0,0.6,0.5,0.164,3.5,14506,1,3,2,81,True,3.82,3.03,2,4
P0619,Rumaisa Akter,Bangladeshi,Female,23-27,Undergraduate student,North South University,BSc / BEng / BA,Year 1,Psychology,Low,A_no_explanation,2026-08-20 20:27:27,59.9,No,3,3.9,1.8,0.5,0.4,0.094,2.6,14429,1,2,1,63,True,4.22,4.04,3,2
P0620,Pradeep A. Iyer,Indian,Male,23-27,Undergraduate student,Goldsmiths University of London,BSc / BEng / BA,Year 2,Business & Management,High,B_surface,2026-08-20 21:32:23,51.5,No,2,2.7,2.3,0.4,0.5,-0.167,3.1,16468,2,4,4,90,True,4.02,4.69,4,5
P0621,Patrick Nguyen,Other,Male,23-27,Student & part-time worker,University of Surrey,BSc / BEng / BA,Year 2,Health Informatics,Moderate,A_no_explanation,2026-08-21 07:45:29,49.0,Somewhat — thought it was about AI accuracy,2,2.8,2.6,0.8,0.7,0.045,2.7,15909,1,1,0,64,True,3.22,3.99,2,3
P0622,Imran A. Butt,Pakistani,Male,28-32,Undergraduate student,University of Reading,BSc / BEng / BA,Year 4,Cybersecurity,High,A_no_explanation,2026-08-21 09:06:27,59.8,Somewhat — thought it was about AI accuracy,0,3.5,3.2,0.6,0.3,-0.464,2.9,14151,0,2,1,53,True,4.51,3.05,3,3
P0623,Tasfia Islam,Bangladeshi,Female,23-27,Graduate (recent),University of Westminster,MSc / MA / MEng,Completed,Graphic Design,High,A_no_explanation,2026-08-21 09:23:17,42.4,No,2,2.0,5.0,0.7,0.6,0.261,2.9,15156,1,0,1,67,True,5.44,3.93,2,2
P0624,Sumi Akter,Bangladeshi,Female,23-27,Postgraduate student (MSc),Kingston University London,MSc / MA / MEng,PG Year 1,Finance & Accounting,High,B_surface,2026-08-21 09:59:59,50.3,No,2,3.4,3.8,0.8,0.5,-0.082,3.2,12494,0,1,2,62,False,5.08,4.03,4,3
P0625,Aiden A. Young,British,Male,18-22,Undergraduate student,BUET,BSc / BEng / BA,Year 3,Cybersecurity,Low,C_counterfactual,2026-08-21 10:40:41,46.8,No,3,3.4,4.0,0.6,0.7,0.403,3.4,18705,2,0,1,100,True,4.15,4.77,5,2
P0626,Shafiul Islam,Bangladeshi,Male,23-27,Undergraduate student,Oxford Brookes University,BSc / BEng / BA,Year 3,Software Engineering,Moderate,C_counterfactual,2026-08-21 11:29:54,57.1,Somewhat — thought it was about AI accuracy,2,3.9,3.4,0.2,0.3,-0.006,3.0,20864,2,3,3,57,False,3.7,6.35,2,3
P0627,Min Tang,Chinese,Female,23-27,PhD researcher,University of South Wales,PhD / MPhil,PhD Year 1,Information Technology,Moderate,A_no_explanation,2026-08-21 11:58:01,32.0,No,2,4.3,2.6,0.5,0.4,-0.139,2.8,15487,1,3,1,42,False,5.28,4.43,2,2
P0628,Uchenna Nnaji,Nigerian,Female,23-27,Postgraduate student (MSc),Coventry University,MSc / MA / MEng,PG Year 1,Digital Marketing,High,B_surface,2026-08-21 12:44:42,54.2,Somewhat — thought it was about usability,2,4.7,4.8,0.2,0.5,-0.07,3.0,19498,3,2,3,79,True,4.15,3.65,3,5
P0629,Wasif Hossain,Bangladeshi,Male,28-32,Postgraduate student (MSc),Brunel University London,MSc / MA / MEng,PG Year 2,Computer Science,High,B_surface,2026-08-21 16:05:04,49.2,No,2,3.9,2.8,0.5,0.6,-0.017,3.2,16466,2,3,3,81,False,3.01,2.96,1,4
P0630,Kai Xu,Chinese,Male,41-50,Undergraduate student,University of Surrey,BSc / BEng / BA,Year 1,Finance & Accounting,Moderate,B_surface,2026-08-21 17:22:02,49.4,Yes — I thought it was about trust in AI,1,2.0,2.5,0.8,0.7,-0.078,3.3,14324,1,2,0,91,True,4.76,2.82,3,4
P0631,Reshma A. Begum,Bangladeshi,Female,18-22,Undergraduate student,Daffodil International University,BSc / BEng / BA,Year 3,Psychology,Low,C_counterfactual,2026-08-21 17:36:31,32.0,Unsure,0,1.7,3.2,0.5,0.6,0.138,3.7,19231,2,3,4,51,True,4.81,4.43,4,3
P0632,Saidur Hossain,Bangladeshi,Male,23-27,Undergraduate student,"University for the Creative Arts, Farnham",BSc / BEng / BA,Year 4,Software Engineering,Low,B_surface,2026-08-21 17:47:14,47.7,Somewhat — thought it was about AI accuracy,2,3.5,2.9,0.5,0.6,-0.03,3.0,16076,2,2,2,72,True,4.46,3.82,5,5
P0633,Jeba A. Akter,Bangladeshi,Female,18-22,Undergraduate student,University of Chichester,BSc / BEng / BA,Year 3,Cybersecurity,High,A_no_explanation,2026-08-21 18:34:06,57.7,No,2,2.5,3.4,0.5,0.6,-0.246,3.1,14001,2,1,1,98,True,3.98,4.55,3,5
P0634,Musharraf Hossain,Bangladeshi,Male,23-27,Student & part-time worker,University of East London,MSc / MA / MEng,PG Year 1,Digital Marketing,Low,B_surface,2026-08-21 19:19:31,53.6,No,3,2.8,4.9,0.5,0.6,0.374,3.0,17046,2,2,1,81,True,4.33,3.91,3,3
P0635,Salman Hossain,Bangladeshi,Male,28-32,Postgraduate student (MSc),University of East London,MSc / MA / MEng,PG Year 2,Finance & Accounting,Moderate,B_surface,2026-08-21 20:39:35,53.1,No,0,4.1,2.6,0.7,0.8,0.429,2.7,15887,2,2,0,88,True,3.73,2.53,4,3
P0636,Noah A. Anderson,British,Male,28-32,Undergraduate student,Brunel University London,BSc / BEng / BA,Year 3,Finance & Accounting,High,B_surface,2026-08-21 22:33:08,55.9,Somewhat — thought it was about usability,1,3.6,4.0,0.6,0.7,0.215,2.8,17238,2,1,1,94,True,4.86,5.72,5,4
P0637,Mahmudul Islam,Bangladeshi,Male,23-27,PhD researcher,University of Chichester,PhD / MPhil,PhD Year 3,International Business,High,B_surface,2026-08-21 23:46:33,44.8,No,1,4.6,3.8,0.4,0.7,-0.058,2.9,17500,3,4,2,88,True,4.79,4.26,4,4
P0638,Noor A. Baig,Pakistani,Female,18-22,Undergraduate student,University of Hertfordshire,BSc / BEng / BA,Year 1,Health Informatics,High,B_surface,2026-08-22 06:57:56,56.6,Yes — I thought it was about trust in AI,2,3.2,2.6,0.6,0.7,0.207,2.7,15364,2,2,0,100,True,3.51,2.82,5,5
P0639,Hasibul Hasan,Bangladeshi,Male,28-32,Postgraduate student (MSc),Sheffield Hallam University,MSc / MA / MEng,PG Year 1,Education Technology,Low,B_surface,2026-08-22 07:57:30,36.5,No,2,3.7,3.4,0.2,0.5,-0.112,3.0,19451,3,4,3,87,True,3.9,5.6,2,4
P0640,Azlan A. Ishak,Malaysian,Male,23-27,Graduate (recent),University of Hertfordshire,MSc / MA / MEng,Completed,International Business,Moderate,B_surface,2026-08-22 09:37:07,55.8,No,0,1.4,4.4,0.4,0.5,-0.315,3.3,17526,2,0,0,83,True,4.18,3.41,2,5
P0641,Aklima A. Begum,Bangladeshi,Female,18-22,Postgraduate student (MBA),BUET,MBA,Year 1,Cybersecurity,Moderate,C_counterfactual,2026-08-22 09:41:04,54.9,No,2,3.4,3.9,0.4,0.5,0.018,3.4,19117,2,0,1,83,True,3.83,5.62,5,5
P0642,Shahid Ullah,Bangladeshi,Male,28-32,Postgraduate student (MSc),University of Surrey,MSc / MA / MEng,PG Year 2,Cybersecurity,Moderate,B_surface,2026-08-22 10:35:34,36.6,Somewhat — thought it was about usability,1,3.3,3.2,0.3,0.6,0.059,2.6,19183,3,3,1,56,False,5.09,5.87,3,2
P0643,Farah A. Yousaf,Pakistani,Female,28-32,Postgraduate student (MBA),Goldsmiths University of London,MBA,PG Year 1,Human-Computer Interaction,Low,B_surface,2026-08-22 10:37:00,49.7,No,3,2.8,2.4,0.3,0.6,0.056,3.1,20244,3,4,2,90,True,3.1,6.05,4,4
P0644,Zarif Ahmed,Bangladeshi,Male,28-32,Postgraduate student (MSc),Daffodil International University,MSc / MA / MEng,PG Year 1,Graphic Design,Moderate,C_counterfactual,2026-08-22 11:53:18,56.8,Somewhat — thought it was about usability,3,2.5,2.5,1.0,0.7,-0.335,3.4,16406,0,1,0,90,True,2.73,5.55,3,3
P0645,Jaya A. Chauhan,Indian,Female,23-27,Postgraduate student (MSc),Leeds Beckett University,MSc / MA / MEng,PG Year 2,Media & Communication,Low,B_surface,2026-08-22 12:08:06,49.0,No,3,3.4,3.6,0.5,0.6,-0.098,3.2,16721,2,2,2,95,True,4.52,5.01,3,2
P0646,Tawsif Ahmed,Bangladeshi,Male,28-32,Postgraduate student (MSc),Middlesex University,MSc / MA / MEng,PG Year 2,Data Science & AI,High,A_no_explanation,2026-08-22 12:37:26,53.1,Somewhat — thought it was about usability,0,1.4,4.1,0.8,0.5,-0.078,3.0,14108,0,1,1,54,False,5.35,3.16,1,5
P0647,Raj A. Gupta,Indian,Male,23-27,Postgraduate student (MSc),Brunel University London,MSc / MA / MEng,PG Year 2,Health Informatics,High,B_surface,2026-08-22 16:00:08,37.3,No,2,2.4,3.6,0.7,0.4,-0.121,2.9,14315,0,1,0,87,False,4.8,4.03,2,3
P0648,Nurul Huda,Bangladeshi,Male,23-27,Undergraduate student,University of Dhaka,HND / Foundation,Year 2,Computer Science,Moderate,A_no_explanation,2026-08-22 17:18:18,52.1,No,1,4.6,3.0,0.5,0.6,0.528,2.6,15626,2,2,2,82,True,4.49,3.1,2,4
P0649,Oliver A. Smith,British,Male,28-32,Undergraduate student,Sheffield Hallam University,BSc / BEng / BA,Year 3,Psychology,Moderate,A_no_explanation,2026-08-22 18:55:30,57.9,Somewhat — thought it was about usability,3,2.7,2.9,0.5,0.4,-0.402,3.1,14670,1,1,1,80,True,3.61,4.81,4,3
P0650,Halima A. Begum,Bangladeshi,Female,28-32,PhD researcher,London Metropolitan University,PhD / MPhil,PhD Year 2,International Business,Low,C_counterfactual,2026-08-22 20:43:59,53.6,No,1,3.5,3.6,0.4,0.3,-0.1,3.2,19732,1,2,3,47,False,3.77,5.59,4,2
P0651,Zahidul Hasan,Bangladeshi,Male,23-27,Undergraduate student,Oxford Brookes University,BSc / BEng / BA,Year 1,Business & Management,Moderate,A_no_explanation,2026-08-22 20:54:49,52.3,Somewhat — thought it was about AI accuracy,2,3.1,3.4,0.4,0.5,-0.1,2.9,17778,2,2,1,43,True,3.88,5.43,2,3
P0652,Ngozi Obi,Nigerian,Female,23-27,Undergraduate student,North South University,BSc / BEng / BA,Year 3,Digital Marketing,Moderate,A_no_explanation,2026-08-22 21:17:04,62.4,No,1,1.2,2.9,0.8,0.5,0.039,3.3,13646,0,1,1,92,False,3.93,3.71,3,2
P0653,Jun A. Li,Chinese,Male,23-27,Postgraduate student (MBA),University of Bedfordshire,MBA,Year 1,International Business,Low,C_counterfactual,2026-08-22 22:11:48,48.5,No,2,4.1,3.1,0.6,0.9,0.362,3.3,19965,3,2,0,95,True,4.22,7.0,4,2
P0654,Tunde Adeyemi,Nigerian,Male,18-22,Postgraduate student (MSc),Manchester Metropolitan University,MSc / MA / MEng,PG Year 1,Human-Computer Interaction,Low,C_counterfactual,2026-08-22 22:27:27,63.5,No,3,3.0,4.0,0.5,0.4,-0.507,3.6,19553,1,0,0,82,True,4.9,6.89,3,3
P0655,Maruf Hossain,Bangladeshi,Male,23-27,PhD researcher,Sheffield Hallam University,PhD / MPhil,PhD Year 1,Human-Computer Interaction,Low,A_no_explanation,2026-08-22 23:56:41,42.9,No,3,3.7,2.5,0.7,0.4,-0.155,3.2,13598,0,2,2,43,True,4.56,3.83,3,2
P0656,Rekha A. Bose,Indian,Female,23-27,Undergraduate student,Anglia Ruskin University,BSc / BEng / BA,Year 2,Data Science & AI,High,C_counterfactual,2026-08-23 00:50:14,56.0,No,2,3.8,4.6,0.4,0.5,0.191,2.8,19646,2,2,1,100,False,4.27,3.72,4,4
P0657,Rekha A. Begum,Bangladeshi,Female,23-27,Postgraduate student (MBA),Coventry University,MBA,Year 1,Software Engineering,Moderate,C_counterfactual,2026-08-23 07:15:16,52.1,No,0,2.7,2.2,0.8,0.9,0.248,3.5,17513,2,3,0,80,False,4.02,6.04,2,3
P0658,Jobayer Hossain,Bangladeshi,Male,23-27,Undergraduate student,Leeds Beckett University,BSc / BEng / BA,Year 3,Data Science & AI,Moderate,A_no_explanation,2026-08-23 08:33:51,40.6,No,3,3.1,5.0,0.6,0.9,0.236,2.8,14120,3,1,0,100,True,4.66,3.72,4,3
P0659,Sarwar Hossain,Bangladeshi,Male,41-50,Postgraduate student (MSc),University of South Wales,MSc / MA / MEng,PG Year 1,Software Engineering,Moderate,A_no_explanation,2026-08-23 09:06:04,50.0,No,1,3.1,2.1,0.6,0.5,-0.134,3.0,15703,1,3,1,61,True,4.65,5.81,2,2
P0660,Masud Rana,Bangladeshi,Male,23-27,Postgraduate student (MSc),Coventry University,MSc / MA / MEng,PG Year 1,Software Engineering,Moderate,B_surface,2026-08-23 09:24:47,48.6,No,1,4.3,3.6,0.5,0.4,-0.358,2.6,18148,1,1,4,48,False,4.11,6.59,2,3
P0661,Zoe B. Thompson,British,Female,23-27,Working professional,"University for the Creative Arts, Farnham",MSc / MA / MEng,Not a student,Graphic Design,High,B_surface,2026-08-23 09:47:49,61.8,Yes — I thought it was about trust in AI,1,4.7,4.0,0.7,0.8,0.49,3.4,15705,2,1,1,100,True,3.96,3.76,4,4
P0662,Hui Yang,Chinese,Female,23-27,Undergraduate student,Coventry University,BSc / BEng / BA,Year 3,Graphic Design,Moderate,C_counterfactual,2026-08-23 09:50:44,51.7,Yes — I thought it was about trust in AI,2,3.8,4.6,0.6,0.5,-0.045,3.2,18467,1,1,1,75,False,4.41,4.7,5,4
P0663,Rania Al-Rashidi,Other,Female,23-27,Postgraduate student (MSc),Middlesex University,MSc / MA / MEng,PG Year 1,Health Informatics,Moderate,C_counterfactual,2026-08-23 10:17:43,57.5,Yes — I thought it was about trust in AI,2,2.2,4.2,0.3,0.6,0.085,3.0,21571,3,1,1,82,True,3.2,5.59,4,1
P0664,Zarif Hossain,Bangladeshi,Male,23-27,Undergraduate student,University of Chichester,BSc / BEng / BA,Year 1,International Business,Moderate,C_counterfactual,2026-08-23 11:30:50,46.5,Somewhat — thought it was about usability,2,2.6,4.4,0.5,0.6,-0.107,3.3,20443,2,2,1,96,True,4.75,4.24,3,2
P0665,Geeta B. Mishra,Indian,Female,28-32,Undergraduate student,London Metropolitan University,BSc / BEng / BA,Year 2,Psychology,Moderate,B_surface,2026-08-23 11:31:42,63.2,No,2,4.0,2.1,0.6,0.5,-0.107,2.9,15524,1,0,0,90,True,4.2,6.12,3,5
P0666,Azhar Ali,Bangladeshi,Male,23-27,Postgraduate student (MBA),Leeds Beckett University,MBA,Year 1,Cybersecurity,Moderate,B_surface,2026-08-23 12:29:00,60.2,Somewhat — thought it was about AI accuracy,2,2.4,2.9,0.5,0.4,0.003,3.0,16638,1,0,1,41,False,5.49,5.05,4,5
P0667,Lutfa A. Begum,Bangladeshi,Female,28-32,Postgraduate student (MSc),North South University,MSc / MA / MEng,PG Year 2,Business & Management,Low,C_counterfactual,2026-08-23 13:33:56,54.1,Unsure,0,3.4,2.8,0.6,0.5,0.103,3.5,18753,1,0,3,100,True,4.48,3.38,4,3
P0668,Arash Tehrani,Other,Male,23-27,Undergraduate student,BRAC University,BSc / BEng / BA,Year 4,Computer Science,Moderate,B_surface,2026-08-23 13:52:45,44.8,Unsure,0,2.8,3.7,0.7,0.6,-0.032,3.2,13988,1,0,0,93,True,5.34,3.96,3,5
P0669,Nabiha A. Islam,Bangladeshi,Female,33-40,Postgraduate student (MSc),Goldsmiths University of London,MSc / MA / MEng,PG Year 2,Data Science & AI,Low,B_surface,2026-08-23 15:22:55,57.1,No,3,2.5,3.0,1.0,0.7,0.154,3.1,14643,0,0,0,100,True,4.17,5.22,2,5
P0670,Rina A. Akter,Bangladeshi,Female,28-32,Academic / lecturer,University of Chichester,Prefer not to say,Completed,International Business,Moderate,C_counterfactual,2026-08-23 16:03:27,57.0,No,2,4.0,3.7,0.5,0.8,0.421,2.8,19941,3,3,1,100,True,4.09,4.76,4,3
P0671,Hannah B. Green,British,Female,18-22,Postgraduate student (MBA),Manchester Metropolitan University,MBA,Year 1,Business & Management,Low,B_surface,2026-08-23 16:40:42,64.7,No,2,2.0,3.7,1.0,0.7,0.115,3.3,13814,0,1,1,82,True,4.23,4.58,3,2
P0672,Harunur Rashid,Bangladeshi,Male,33-40,Undergraduate student,University of Hertfordshire,BSc / BEng / BA,Year 3,Education Technology,High,A_no_explanation,2026-08-23 17:29:45,51.4,No,2,3.9,1.1,0.5,0.4,0.087,3.1,16333,1,1,1,72,True,3.26,4.51,2,3
P0673,Ying Chen,Chinese,Female,18-22,Postgraduate student (MSc),Manchester Metropolitan University,MSc / MA / MEng,PG Year 2,Graphic Design,Low,B_surface,2026-08-23 18:18:24,60.8,No,2,1.9,3.5,0.8,0.7,0.185,3.3,14748,1,1,1,100,True,3.39,4.78,3,3
P0674,Charlie A. Davis,British,Male,33-40,Undergraduate student,University of East London,BSc / BEng / BA,Year 4,Digital Marketing,High,C_counterfactual,2026-08-23 19:40:23,47.6,No,2,2.9,3.4,0.6,0.7,0.376,3.3,19578,2,2,1,100,False,4.48,3.86,4,1
P0675,Biplab Das,Bangladeshi,Male,18-22,Postgraduate student (MSc),Kingston University London,MSc / MA / MEng,PG Year 2,Computer Science,Low,A_no_explanation,2026-08-23 20:38:18,41.5,No,2,2.6,3.1,0.7,0.4,-0.229,3.3,15624,0,1,2,74,True,4.49,4.95,2,2
P0676,Habibur Rahman,Bangladeshi,Male,18-22,Undergraduate student,Brunel University London,BSc / BEng / BA,Year 4,Data Science & AI,Low,A_no_explanation,2026-08-23 21:08:01,67.4,No,1,3.7,3.0,0.7,0.6,0.07,3.5,13252,1,0,0,70,False,5.93,3.75,4,5
P0677,Thomas A. Evans,British,Male,23-27,Working professional,University of Reading,BSc / BEng / BA,Not a student,Digital Marketing,High,C_counterfactual,2026-08-23 23:07:35,32.0,No,2,3.7,3.3,0.6,0.5,-0.097,3.2,17512,1,1,2,77,True,3.75,5.19,5,5
P0678,Olivia B. Morris,British,Prefer not to say,28-32,Undergraduate student,BUET,BSc / BEng / BA,Year 2,Psychology,Low,A_no_explanation,2026-08-23 23:49:06,46.3,Somewhat — thought it was about usability,3,1.5,4.1,1.0,0.7,0.089,2.9,10547,0,1,0,72,False,3.61,6.15,3,4
