participant_id,full_name,nationality,age_group,condition,financial_literacy,need_for_cognition,technology_disposition,scenario,applicant,ai_verdict,ai_correct,participant_decision,followed_ai,correct_decision,confidence_1_5,response_time_ms
P0001,Shakibul Hasan,Bangladeshi,18-22,B_surface,2,2.5,3.2,1,"Sarah M., 34, Part-time",D,True,D,True,True,4,22886
P0001,Shakibul Hasan,Bangladeshi,18-22,B_surface,2,2.5,3.2,2,"James K., 28, Full-time",A,True,D,False,False,3,18756
P0001,Shakibul Hasan,Bangladeshi,18-22,B_surface,2,2.5,3.2,3,"Priya R., 41, Self-employed",D,False,D,True,False,2,8304
P0001,Shakibul Hasan,Bangladeshi,18-22,B_surface,2,2.5,3.2,4,"Marcus T., 55, Part-time",D,True,D,True,True,3,14379
P0001,Shakibul Hasan,Bangladeshi,18-22,B_surface,2,2.5,3.2,5,"Anika P., 29, Full-time",D,True,D,True,True,3,16879
P0001,Shakibul Hasan,Bangladeshi,18-22,B_surface,2,2.5,3.2,6,"David H., 47, Full-time",A,True,A,True,True,4,14537
P0001,Shakibul Hasan,Bangladeshi,18-22,B_surface,2,2.5,3.2,7,"Fatima A., 33, Contract",D,False,A,False,True,3,19748
P0001,Shakibul Hasan,Bangladeshi,18-22,B_surface,2,2.5,3.2,8,"Tom B., 22, Full-time",D,True,D,True,True,4,13511
P0001,Shakibul Hasan,Bangladeshi,18-22,B_surface,2,2.5,3.2,9,"Olga S., 38, Full-time",A,True,A,True,True,4,15108
P0001,Shakibul Hasan,Bangladeshi,18-22,B_surface,2,2.5,3.2,10,"Chen W., 45, Part-time",A,False,A,True,False,3,9517
P0002,Lutfa Begum,Bangladeshi,18-22,B_surface,2,3.8,3.7,1,"Sarah M., 34, Part-time",D,True,A,False,False,3,25208
P0002,Lutfa Begum,Bangladeshi,18-22,B_surface,2,3.8,3.7,2,"James K., 28, Full-time",A,True,A,True,True,4,9238
P0002,Lutfa Begum,Bangladeshi,18-22,B_surface,2,3.8,3.7,3,"Priya R., 41, Self-employed",D,False,A,False,True,3,24495
P0002,Lutfa Begum,Bangladeshi,18-22,B_surface,2,3.8,3.7,4,"Marcus T., 55, Part-time",D,True,A,False,False,4,22711
P0002,Lutfa Begum,Bangladeshi,18-22,B_surface,2,3.8,3.7,5,"Anika P., 29, Full-time",D,True,D,True,True,4,10598
P0002,Lutfa Begum,Bangladeshi,18-22,B_surface,2,3.8,3.7,6,"David H., 47, Full-time",A,True,D,False,False,3,19635
P0002,Lutfa Begum,Bangladeshi,18-22,B_surface,2,3.8,3.7,7,"Fatima A., 33, Contract",D,False,D,True,False,4,11965
P0002,Lutfa Begum,Bangladeshi,18-22,B_surface,2,3.8,3.7,8,"Tom B., 22, Full-time",D,True,D,True,True,2,12857
P0002,Lutfa Begum,Bangladeshi,18-22,B_surface,2,3.8,3.7,9,"Olga S., 38, Full-time",A,True,A,True,True,3,15529
P0002,Lutfa Begum,Bangladeshi,18-22,B_surface,2,3.8,3.7,10,"Chen W., 45, Part-time",A,False,A,True,False,4,15984
P0003,Patrick Nguyen,Other,18-22,A_no_explanation,2,4.6,3.0,1,"Sarah M., 34, Part-time",D,True,A,False,False,3,19383
P0003,Patrick Nguyen,Other,18-22,A_no_explanation,2,4.6,3.0,2,"James K., 28, Full-time",A,True,A,True,True,5,9188
P0003,Patrick Nguyen,Other,18-22,A_no_explanation,2,4.6,3.0,3,"Priya R., 41, Self-employed",D,False,A,False,True,3,18650
P0003,Patrick Nguyen,Other,18-22,A_no_explanation,2,4.6,3.0,4,"Marcus T., 55, Part-time",D,True,D,True,True,3,11588
P0003,Patrick Nguyen,Other,18-22,A_no_explanation,2,4.6,3.0,5,"Anika P., 29, Full-time",D,True,D,True,True,4,13403
P0003,Patrick Nguyen,Other,18-22,A_no_explanation,2,4.6,3.0,6,"David H., 47, Full-time",A,True,A,True,True,3,12533
P0003,Patrick Nguyen,Other,18-22,A_no_explanation,2,4.6,3.0,7,"Fatima A., 33, Contract",D,False,A,False,True,1,16679
P0003,Patrick Nguyen,Other,18-22,A_no_explanation,2,4.6,3.0,8,"Tom B., 22, Full-time",D,True,A,False,False,4,19292
P0003,Patrick Nguyen,Other,18-22,A_no_explanation,2,4.6,3.0,9,"Olga S., 38, Full-time",A,True,D,False,False,2,19890
P0003,Patrick Nguyen,Other,18-22,A_no_explanation,2,4.6,3.0,10,"Chen W., 45, Part-time",A,False,A,True,False,3,10614
P0004,Noor Islam,Bangladeshi,41-50,C_counterfactual,2,3.7,2.7,1,"Sarah M., 34, Part-time",D,True,D,True,True,5,18819
P0004,Noor Islam,Bangladeshi,41-50,C_counterfactual,2,3.7,2.7,2,"James K., 28, Full-time",A,True,D,False,False,2,22907
P0004,Noor Islam,Bangladeshi,41-50,C_counterfactual,2,3.7,2.7,3,"Priya R., 41, Self-employed",D,False,D,True,False,3,17937
P0004,Noor Islam,Bangladeshi,41-50,C_counterfactual,2,3.7,2.7,4,"Marcus T., 55, Part-time",D,True,A,False,False,2,20733
P0004,Noor Islam,Bangladeshi,41-50,C_counterfactual,2,3.7,2.7,5,"Anika P., 29, Full-time",D,True,D,True,True,4,18700
P0004,Noor Islam,Bangladeshi,41-50,C_counterfactual,2,3.7,2.7,6,"David H., 47, Full-time",A,True,D,False,False,4,31899
P0004,Noor Islam,Bangladeshi,41-50,C_counterfactual,2,3.7,2.7,7,"Fatima A., 33, Contract",D,False,D,True,False,4,14014
P0004,Noor Islam,Bangladeshi,41-50,C_counterfactual,2,3.7,2.7,8,"Tom B., 22, Full-time",D,True,D,True,True,3,20853
P0004,Noor Islam,Bangladeshi,41-50,C_counterfactual,2,3.7,2.7,9,"Olga S., 38, Full-time",A,True,A,True,True,2,10600
P0004,Noor Islam,Bangladeshi,41-50,C_counterfactual,2,3.7,2.7,10,"Chen W., 45, Part-time",A,False,D,False,True,3,25591
P0005,Ashraful Alam,Bangladeshi,18-22,B_surface,3,4.1,3.7,1,"Sarah M., 34, Part-time",D,True,D,True,True,3,18226
P0005,Ashraful Alam,Bangladeshi,18-22,B_surface,3,4.1,3.7,2,"James K., 28, Full-time",A,True,D,False,False,3,21364
P0005,Ashraful Alam,Bangladeshi,18-22,B_surface,3,4.1,3.7,3,"Priya R., 41, Self-employed",D,False,D,True,False,4,6914
P0005,Ashraful Alam,Bangladeshi,18-22,B_surface,3,4.1,3.7,4,"Marcus T., 55, Part-time",D,True,D,True,True,4,13628
P0005,Ashraful Alam,Bangladeshi,18-22,B_surface,3,4.1,3.7,5,"Anika P., 29, Full-time",D,True,A,False,False,3,21143
P0005,Ashraful Alam,Bangladeshi,18-22,B_surface,3,4.1,3.7,6,"David H., 47, Full-time",A,True,D,False,False,4,21472
P0005,Ashraful Alam,Bangladeshi,18-22,B_surface,3,4.1,3.7,7,"Fatima A., 33, Contract",D,False,A,False,True,3,27528
P0005,Ashraful Alam,Bangladeshi,18-22,B_surface,3,4.1,3.7,8,"Tom B., 22, Full-time",D,True,A,False,False,4,16318
P0005,Ashraful Alam,Bangladeshi,18-22,B_surface,3,4.1,3.7,9,"Olga S., 38, Full-time",A,True,D,False,False,5,19662
P0005,Ashraful Alam,Bangladeshi,18-22,B_surface,3,4.1,3.7,10,"Chen W., 45, Part-time",A,False,D,False,True,3,14381
P0006,Ali Reza,Other,28-32,B_surface,3,1.6,3.9,1,"Sarah M., 34, Part-time",D,True,D,True,True,3,21612
P0006,Ali Reza,Other,28-32,B_surface,3,1.6,3.9,2,"James K., 28, Full-time",A,True,A,True,True,3,8824
P0006,Ali Reza,Other,28-32,B_surface,3,1.6,3.9,3,"Priya R., 41, Self-employed",D,False,D,True,False,4,12333
P0006,Ali Reza,Other,28-32,B_surface,3,1.6,3.9,4,"Marcus T., 55, Part-time",D,True,A,False,False,2,24463
P0006,Ali Reza,Other,28-32,B_surface,3,1.6,3.9,5,"Anika P., 29, Full-time",D,True,D,True,True,3,11894
P0006,Ali Reza,Other,28-32,B_surface,3,1.6,3.9,6,"David H., 47, Full-time",A,True,D,False,False,2,22703
P0006,Ali Reza,Other,28-32,B_surface,3,1.6,3.9,7,"Fatima A., 33, Contract",D,False,D,True,False,4,13694
P0006,Ali Reza,Other,28-32,B_surface,3,1.6,3.9,8,"Tom B., 22, Full-time",D,True,D,True,True,4,13276
P0006,Ali Reza,Other,28-32,B_surface,3,1.6,3.9,9,"Olga S., 38, Full-time",A,True,A,True,True,4,9923
P0006,Ali Reza,Other,28-32,B_surface,3,1.6,3.9,10,"Chen W., 45, Part-time",A,False,A,True,False,4,16094
P0007,Belal Hossain,Bangladeshi,18-22,A_no_explanation,2,4.1,3.8,1,"Sarah M., 34, Part-time",D,True,D,True,True,2,18189
P0007,Belal Hossain,Bangladeshi,18-22,A_no_explanation,2,4.1,3.8,2,"James K., 28, Full-time",A,True,A,True,True,3,13593
P0007,Belal Hossain,Bangladeshi,18-22,A_no_explanation,2,4.1,3.8,3,"Priya R., 41, Self-employed",D,False,A,False,True,4,16140
P0007,Belal Hossain,Bangladeshi,18-22,A_no_explanation,2,4.1,3.8,4,"Marcus T., 55, Part-time",D,True,D,True,True,3,8669
P0007,Belal Hossain,Bangladeshi,18-22,A_no_explanation,2,4.1,3.8,5,"Anika P., 29, Full-time",D,True,A,False,False,4,13649
P0007,Belal Hossain,Bangladeshi,18-22,A_no_explanation,2,4.1,3.8,6,"David H., 47, Full-time",A,True,A,True,True,3,11988
P0007,Belal Hossain,Bangladeshi,18-22,A_no_explanation,2,4.1,3.8,7,"Fatima A., 33, Contract",D,False,D,True,False,3,9655
P0007,Belal Hossain,Bangladeshi,18-22,A_no_explanation,2,4.1,3.8,8,"Tom B., 22, Full-time",D,True,D,True,True,3,14466
P0007,Belal Hossain,Bangladeshi,18-22,A_no_explanation,2,4.1,3.8,9,"Olga S., 38, Full-time",A,True,A,True,True,5,17453
P0007,Belal Hossain,Bangladeshi,18-22,A_no_explanation,2,4.1,3.8,10,"Chen W., 45, Part-time",A,False,A,True,False,3,7313
P0008,Jide Oluwole,Nigerian,18-22,C_counterfactual,2,3.0,2.9,1,"Sarah M., 34, Part-time",D,True,A,False,False,3,29819
P0008,Jide Oluwole,Nigerian,18-22,C_counterfactual,2,3.0,2.9,2,"James K., 28, Full-time",A,True,D,False,False,5,22324
P0008,Jide Oluwole,Nigerian,18-22,C_counterfactual,2,3.0,2.9,3,"Priya R., 41, Self-employed",D,False,A,False,True,3,27431
P0008,Jide Oluwole,Nigerian,18-22,C_counterfactual,2,3.0,2.9,4,"Marcus T., 55, Part-time",D,True,A,False,False,4,21545
P0008,Jide Oluwole,Nigerian,18-22,C_counterfactual,2,3.0,2.9,5,"Anika P., 29, Full-time",D,True,A,False,False,4,23229
P0008,Jide Oluwole,Nigerian,18-22,C_counterfactual,2,3.0,2.9,6,"David H., 47, Full-time",A,True,D,False,False,1,23714
P0008,Jide Oluwole,Nigerian,18-22,C_counterfactual,2,3.0,2.9,7,"Fatima A., 33, Contract",D,False,A,False,True,3,18565
P0008,Jide Oluwole,Nigerian,18-22,C_counterfactual,2,3.0,2.9,8,"Tom B., 22, Full-time",D,True,A,False,False,3,20413
P0008,Jide Oluwole,Nigerian,18-22,C_counterfactual,2,3.0,2.9,9,"Olga S., 38, Full-time",A,True,A,True,True,4,12306
P0008,Jide Oluwole,Nigerian,18-22,C_counterfactual,2,3.0,2.9,10,"Chen W., 45, Part-time",A,False,A,True,False,4,9725
P0009,Sohanur Rahman,Bangladeshi,23-27,B_surface,2,1.7,3.2,1,"Sarah M., 34, Part-time",D,True,D,True,True,4,16881
P0009,Sohanur Rahman,Bangladeshi,23-27,B_surface,2,1.7,3.2,2,"James K., 28, Full-time",A,True,A,True,True,3,10454
P0009,Sohanur Rahman,Bangladeshi,23-27,B_surface,2,1.7,3.2,3,"Priya R., 41, Self-employed",D,False,A,False,True,2,18061
P0009,Sohanur Rahman,Bangladeshi,23-27,B_surface,2,1.7,3.2,4,"Marcus T., 55, Part-time",D,True,D,True,True,2,12071
P0009,Sohanur Rahman,Bangladeshi,23-27,B_surface,2,1.7,3.2,5,"Anika P., 29, Full-time",D,True,D,True,True,4,3417
P0009,Sohanur Rahman,Bangladeshi,23-27,B_surface,2,1.7,3.2,6,"David H., 47, Full-time",A,True,A,True,True,3,14068
P0009,Sohanur Rahman,Bangladeshi,23-27,B_surface,2,1.7,3.2,7,"Fatima A., 33, Contract",D,False,D,True,False,2,12656
P0009,Sohanur Rahman,Bangladeshi,23-27,B_surface,2,1.7,3.2,8,"Tom B., 22, Full-time",D,True,D,True,True,4,9350
P0009,Sohanur Rahman,Bangladeshi,23-27,B_surface,2,1.7,3.2,9,"Olga S., 38, Full-time",A,True,A,True,True,3,6946
P0009,Sohanur Rahman,Bangladeshi,23-27,B_surface,2,1.7,3.2,10,"Chen W., 45, Part-time",A,False,D,False,True,3,23383
P0010,Imran Butt,Pakistani,23-27,A_no_explanation,1,3.9,2.9,1,"Sarah M., 34, Part-time",D,True,D,True,True,4,15944
P0010,Imran Butt,Pakistani,23-27,A_no_explanation,1,3.9,2.9,2,"James K., 28, Full-time",A,True,A,True,True,2,4108
P0010,Imran Butt,Pakistani,23-27,A_no_explanation,1,3.9,2.9,3,"Priya R., 41, Self-employed",D,False,D,True,False,3,17332
P0010,Imran Butt,Pakistani,23-27,A_no_explanation,1,3.9,2.9,4,"Marcus T., 55, Part-time",D,True,A,False,False,2,14095
P0010,Imran Butt,Pakistani,23-27,A_no_explanation,1,3.9,2.9,5,"Anika P., 29, Full-time",D,True,D,True,True,4,9872
P0010,Imran Butt,Pakistani,23-27,A_no_explanation,1,3.9,2.9,6,"David H., 47, Full-time",A,True,D,False,False,4,16829
P0010,Imran Butt,Pakistani,23-27,A_no_explanation,1,3.9,2.9,7,"Fatima A., 33, Contract",D,False,D,True,False,4,6654
P0010,Imran Butt,Pakistani,23-27,A_no_explanation,1,3.9,2.9,8,"Tom B., 22, Full-time",D,True,A,False,False,3,24474
P0010,Imran Butt,Pakistani,23-27,A_no_explanation,1,3.9,2.9,9,"Olga S., 38, Full-time",A,True,A,True,True,3,9955
P0010,Imran Butt,Pakistani,23-27,A_no_explanation,1,3.9,2.9,10,"Chen W., 45, Part-time",A,False,A,True,False,3,10324
P0011,Fahim Uddin,Bangladeshi,18-22,A_no_explanation,2,4.3,3.6,1,"Sarah M., 34, Part-time",D,True,D,True,True,2,13794
P0011,Fahim Uddin,Bangladeshi,18-22,A_no_explanation,2,4.3,3.6,2,"James K., 28, Full-time",A,True,A,True,True,3,13808
P0011,Fahim Uddin,Bangladeshi,18-22,A_no_explanation,2,4.3,3.6,3,"Priya R., 41, Self-employed",D,False,A,False,True,3,20127
P0011,Fahim Uddin,Bangladeshi,18-22,A_no_explanation,2,4.3,3.6,4,"Marcus T., 55, Part-time",D,True,A,False,False,4,19603
P0011,Fahim Uddin,Bangladeshi,18-22,A_no_explanation,2,4.3,3.6,5,"Anika P., 29, Full-time",D,True,D,True,True,3,14963
P0011,Fahim Uddin,Bangladeshi,18-22,A_no_explanation,2,4.3,3.6,6,"David H., 47, Full-time",A,True,D,False,False,3,21967
P0011,Fahim Uddin,Bangladeshi,18-22,A_no_explanation,2,4.3,3.6,7,"Fatima A., 33, Contract",D,False,A,False,True,3,21165
P0011,Fahim Uddin,Bangladeshi,18-22,A_no_explanation,2,4.3,3.6,8,"Tom B., 22, Full-time",D,True,D,True,True,3,15930
P0011,Fahim Uddin,Bangladeshi,18-22,A_no_explanation,2,4.3,3.6,9,"Olga S., 38, Full-time",A,True,A,True,True,3,12419
P0011,Fahim Uddin,Bangladeshi,18-22,A_no_explanation,2,4.3,3.6,10,"Chen W., 45, Part-time",A,False,A,True,False,3,10897
P0012,Khairul Islam,Bangladeshi,23-27,A_no_explanation,2,3.0,4.3,1,"Sarah M., 34, Part-time",D,True,A,False,False,3,23285
P0012,Khairul Islam,Bangladeshi,23-27,A_no_explanation,2,3.0,4.3,2,"James K., 28, Full-time",A,True,A,True,True,3,16170
P0012,Khairul Islam,Bangladeshi,23-27,A_no_explanation,2,3.0,4.3,3,"Priya R., 41, Self-employed",D,False,D,True,False,4,15007
P0012,Khairul Islam,Bangladeshi,23-27,A_no_explanation,2,3.0,4.3,4,"Marcus T., 55, Part-time",D,True,A,False,False,2,18096
P0012,Khairul Islam,Bangladeshi,23-27,A_no_explanation,2,3.0,4.3,5,"Anika P., 29, Full-time",D,True,D,True,True,3,14913
P0012,Khairul Islam,Bangladeshi,23-27,A_no_explanation,2,3.0,4.3,6,"David H., 47, Full-time",A,True,A,True,True,3,10622
P0012,Khairul Islam,Bangladeshi,23-27,A_no_explanation,2,3.0,4.3,7,"Fatima A., 33, Contract",D,False,D,True,False,4,14028
P0012,Khairul Islam,Bangladeshi,23-27,A_no_explanation,2,3.0,4.3,8,"Tom B., 22, Full-time",D,True,D,True,True,2,9762
P0012,Khairul Islam,Bangladeshi,23-27,A_no_explanation,2,3.0,4.3,9,"Olga S., 38, Full-time",A,True,D,False,False,2,24992
P0012,Khairul Islam,Bangladeshi,23-27,A_no_explanation,2,3.0,4.3,10,"Chen W., 45, Part-time",A,False,A,True,False,4,15085
P0013,Nabil Hossain,Bangladeshi,33-40,A_no_explanation,2,3.8,5.0,1,"Sarah M., 34, Part-time",D,True,D,True,True,3,14062
P0013,Nabil Hossain,Bangladeshi,33-40,A_no_explanation,2,3.8,5.0,2,"James K., 28, Full-time",A,True,A,True,True,3,9884
P0013,Nabil Hossain,Bangladeshi,33-40,A_no_explanation,2,3.8,5.0,3,"Priya R., 41, Self-employed",D,False,D,True,False,2,10926
P0013,Nabil Hossain,Bangladeshi,33-40,A_no_explanation,2,3.8,5.0,4,"Marcus T., 55, Part-time",D,True,A,False,False,3,20428
P0013,Nabil Hossain,Bangladeshi,33-40,A_no_explanation,2,3.8,5.0,5,"Anika P., 29, Full-time",D,True,D,True,True,4,15127
P0013,Nabil Hossain,Bangladeshi,33-40,A_no_explanation,2,3.8,5.0,6,"David H., 47, Full-time",A,True,A,True,True,4,9012
P0013,Nabil Hossain,Bangladeshi,33-40,A_no_explanation,2,3.8,5.0,7,"Fatima A., 33, Contract",D,False,D,True,False,2,14065
P0013,Nabil Hossain,Bangladeshi,33-40,A_no_explanation,2,3.8,5.0,8,"Tom B., 22, Full-time",D,True,D,True,True,4,9225
P0013,Nabil Hossain,Bangladeshi,33-40,A_no_explanation,2,3.8,5.0,9,"Olga S., 38, Full-time",A,True,A,True,True,4,13758
P0013,Nabil Hossain,Bangladeshi,33-40,A_no_explanation,2,3.8,5.0,10,"Chen W., 45, Part-time",A,False,A,True,False,3,11308
P0014,Ngozi Obi,Nigerian,18-22,A_no_explanation,1,2.1,1.7,1,"Sarah M., 34, Part-time",D,True,D,True,True,3,20770
P0014,Ngozi Obi,Nigerian,18-22,A_no_explanation,1,2.1,1.7,2,"James K., 28, Full-time",A,True,A,True,True,2,14212
P0014,Ngozi Obi,Nigerian,18-22,A_no_explanation,1,2.1,1.7,3,"Priya R., 41, Self-employed",D,False,A,False,True,2,20283
P0014,Ngozi Obi,Nigerian,18-22,A_no_explanation,1,2.1,1.7,4,"Marcus T., 55, Part-time",D,True,D,True,True,4,11360
P0014,Ngozi Obi,Nigerian,18-22,A_no_explanation,1,2.1,1.7,5,"Anika P., 29, Full-time",D,True,A,False,False,3,21405
P0014,Ngozi Obi,Nigerian,18-22,A_no_explanation,1,2.1,1.7,6,"David H., 47, Full-time",A,True,D,False,False,3,20908
P0014,Ngozi Obi,Nigerian,18-22,A_no_explanation,1,2.1,1.7,7,"Fatima A., 33, Contract",D,False,D,True,False,2,14850
P0014,Ngozi Obi,Nigerian,18-22,A_no_explanation,1,2.1,1.7,8,"Tom B., 22, Full-time",D,True,A,False,False,2,18346
P0014,Ngozi Obi,Nigerian,18-22,A_no_explanation,1,2.1,1.7,9,"Olga S., 38, Full-time",A,True,A,True,True,4,12824
P0014,Ngozi Obi,Nigerian,18-22,A_no_explanation,1,2.1,1.7,10,"Chen W., 45, Part-time",A,False,D,False,True,3,18292
P0015,Wali Ullah,Bangladeshi,23-27,B_surface,1,1.9,2.2,1,"Sarah M., 34, Part-time",D,True,A,False,False,3,26757
P0015,Wali Ullah,Bangladeshi,23-27,B_surface,1,1.9,2.2,2,"James K., 28, Full-time",A,True,D,False,False,2,21073
P0015,Wali Ullah,Bangladeshi,23-27,B_surface,1,1.9,2.2,3,"Priya R., 41, Self-employed",D,False,D,True,False,3,12761
P0015,Wali Ullah,Bangladeshi,23-27,B_surface,1,1.9,2.2,4,"Marcus T., 55, Part-time",D,True,D,True,True,1,9724
P0015,Wali Ullah,Bangladeshi,23-27,B_surface,1,1.9,2.2,5,"Anika P., 29, Full-time",D,True,D,True,True,5,12075
P0015,Wali Ullah,Bangladeshi,23-27,B_surface,1,1.9,2.2,6,"David H., 47, Full-time",A,True,A,True,True,3,13088
P0015,Wali Ullah,Bangladeshi,23-27,B_surface,1,1.9,2.2,7,"Fatima A., 33, Contract",D,False,A,False,True,2,23125
P0015,Wali Ullah,Bangladeshi,23-27,B_surface,1,1.9,2.2,8,"Tom B., 22, Full-time",D,True,D,True,True,2,10801
P0015,Wali Ullah,Bangladeshi,23-27,B_surface,1,1.9,2.2,9,"Olga S., 38, Full-time",A,True,D,False,False,4,20479
P0015,Wali Ullah,Bangladeshi,23-27,B_surface,1,1.9,2.2,10,"Chen W., 45, Part-time",A,False,A,True,False,3,12707
P0016,Imran Hossain,Bangladeshi,23-27,A_no_explanation,3,2.4,3.4,1,"Sarah M., 34, Part-time",D,True,D,True,True,4,10621
P0016,Imran Hossain,Bangladeshi,23-27,A_no_explanation,3,2.4,3.4,2,"James K., 28, Full-time",A,True,A,True,True,3,12557
P0016,Imran Hossain,Bangladeshi,23-27,A_no_explanation,3,2.4,3.4,3,"Priya R., 41, Self-employed",D,False,D,True,False,3,7240
P0016,Imran Hossain,Bangladeshi,23-27,A_no_explanation,3,2.4,3.4,4,"Marcus T., 55, Part-time",D,True,D,True,True,2,12804
P0016,Imran Hossain,Bangladeshi,23-27,A_no_explanation,3,2.4,3.4,5,"Anika P., 29, Full-time",D,True,D,True,True,4,9730
P0016,Imran Hossain,Bangladeshi,23-27,A_no_explanation,3,2.4,3.4,6,"David H., 47, Full-time",A,True,A,True,True,3,9793
P0016,Imran Hossain,Bangladeshi,23-27,A_no_explanation,3,2.4,3.4,7,"Fatima A., 33, Contract",D,False,D,True,False,4,8098
P0016,Imran Hossain,Bangladeshi,23-27,A_no_explanation,3,2.4,3.4,8,"Tom B., 22, Full-time",D,True,D,True,True,3,15241
P0016,Imran Hossain,Bangladeshi,23-27,A_no_explanation,3,2.4,3.4,9,"Olga S., 38, Full-time",A,True,A,True,True,2,14074
P0016,Imran Hossain,Bangladeshi,23-27,A_no_explanation,3,2.4,3.4,10,"Chen W., 45, Part-time",A,False,A,True,False,4,15114
P0017,Hannah Green,British,23-27,A_no_explanation,3,1.9,3.1,1,"Sarah M., 34, Part-time",D,True,D,True,True,2,13790
P0017,Hannah Green,British,23-27,A_no_explanation,3,1.9,3.1,2,"James K., 28, Full-time",A,True,A,True,True,4,14075
P0017,Hannah Green,British,23-27,A_no_explanation,3,1.9,3.1,3,"Priya R., 41, Self-employed",D,False,D,True,False,3,13965
P0017,Hannah Green,British,23-27,A_no_explanation,3,1.9,3.1,4,"Marcus T., 55, Part-time",D,True,A,False,False,1,23124
P0017,Hannah Green,British,23-27,A_no_explanation,3,1.9,3.1,5,"Anika P., 29, Full-time",D,True,A,False,False,2,16896
P0017,Hannah Green,British,23-27,A_no_explanation,3,1.9,3.1,6,"David H., 47, Full-time",A,True,D,False,False,2,20830
P0017,Hannah Green,British,23-27,A_no_explanation,3,1.9,3.1,7,"Fatima A., 33, Contract",D,False,D,True,False,3,12187
P0017,Hannah Green,British,23-27,A_no_explanation,3,1.9,3.1,8,"Tom B., 22, Full-time",D,True,A,False,False,2,17904
P0017,Hannah Green,British,23-27,A_no_explanation,3,1.9,3.1,9,"Olga S., 38, Full-time",A,True,A,True,True,3,15859
P0017,Hannah Green,British,23-27,A_no_explanation,3,1.9,3.1,10,"Chen W., 45, Part-time",A,False,D,False,True,2,15637
P0018,Rasel Ahmed,Bangladeshi,33-40,C_counterfactual,1,4.5,3.7,1,"Sarah M., 34, Part-time",D,True,D,True,True,3,20451
P0018,Rasel Ahmed,Bangladeshi,33-40,C_counterfactual,1,4.5,3.7,2,"James K., 28, Full-time",A,True,D,False,False,5,24774
P0018,Rasel Ahmed,Bangladeshi,33-40,C_counterfactual,1,4.5,3.7,3,"Priya R., 41, Self-employed",D,False,A,False,True,3,20130
P0018,Rasel Ahmed,Bangladeshi,33-40,C_counterfactual,1,4.5,3.7,4,"Marcus T., 55, Part-time",D,True,D,True,True,4,17447
P0018,Rasel Ahmed,Bangladeshi,33-40,C_counterfactual,1,4.5,3.7,5,"Anika P., 29, Full-time",D,True,D,True,True,5,10286
P0018,Rasel Ahmed,Bangladeshi,33-40,C_counterfactual,1,4.5,3.7,6,"David H., 47, Full-time",A,True,D,False,False,3,22227
P0018,Rasel Ahmed,Bangladeshi,33-40,C_counterfactual,1,4.5,3.7,7,"Fatima A., 33, Contract",D,False,D,True,False,5,17039
P0018,Rasel Ahmed,Bangladeshi,33-40,C_counterfactual,1,4.5,3.7,8,"Tom B., 22, Full-time",D,True,D,True,True,4,12713
P0018,Rasel Ahmed,Bangladeshi,33-40,C_counterfactual,1,4.5,3.7,9,"Olga S., 38, Full-time",A,True,D,False,False,3,20843
P0018,Rasel Ahmed,Bangladeshi,33-40,C_counterfactual,1,4.5,3.7,10,"Chen W., 45, Part-time",A,False,A,True,False,3,22045
P0019,Ramesh Dubey,Indian,18-22,A_no_explanation,3,2.9,3.5,1,"Sarah M., 34, Part-time",D,True,D,True,True,4,11601
P0019,Ramesh Dubey,Indian,18-22,A_no_explanation,3,2.9,3.5,2,"James K., 28, Full-time",A,True,A,True,True,4,12451
P0019,Ramesh Dubey,Indian,18-22,A_no_explanation,3,2.9,3.5,3,"Priya R., 41, Self-employed",D,False,A,False,True,2,19909
P0019,Ramesh Dubey,Indian,18-22,A_no_explanation,3,2.9,3.5,4,"Marcus T., 55, Part-time",D,True,A,False,False,3,15273
P0019,Ramesh Dubey,Indian,18-22,A_no_explanation,3,2.9,3.5,5,"Anika P., 29, Full-time",D,True,D,True,True,4,13145
P0019,Ramesh Dubey,Indian,18-22,A_no_explanation,3,2.9,3.5,6,"David H., 47, Full-time",A,True,D,False,False,2,21432
P0019,Ramesh Dubey,Indian,18-22,A_no_explanation,3,2.9,3.5,7,"Fatima A., 33, Contract",D,False,D,True,False,3,14686
P0019,Ramesh Dubey,Indian,18-22,A_no_explanation,3,2.9,3.5,8,"Tom B., 22, Full-time",D,True,A,False,False,3,21323
P0019,Ramesh Dubey,Indian,18-22,A_no_explanation,3,2.9,3.5,9,"Olga S., 38, Full-time",A,True,D,False,False,4,15290
P0019,Ramesh Dubey,Indian,18-22,A_no_explanation,3,2.9,3.5,10,"Chen W., 45, Part-time",A,False,D,False,True,3,16055
P0020,Femi Adebayo,Nigerian,23-27,A_no_explanation,1,2.3,3.8,1,"Sarah M., 34, Part-time",D,True,A,False,False,2,20439
P0020,Femi Adebayo,Nigerian,23-27,A_no_explanation,1,2.3,3.8,2,"James K., 28, Full-time",A,True,A,True,True,3,13135
P0020,Femi Adebayo,Nigerian,23-27,A_no_explanation,1,2.3,3.8,3,"Priya R., 41, Self-employed",D,False,D,True,False,4,15171
P0020,Femi Adebayo,Nigerian,23-27,A_no_explanation,1,2.3,3.8,4,"Marcus T., 55, Part-time",D,True,A,False,False,1,17866
P0020,Femi Adebayo,Nigerian,23-27,A_no_explanation,1,2.3,3.8,5,"Anika P., 29, Full-time",D,True,D,True,True,3,11889
P0020,Femi Adebayo,Nigerian,23-27,A_no_explanation,1,2.3,3.8,6,"David H., 47, Full-time",A,True,A,True,True,3,6760
P0020,Femi Adebayo,Nigerian,23-27,A_no_explanation,1,2.3,3.8,7,"Fatima A., 33, Contract",D,False,A,False,True,3,11163
P0020,Femi Adebayo,Nigerian,23-27,A_no_explanation,1,2.3,3.8,8,"Tom B., 22, Full-time",D,True,D,True,True,2,9797
P0020,Femi Adebayo,Nigerian,23-27,A_no_explanation,1,2.3,3.8,9,"Olga S., 38, Full-time",A,True,A,True,True,4,6551
P0020,Femi Adebayo,Nigerian,23-27,A_no_explanation,1,2.3,3.8,10,"Chen W., 45, Part-time",A,False,A,True,False,4,12468
P0021,Arif Hossain,Bangladeshi,28-32,B_surface,3,1.9,3.3,1,"Sarah M., 34, Part-time",D,True,D,True,True,4,18366
P0021,Arif Hossain,Bangladeshi,28-32,B_surface,3,1.9,3.3,2,"James K., 28, Full-time",A,True,A,True,True,2,9168
P0021,Arif Hossain,Bangladeshi,28-32,B_surface,3,1.9,3.3,3,"Priya R., 41, Self-employed",D,False,D,True,False,3,9289
P0021,Arif Hossain,Bangladeshi,28-32,B_surface,3,1.9,3.3,4,"Marcus T., 55, Part-time",D,True,A,False,False,2,20941
P0021,Arif Hossain,Bangladeshi,28-32,B_surface,3,1.9,3.3,5,"Anika P., 29, Full-time",D,True,A,False,False,2,18034
P0021,Arif Hossain,Bangladeshi,28-32,B_surface,3,1.9,3.3,6,"David H., 47, Full-time",A,True,A,True,True,3,10711
P0021,Arif Hossain,Bangladeshi,28-32,B_surface,3,1.9,3.3,7,"Fatima A., 33, Contract",D,False,D,True,False,4,14170
P0021,Arif Hossain,Bangladeshi,28-32,B_surface,3,1.9,3.3,8,"Tom B., 22, Full-time",D,True,D,True,True,1,14935
P0021,Arif Hossain,Bangladeshi,28-32,B_surface,3,1.9,3.3,9,"Olga S., 38, Full-time",A,True,A,True,True,5,14667
P0021,Arif Hossain,Bangladeshi,28-32,B_surface,3,1.9,3.3,10,"Chen W., 45, Part-time",A,False,D,False,True,4,20953
P0022,Lutfur Rahman,Bangladeshi,28-32,B_surface,1,2.8,2.3,1,"Sarah M., 34, Part-time",D,True,D,True,True,3,19070
P0022,Lutfur Rahman,Bangladeshi,28-32,B_surface,1,2.8,2.3,2,"James K., 28, Full-time",A,True,A,True,True,3,15721
P0022,Lutfur Rahman,Bangladeshi,28-32,B_surface,1,2.8,2.3,3,"Priya R., 41, Self-employed",D,False,D,True,False,2,8847
P0022,Lutfur Rahman,Bangladeshi,28-32,B_surface,1,2.8,2.3,4,"Marcus T., 55, Part-time",D,True,A,False,False,3,17673
P0022,Lutfur Rahman,Bangladeshi,28-32,B_surface,1,2.8,2.3,5,"Anika P., 29, Full-time",D,True,A,False,False,3,18011
P0022,Lutfur Rahman,Bangladeshi,28-32,B_surface,1,2.8,2.3,6,"David H., 47, Full-time",A,True,A,True,True,3,13769
P0022,Lutfur Rahman,Bangladeshi,28-32,B_surface,1,2.8,2.3,7,"Fatima A., 33, Contract",D,False,D,True,False,4,16539
P0022,Lutfur Rahman,Bangladeshi,28-32,B_surface,1,2.8,2.3,8,"Tom B., 22, Full-time",D,True,A,False,False,2,20886
P0022,Lutfur Rahman,Bangladeshi,28-32,B_surface,1,2.8,2.3,9,"Olga S., 38, Full-time",A,True,A,True,True,2,14916
P0022,Lutfur Rahman,Bangladeshi,28-32,B_surface,1,2.8,2.3,10,"Chen W., 45, Part-time",A,False,A,True,False,3,19369
P0023,Nayem Islam,Bangladeshi,28-32,C_counterfactual,3,2.5,2.9,1,"Sarah M., 34, Part-time",D,True,D,True,True,3,14709
P0023,Nayem Islam,Bangladeshi,28-32,C_counterfactual,3,2.5,2.9,2,"James K., 28, Full-time",A,True,A,True,True,3,11555
P0023,Nayem Islam,Bangladeshi,28-32,C_counterfactual,3,2.5,2.9,3,"Priya R., 41, Self-employed",D,False,D,True,False,3,16210
P0023,Nayem Islam,Bangladeshi,28-32,C_counterfactual,3,2.5,2.9,4,"Marcus T., 55, Part-time",D,True,A,False,False,4,27519
P0023,Nayem Islam,Bangladeshi,28-32,C_counterfactual,3,2.5,2.9,5,"Anika P., 29, Full-time",D,True,D,True,True,4,12059
P0023,Nayem Islam,Bangladeshi,28-32,C_counterfactual,3,2.5,2.9,6,"David H., 47, Full-time",A,True,D,False,False,3,24371
P0023,Nayem Islam,Bangladeshi,28-32,C_counterfactual,3,2.5,2.9,7,"Fatima A., 33, Contract",D,False,A,False,True,4,27356
P0023,Nayem Islam,Bangladeshi,28-32,C_counterfactual,3,2.5,2.9,8,"Tom B., 22, Full-time",D,True,D,True,True,4,10928
P0023,Nayem Islam,Bangladeshi,28-32,C_counterfactual,3,2.5,2.9,9,"Olga S., 38, Full-time",A,True,A,True,True,3,17180
P0023,Nayem Islam,Bangladeshi,28-32,C_counterfactual,3,2.5,2.9,10,"Chen W., 45, Part-time",A,False,A,True,False,3,9474
P0024,Olivia Morris,British,18-22,B_surface,3,1.4,2.4,1,"Sarah M., 34, Part-time",D,True,D,True,True,3,20141
P0024,Olivia Morris,British,18-22,B_surface,3,1.4,2.4,2,"James K., 28, Full-time",A,True,A,True,True,3,11032
P0024,Olivia Morris,British,18-22,B_surface,3,1.4,2.4,3,"Priya R., 41, Self-employed",D,False,A,False,True,3,19824
P0024,Olivia Morris,British,18-22,B_surface,3,1.4,2.4,4,"Marcus T., 55, Part-time",D,True,D,True,True,4,14170
P0024,Olivia Morris,British,18-22,B_surface,3,1.4,2.4,5,"Anika P., 29, Full-time",D,True,D,True,True,4,7477
P0024,Olivia Morris,British,18-22,B_surface,3,1.4,2.4,6,"David H., 47, Full-time",A,True,A,True,True,3,13775
P0024,Olivia Morris,British,18-22,B_surface,3,1.4,2.4,7,"Fatima A., 33, Contract",D,False,D,True,False,3,8019
P0024,Olivia Morris,British,18-22,B_surface,3,1.4,2.4,8,"Tom B., 22, Full-time",D,True,D,True,True,2,12602
P0024,Olivia Morris,British,18-22,B_surface,3,1.4,2.4,9,"Olga S., 38, Full-time",A,True,A,True,True,3,16726
P0024,Olivia Morris,British,18-22,B_surface,3,1.4,2.4,10,"Chen W., 45, Part-time",A,False,A,True,False,4,13951
P0025,Ashique Hossain,Bangladeshi,23-27,A_no_explanation,3,2.5,3.2,1,"Sarah M., 34, Part-time",D,True,D,True,True,3,16649
P0025,Ashique Hossain,Bangladeshi,23-27,A_no_explanation,3,2.5,3.2,2,"James K., 28, Full-time",A,True,A,True,True,3,19263
P0025,Ashique Hossain,Bangladeshi,23-27,A_no_explanation,3,2.5,3.2,3,"Priya R., 41, Self-employed",D,False,D,True,False,3,15023
P0025,Ashique Hossain,Bangladeshi,23-27,A_no_explanation,3,2.5,3.2,4,"Marcus T., 55, Part-time",D,True,A,False,False,2,19476
P0025,Ashique Hossain,Bangladeshi,23-27,A_no_explanation,3,2.5,3.2,5,"Anika P., 29, Full-time",D,True,D,True,True,4,8450
P0025,Ashique Hossain,Bangladeshi,23-27,A_no_explanation,3,2.5,3.2,6,"David H., 47, Full-time",A,True,D,False,False,2,11763
P0025,Ashique Hossain,Bangladeshi,23-27,A_no_explanation,3,2.5,3.2,7,"Fatima A., 33, Contract",D,False,D,True,False,2,3516
P0025,Ashique Hossain,Bangladeshi,23-27,A_no_explanation,3,2.5,3.2,8,"Tom B., 22, Full-time",D,True,D,True,True,2,9493
P0025,Ashique Hossain,Bangladeshi,23-27,A_no_explanation,3,2.5,3.2,9,"Olga S., 38, Full-time",A,True,A,True,True,3,10580
P0025,Ashique Hossain,Bangladeshi,23-27,A_no_explanation,3,2.5,3.2,10,"Chen W., 45, Part-time",A,False,A,True,False,4,12218
P0026,Fatou Diallo,Other,28-32,C_counterfactual,3,4.0,3.6,1,"Sarah M., 34, Part-time",D,True,A,False,False,4,23059
P0026,Fatou Diallo,Other,28-32,C_counterfactual,3,4.0,3.6,2,"James K., 28, Full-time",A,True,D,False,False,3,27179
P0026,Fatou Diallo,Other,28-32,C_counterfactual,3,4.0,3.6,3,"Priya R., 41, Self-employed",D,False,A,False,True,3,25906
P0026,Fatou Diallo,Other,28-32,C_counterfactual,3,4.0,3.6,4,"Marcus T., 55, Part-time",D,True,D,True,True,3,12580
P0026,Fatou Diallo,Other,28-32,C_counterfactual,3,4.0,3.6,5,"Anika P., 29, Full-time",D,True,D,True,True,4,14680
P0026,Fatou Diallo,Other,28-32,C_counterfactual,3,4.0,3.6,6,"David H., 47, Full-time",A,True,D,False,False,4,18812
P0026,Fatou Diallo,Other,28-32,C_counterfactual,3,4.0,3.6,7,"Fatima A., 33, Contract",D,False,A,False,True,4,14276
P0026,Fatou Diallo,Other,28-32,C_counterfactual,3,4.0,3.6,8,"Tom B., 22, Full-time",D,True,D,True,True,4,13448
P0026,Fatou Diallo,Other,28-32,C_counterfactual,3,4.0,3.6,9,"Olga S., 38, Full-time",A,True,A,True,True,4,11562
P0026,Fatou Diallo,Other,28-32,C_counterfactual,3,4.0,3.6,10,"Chen W., 45, Part-time",A,False,D,False,True,3,23587
P0027,Sagor Hossain,Bangladeshi,18-22,B_surface,1,3.7,3.9,1,"Sarah M., 34, Part-time",D,True,A,False,False,3,28618
P0027,Sagor Hossain,Bangladeshi,18-22,B_surface,1,3.7,3.9,2,"James K., 28, Full-time",A,True,A,True,True,3,14527
P0027,Sagor Hossain,Bangladeshi,18-22,B_surface,1,3.7,3.9,3,"Priya R., 41, Self-employed",D,False,D,True,False,4,14930
P0027,Sagor Hossain,Bangladeshi,18-22,B_surface,1,3.7,3.9,4,"Marcus T., 55, Part-time",D,True,D,True,True,3,4674
P0027,Sagor Hossain,Bangladeshi,18-22,B_surface,1,3.7,3.9,5,"Anika P., 29, Full-time",D,True,A,False,False,3,21701
P0027,Sagor Hossain,Bangladeshi,18-22,B_surface,1,3.7,3.9,6,"David H., 47, Full-time",A,True,A,True,True,3,13740
P0027,Sagor Hossain,Bangladeshi,18-22,B_surface,1,3.7,3.9,7,"Fatima A., 33, Contract",D,False,A,False,True,4,13390
P0027,Sagor Hossain,Bangladeshi,18-22,B_surface,1,3.7,3.9,8,"Tom B., 22, Full-time",D,True,D,True,True,3,11000
P0027,Sagor Hossain,Bangladeshi,18-22,B_surface,1,3.7,3.9,9,"Olga S., 38, Full-time",A,True,A,True,True,4,11761
P0027,Sagor Hossain,Bangladeshi,18-22,B_surface,1,3.7,3.9,10,"Chen W., 45, Part-time",A,False,A,True,False,2,16211
P0028,Mehrab Hossain,Bangladeshi,18-22,A_no_explanation,2,4.2,3.2,1,"Sarah M., 34, Part-time",D,True,D,True,True,4,16508
P0028,Mehrab Hossain,Bangladeshi,18-22,A_no_explanation,2,4.2,3.2,2,"James K., 28, Full-time",A,True,D,False,False,3,15171
P0028,Mehrab Hossain,Bangladeshi,18-22,A_no_explanation,2,4.2,3.2,3,"Priya R., 41, Self-employed",D,False,D,True,False,4,8668
P0028,Mehrab Hossain,Bangladeshi,18-22,A_no_explanation,2,4.2,3.2,4,"Marcus T., 55, Part-time",D,True,D,True,True,2,4163
P0028,Mehrab Hossain,Bangladeshi,18-22,A_no_explanation,2,4.2,3.2,5,"Anika P., 29, Full-time",D,True,D,True,True,3,9642
P0028,Mehrab Hossain,Bangladeshi,18-22,A_no_explanation,2,4.2,3.2,6,"David H., 47, Full-time",A,True,A,True,True,3,9009
P0028,Mehrab Hossain,Bangladeshi,18-22,A_no_explanation,2,4.2,3.2,7,"Fatima A., 33, Contract",D,False,D,True,False,4,14509
P0028,Mehrab Hossain,Bangladeshi,18-22,A_no_explanation,2,4.2,3.2,8,"Tom B., 22, Full-time",D,True,A,False,False,2,16309
P0028,Mehrab Hossain,Bangladeshi,18-22,A_no_explanation,2,4.2,3.2,9,"Olga S., 38, Full-time",A,True,A,True,True,3,8554
P0028,Mehrab Hossain,Bangladeshi,18-22,A_no_explanation,2,4.2,3.2,10,"Chen W., 45, Part-time",A,False,D,False,True,3,24513
P0029,Hasna Begum,Bangladeshi,18-22,B_surface,3,4.0,3.8,1,"Sarah M., 34, Part-time",D,True,D,True,True,3,16600
P0029,Hasna Begum,Bangladeshi,18-22,B_surface,3,4.0,3.8,2,"James K., 28, Full-time",A,True,A,True,True,3,11704
P0029,Hasna Begum,Bangladeshi,18-22,B_surface,3,4.0,3.8,3,"Priya R., 41, Self-employed",D,False,D,True,False,2,11305
P0029,Hasna Begum,Bangladeshi,18-22,B_surface,3,4.0,3.8,4,"Marcus T., 55, Part-time",D,True,A,False,False,3,17650
P0029,Hasna Begum,Bangladeshi,18-22,B_surface,3,4.0,3.8,5,"Anika P., 29, Full-time",D,True,D,True,True,4,10740
P0029,Hasna Begum,Bangladeshi,18-22,B_surface,3,4.0,3.8,6,"David H., 47, Full-time",A,True,A,True,True,4,10111
P0029,Hasna Begum,Bangladeshi,18-22,B_surface,3,4.0,3.8,7,"Fatima A., 33, Contract",D,False,D,True,False,2,17496
P0029,Hasna Begum,Bangladeshi,18-22,B_surface,3,4.0,3.8,8,"Tom B., 22, Full-time",D,True,A,False,False,3,18130
P0029,Hasna Begum,Bangladeshi,18-22,B_surface,3,4.0,3.8,9,"Olga S., 38, Full-time",A,True,D,False,False,3,18871
P0029,Hasna Begum,Bangladeshi,18-22,B_surface,3,4.0,3.8,10,"Chen W., 45, Part-time",A,False,D,False,True,4,21154
P0030,Vikram Singh,Indian,18-22,B_surface,1,3.3,1.4,1,"Sarah M., 34, Part-time",D,True,D,True,True,4,18658
P0030,Vikram Singh,Indian,18-22,B_surface,1,3.3,1.4,2,"James K., 28, Full-time",A,True,D,False,False,3,14858
P0030,Vikram Singh,Indian,18-22,B_surface,1,3.3,1.4,3,"Priya R., 41, Self-employed",D,False,A,False,True,3,15489
P0030,Vikram Singh,Indian,18-22,B_surface,1,3.3,1.4,4,"Marcus T., 55, Part-time",D,True,A,False,False,1,20346
P0030,Vikram Singh,Indian,18-22,B_surface,1,3.3,1.4,5,"Anika P., 29, Full-time",D,True,D,True,True,2,11426
P0030,Vikram Singh,Indian,18-22,B_surface,1,3.3,1.4,6,"David H., 47, Full-time",A,True,A,True,True,3,14524
P0030,Vikram Singh,Indian,18-22,B_surface,1,3.3,1.4,7,"Fatima A., 33, Contract",D,False,A,False,True,3,13164
P0030,Vikram Singh,Indian,18-22,B_surface,1,3.3,1.4,8,"Tom B., 22, Full-time",D,True,D,True,True,3,13242
P0030,Vikram Singh,Indian,18-22,B_surface,1,3.3,1.4,9,"Olga S., 38, Full-time",A,True,D,False,False,2,16779
P0030,Vikram Singh,Indian,18-22,B_surface,1,3.3,1.4,10,"Chen W., 45, Part-time",A,False,A,True,False,4,16602
P0031,Lei Hu,Chinese,51+,C_counterfactual,0,2.1,3.3,1,"Sarah M., 34, Part-time",D,True,A,False,False,5,26181
P0031,Lei Hu,Chinese,51+,C_counterfactual,0,2.1,3.3,2,"James K., 28, Full-time",A,True,A,True,True,3,14608
P0031,Lei Hu,Chinese,51+,C_counterfactual,0,2.1,3.3,3,"Priya R., 41, Self-employed",D,False,A,False,True,3,16145
P0031,Lei Hu,Chinese,51+,C_counterfactual,0,2.1,3.3,4,"Marcus T., 55, Part-time",D,True,A,False,False,4,20155
P0031,Lei Hu,Chinese,51+,C_counterfactual,0,2.1,3.3,5,"Anika P., 29, Full-time",D,True,D,True,True,3,18196
P0031,Lei Hu,Chinese,51+,C_counterfactual,0,2.1,3.3,6,"David H., 47, Full-time",A,True,D,False,False,3,24191
P0031,Lei Hu,Chinese,51+,C_counterfactual,0,2.1,3.3,7,"Fatima A., 33, Contract",D,False,A,False,True,2,25182
P0031,Lei Hu,Chinese,51+,C_counterfactual,0,2.1,3.3,8,"Tom B., 22, Full-time",D,True,D,True,True,3,16632
P0031,Lei Hu,Chinese,51+,C_counterfactual,0,2.1,3.3,9,"Olga S., 38, Full-time",A,True,A,True,True,3,17180
P0031,Lei Hu,Chinese,51+,C_counterfactual,0,2.1,3.3,10,"Chen W., 45, Part-time",A,False,D,False,True,3,23777
P0032,Rekha Bose,Indian,41-50,B_surface,1,3.6,3.0,1,"Sarah M., 34, Part-time",D,True,D,True,True,4,18592
P0032,Rekha Bose,Indian,41-50,B_surface,1,3.6,3.0,2,"James K., 28, Full-time",A,True,A,True,True,4,16789
P0032,Rekha Bose,Indian,41-50,B_surface,1,3.6,3.0,3,"Priya R., 41, Self-employed",D,False,A,False,True,2,22007
P0032,Rekha Bose,Indian,41-50,B_surface,1,3.6,3.0,4,"Marcus T., 55, Part-time",D,True,D,True,True,3,13056
P0032,Rekha Bose,Indian,41-50,B_surface,1,3.6,3.0,5,"Anika P., 29, Full-time",D,True,D,True,True,4,13375
P0032,Rekha Bose,Indian,41-50,B_surface,1,3.6,3.0,6,"David H., 47, Full-time",A,True,D,False,False,3,22269
P0032,Rekha Bose,Indian,41-50,B_surface,1,3.6,3.0,7,"Fatima A., 33, Contract",D,False,A,False,True,3,28370
P0032,Rekha Bose,Indian,41-50,B_surface,1,3.6,3.0,8,"Tom B., 22, Full-time",D,True,A,False,False,3,17058
P0032,Rekha Bose,Indian,41-50,B_surface,1,3.6,3.0,9,"Olga S., 38, Full-time",A,True,A,True,True,3,10191
P0032,Rekha Bose,Indian,41-50,B_surface,1,3.6,3.0,10,"Chen W., 45, Part-time",A,False,A,True,False,3,8688
P0033,Nazia Islam,Bangladeshi,18-22,B_surface,2,3.1,4.2,1,"Sarah M., 34, Part-time",D,True,D,True,True,3,16943
P0033,Nazia Islam,Bangladeshi,18-22,B_surface,2,3.1,4.2,2,"James K., 28, Full-time",A,True,A,True,True,4,8317
P0033,Nazia Islam,Bangladeshi,18-22,B_surface,2,3.1,4.2,3,"Priya R., 41, Self-employed",D,False,A,False,True,2,21709
P0033,Nazia Islam,Bangladeshi,18-22,B_surface,2,3.1,4.2,4,"Marcus T., 55, Part-time",D,True,A,False,False,3,20932
P0033,Nazia Islam,Bangladeshi,18-22,B_surface,2,3.1,4.2,5,"Anika P., 29, Full-time",D,True,D,True,True,3,13325
P0033,Nazia Islam,Bangladeshi,18-22,B_surface,2,3.1,4.2,6,"David H., 47, Full-time",A,True,A,True,True,4,16664
P0033,Nazia Islam,Bangladeshi,18-22,B_surface,2,3.1,4.2,7,"Fatima A., 33, Contract",D,False,A,False,True,3,22085
P0033,Nazia Islam,Bangladeshi,18-22,B_surface,2,3.1,4.2,8,"Tom B., 22, Full-time",D,True,D,True,True,3,13601
P0033,Nazia Islam,Bangladeshi,18-22,B_surface,2,3.1,4.2,9,"Olga S., 38, Full-time",A,True,D,False,False,4,26602
P0033,Nazia Islam,Bangladeshi,18-22,B_surface,2,3.1,4.2,10,"Chen W., 45, Part-time",A,False,A,True,False,4,17071
P0034,Shahriar Kabir,Bangladeshi,23-27,A_no_explanation,2,3.3,3.9,1,"Sarah M., 34, Part-time",D,True,D,True,True,3,17776
P0034,Shahriar Kabir,Bangladeshi,23-27,A_no_explanation,2,3.3,3.9,2,"James K., 28, Full-time",A,True,D,False,False,3,15536
P0034,Shahriar Kabir,Bangladeshi,23-27,A_no_explanation,2,3.3,3.9,3,"Priya R., 41, Self-employed",D,False,A,False,True,2,21008
P0034,Shahriar Kabir,Bangladeshi,23-27,A_no_explanation,2,3.3,3.9,4,"Marcus T., 55, Part-time",D,True,A,False,False,2,20861
P0034,Shahriar Kabir,Bangladeshi,23-27,A_no_explanation,2,3.3,3.9,5,"Anika P., 29, Full-time",D,True,D,True,True,3,9601
P0034,Shahriar Kabir,Bangladeshi,23-27,A_no_explanation,2,3.3,3.9,6,"David H., 47, Full-time",A,True,D,False,False,2,15260
P0034,Shahriar Kabir,Bangladeshi,23-27,A_no_explanation,2,3.3,3.9,7,"Fatima A., 33, Contract",D,False,D,True,False,3,10687
P0034,Shahriar Kabir,Bangladeshi,23-27,A_no_explanation,2,3.3,3.9,8,"Tom B., 22, Full-time",D,True,D,True,True,1,18894
P0034,Shahriar Kabir,Bangladeshi,23-27,A_no_explanation,2,3.3,3.9,9,"Olga S., 38, Full-time",A,True,D,False,False,2,18554
P0034,Shahriar Kabir,Bangladeshi,23-27,A_no_explanation,2,3.3,3.9,10,"Chen W., 45, Part-time",A,False,A,True,False,3,9045
P0035,Tahiya Islam,Bangladeshi,23-27,A_no_explanation,1,5.0,2.9,1,"Sarah M., 34, Part-time",D,True,A,False,False,4,25814
P0035,Tahiya Islam,Bangladeshi,23-27,A_no_explanation,1,5.0,2.9,2,"James K., 28, Full-time",A,True,D,False,False,4,26078
P0035,Tahiya Islam,Bangladeshi,23-27,A_no_explanation,1,5.0,2.9,3,"Priya R., 41, Self-employed",D,False,A,False,True,2,14109
P0035,Tahiya Islam,Bangladeshi,23-27,A_no_explanation,1,5.0,2.9,4,"Marcus T., 55, Part-time",D,True,D,True,True,3,11404
P0035,Tahiya Islam,Bangladeshi,23-27,A_no_explanation,1,5.0,2.9,5,"Anika P., 29, Full-time",D,True,A,False,False,3,14543
P0035,Tahiya Islam,Bangladeshi,23-27,A_no_explanation,1,5.0,2.9,6,"David H., 47, Full-time",A,True,A,True,True,3,12340
P0035,Tahiya Islam,Bangladeshi,23-27,A_no_explanation,1,5.0,2.9,7,"Fatima A., 33, Contract",D,False,D,True,False,4,10375
P0035,Tahiya Islam,Bangladeshi,23-27,A_no_explanation,1,5.0,2.9,8,"Tom B., 22, Full-time",D,True,D,True,True,3,11799
P0035,Tahiya Islam,Bangladeshi,23-27,A_no_explanation,1,5.0,2.9,9,"Olga S., 38, Full-time",A,True,D,False,False,2,16326
P0035,Tahiya Islam,Bangladeshi,23-27,A_no_explanation,1,5.0,2.9,10,"Chen W., 45, Part-time",A,False,A,True,False,3,12398
P0036,Abid Hossain,Bangladeshi,33-40,B_surface,0,3.8,3.9,1,"Sarah M., 34, Part-time",D,True,A,False,False,3,27377
P0036,Abid Hossain,Bangladeshi,33-40,B_surface,0,3.8,3.9,2,"James K., 28, Full-time",A,True,D,False,False,2,26307
P0036,Abid Hossain,Bangladeshi,33-40,B_surface,0,3.8,3.9,3,"Priya R., 41, Self-employed",D,False,A,False,True,4,27689
P0036,Abid Hossain,Bangladeshi,33-40,B_surface,0,3.8,3.9,4,"Marcus T., 55, Part-time",D,True,D,True,True,3,7213
P0036,Abid Hossain,Bangladeshi,33-40,B_surface,0,3.8,3.9,5,"Anika P., 29, Full-time",D,True,D,True,True,3,14024
P0036,Abid Hossain,Bangladeshi,33-40,B_surface,0,3.8,3.9,6,"David H., 47, Full-time",A,True,D,False,False,2,22638
P0036,Abid Hossain,Bangladeshi,33-40,B_surface,0,3.8,3.9,7,"Fatima A., 33, Contract",D,False,A,False,True,2,13245
P0036,Abid Hossain,Bangladeshi,33-40,B_surface,0,3.8,3.9,8,"Tom B., 22, Full-time",D,True,D,True,True,4,8497
P0036,Abid Hossain,Bangladeshi,33-40,B_surface,0,3.8,3.9,9,"Olga S., 38, Full-time",A,True,A,True,True,3,13751
P0036,Abid Hossain,Bangladeshi,33-40,B_surface,0,3.8,3.9,10,"Chen W., 45, Part-time",A,False,A,True,False,4,14342
P0037,Harry Johnson,British,23-27,C_counterfactual,3,4.8,3.9,1,"Sarah M., 34, Part-time",D,True,D,True,True,3,20236
P0037,Harry Johnson,British,23-27,C_counterfactual,3,4.8,3.9,2,"James K., 28, Full-time",A,True,D,False,False,2,17295
P0037,Harry Johnson,British,23-27,C_counterfactual,3,4.8,3.9,3,"Priya R., 41, Self-employed",D,False,A,False,True,3,25015
P0037,Harry Johnson,British,23-27,C_counterfactual,3,4.8,3.9,4,"Marcus T., 55, Part-time",D,True,A,False,False,2,16727
P0037,Harry Johnson,British,23-27,C_counterfactual,3,4.8,3.9,5,"Anika P., 29, Full-time",D,True,D,True,True,4,19349
P0037,Harry Johnson,British,23-27,C_counterfactual,3,4.8,3.9,6,"David H., 47, Full-time",A,True,D,False,False,4,16670
P0037,Harry Johnson,British,23-27,C_counterfactual,3,4.8,3.9,7,"Fatima A., 33, Contract",D,False,A,False,True,3,24347
P0037,Harry Johnson,British,23-27,C_counterfactual,3,4.8,3.9,8,"Tom B., 22, Full-time",D,True,D,True,True,4,17162
P0037,Harry Johnson,British,23-27,C_counterfactual,3,4.8,3.9,9,"Olga S., 38, Full-time",A,True,D,False,False,5,22419
P0037,Harry Johnson,British,23-27,C_counterfactual,3,4.8,3.9,10,"Chen W., 45, Part-time",A,False,D,False,True,3,25930
P0038,Billal Hossain,Bangladeshi,18-22,C_counterfactual,1,2.5,1.7,1,"Sarah M., 34, Part-time",D,True,D,True,True,3,21411
P0038,Billal Hossain,Bangladeshi,18-22,C_counterfactual,1,2.5,1.7,2,"James K., 28, Full-time",A,True,A,True,True,4,17102
P0038,Billal Hossain,Bangladeshi,18-22,C_counterfactual,1,2.5,1.7,3,"Priya R., 41, Self-employed",D,False,D,True,False,5,14562
P0038,Billal Hossain,Bangladeshi,18-22,C_counterfactual,1,2.5,1.7,4,"Marcus T., 55, Part-time",D,True,A,False,False,2,24751
P0038,Billal Hossain,Bangladeshi,18-22,C_counterfactual,1,2.5,1.7,5,"Anika P., 29, Full-time",D,True,D,True,True,3,12835
P0038,Billal Hossain,Bangladeshi,18-22,C_counterfactual,1,2.5,1.7,6,"David H., 47, Full-time",A,True,D,False,False,4,28189
P0038,Billal Hossain,Bangladeshi,18-22,C_counterfactual,1,2.5,1.7,7,"Fatima A., 33, Contract",D,False,A,False,True,2,21632
P0038,Billal Hossain,Bangladeshi,18-22,C_counterfactual,1,2.5,1.7,8,"Tom B., 22, Full-time",D,True,D,True,True,3,18557
P0038,Billal Hossain,Bangladeshi,18-22,C_counterfactual,1,2.5,1.7,9,"Olga S., 38, Full-time",A,True,D,False,False,2,18548
P0038,Billal Hossain,Bangladeshi,18-22,C_counterfactual,1,2.5,1.7,10,"Chen W., 45, Part-time",A,False,A,True,False,4,6926
P0039,Mahmudul Karim,Bangladeshi,28-32,C_counterfactual,2,2.3,2.9,1,"Sarah M., 34, Part-time",D,True,D,True,True,3,21702
P0039,Mahmudul Karim,Bangladeshi,28-32,C_counterfactual,2,2.3,2.9,2,"James K., 28, Full-time",A,True,A,True,True,4,10174
P0039,Mahmudul Karim,Bangladeshi,28-32,C_counterfactual,2,2.3,2.9,3,"Priya R., 41, Self-employed",D,False,D,True,False,3,19869
P0039,Mahmudul Karim,Bangladeshi,28-32,C_counterfactual,2,2.3,2.9,4,"Marcus T., 55, Part-time",D,True,D,True,True,3,13970
P0039,Mahmudul Karim,Bangladeshi,28-32,C_counterfactual,2,2.3,2.9,5,"Anika P., 29, Full-time",D,True,D,True,True,5,13770
P0039,Mahmudul Karim,Bangladeshi,28-32,C_counterfactual,2,2.3,2.9,6,"David H., 47, Full-time",A,True,D,False,False,4,22339
P0039,Mahmudul Karim,Bangladeshi,28-32,C_counterfactual,2,2.3,2.9,7,"Fatima A., 33, Contract",D,False,A,False,True,2,17514
P0039,Mahmudul Karim,Bangladeshi,28-32,C_counterfactual,2,2.3,2.9,8,"Tom B., 22, Full-time",D,True,D,True,True,5,25335
P0039,Mahmudul Karim,Bangladeshi,28-32,C_counterfactual,2,2.3,2.9,9,"Olga S., 38, Full-time",A,True,A,True,True,3,17795
P0039,Mahmudul Karim,Bangladeshi,28-32,C_counterfactual,2,2.3,2.9,10,"Chen W., 45, Part-time",A,False,D,False,True,2,19002
P0040,Badrul Alam,Bangladeshi,18-22,B_surface,2,3.2,4.5,1,"Sarah M., 34, Part-time",D,True,A,False,False,3,31417
P0040,Badrul Alam,Bangladeshi,18-22,B_surface,2,3.2,4.5,2,"James K., 28, Full-time",A,True,A,True,True,4,13875
P0040,Badrul Alam,Bangladeshi,18-22,B_surface,2,3.2,4.5,3,"Priya R., 41, Self-employed",D,False,D,True,False,3,11985
P0040,Badrul Alam,Bangladeshi,18-22,B_surface,2,3.2,4.5,4,"Marcus T., 55, Part-time",D,True,A,False,False,1,24404
P0040,Badrul Alam,Bangladeshi,18-22,B_surface,2,3.2,4.5,5,"Anika P., 29, Full-time",D,True,D,True,True,3,13070
P0040,Badrul Alam,Bangladeshi,18-22,B_surface,2,3.2,4.5,6,"David H., 47, Full-time",A,True,A,True,True,4,11605
P0040,Badrul Alam,Bangladeshi,18-22,B_surface,2,3.2,4.5,7,"Fatima A., 33, Contract",D,False,D,True,False,3,16166
P0040,Badrul Alam,Bangladeshi,18-22,B_surface,2,3.2,4.5,8,"Tom B., 22, Full-time",D,True,D,True,True,3,12893
P0040,Badrul Alam,Bangladeshi,18-22,B_surface,2,3.2,4.5,9,"Olga S., 38, Full-time",A,True,A,True,True,4,20031
P0040,Badrul Alam,Bangladeshi,18-22,B_surface,2,3.2,4.5,10,"Chen W., 45, Part-time",A,False,A,True,False,4,7014
P0041,Farhan Zulkifli,Malaysian,18-22,C_counterfactual,3,3.7,2.9,1,"Sarah M., 34, Part-time",D,True,D,True,True,3,20796
P0041,Farhan Zulkifli,Malaysian,18-22,C_counterfactual,3,3.7,2.9,2,"James K., 28, Full-time",A,True,D,False,False,3,26305
P0041,Farhan Zulkifli,Malaysian,18-22,C_counterfactual,3,3.7,2.9,3,"Priya R., 41, Self-employed",D,False,A,False,True,5,18539
P0041,Farhan Zulkifli,Malaysian,18-22,C_counterfactual,3,3.7,2.9,4,"Marcus T., 55, Part-time",D,True,D,True,True,4,17731
P0041,Farhan Zulkifli,Malaysian,18-22,C_counterfactual,3,3.7,2.9,5,"Anika P., 29, Full-time",D,True,A,False,False,3,22352
P0041,Farhan Zulkifli,Malaysian,18-22,C_counterfactual,3,3.7,2.9,6,"David H., 47, Full-time",A,True,D,False,False,3,24805
P0041,Farhan Zulkifli,Malaysian,18-22,C_counterfactual,3,3.7,2.9,7,"Fatima A., 33, Contract",D,False,A,False,True,3,24182
P0041,Farhan Zulkifli,Malaysian,18-22,C_counterfactual,3,3.7,2.9,8,"Tom B., 22, Full-time",D,True,A,False,False,3,26472
P0041,Farhan Zulkifli,Malaysian,18-22,C_counterfactual,3,3.7,2.9,9,"Olga S., 38, Full-time",A,True,A,True,True,2,11764
P0041,Farhan Zulkifli,Malaysian,18-22,C_counterfactual,3,3.7,2.9,10,"Chen W., 45, Part-time",A,False,D,False,True,4,22547
P0042,Sharif Ahmed,Bangladeshi,28-32,B_surface,1,3.3,2.4,1,"Sarah M., 34, Part-time",D,True,D,True,True,3,21884
P0042,Sharif Ahmed,Bangladeshi,28-32,B_surface,1,3.3,2.4,2,"James K., 28, Full-time",A,True,A,True,True,3,13748
P0042,Sharif Ahmed,Bangladeshi,28-32,B_surface,1,3.3,2.4,3,"Priya R., 41, Self-employed",D,False,A,False,True,3,13879
P0042,Sharif Ahmed,Bangladeshi,28-32,B_surface,1,3.3,2.4,4,"Marcus T., 55, Part-time",D,True,D,True,True,3,15522
P0042,Sharif Ahmed,Bangladeshi,28-32,B_surface,1,3.3,2.4,5,"Anika P., 29, Full-time",D,True,A,False,False,3,21839
P0042,Sharif Ahmed,Bangladeshi,28-32,B_surface,1,3.3,2.4,6,"David H., 47, Full-time",A,True,A,True,True,3,10483
P0042,Sharif Ahmed,Bangladeshi,28-32,B_surface,1,3.3,2.4,7,"Fatima A., 33, Contract",D,False,D,True,False,3,7791
P0042,Sharif Ahmed,Bangladeshi,28-32,B_surface,1,3.3,2.4,8,"Tom B., 22, Full-time",D,True,D,True,True,3,14037
P0042,Sharif Ahmed,Bangladeshi,28-32,B_surface,1,3.3,2.4,9,"Olga S., 38, Full-time",A,True,A,True,True,4,7934
P0042,Sharif Ahmed,Bangladeshi,28-32,B_surface,1,3.3,2.4,10,"Chen W., 45, Part-time",A,False,D,False,True,2,19498
P0043,Shahed Alam,Bangladeshi,33-40,A_no_explanation,1,3.4,3.4,1,"Sarah M., 34, Part-time",D,True,D,True,True,4,16104
P0043,Shahed Alam,Bangladeshi,33-40,A_no_explanation,1,3.4,3.4,2,"James K., 28, Full-time",A,True,A,True,True,3,13590
P0043,Shahed Alam,Bangladeshi,33-40,A_no_explanation,1,3.4,3.4,3,"Priya R., 41, Self-employed",D,False,D,True,False,3,7162
P0043,Shahed Alam,Bangladeshi,33-40,A_no_explanation,1,3.4,3.4,4,"Marcus T., 55, Part-time",D,True,D,True,True,2,7249
P0043,Shahed Alam,Bangladeshi,33-40,A_no_explanation,1,3.4,3.4,5,"Anika P., 29, Full-time",D,True,A,False,False,2,13428
P0043,Shahed Alam,Bangladeshi,33-40,A_no_explanation,1,3.4,3.4,6,"David H., 47, Full-time",A,True,A,True,True,4,9164
P0043,Shahed Alam,Bangladeshi,33-40,A_no_explanation,1,3.4,3.4,7,"Fatima A., 33, Contract",D,False,A,False,True,4,24468
P0043,Shahed Alam,Bangladeshi,33-40,A_no_explanation,1,3.4,3.4,8,"Tom B., 22, Full-time",D,True,A,False,False,2,18221
P0043,Shahed Alam,Bangladeshi,33-40,A_no_explanation,1,3.4,3.4,9,"Olga S., 38, Full-time",A,True,A,True,True,3,11401
P0043,Shahed Alam,Bangladeshi,33-40,A_no_explanation,1,3.4,3.4,10,"Chen W., 45, Part-time",A,False,D,False,True,3,18869
P0044,Zakia Begum,Bangladeshi,23-27,A_no_explanation,1,4.8,2.7,1,"Sarah M., 34, Part-time",D,True,D,True,True,2,18415
P0044,Zakia Begum,Bangladeshi,23-27,A_no_explanation,1,4.8,2.7,2,"James K., 28, Full-time",A,True,D,False,False,2,19169
P0044,Zakia Begum,Bangladeshi,23-27,A_no_explanation,1,4.8,2.7,3,"Priya R., 41, Self-employed",D,False,D,True,False,3,9132
P0044,Zakia Begum,Bangladeshi,23-27,A_no_explanation,1,4.8,2.7,4,"Marcus T., 55, Part-time",D,True,A,False,False,3,26923
P0044,Zakia Begum,Bangladeshi,23-27,A_no_explanation,1,4.8,2.7,5,"Anika P., 29, Full-time",D,True,D,True,True,2,8801
P0044,Zakia Begum,Bangladeshi,23-27,A_no_explanation,1,4.8,2.7,6,"David H., 47, Full-time",A,True,D,False,False,1,21367
P0044,Zakia Begum,Bangladeshi,23-27,A_no_explanation,1,4.8,2.7,7,"Fatima A., 33, Contract",D,False,A,False,True,3,17369
P0044,Zakia Begum,Bangladeshi,23-27,A_no_explanation,1,4.8,2.7,8,"Tom B., 22, Full-time",D,True,D,True,True,3,14648
P0044,Zakia Begum,Bangladeshi,23-27,A_no_explanation,1,4.8,2.7,9,"Olga S., 38, Full-time",A,True,A,True,True,3,16503
P0044,Zakia Begum,Bangladeshi,23-27,A_no_explanation,1,4.8,2.7,10,"Chen W., 45, Part-time",A,False,A,True,False,3,12073
P0045,Layla Akter,Bangladeshi,18-22,C_counterfactual,3,3.4,4.0,1,"Sarah M., 34, Part-time",D,True,D,True,True,2,22616
P0045,Layla Akter,Bangladeshi,18-22,C_counterfactual,3,3.4,4.0,2,"James K., 28, Full-time",A,True,A,True,True,5,21515
P0045,Layla Akter,Bangladeshi,18-22,C_counterfactual,3,3.4,4.0,3,"Priya R., 41, Self-employed",D,False,A,False,True,2,22625
P0045,Layla Akter,Bangladeshi,18-22,C_counterfactual,3,3.4,4.0,4,"Marcus T., 55, Part-time",D,True,D,True,True,4,19216
P0045,Layla Akter,Bangladeshi,18-22,C_counterfactual,3,3.4,4.0,5,"Anika P., 29, Full-time",D,True,D,True,True,4,16890
P0045,Layla Akter,Bangladeshi,18-22,C_counterfactual,3,3.4,4.0,6,"David H., 47, Full-time",A,True,A,True,True,3,15509
P0045,Layla Akter,Bangladeshi,18-22,C_counterfactual,3,3.4,4.0,7,"Fatima A., 33, Contract",D,False,D,True,False,3,14122
P0045,Layla Akter,Bangladeshi,18-22,C_counterfactual,3,3.4,4.0,8,"Tom B., 22, Full-time",D,True,D,True,True,4,18513
P0045,Layla Akter,Bangladeshi,18-22,C_counterfactual,3,3.4,4.0,9,"Olga S., 38, Full-time",A,True,D,False,False,3,27864
P0045,Layla Akter,Bangladeshi,18-22,C_counterfactual,3,3.4,4.0,10,"Chen W., 45, Part-time",A,False,D,False,True,3,22518
P0046,Nusrat Jahan,Bangladeshi,18-22,A_no_explanation,1,2.6,3.5,1,"Sarah M., 34, Part-time",D,True,D,True,True,3,19290
P0046,Nusrat Jahan,Bangladeshi,18-22,A_no_explanation,1,2.6,3.5,2,"James K., 28, Full-time",A,True,A,True,True,3,11997
P0046,Nusrat Jahan,Bangladeshi,18-22,A_no_explanation,1,2.6,3.5,3,"Priya R., 41, Self-employed",D,False,A,False,True,3,19287
P0046,Nusrat Jahan,Bangladeshi,18-22,A_no_explanation,1,2.6,3.5,4,"Marcus T., 55, Part-time",D,True,D,True,True,3,14382
P0046,Nusrat Jahan,Bangladeshi,18-22,A_no_explanation,1,2.6,3.5,5,"Anika P., 29, Full-time",D,True,D,True,True,4,13869
P0046,Nusrat Jahan,Bangladeshi,18-22,A_no_explanation,1,2.6,3.5,6,"David H., 47, Full-time",A,True,A,True,True,3,9686
P0046,Nusrat Jahan,Bangladeshi,18-22,A_no_explanation,1,2.6,3.5,7,"Fatima A., 33, Contract",D,False,D,True,False,4,19091
P0046,Nusrat Jahan,Bangladeshi,18-22,A_no_explanation,1,2.6,3.5,8,"Tom B., 22, Full-time",D,True,D,True,True,2,12578
P0046,Nusrat Jahan,Bangladeshi,18-22,A_no_explanation,1,2.6,3.5,9,"Olga S., 38, Full-time",A,True,A,True,True,3,9852
P0046,Nusrat Jahan,Bangladeshi,18-22,A_no_explanation,1,2.6,3.5,10,"Chen W., 45, Part-time",A,False,D,False,True,2,21411
P0047,Manoj Joshi,Indian,23-27,B_surface,2,3.0,3.3,1,"Sarah M., 34, Part-time",D,True,D,True,True,4,23261
P0047,Manoj Joshi,Indian,23-27,B_surface,2,3.0,3.3,2,"James K., 28, Full-time",A,True,D,False,False,2,23098
P0047,Manoj Joshi,Indian,23-27,B_surface,2,3.0,3.3,3,"Priya R., 41, Self-employed",D,False,D,True,False,3,10951
P0047,Manoj Joshi,Indian,23-27,B_surface,2,3.0,3.3,4,"Marcus T., 55, Part-time",D,True,D,True,True,3,11818
P0047,Manoj Joshi,Indian,23-27,B_surface,2,3.0,3.3,5,"Anika P., 29, Full-time",D,True,A,False,False,3,25790
P0047,Manoj Joshi,Indian,23-27,B_surface,2,3.0,3.3,6,"David H., 47, Full-time",A,True,D,False,False,2,18707
P0047,Manoj Joshi,Indian,23-27,B_surface,2,3.0,3.3,7,"Fatima A., 33, Contract",D,False,A,False,True,2,18183
P0047,Manoj Joshi,Indian,23-27,B_surface,2,3.0,3.3,8,"Tom B., 22, Full-time",D,True,D,True,True,3,4585
P0047,Manoj Joshi,Indian,23-27,B_surface,2,3.0,3.3,9,"Olga S., 38, Full-time",A,True,A,True,True,4,9148
P0047,Manoj Joshi,Indian,23-27,B_surface,2,3.0,3.3,10,"Chen W., 45, Part-time",A,False,A,True,False,3,11838
P0048,Deepa Singh,Indian,41-50,B_surface,3,4.4,2.7,1,"Sarah M., 34, Part-time",D,True,D,True,True,4,18545
P0048,Deepa Singh,Indian,41-50,B_surface,3,4.4,2.7,2,"James K., 28, Full-time",A,True,D,False,False,3,26450
P0048,Deepa Singh,Indian,41-50,B_surface,3,4.4,2.7,3,"Priya R., 41, Self-employed",D,False,A,False,True,3,21458
P0048,Deepa Singh,Indian,41-50,B_surface,3,4.4,2.7,4,"Marcus T., 55, Part-time",D,True,D,True,True,5,5463
P0048,Deepa Singh,Indian,41-50,B_surface,3,4.4,2.7,5,"Anika P., 29, Full-time",D,True,D,True,True,3,10317
P0048,Deepa Singh,Indian,41-50,B_surface,3,4.4,2.7,6,"David H., 47, Full-time",A,True,D,False,False,2,18277
P0048,Deepa Singh,Indian,41-50,B_surface,3,4.4,2.7,7,"Fatima A., 33, Contract",D,False,D,True,False,3,4479
P0048,Deepa Singh,Indian,41-50,B_surface,3,4.4,2.7,8,"Tom B., 22, Full-time",D,True,A,False,False,4,18042
P0048,Deepa Singh,Indian,41-50,B_surface,3,4.4,2.7,9,"Olga S., 38, Full-time",A,True,D,False,False,3,21355
P0048,Deepa Singh,Indian,41-50,B_surface,3,4.4,2.7,10,"Chen W., 45, Part-time",A,False,A,True,False,3,18737
P0049,Peng Sun,Chinese,23-27,A_no_explanation,3,3.2,3.6,1,"Sarah M., 34, Part-time",D,True,A,False,False,3,27532
P0049,Peng Sun,Chinese,23-27,A_no_explanation,3,3.2,3.6,2,"James K., 28, Full-time",A,True,D,False,False,2,16010
P0049,Peng Sun,Chinese,23-27,A_no_explanation,3,3.2,3.6,3,"Priya R., 41, Self-employed",D,False,D,True,False,3,13233
P0049,Peng Sun,Chinese,23-27,A_no_explanation,3,3.2,3.6,4,"Marcus T., 55, Part-time",D,True,D,True,True,3,20847
P0049,Peng Sun,Chinese,23-27,A_no_explanation,3,3.2,3.6,5,"Anika P., 29, Full-time",D,True,A,False,False,2,18303
P0049,Peng Sun,Chinese,23-27,A_no_explanation,3,3.2,3.6,6,"David H., 47, Full-time",A,True,A,True,True,4,16463
P0049,Peng Sun,Chinese,23-27,A_no_explanation,3,3.2,3.6,7,"Fatima A., 33, Contract",D,False,A,False,True,2,23790
P0049,Peng Sun,Chinese,23-27,A_no_explanation,3,3.2,3.6,8,"Tom B., 22, Full-time",D,True,D,True,True,3,13875
P0049,Peng Sun,Chinese,23-27,A_no_explanation,3,3.2,3.6,9,"Olga S., 38, Full-time",A,True,D,False,False,3,20279
P0049,Peng Sun,Chinese,23-27,A_no_explanation,3,3.2,3.6,10,"Chen W., 45, Part-time",A,False,A,True,False,3,11634
P0050,Fatema Begum,Bangladeshi,28-32,A_no_explanation,2,3.1,2.9,1,"Sarah M., 34, Part-time",D,True,D,True,True,4,14635
P0050,Fatema Begum,Bangladeshi,28-32,A_no_explanation,2,3.1,2.9,2,"James K., 28, Full-time",A,True,A,True,True,3,7252
P0050,Fatema Begum,Bangladeshi,28-32,A_no_explanation,2,3.1,2.9,3,"Priya R., 41, Self-employed",D,False,A,False,True,3,17386
P0050,Fatema Begum,Bangladeshi,28-32,A_no_explanation,2,3.1,2.9,4,"Marcus T., 55, Part-time",D,True,D,True,True,3,9207
P0050,Fatema Begum,Bangladeshi,28-32,A_no_explanation,2,3.1,2.9,5,"Anika P., 29, Full-time",D,True,A,False,False,3,15165
P0050,Fatema Begum,Bangladeshi,28-32,A_no_explanation,2,3.1,2.9,6,"David H., 47, Full-time",A,True,A,True,True,3,10339
P0050,Fatema Begum,Bangladeshi,28-32,A_no_explanation,2,3.1,2.9,7,"Fatima A., 33, Contract",D,False,D,True,False,1,15887
P0050,Fatema Begum,Bangladeshi,28-32,A_no_explanation,2,3.1,2.9,8,"Tom B., 22, Full-time",D,True,A,False,False,1,19861
P0050,Fatema Begum,Bangladeshi,28-32,A_no_explanation,2,3.1,2.9,9,"Olga S., 38, Full-time",A,True,A,True,True,3,11480
P0050,Fatema Begum,Bangladeshi,28-32,A_no_explanation,2,3.1,2.9,10,"Chen W., 45, Part-time",A,False,D,False,True,4,16624
P0051,Kamrun Nahar,Bangladeshi,23-27,A_no_explanation,1,1.7,4.4,1,"Sarah M., 34, Part-time",D,True,D,True,True,4,15011
P0051,Kamrun Nahar,Bangladeshi,23-27,A_no_explanation,1,1.7,4.4,2,"James K., 28, Full-time",A,True,A,True,True,2,14699
P0051,Kamrun Nahar,Bangladeshi,23-27,A_no_explanation,1,1.7,4.4,3,"Priya R., 41, Self-employed",D,False,D,True,False,3,10791
P0051,Kamrun Nahar,Bangladeshi,23-27,A_no_explanation,1,1.7,4.4,4,"Marcus T., 55, Part-time",D,True,A,False,False,3,14344
P0051,Kamrun Nahar,Bangladeshi,23-27,A_no_explanation,1,1.7,4.4,5,"Anika P., 29, Full-time",D,True,A,False,False,3,16778
P0051,Kamrun Nahar,Bangladeshi,23-27,A_no_explanation,1,1.7,4.4,6,"David H., 47, Full-time",A,True,D,False,False,2,19667
P0051,Kamrun Nahar,Bangladeshi,23-27,A_no_explanation,1,1.7,4.4,7,"Fatima A., 33, Contract",D,False,D,True,False,3,13258
P0051,Kamrun Nahar,Bangladeshi,23-27,A_no_explanation,1,1.7,4.4,8,"Tom B., 22, Full-time",D,True,A,False,False,1,15398
P0051,Kamrun Nahar,Bangladeshi,23-27,A_no_explanation,1,1.7,4.4,9,"Olga S., 38, Full-time",A,True,A,True,True,3,11001
P0051,Kamrun Nahar,Bangladeshi,23-27,A_no_explanation,1,1.7,4.4,10,"Chen W., 45, Part-time",A,False,D,False,True,2,22457
P0052,Abena Asante,Other,18-22,A_no_explanation,0,4.1,3.4,1,"Sarah M., 34, Part-time",D,True,D,True,True,5,17201
P0052,Abena Asante,Other,18-22,A_no_explanation,0,4.1,3.4,2,"James K., 28, Full-time",A,True,A,True,True,2,12202
P0052,Abena Asante,Other,18-22,A_no_explanation,0,4.1,3.4,3,"Priya R., 41, Self-employed",D,False,A,False,True,3,21616
P0052,Abena Asante,Other,18-22,A_no_explanation,0,4.1,3.4,4,"Marcus T., 55, Part-time",D,True,D,True,True,2,14377
P0052,Abena Asante,Other,18-22,A_no_explanation,0,4.1,3.4,5,"Anika P., 29, Full-time",D,True,D,True,True,4,14484
P0052,Abena Asante,Other,18-22,A_no_explanation,0,4.1,3.4,6,"David H., 47, Full-time",A,True,A,True,True,2,11114
P0052,Abena Asante,Other,18-22,A_no_explanation,0,4.1,3.4,7,"Fatima A., 33, Contract",D,False,D,True,False,3,7636
P0052,Abena Asante,Other,18-22,A_no_explanation,0,4.1,3.4,8,"Tom B., 22, Full-time",D,True,A,False,False,2,16977
P0052,Abena Asante,Other,18-22,A_no_explanation,0,4.1,3.4,9,"Olga S., 38, Full-time",A,True,A,True,True,4,6915
P0052,Abena Asante,Other,18-22,A_no_explanation,0,4.1,3.4,10,"Chen W., 45, Part-time",A,False,A,True,False,3,17986
P0053,Hafizur Rahman,Bangladeshi,33-40,C_counterfactual,2,3.2,5.0,1,"Sarah M., 34, Part-time",D,True,D,True,True,4,18124
P0053,Hafizur Rahman,Bangladeshi,33-40,C_counterfactual,2,3.2,5.0,2,"James K., 28, Full-time",A,True,D,False,False,4,25904
P0053,Hafizur Rahman,Bangladeshi,33-40,C_counterfactual,2,3.2,5.0,3,"Priya R., 41, Self-employed",D,False,D,True,False,3,24044
P0053,Hafizur Rahman,Bangladeshi,33-40,C_counterfactual,2,3.2,5.0,4,"Marcus T., 55, Part-time",D,True,A,False,False,2,16797
P0053,Hafizur Rahman,Bangladeshi,33-40,C_counterfactual,2,3.2,5.0,5,"Anika P., 29, Full-time",D,True,D,True,True,3,18152
P0053,Hafizur Rahman,Bangladeshi,33-40,C_counterfactual,2,3.2,5.0,6,"David H., 47, Full-time",A,True,A,True,True,4,16757
P0053,Hafizur Rahman,Bangladeshi,33-40,C_counterfactual,2,3.2,5.0,7,"Fatima A., 33, Contract",D,False,D,True,False,4,12392
P0053,Hafizur Rahman,Bangladeshi,33-40,C_counterfactual,2,3.2,5.0,8,"Tom B., 22, Full-time",D,True,A,False,False,2,24390
P0053,Hafizur Rahman,Bangladeshi,33-40,C_counterfactual,2,3.2,5.0,9,"Olga S., 38, Full-time",A,True,A,True,True,3,17483
P0053,Hafizur Rahman,Bangladeshi,33-40,C_counterfactual,2,3.2,5.0,10,"Chen W., 45, Part-time",A,False,A,True,False,3,11818
P0054,Zubayer Hossain,Bangladeshi,23-27,A_no_explanation,2,5.0,3.2,1,"Sarah M., 34, Part-time",D,True,D,True,True,3,18708
P0054,Zubayer Hossain,Bangladeshi,23-27,A_no_explanation,2,5.0,3.2,2,"James K., 28, Full-time",A,True,A,True,True,4,15284
P0054,Zubayer Hossain,Bangladeshi,23-27,A_no_explanation,2,5.0,3.2,3,"Priya R., 41, Self-employed",D,False,A,False,True,4,17780
P0054,Zubayer Hossain,Bangladeshi,23-27,A_no_explanation,2,5.0,3.2,4,"Marcus T., 55, Part-time",D,True,D,True,True,2,4595
P0054,Zubayer Hossain,Bangladeshi,23-27,A_no_explanation,2,5.0,3.2,5,"Anika P., 29, Full-time",D,True,D,True,True,3,15440
P0054,Zubayer Hossain,Bangladeshi,23-27,A_no_explanation,2,5.0,3.2,6,"David H., 47, Full-time",A,True,A,True,True,4,12074
P0054,Zubayer Hossain,Bangladeshi,23-27,A_no_explanation,2,5.0,3.2,7,"Fatima A., 33, Contract",D,False,D,True,False,4,9060
P0054,Zubayer Hossain,Bangladeshi,23-27,A_no_explanation,2,5.0,3.2,8,"Tom B., 22, Full-time",D,True,D,True,True,3,8149
P0054,Zubayer Hossain,Bangladeshi,23-27,A_no_explanation,2,5.0,3.2,9,"Olga S., 38, Full-time",A,True,D,False,False,2,18259
P0054,Zubayer Hossain,Bangladeshi,23-27,A_no_explanation,2,5.0,3.2,10,"Chen W., 45, Part-time",A,False,D,False,True,2,12236
P0055,Harunur Rashid,Bangladeshi,51+,B_surface,2,3.9,3.6,1,"Sarah M., 34, Part-time",D,True,D,True,True,4,20587
P0055,Harunur Rashid,Bangladeshi,51+,B_surface,2,3.9,3.6,2,"James K., 28, Full-time",A,True,A,True,True,4,12658
P0055,Harunur Rashid,Bangladeshi,51+,B_surface,2,3.9,3.6,3,"Priya R., 41, Self-employed",D,False,D,True,False,3,11658
P0055,Harunur Rashid,Bangladeshi,51+,B_surface,2,3.9,3.6,4,"Marcus T., 55, Part-time",D,True,D,True,True,3,12733
P0055,Harunur Rashid,Bangladeshi,51+,B_surface,2,3.9,3.6,5,"Anika P., 29, Full-time",D,True,D,True,True,3,16576
P0055,Harunur Rashid,Bangladeshi,51+,B_surface,2,3.9,3.6,6,"David H., 47, Full-time",A,True,D,False,False,2,26474
P0055,Harunur Rashid,Bangladeshi,51+,B_surface,2,3.9,3.6,7,"Fatima A., 33, Contract",D,False,A,False,True,3,24651
P0055,Harunur Rashid,Bangladeshi,51+,B_surface,2,3.9,3.6,8,"Tom B., 22, Full-time",D,True,D,True,True,3,20249
P0055,Harunur Rashid,Bangladeshi,51+,B_surface,2,3.9,3.6,9,"Olga S., 38, Full-time",A,True,D,False,False,4,19549
P0055,Harunur Rashid,Bangladeshi,51+,B_surface,2,3.9,3.6,10,"Chen W., 45, Part-time",A,False,A,True,False,3,11332
P0056,Lucy Turner,British,23-27,A_no_explanation,1,4.8,2.6,1,"Sarah M., 34, Part-time",D,True,D,True,True,3,17203
P0056,Lucy Turner,British,23-27,A_no_explanation,1,4.8,2.6,2,"James K., 28, Full-time",A,True,A,True,True,4,12440
P0056,Lucy Turner,British,23-27,A_no_explanation,1,4.8,2.6,3,"Priya R., 41, Self-employed",D,False,A,False,True,4,16622
P0056,Lucy Turner,British,23-27,A_no_explanation,1,4.8,2.6,4,"Marcus T., 55, Part-time",D,True,D,True,True,3,10112
P0056,Lucy Turner,British,23-27,A_no_explanation,1,4.8,2.6,5,"Anika P., 29, Full-time",D,True,D,True,True,4,9941
P0056,Lucy Turner,British,23-27,A_no_explanation,1,4.8,2.6,6,"David H., 47, Full-time",A,True,A,True,True,3,11849
P0056,Lucy Turner,British,23-27,A_no_explanation,1,4.8,2.6,7,"Fatima A., 33, Contract",D,False,D,True,False,4,10785
P0056,Lucy Turner,British,23-27,A_no_explanation,1,4.8,2.6,8,"Tom B., 22, Full-time",D,True,D,True,True,2,13349
P0056,Lucy Turner,British,23-27,A_no_explanation,1,4.8,2.6,9,"Olga S., 38, Full-time",A,True,D,False,False,3,17734
P0056,Lucy Turner,British,23-27,A_no_explanation,1,4.8,2.6,10,"Chen W., 45, Part-time",A,False,A,True,False,3,11087
P0057,Olga Volkov,Other,33-40,C_counterfactual,2,2.2,3.6,1,"Sarah M., 34, Part-time",D,True,D,True,True,5,14217
P0057,Olga Volkov,Other,33-40,C_counterfactual,2,2.2,3.6,2,"James K., 28, Full-time",A,True,A,True,True,3,15578
P0057,Olga Volkov,Other,33-40,C_counterfactual,2,2.2,3.6,3,"Priya R., 41, Self-employed",D,False,A,False,True,4,21773
P0057,Olga Volkov,Other,33-40,C_counterfactual,2,2.2,3.6,4,"Marcus T., 55, Part-time",D,True,A,False,False,3,29029
P0057,Olga Volkov,Other,33-40,C_counterfactual,2,2.2,3.6,5,"Anika P., 29, Full-time",D,True,D,True,True,4,17384
P0057,Olga Volkov,Other,33-40,C_counterfactual,2,2.2,3.6,6,"David H., 47, Full-time",A,True,D,False,False,1,22709
P0057,Olga Volkov,Other,33-40,C_counterfactual,2,2.2,3.6,7,"Fatima A., 33, Contract",D,False,A,False,True,2,27075
P0057,Olga Volkov,Other,33-40,C_counterfactual,2,2.2,3.6,8,"Tom B., 22, Full-time",D,True,D,True,True,4,20884
P0057,Olga Volkov,Other,33-40,C_counterfactual,2,2.2,3.6,9,"Olga S., 38, Full-time",A,True,D,False,False,3,20761
P0057,Olga Volkov,Other,33-40,C_counterfactual,2,2.2,3.6,10,"Chen W., 45, Part-time",A,False,A,True,False,3,19143
P0058,Shirin Akter,Bangladeshi,33-40,C_counterfactual,1,2.9,2.9,1,"Sarah M., 34, Part-time",D,True,A,False,False,4,30777
P0058,Shirin Akter,Bangladeshi,33-40,C_counterfactual,1,2.9,2.9,2,"James K., 28, Full-time",A,True,D,False,False,3,23371
P0058,Shirin Akter,Bangladeshi,33-40,C_counterfactual,1,2.9,2.9,3,"Priya R., 41, Self-employed",D,False,A,False,True,3,20734
P0058,Shirin Akter,Bangladeshi,33-40,C_counterfactual,1,2.9,2.9,4,"Marcus T., 55, Part-time",D,True,D,True,True,3,13023
P0058,Shirin Akter,Bangladeshi,33-40,C_counterfactual,1,2.9,2.9,5,"Anika P., 29, Full-time",D,True,D,True,True,4,11428
P0058,Shirin Akter,Bangladeshi,33-40,C_counterfactual,1,2.9,2.9,6,"David H., 47, Full-time",A,True,A,True,True,3,10601
P0058,Shirin Akter,Bangladeshi,33-40,C_counterfactual,1,2.9,2.9,7,"Fatima A., 33, Contract",D,False,A,False,True,3,27392
P0058,Shirin Akter,Bangladeshi,33-40,C_counterfactual,1,2.9,2.9,8,"Tom B., 22, Full-time",D,True,D,True,True,4,12132
P0058,Shirin Akter,Bangladeshi,33-40,C_counterfactual,1,2.9,2.9,9,"Olga S., 38, Full-time",A,True,D,False,False,5,20047
P0058,Shirin Akter,Bangladeshi,33-40,C_counterfactual,1,2.9,2.9,10,"Chen W., 45, Part-time",A,False,D,False,True,3,26188
P0059,Arman Hossain,Bangladeshi,23-27,C_counterfactual,0,2.6,3.1,1,"Sarah M., 34, Part-time",D,True,D,True,True,3,21242
P0059,Arman Hossain,Bangladeshi,23-27,C_counterfactual,0,2.6,3.1,2,"James K., 28, Full-time",A,True,D,False,False,2,19452
P0059,Arman Hossain,Bangladeshi,23-27,C_counterfactual,0,2.6,3.1,3,"Priya R., 41, Self-employed",D,False,A,False,True,3,22541
P0059,Arman Hossain,Bangladeshi,23-27,C_counterfactual,0,2.6,3.1,4,"Marcus T., 55, Part-time",D,True,A,False,False,3,20193
P0059,Arman Hossain,Bangladeshi,23-27,C_counterfactual,0,2.6,3.1,5,"Anika P., 29, Full-time",D,True,D,True,True,3,12897
P0059,Arman Hossain,Bangladeshi,23-27,C_counterfactual,0,2.6,3.1,6,"David H., 47, Full-time",A,True,D,False,False,3,26760
P0059,Arman Hossain,Bangladeshi,23-27,C_counterfactual,0,2.6,3.1,7,"Fatima A., 33, Contract",D,False,D,True,False,3,18802
P0059,Arman Hossain,Bangladeshi,23-27,C_counterfactual,0,2.6,3.1,8,"Tom B., 22, Full-time",D,True,D,True,True,3,19088
P0059,Arman Hossain,Bangladeshi,23-27,C_counterfactual,0,2.6,3.1,9,"Olga S., 38, Full-time",A,True,A,True,True,2,17908
P0059,Arman Hossain,Bangladeshi,23-27,C_counterfactual,0,2.6,3.1,10,"Chen W., 45, Part-time",A,False,D,False,True,3,25870
P0060,Victoria Lee,British,23-27,A_no_explanation,3,4.5,3.9,1,"Sarah M., 34, Part-time",D,True,D,True,True,4,19394
P0060,Victoria Lee,British,23-27,A_no_explanation,3,4.5,3.9,2,"James K., 28, Full-time",A,True,A,True,True,4,12654
P0060,Victoria Lee,British,23-27,A_no_explanation,3,4.5,3.9,3,"Priya R., 41, Self-employed",D,False,D,True,False,3,16041
P0060,Victoria Lee,British,23-27,A_no_explanation,3,4.5,3.9,4,"Marcus T., 55, Part-time",D,True,A,False,False,3,16214
P0060,Victoria Lee,British,23-27,A_no_explanation,3,4.5,3.9,5,"Anika P., 29, Full-time",D,True,A,False,False,2,20694
P0060,Victoria Lee,British,23-27,A_no_explanation,3,4.5,3.9,6,"David H., 47, Full-time",A,True,A,True,True,4,11756
P0060,Victoria Lee,British,23-27,A_no_explanation,3,4.5,3.9,7,"Fatima A., 33, Contract",D,False,D,True,False,3,7605
P0060,Victoria Lee,British,23-27,A_no_explanation,3,4.5,3.9,8,"Tom B., 22, Full-time",D,True,A,False,False,1,22840
P0060,Victoria Lee,British,23-27,A_no_explanation,3,4.5,3.9,9,"Olga S., 38, Full-time",A,True,D,False,False,3,21539
P0060,Victoria Lee,British,23-27,A_no_explanation,3,4.5,3.9,10,"Chen W., 45, Part-time",A,False,A,True,False,3,13025
P0061,Anjali Patel,Indian,33-40,B_surface,2,3.6,3.8,1,"Sarah M., 34, Part-time",D,True,A,False,False,3,23279
P0061,Anjali Patel,Indian,33-40,B_surface,2,3.6,3.8,2,"James K., 28, Full-time",A,True,A,True,True,4,11058
P0061,Anjali Patel,Indian,33-40,B_surface,2,3.6,3.8,3,"Priya R., 41, Self-employed",D,False,D,True,False,5,9696
P0061,Anjali Patel,Indian,33-40,B_surface,2,3.6,3.8,4,"Marcus T., 55, Part-time",D,True,A,False,False,2,21799
P0061,Anjali Patel,Indian,33-40,B_surface,2,3.6,3.8,5,"Anika P., 29, Full-time",D,True,A,False,False,3,9628
P0061,Anjali Patel,Indian,33-40,B_surface,2,3.6,3.8,6,"David H., 47, Full-time",A,True,D,False,False,2,24323
P0061,Anjali Patel,Indian,33-40,B_surface,2,3.6,3.8,7,"Fatima A., 33, Contract",D,False,D,True,False,4,2800
P0061,Anjali Patel,Indian,33-40,B_surface,2,3.6,3.8,8,"Tom B., 22, Full-time",D,True,D,True,True,4,21385
P0061,Anjali Patel,Indian,33-40,B_surface,2,3.6,3.8,9,"Olga S., 38, Full-time",A,True,D,False,False,4,23625
P0061,Anjali Patel,Indian,33-40,B_surface,2,3.6,3.8,10,"Chen W., 45, Part-time",A,False,A,True,False,4,15159
P0062,Ethan White,British,33-40,B_surface,1,3.1,4.4,1,"Sarah M., 34, Part-time",D,True,D,True,True,4,14709
P0062,Ethan White,British,33-40,B_surface,1,3.1,4.4,2,"James K., 28, Full-time",A,True,D,False,False,3,19402
P0062,Ethan White,British,33-40,B_surface,1,3.1,4.4,3,"Priya R., 41, Self-employed",D,False,A,False,True,4,20167
P0062,Ethan White,British,33-40,B_surface,1,3.1,4.4,4,"Marcus T., 55, Part-time",D,True,A,False,False,2,30606
P0062,Ethan White,British,33-40,B_surface,1,3.1,4.4,5,"Anika P., 29, Full-time",D,True,D,True,True,3,12015
P0062,Ethan White,British,33-40,B_surface,1,3.1,4.4,6,"David H., 47, Full-time",A,True,A,True,True,3,8074
P0062,Ethan White,British,33-40,B_surface,1,3.1,4.4,7,"Fatima A., 33, Contract",D,False,D,True,False,4,16420
P0062,Ethan White,British,33-40,B_surface,1,3.1,4.4,8,"Tom B., 22, Full-time",D,True,D,True,True,3,14779
P0062,Ethan White,British,33-40,B_surface,1,3.1,4.4,9,"Olga S., 38, Full-time",A,True,D,False,False,3,22589
P0062,Ethan White,British,33-40,B_surface,1,3.1,4.4,10,"Chen W., 45, Part-time",A,False,A,True,False,4,10957
P0063,Matthew Hall,British,23-27,B_surface,1,2.9,4.0,1,"Sarah M., 34, Part-time",D,True,A,False,False,3,24691
P0063,Matthew Hall,British,23-27,B_surface,1,2.9,4.0,2,"James K., 28, Full-time",A,True,A,True,True,4,14730
P0063,Matthew Hall,British,23-27,B_surface,1,2.9,4.0,3,"Priya R., 41, Self-employed",D,False,D,True,False,4,21583
P0063,Matthew Hall,British,23-27,B_surface,1,2.9,4.0,4,"Marcus T., 55, Part-time",D,True,D,True,True,3,17293
P0063,Matthew Hall,British,23-27,B_surface,1,2.9,4.0,5,"Anika P., 29, Full-time",D,True,D,True,True,3,12113
P0063,Matthew Hall,British,23-27,B_surface,1,2.9,4.0,6,"David H., 47, Full-time",A,True,A,True,True,3,12639
P0063,Matthew Hall,British,23-27,B_surface,1,2.9,4.0,7,"Fatima A., 33, Contract",D,False,D,True,False,4,15555
P0063,Matthew Hall,British,23-27,B_surface,1,2.9,4.0,8,"Tom B., 22, Full-time",D,True,D,True,True,2,12040
P0063,Matthew Hall,British,23-27,B_surface,1,2.9,4.0,9,"Olga S., 38, Full-time",A,True,D,False,False,3,18537
P0063,Matthew Hall,British,23-27,B_surface,1,2.9,4.0,10,"Chen W., 45, Part-time",A,False,D,False,True,3,25102
P0064,Shapna Akter,Bangladeshi,18-22,C_counterfactual,2,4.0,3.2,1,"Sarah M., 34, Part-time",D,True,D,True,True,3,26536
P0064,Shapna Akter,Bangladeshi,18-22,C_counterfactual,2,4.0,3.2,2,"James K., 28, Full-time",A,True,A,True,True,4,18728
P0064,Shapna Akter,Bangladeshi,18-22,C_counterfactual,2,4.0,3.2,3,"Priya R., 41, Self-employed",D,False,D,True,False,4,22326
P0064,Shapna Akter,Bangladeshi,18-22,C_counterfactual,2,4.0,3.2,4,"Marcus T., 55, Part-time",D,True,D,True,True,3,9720
P0064,Shapna Akter,Bangladeshi,18-22,C_counterfactual,2,4.0,3.2,5,"Anika P., 29, Full-time",D,True,D,True,True,3,13865
P0064,Shapna Akter,Bangladeshi,18-22,C_counterfactual,2,4.0,3.2,6,"David H., 47, Full-time",A,True,A,True,True,3,15135
P0064,Shapna Akter,Bangladeshi,18-22,C_counterfactual,2,4.0,3.2,7,"Fatima A., 33, Contract",D,False,D,True,False,3,19212
P0064,Shapna Akter,Bangladeshi,18-22,C_counterfactual,2,4.0,3.2,8,"Tom B., 22, Full-time",D,True,A,False,False,3,22035
P0064,Shapna Akter,Bangladeshi,18-22,C_counterfactual,2,4.0,3.2,9,"Olga S., 38, Full-time",A,True,A,True,True,4,18298
P0064,Shapna Akter,Bangladeshi,18-22,C_counterfactual,2,4.0,3.2,10,"Chen W., 45, Part-time",A,False,D,False,True,3,21151
P0065,Nadia Mansour,Other,33-40,A_no_explanation,2,2.2,4.0,1,"Sarah M., 34, Part-time",D,True,D,True,True,3,18040
P0065,Nadia Mansour,Other,33-40,A_no_explanation,2,2.2,4.0,2,"James K., 28, Full-time",A,True,A,True,True,4,8670
P0065,Nadia Mansour,Other,33-40,A_no_explanation,2,2.2,4.0,3,"Priya R., 41, Self-employed",D,False,A,False,True,2,23114
P0065,Nadia Mansour,Other,33-40,A_no_explanation,2,2.2,4.0,4,"Marcus T., 55, Part-time",D,True,D,True,True,4,7134
P0065,Nadia Mansour,Other,33-40,A_no_explanation,2,2.2,4.0,5,"Anika P., 29, Full-time",D,True,D,True,True,4,7595
P0065,Nadia Mansour,Other,33-40,A_no_explanation,2,2.2,4.0,6,"David H., 47, Full-time",A,True,A,True,True,3,16811
P0065,Nadia Mansour,Other,33-40,A_no_explanation,2,2.2,4.0,7,"Fatima A., 33, Contract",D,False,A,False,True,3,17798
P0065,Nadia Mansour,Other,33-40,A_no_explanation,2,2.2,4.0,8,"Tom B., 22, Full-time",D,True,D,True,True,3,12437
P0065,Nadia Mansour,Other,33-40,A_no_explanation,2,2.2,4.0,9,"Olga S., 38, Full-time",A,True,D,False,False,4,18666
P0065,Nadia Mansour,Other,33-40,A_no_explanation,2,2.2,4.0,10,"Chen W., 45, Part-time",A,False,A,True,False,4,7115
P0066,Isabella White,British,18-22,A_no_explanation,2,2.1,2.7,1,"Sarah M., 34, Part-time",D,True,D,True,True,3,14783
P0066,Isabella White,British,18-22,A_no_explanation,2,2.1,2.7,2,"James K., 28, Full-time",A,True,A,True,True,2,12872
P0066,Isabella White,British,18-22,A_no_explanation,2,2.1,2.7,3,"Priya R., 41, Self-employed",D,False,A,False,True,2,20290
P0066,Isabella White,British,18-22,A_no_explanation,2,2.1,2.7,4,"Marcus T., 55, Part-time",D,True,D,True,True,4,15325
P0066,Isabella White,British,18-22,A_no_explanation,2,2.1,2.7,5,"Anika P., 29, Full-time",D,True,D,True,True,3,13012
P0066,Isabella White,British,18-22,A_no_explanation,2,2.1,2.7,6,"David H., 47, Full-time",A,True,A,True,True,3,19414
P0066,Isabella White,British,18-22,A_no_explanation,2,2.1,2.7,7,"Fatima A., 33, Contract",D,False,D,True,False,3,12539
P0066,Isabella White,British,18-22,A_no_explanation,2,2.1,2.7,8,"Tom B., 22, Full-time",D,True,D,True,True,4,13438
P0066,Isabella White,British,18-22,A_no_explanation,2,2.1,2.7,9,"Olga S., 38, Full-time",A,True,A,True,True,4,10538
P0066,Isabella White,British,18-22,A_no_explanation,2,2.1,2.7,10,"Chen W., 45, Part-time",A,False,D,False,True,2,16601
P0067,Tawhid Islam,Bangladeshi,18-22,C_counterfactual,2,2.5,3.5,1,"Sarah M., 34, Part-time",D,True,A,False,False,3,20833
P0067,Tawhid Islam,Bangladeshi,18-22,C_counterfactual,2,2.5,3.5,2,"James K., 28, Full-time",A,True,D,False,False,2,24280
P0067,Tawhid Islam,Bangladeshi,18-22,C_counterfactual,2,2.5,3.5,3,"Priya R., 41, Self-employed",D,False,A,False,True,3,19438
P0067,Tawhid Islam,Bangladeshi,18-22,C_counterfactual,2,2.5,3.5,4,"Marcus T., 55, Part-time",D,True,A,False,False,3,23800
P0067,Tawhid Islam,Bangladeshi,18-22,C_counterfactual,2,2.5,3.5,5,"Anika P., 29, Full-time",D,True,A,False,False,3,20625
P0067,Tawhid Islam,Bangladeshi,18-22,C_counterfactual,2,2.5,3.5,6,"David H., 47, Full-time",A,True,A,True,True,4,23579
P0067,Tawhid Islam,Bangladeshi,18-22,C_counterfactual,2,2.5,3.5,7,"Fatima A., 33, Contract",D,False,A,False,True,3,19013
P0067,Tawhid Islam,Bangladeshi,18-22,C_counterfactual,2,2.5,3.5,8,"Tom B., 22, Full-time",D,True,D,True,True,3,17026
P0067,Tawhid Islam,Bangladeshi,18-22,C_counterfactual,2,2.5,3.5,9,"Olga S., 38, Full-time",A,True,A,True,True,4,10405
P0067,Tawhid Islam,Bangladeshi,18-22,C_counterfactual,2,2.5,3.5,10,"Chen W., 45, Part-time",A,False,D,False,True,2,22693
P0068,Tunde Adeyemi,Nigerian,33-40,C_counterfactual,1,2.4,4.0,1,"Sarah M., 34, Part-time",D,True,A,False,False,3,27313
P0068,Tunde Adeyemi,Nigerian,33-40,C_counterfactual,1,2.4,4.0,2,"James K., 28, Full-time",A,True,D,False,False,3,24294
P0068,Tunde Adeyemi,Nigerian,33-40,C_counterfactual,1,2.4,4.0,3,"Priya R., 41, Self-employed",D,False,D,True,False,5,14686
P0068,Tunde Adeyemi,Nigerian,33-40,C_counterfactual,1,2.4,4.0,4,"Marcus T., 55, Part-time",D,True,A,False,False,3,26625
P0068,Tunde Adeyemi,Nigerian,33-40,C_counterfactual,1,2.4,4.0,5,"Anika P., 29, Full-time",D,True,A,False,False,2,24790
P0068,Tunde Adeyemi,Nigerian,33-40,C_counterfactual,1,2.4,4.0,6,"David H., 47, Full-time",A,True,D,False,False,2,24073
P0068,Tunde Adeyemi,Nigerian,33-40,C_counterfactual,1,2.4,4.0,7,"Fatima A., 33, Contract",D,False,D,True,False,3,15557
P0068,Tunde Adeyemi,Nigerian,33-40,C_counterfactual,1,2.4,4.0,8,"Tom B., 22, Full-time",D,True,A,False,False,2,19546
P0068,Tunde Adeyemi,Nigerian,33-40,C_counterfactual,1,2.4,4.0,9,"Olga S., 38, Full-time",A,True,D,False,False,3,22412
P0068,Tunde Adeyemi,Nigerian,33-40,C_counterfactual,1,2.4,4.0,10,"Chen W., 45, Part-time",A,False,A,True,False,4,22022
P0069,Shamsul Alam,Bangladeshi,23-27,C_counterfactual,0,3.0,3.1,1,"Sarah M., 34, Part-time",D,True,A,False,False,3,23514
P0069,Shamsul Alam,Bangladeshi,23-27,C_counterfactual,0,3.0,3.1,2,"James K., 28, Full-time",A,True,D,False,False,2,19044
P0069,Shamsul Alam,Bangladeshi,23-27,C_counterfactual,0,3.0,3.1,3,"Priya R., 41, Self-employed",D,False,A,False,True,2,22656
P0069,Shamsul Alam,Bangladeshi,23-27,C_counterfactual,0,3.0,3.1,4,"Marcus T., 55, Part-time",D,True,D,True,True,4,7723
P0069,Shamsul Alam,Bangladeshi,23-27,C_counterfactual,0,3.0,3.1,5,"Anika P., 29, Full-time",D,True,D,True,True,4,13168
P0069,Shamsul Alam,Bangladeshi,23-27,C_counterfactual,0,3.0,3.1,6,"David H., 47, Full-time",A,True,A,True,True,3,19305
P0069,Shamsul Alam,Bangladeshi,23-27,C_counterfactual,0,3.0,3.1,7,"Fatima A., 33, Contract",D,False,D,True,False,3,11898
P0069,Shamsul Alam,Bangladeshi,23-27,C_counterfactual,0,3.0,3.1,8,"Tom B., 22, Full-time",D,True,A,False,False,2,18418
P0069,Shamsul Alam,Bangladeshi,23-27,C_counterfactual,0,3.0,3.1,9,"Olga S., 38, Full-time",A,True,A,True,True,4,5202
P0069,Shamsul Alam,Bangladeshi,23-27,C_counterfactual,0,3.0,3.1,10,"Chen W., 45, Part-time",A,False,A,True,False,4,14462
P0070,Mitu Akter,Bangladeshi,18-22,C_counterfactual,1,1.7,2.0,1,"Sarah M., 34, Part-time",D,True,D,True,True,3,14104
P0070,Mitu Akter,Bangladeshi,18-22,C_counterfactual,1,1.7,2.0,2,"James K., 28, Full-time",A,True,A,True,True,4,18210
P0070,Mitu Akter,Bangladeshi,18-22,C_counterfactual,1,1.7,2.0,3,"Priya R., 41, Self-employed",D,False,A,False,True,4,25898
P0070,Mitu Akter,Bangladeshi,18-22,C_counterfactual,1,1.7,2.0,4,"Marcus T., 55, Part-time",D,True,A,False,False,3,15979
P0070,Mitu Akter,Bangladeshi,18-22,C_counterfactual,1,1.7,2.0,5,"Anika P., 29, Full-time",D,True,D,True,True,4,16427
P0070,Mitu Akter,Bangladeshi,18-22,C_counterfactual,1,1.7,2.0,6,"David H., 47, Full-time",A,True,A,True,True,4,17706
P0070,Mitu Akter,Bangladeshi,18-22,C_counterfactual,1,1.7,2.0,7,"Fatima A., 33, Contract",D,False,D,True,False,2,20324
P0070,Mitu Akter,Bangladeshi,18-22,C_counterfactual,1,1.7,2.0,8,"Tom B., 22, Full-time",D,True,D,True,True,5,11522
P0070,Mitu Akter,Bangladeshi,18-22,C_counterfactual,1,1.7,2.0,9,"Olga S., 38, Full-time",A,True,D,False,False,2,16706
P0070,Mitu Akter,Bangladeshi,18-22,C_counterfactual,1,1.7,2.0,10,"Chen W., 45, Part-time",A,False,D,False,True,3,25215
P0071,Shahnaz Parvin,Bangladeshi,18-22,A_no_explanation,2,2.6,3.1,1,"Sarah M., 34, Part-time",D,True,D,True,True,4,12786
P0071,Shahnaz Parvin,Bangladeshi,18-22,A_no_explanation,2,2.6,3.1,2,"James K., 28, Full-time",A,True,A,True,True,2,8070
P0071,Shahnaz Parvin,Bangladeshi,18-22,A_no_explanation,2,2.6,3.1,3,"Priya R., 41, Self-employed",D,False,D,True,False,3,9015
P0071,Shahnaz Parvin,Bangladeshi,18-22,A_no_explanation,2,2.6,3.1,4,"Marcus T., 55, Part-time",D,True,D,True,True,3,12201
P0071,Shahnaz Parvin,Bangladeshi,18-22,A_no_explanation,2,2.6,3.1,5,"Anika P., 29, Full-time",D,True,D,True,True,2,20033
P0071,Shahnaz Parvin,Bangladeshi,18-22,A_no_explanation,2,2.6,3.1,6,"David H., 47, Full-time",A,True,A,True,True,2,10423
P0071,Shahnaz Parvin,Bangladeshi,18-22,A_no_explanation,2,2.6,3.1,7,"Fatima A., 33, Contract",D,False,D,True,False,3,5907
P0071,Shahnaz Parvin,Bangladeshi,18-22,A_no_explanation,2,2.6,3.1,8,"Tom B., 22, Full-time",D,True,D,True,True,2,12854
P0071,Shahnaz Parvin,Bangladeshi,18-22,A_no_explanation,2,2.6,3.1,9,"Olga S., 38, Full-time",A,True,A,True,True,3,9156
P0071,Shahnaz Parvin,Bangladeshi,18-22,A_no_explanation,2,2.6,3.1,10,"Chen W., 45, Part-time",A,False,D,False,True,3,23941
P0072,Mujibur Rahman,Bangladeshi,28-32,B_surface,2,4.1,2.3,1,"Sarah M., 34, Part-time",D,True,D,True,True,4,15553
P0072,Mujibur Rahman,Bangladeshi,28-32,B_surface,2,4.1,2.3,2,"James K., 28, Full-time",A,True,D,False,False,3,21980
P0072,Mujibur Rahman,Bangladeshi,28-32,B_surface,2,4.1,2.3,3,"Priya R., 41, Self-employed",D,False,A,False,True,2,17503
P0072,Mujibur Rahman,Bangladeshi,28-32,B_surface,2,4.1,2.3,4,"Marcus T., 55, Part-time",D,True,D,True,True,4,19939
P0072,Mujibur Rahman,Bangladeshi,28-32,B_surface,2,4.1,2.3,5,"Anika P., 29, Full-time",D,True,D,True,True,3,11264
P0072,Mujibur Rahman,Bangladeshi,28-32,B_surface,2,4.1,2.3,6,"David H., 47, Full-time",A,True,A,True,True,3,15247
P0072,Mujibur Rahman,Bangladeshi,28-32,B_surface,2,4.1,2.3,7,"Fatima A., 33, Contract",D,False,D,True,False,3,21790
P0072,Mujibur Rahman,Bangladeshi,28-32,B_surface,2,4.1,2.3,8,"Tom B., 22, Full-time",D,True,D,True,True,3,20416
P0072,Mujibur Rahman,Bangladeshi,28-32,B_surface,2,4.1,2.3,9,"Olga S., 38, Full-time",A,True,A,True,True,3,9475
P0072,Mujibur Rahman,Bangladeshi,28-32,B_surface,2,4.1,2.3,10,"Chen W., 45, Part-time",A,False,A,True,False,4,12256
P0073,Rejwan Ahmed,Bangladeshi,28-32,A_no_explanation,3,5.0,2.0,1,"Sarah M., 34, Part-time",D,True,A,False,False,3,23090
P0073,Rejwan Ahmed,Bangladeshi,28-32,A_no_explanation,3,5.0,2.0,2,"James K., 28, Full-time",A,True,A,True,True,3,9127
P0073,Rejwan Ahmed,Bangladeshi,28-32,A_no_explanation,3,5.0,2.0,3,"Priya R., 41, Self-employed",D,False,D,True,False,4,20449
P0073,Rejwan Ahmed,Bangladeshi,28-32,A_no_explanation,3,5.0,2.0,4,"Marcus T., 55, Part-time",D,True,A,False,False,1,15622
P0073,Rejwan Ahmed,Bangladeshi,28-32,A_no_explanation,3,5.0,2.0,5,"Anika P., 29, Full-time",D,True,D,True,True,3,11200
P0073,Rejwan Ahmed,Bangladeshi,28-32,A_no_explanation,3,5.0,2.0,6,"David H., 47, Full-time",A,True,D,False,False,3,21808
P0073,Rejwan Ahmed,Bangladeshi,28-32,A_no_explanation,3,5.0,2.0,7,"Fatima A., 33, Contract",D,False,A,False,True,3,22463
P0073,Rejwan Ahmed,Bangladeshi,28-32,A_no_explanation,3,5.0,2.0,8,"Tom B., 22, Full-time",D,True,D,True,True,2,17584
P0073,Rejwan Ahmed,Bangladeshi,28-32,A_no_explanation,3,5.0,2.0,9,"Olga S., 38, Full-time",A,True,A,True,True,4,16925
P0073,Rejwan Ahmed,Bangladeshi,28-32,A_no_explanation,3,5.0,2.0,10,"Chen W., 45, Part-time",A,False,A,True,False,3,11895
P0074,Tarek Hossain,Bangladeshi,18-22,A_no_explanation,3,2.0,2.7,1,"Sarah M., 34, Part-time",D,True,D,True,True,4,12140
P0074,Tarek Hossain,Bangladeshi,18-22,A_no_explanation,3,2.0,2.7,2,"James K., 28, Full-time",A,True,D,False,False,3,20931
P0074,Tarek Hossain,Bangladeshi,18-22,A_no_explanation,3,2.0,2.7,3,"Priya R., 41, Self-employed",D,False,D,True,False,4,14422
P0074,Tarek Hossain,Bangladeshi,18-22,A_no_explanation,3,2.0,2.7,4,"Marcus T., 55, Part-time",D,True,D,True,True,3,7739
P0074,Tarek Hossain,Bangladeshi,18-22,A_no_explanation,3,2.0,2.7,5,"Anika P., 29, Full-time",D,True,D,True,True,3,17830
P0074,Tarek Hossain,Bangladeshi,18-22,A_no_explanation,3,2.0,2.7,6,"David H., 47, Full-time",A,True,D,False,False,3,20117
P0074,Tarek Hossain,Bangladeshi,18-22,A_no_explanation,3,2.0,2.7,7,"Fatima A., 33, Contract",D,False,A,False,True,4,21435
P0074,Tarek Hossain,Bangladeshi,18-22,A_no_explanation,3,2.0,2.7,8,"Tom B., 22, Full-time",D,True,D,True,True,4,10438
P0074,Tarek Hossain,Bangladeshi,18-22,A_no_explanation,3,2.0,2.7,9,"Olga S., 38, Full-time",A,True,A,True,True,4,9850
P0074,Tarek Hossain,Bangladeshi,18-22,A_no_explanation,3,2.0,2.7,10,"Chen W., 45, Part-time",A,False,A,True,False,3,13863
P0075,Siamul Islam,Bangladeshi,18-22,B_surface,2,3.7,3.7,1,"Sarah M., 34, Part-time",D,True,D,True,True,4,12083
P0075,Siamul Islam,Bangladeshi,18-22,B_surface,2,3.7,3.7,2,"James K., 28, Full-time",A,True,D,False,False,2,15615
P0075,Siamul Islam,Bangladeshi,18-22,B_surface,2,3.7,3.7,3,"Priya R., 41, Self-employed",D,False,A,False,True,3,23716
P0075,Siamul Islam,Bangladeshi,18-22,B_surface,2,3.7,3.7,4,"Marcus T., 55, Part-time",D,True,D,True,True,4,12321
P0075,Siamul Islam,Bangladeshi,18-22,B_surface,2,3.7,3.7,5,"Anika P., 29, Full-time",D,True,A,False,False,3,21220
P0075,Siamul Islam,Bangladeshi,18-22,B_surface,2,3.7,3.7,6,"David H., 47, Full-time",A,True,A,True,True,3,10104
P0075,Siamul Islam,Bangladeshi,18-22,B_surface,2,3.7,3.7,7,"Fatima A., 33, Contract",D,False,D,True,False,4,18062
P0075,Siamul Islam,Bangladeshi,18-22,B_surface,2,3.7,3.7,8,"Tom B., 22, Full-time",D,True,D,True,True,3,13175
P0075,Siamul Islam,Bangladeshi,18-22,B_surface,2,3.7,3.7,9,"Olga S., 38, Full-time",A,True,A,True,True,3,16218
P0075,Siamul Islam,Bangladeshi,18-22,B_surface,2,3.7,3.7,10,"Chen W., 45, Part-time",A,False,A,True,False,4,11007
P0076,Shweta Kumar,Indian,18-22,A_no_explanation,0,3.7,3.6,1,"Sarah M., 34, Part-time",D,True,D,True,True,3,22424
P0076,Shweta Kumar,Indian,18-22,A_no_explanation,0,3.7,3.6,2,"James K., 28, Full-time",A,True,A,True,True,2,9483
P0076,Shweta Kumar,Indian,18-22,A_no_explanation,0,3.7,3.6,3,"Priya R., 41, Self-employed",D,False,A,False,True,4,21517
P0076,Shweta Kumar,Indian,18-22,A_no_explanation,0,3.7,3.6,4,"Marcus T., 55, Part-time",D,True,A,False,False,3,19811
P0076,Shweta Kumar,Indian,18-22,A_no_explanation,0,3.7,3.6,5,"Anika P., 29, Full-time",D,True,D,True,True,2,4054
P0076,Shweta Kumar,Indian,18-22,A_no_explanation,0,3.7,3.6,6,"David H., 47, Full-time",A,True,A,True,True,3,7693
P0076,Shweta Kumar,Indian,18-22,A_no_explanation,0,3.7,3.6,7,"Fatima A., 33, Contract",D,False,D,True,False,3,6210
P0076,Shweta Kumar,Indian,18-22,A_no_explanation,0,3.7,3.6,8,"Tom B., 22, Full-time",D,True,D,True,True,2,9328
P0076,Shweta Kumar,Indian,18-22,A_no_explanation,0,3.7,3.6,9,"Olga S., 38, Full-time",A,True,D,False,False,3,23302
P0076,Shweta Kumar,Indian,18-22,A_no_explanation,0,3.7,3.6,10,"Chen W., 45, Part-time",A,False,D,False,True,4,17691
P0077,Ruhul Amin,Bangladeshi,28-32,A_no_explanation,2,2.3,3.7,1,"Sarah M., 34, Part-time",D,True,A,False,False,3,29601
P0077,Ruhul Amin,Bangladeshi,28-32,A_no_explanation,2,2.3,3.7,2,"James K., 28, Full-time",A,True,A,True,True,5,10746
P0077,Ruhul Amin,Bangladeshi,28-32,A_no_explanation,2,2.3,3.7,3,"Priya R., 41, Self-employed",D,False,D,True,False,3,15298
P0077,Ruhul Amin,Bangladeshi,28-32,A_no_explanation,2,2.3,3.7,4,"Marcus T., 55, Part-time",D,True,A,False,False,2,21074
P0077,Ruhul Amin,Bangladeshi,28-32,A_no_explanation,2,2.3,3.7,5,"Anika P., 29, Full-time",D,True,D,True,True,2,16590
P0077,Ruhul Amin,Bangladeshi,28-32,A_no_explanation,2,2.3,3.7,6,"David H., 47, Full-time",A,True,A,True,True,4,15101
P0077,Ruhul Amin,Bangladeshi,28-32,A_no_explanation,2,2.3,3.7,7,"Fatima A., 33, Contract",D,False,D,True,False,3,13169
P0077,Ruhul Amin,Bangladeshi,28-32,A_no_explanation,2,2.3,3.7,8,"Tom B., 22, Full-time",D,True,D,True,True,3,8535
P0077,Ruhul Amin,Bangladeshi,28-32,A_no_explanation,2,2.3,3.7,9,"Olga S., 38, Full-time",A,True,D,False,False,4,11001
P0077,Ruhul Amin,Bangladeshi,28-32,A_no_explanation,2,2.3,3.7,10,"Chen W., 45, Part-time",A,False,A,True,False,3,15773
P0078,Naima Islam,Bangladeshi,28-32,A_no_explanation,3,3.0,3.2,1,"Sarah M., 34, Part-time",D,True,A,False,False,3,20060
P0078,Naima Islam,Bangladeshi,28-32,A_no_explanation,3,3.0,3.2,2,"James K., 28, Full-time",A,True,A,True,True,3,16976
P0078,Naima Islam,Bangladeshi,28-32,A_no_explanation,3,3.0,3.2,3,"Priya R., 41, Self-employed",D,False,A,False,True,2,15576
P0078,Naima Islam,Bangladeshi,28-32,A_no_explanation,3,3.0,3.2,4,"Marcus T., 55, Part-time",D,True,D,True,True,2,3844
P0078,Naima Islam,Bangladeshi,28-32,A_no_explanation,3,3.0,3.2,5,"Anika P., 29, Full-time",D,True,D,True,True,4,14096
P0078,Naima Islam,Bangladeshi,28-32,A_no_explanation,3,3.0,3.2,6,"David H., 47, Full-time",A,True,A,True,True,4,10381
P0078,Naima Islam,Bangladeshi,28-32,A_no_explanation,3,3.0,3.2,7,"Fatima A., 33, Contract",D,False,D,True,False,3,12823
P0078,Naima Islam,Bangladeshi,28-32,A_no_explanation,3,3.0,3.2,8,"Tom B., 22, Full-time",D,True,A,False,False,3,23066
P0078,Naima Islam,Bangladeshi,28-32,A_no_explanation,3,3.0,3.2,9,"Olga S., 38, Full-time",A,True,A,True,True,2,14979
P0078,Naima Islam,Bangladeshi,28-32,A_no_explanation,3,3.0,3.2,10,"Chen W., 45, Part-time",A,False,D,False,True,3,18138
P0079,Fatima Mahmood,Pakistani,28-32,B_surface,0,3.6,4.5,1,"Sarah M., 34, Part-time",D,True,D,True,True,3,15405
P0079,Fatima Mahmood,Pakistani,28-32,B_surface,0,3.6,4.5,2,"James K., 28, Full-time",A,True,A,True,True,4,4820
P0079,Fatima Mahmood,Pakistani,28-32,B_surface,0,3.6,4.5,3,"Priya R., 41, Self-employed",D,False,D,True,False,4,13678
P0079,Fatima Mahmood,Pakistani,28-32,B_surface,0,3.6,4.5,4,"Marcus T., 55, Part-time",D,True,A,False,False,2,18559
P0079,Fatima Mahmood,Pakistani,28-32,B_surface,0,3.6,4.5,5,"Anika P., 29, Full-time",D,True,A,False,False,4,14703
P0079,Fatima Mahmood,Pakistani,28-32,B_surface,0,3.6,4.5,6,"David H., 47, Full-time",A,True,D,False,False,5,21418
P0079,Fatima Mahmood,Pakistani,28-32,B_surface,0,3.6,4.5,7,"Fatima A., 33, Contract",D,False,A,False,True,3,19189
P0079,Fatima Mahmood,Pakistani,28-32,B_surface,0,3.6,4.5,8,"Tom B., 22, Full-time",D,True,D,True,True,3,9423
P0079,Fatima Mahmood,Pakistani,28-32,B_surface,0,3.6,4.5,9,"Olga S., 38, Full-time",A,True,A,True,True,4,12293
P0079,Fatima Mahmood,Pakistani,28-32,B_surface,0,3.6,4.5,10,"Chen W., 45, Part-time",A,False,A,True,False,4,11043
P0080,Deepak Tiwari,Indian,18-22,A_no_explanation,2,2.8,2.6,1,"Sarah M., 34, Part-time",D,True,D,True,True,3,22450
P0080,Deepak Tiwari,Indian,18-22,A_no_explanation,2,2.8,2.6,2,"James K., 28, Full-time",A,True,D,False,False,2,18383
P0080,Deepak Tiwari,Indian,18-22,A_no_explanation,2,2.8,2.6,3,"Priya R., 41, Self-employed",D,False,D,True,False,4,15354
P0080,Deepak Tiwari,Indian,18-22,A_no_explanation,2,2.8,2.6,4,"Marcus T., 55, Part-time",D,True,D,True,True,4,14281
P0080,Deepak Tiwari,Indian,18-22,A_no_explanation,2,2.8,2.6,5,"Anika P., 29, Full-time",D,True,D,True,True,2,13084
P0080,Deepak Tiwari,Indian,18-22,A_no_explanation,2,2.8,2.6,6,"David H., 47, Full-time",A,True,A,True,True,4,14024
P0080,Deepak Tiwari,Indian,18-22,A_no_explanation,2,2.8,2.6,7,"Fatima A., 33, Contract",D,False,D,True,False,3,12980
P0080,Deepak Tiwari,Indian,18-22,A_no_explanation,2,2.8,2.6,8,"Tom B., 22, Full-time",D,True,A,False,False,4,16648
P0080,Deepak Tiwari,Indian,18-22,A_no_explanation,2,2.8,2.6,9,"Olga S., 38, Full-time",A,True,D,False,False,2,26203
P0080,Deepak Tiwari,Indian,18-22,A_no_explanation,2,2.8,2.6,10,"Chen W., 45, Part-time",A,False,A,True,False,3,16918
P0081,Dilruba Begum,Bangladeshi,28-32,C_counterfactual,3,3.0,2.5,1,"Sarah M., 34, Part-time",D,True,D,True,True,3,15619
P0081,Dilruba Begum,Bangladeshi,28-32,C_counterfactual,3,3.0,2.5,2,"James K., 28, Full-time",A,True,A,True,True,2,16937
P0081,Dilruba Begum,Bangladeshi,28-32,C_counterfactual,3,3.0,2.5,3,"Priya R., 41, Self-employed",D,False,A,False,True,3,20837
P0081,Dilruba Begum,Bangladeshi,28-32,C_counterfactual,3,3.0,2.5,4,"Marcus T., 55, Part-time",D,True,A,False,False,3,20880
P0081,Dilruba Begum,Bangladeshi,28-32,C_counterfactual,3,3.0,2.5,5,"Anika P., 29, Full-time",D,True,A,False,False,3,25955
P0081,Dilruba Begum,Bangladeshi,28-32,C_counterfactual,3,3.0,2.5,6,"David H., 47, Full-time",A,True,A,True,True,3,15526
P0081,Dilruba Begum,Bangladeshi,28-32,C_counterfactual,3,3.0,2.5,7,"Fatima A., 33, Contract",D,False,A,False,True,2,24127
P0081,Dilruba Begum,Bangladeshi,28-32,C_counterfactual,3,3.0,2.5,8,"Tom B., 22, Full-time",D,True,A,False,False,3,22342
P0081,Dilruba Begum,Bangladeshi,28-32,C_counterfactual,3,3.0,2.5,9,"Olga S., 38, Full-time",A,True,A,True,True,4,9668
P0081,Dilruba Begum,Bangladeshi,28-32,C_counterfactual,3,3.0,2.5,10,"Chen W., 45, Part-time",A,False,D,False,True,3,21510
P0082,Fang Wang,Chinese,23-27,B_surface,2,3.8,3.4,1,"Sarah M., 34, Part-time",D,True,A,False,False,3,18378
P0082,Fang Wang,Chinese,23-27,B_surface,2,3.8,3.4,2,"James K., 28, Full-time",A,True,D,False,False,2,19577
P0082,Fang Wang,Chinese,23-27,B_surface,2,3.8,3.4,3,"Priya R., 41, Self-employed",D,False,D,True,False,3,15037
P0082,Fang Wang,Chinese,23-27,B_surface,2,3.8,3.4,4,"Marcus T., 55, Part-time",D,True,A,False,False,2,24603
P0082,Fang Wang,Chinese,23-27,B_surface,2,3.8,3.4,5,"Anika P., 29, Full-time",D,True,D,True,True,3,9704
P0082,Fang Wang,Chinese,23-27,B_surface,2,3.8,3.4,6,"David H., 47, Full-time",A,True,D,False,False,3,17598
P0082,Fang Wang,Chinese,23-27,B_surface,2,3.8,3.4,7,"Fatima A., 33, Contract",D,False,A,False,True,3,18214
P0082,Fang Wang,Chinese,23-27,B_surface,2,3.8,3.4,8,"Tom B., 22, Full-time",D,True,D,True,True,4,12174
P0082,Fang Wang,Chinese,23-27,B_surface,2,3.8,3.4,9,"Olga S., 38, Full-time",A,True,D,False,False,3,14131
P0082,Fang Wang,Chinese,23-27,B_surface,2,3.8,3.4,10,"Chen W., 45, Part-time",A,False,A,True,False,4,16925
P0083,Geeta Mishra,Indian,18-22,C_counterfactual,3,1.9,2.3,1,"Sarah M., 34, Part-time",D,True,A,False,False,4,30446
P0083,Geeta Mishra,Indian,18-22,C_counterfactual,3,1.9,2.3,2,"James K., 28, Full-time",A,True,D,False,False,4,16841
P0083,Geeta Mishra,Indian,18-22,C_counterfactual,3,1.9,2.3,3,"Priya R., 41, Self-employed",D,False,D,True,False,3,14393
P0083,Geeta Mishra,Indian,18-22,C_counterfactual,3,1.9,2.3,4,"Marcus T., 55, Part-time",D,True,A,False,False,2,20710
P0083,Geeta Mishra,Indian,18-22,C_counterfactual,3,1.9,2.3,5,"Anika P., 29, Full-time",D,True,A,False,False,3,17374
P0083,Geeta Mishra,Indian,18-22,C_counterfactual,3,1.9,2.3,6,"David H., 47, Full-time",A,True,A,True,True,3,12209
P0083,Geeta Mishra,Indian,18-22,C_counterfactual,3,1.9,2.3,7,"Fatima A., 33, Contract",D,False,A,False,True,3,22109
P0083,Geeta Mishra,Indian,18-22,C_counterfactual,3,1.9,2.3,8,"Tom B., 22, Full-time",D,True,D,True,True,4,9580
P0083,Geeta Mishra,Indian,18-22,C_counterfactual,3,1.9,2.3,9,"Olga S., 38, Full-time",A,True,A,True,True,4,14069
P0083,Geeta Mishra,Indian,18-22,C_counterfactual,3,1.9,2.3,10,"Chen W., 45, Part-time",A,False,D,False,True,2,25445
P0084,Amaka Eze,Nigerian,23-27,C_counterfactual,3,3.4,3.0,1,"Sarah M., 34, Part-time",D,True,D,True,True,3,22580
P0084,Amaka Eze,Nigerian,23-27,C_counterfactual,3,3.4,3.0,2,"James K., 28, Full-time",A,True,A,True,True,4,18252
P0084,Amaka Eze,Nigerian,23-27,C_counterfactual,3,3.4,3.0,3,"Priya R., 41, Self-employed",D,False,A,False,True,2,24648
P0084,Amaka Eze,Nigerian,23-27,C_counterfactual,3,3.4,3.0,4,"Marcus T., 55, Part-time",D,True,A,False,False,3,22481
P0084,Amaka Eze,Nigerian,23-27,C_counterfactual,3,3.4,3.0,5,"Anika P., 29, Full-time",D,True,D,True,True,4,12732
P0084,Amaka Eze,Nigerian,23-27,C_counterfactual,3,3.4,3.0,6,"David H., 47, Full-time",A,True,D,False,False,3,25544
P0084,Amaka Eze,Nigerian,23-27,C_counterfactual,3,3.4,3.0,7,"Fatima A., 33, Contract",D,False,A,False,True,4,23143
P0084,Amaka Eze,Nigerian,23-27,C_counterfactual,3,3.4,3.0,8,"Tom B., 22, Full-time",D,True,A,False,False,3,28734
P0084,Amaka Eze,Nigerian,23-27,C_counterfactual,3,3.4,3.0,9,"Olga S., 38, Full-time",A,True,D,False,False,3,26133
P0084,Amaka Eze,Nigerian,23-27,C_counterfactual,3,3.4,3.0,10,"Chen W., 45, Part-time",A,False,D,False,True,3,25985
P0085,Rumana Akter,Bangladeshi,23-27,A_no_explanation,3,2.3,3.6,1,"Sarah M., 34, Part-time",D,True,A,False,False,2,27660
P0085,Rumana Akter,Bangladeshi,23-27,A_no_explanation,3,2.3,3.6,2,"James K., 28, Full-time",A,True,D,False,False,3,18609
P0085,Rumana Akter,Bangladeshi,23-27,A_no_explanation,3,2.3,3.6,3,"Priya R., 41, Self-employed",D,False,D,True,False,2,16137
P0085,Rumana Akter,Bangladeshi,23-27,A_no_explanation,3,2.3,3.6,4,"Marcus T., 55, Part-time",D,True,D,True,True,2,11538
P0085,Rumana Akter,Bangladeshi,23-27,A_no_explanation,3,2.3,3.6,5,"Anika P., 29, Full-time",D,True,A,False,False,3,20639
P0085,Rumana Akter,Bangladeshi,23-27,A_no_explanation,3,2.3,3.6,6,"David H., 47, Full-time",A,True,A,True,True,3,10025
P0085,Rumana Akter,Bangladeshi,23-27,A_no_explanation,3,2.3,3.6,7,"Fatima A., 33, Contract",D,False,D,True,False,3,13766
P0085,Rumana Akter,Bangladeshi,23-27,A_no_explanation,3,2.3,3.6,8,"Tom B., 22, Full-time",D,True,D,True,True,3,13089
P0085,Rumana Akter,Bangladeshi,23-27,A_no_explanation,3,2.3,3.6,9,"Olga S., 38, Full-time",A,True,D,False,False,3,25762
P0085,Rumana Akter,Bangladeshi,23-27,A_no_explanation,3,2.3,3.6,10,"Chen W., 45, Part-time",A,False,A,True,False,4,11106
P0086,Sufia Begum,Bangladeshi,23-27,C_counterfactual,2,4.4,3.3,1,"Sarah M., 34, Part-time",D,True,A,False,False,3,24287
P0086,Sufia Begum,Bangladeshi,23-27,C_counterfactual,2,4.4,3.3,2,"James K., 28, Full-time",A,True,D,False,False,4,23325
P0086,Sufia Begum,Bangladeshi,23-27,C_counterfactual,2,4.4,3.3,3,"Priya R., 41, Self-employed",D,False,D,True,False,4,14292
P0086,Sufia Begum,Bangladeshi,23-27,C_counterfactual,2,4.4,3.3,4,"Marcus T., 55, Part-time",D,True,A,False,False,3,21316
P0086,Sufia Begum,Bangladeshi,23-27,C_counterfactual,2,4.4,3.3,5,"Anika P., 29, Full-time",D,True,A,False,False,4,23057
P0086,Sufia Begum,Bangladeshi,23-27,C_counterfactual,2,4.4,3.3,6,"David H., 47, Full-time",A,True,D,False,False,3,26912
P0086,Sufia Begum,Bangladeshi,23-27,C_counterfactual,2,4.4,3.3,7,"Fatima A., 33, Contract",D,False,D,True,False,5,15094
P0086,Sufia Begum,Bangladeshi,23-27,C_counterfactual,2,4.4,3.3,8,"Tom B., 22, Full-time",D,True,D,True,True,3,16483
P0086,Sufia Begum,Bangladeshi,23-27,C_counterfactual,2,4.4,3.3,9,"Olga S., 38, Full-time",A,True,D,False,False,3,25138
P0086,Sufia Begum,Bangladeshi,23-27,C_counterfactual,2,4.4,3.3,10,"Chen W., 45, Part-time",A,False,D,False,True,3,18513
P0087,Sumi Akter,Bangladeshi,18-22,C_counterfactual,1,3.8,4.5,1,"Sarah M., 34, Part-time",D,True,D,True,True,3,25723
P0087,Sumi Akter,Bangladeshi,18-22,C_counterfactual,1,3.8,4.5,2,"James K., 28, Full-time",A,True,A,True,True,4,18751
P0087,Sumi Akter,Bangladeshi,18-22,C_counterfactual,1,3.8,4.5,3,"Priya R., 41, Self-employed",D,False,D,True,False,4,19100
P0087,Sumi Akter,Bangladeshi,18-22,C_counterfactual,1,3.8,4.5,4,"Marcus T., 55, Part-time",D,True,D,True,True,2,22792
P0087,Sumi Akter,Bangladeshi,18-22,C_counterfactual,1,3.8,4.5,5,"Anika P., 29, Full-time",D,True,A,False,False,2,13986
P0087,Sumi Akter,Bangladeshi,18-22,C_counterfactual,1,3.8,4.5,6,"David H., 47, Full-time",A,True,A,True,True,3,17430
P0087,Sumi Akter,Bangladeshi,18-22,C_counterfactual,1,3.8,4.5,7,"Fatima A., 33, Contract",D,False,D,True,False,4,14142
P0087,Sumi Akter,Bangladeshi,18-22,C_counterfactual,1,3.8,4.5,8,"Tom B., 22, Full-time",D,True,A,False,False,2,26595
P0087,Sumi Akter,Bangladeshi,18-22,C_counterfactual,1,3.8,4.5,9,"Olga S., 38, Full-time",A,True,D,False,False,5,24306
P0087,Sumi Akter,Bangladeshi,18-22,C_counterfactual,1,3.8,4.5,10,"Chen W., 45, Part-time",A,False,A,True,False,4,12348
P0088,Zain Malik,Pakistani,28-32,C_counterfactual,0,3.9,3.1,1,"Sarah M., 34, Part-time",D,True,D,True,True,4,13786
P0088,Zain Malik,Pakistani,28-32,C_counterfactual,0,3.9,3.1,2,"James K., 28, Full-time",A,True,D,False,False,2,27522
P0088,Zain Malik,Pakistani,28-32,C_counterfactual,0,3.9,3.1,3,"Priya R., 41, Self-employed",D,False,A,False,True,3,17598
P0088,Zain Malik,Pakistani,28-32,C_counterfactual,0,3.9,3.1,4,"Marcus T., 55, Part-time",D,True,A,False,False,3,24467
P0088,Zain Malik,Pakistani,28-32,C_counterfactual,0,3.9,3.1,5,"Anika P., 29, Full-time",D,True,A,False,False,2,21769
P0088,Zain Malik,Pakistani,28-32,C_counterfactual,0,3.9,3.1,6,"David H., 47, Full-time",A,True,D,False,False,3,18003
P0088,Zain Malik,Pakistani,28-32,C_counterfactual,0,3.9,3.1,7,"Fatima A., 33, Contract",D,False,D,True,False,3,13402
P0088,Zain Malik,Pakistani,28-32,C_counterfactual,0,3.9,3.1,8,"Tom B., 22, Full-time",D,True,D,True,True,2,18554
P0088,Zain Malik,Pakistani,28-32,C_counterfactual,0,3.9,3.1,9,"Olga S., 38, Full-time",A,True,D,False,False,2,23859
P0088,Zain Malik,Pakistani,28-32,C_counterfactual,0,3.9,3.1,10,"Chen W., 45, Part-time",A,False,D,False,True,3,28367
P0089,Yan Luo,Chinese,23-27,A_no_explanation,0,2.6,4.1,1,"Sarah M., 34, Part-time",D,True,D,True,True,4,13819
P0089,Yan Luo,Chinese,23-27,A_no_explanation,0,2.6,4.1,2,"James K., 28, Full-time",A,True,D,False,False,3,10626
P0089,Yan Luo,Chinese,23-27,A_no_explanation,0,2.6,4.1,3,"Priya R., 41, Self-employed",D,False,D,True,False,3,8255
P0089,Yan Luo,Chinese,23-27,A_no_explanation,0,2.6,4.1,4,"Marcus T., 55, Part-time",D,True,A,False,False,3,25403
P0089,Yan Luo,Chinese,23-27,A_no_explanation,0,2.6,4.1,5,"Anika P., 29, Full-time",D,True,A,False,False,3,21699
P0089,Yan Luo,Chinese,23-27,A_no_explanation,0,2.6,4.1,6,"David H., 47, Full-time",A,True,D,False,False,4,19886
P0089,Yan Luo,Chinese,23-27,A_no_explanation,0,2.6,4.1,7,"Fatima A., 33, Contract",D,False,A,False,True,3,18885
P0089,Yan Luo,Chinese,23-27,A_no_explanation,0,2.6,4.1,8,"Tom B., 22, Full-time",D,True,D,True,True,3,7735
P0089,Yan Luo,Chinese,23-27,A_no_explanation,0,2.6,4.1,9,"Olga S., 38, Full-time",A,True,A,True,True,3,9856
P0089,Yan Luo,Chinese,23-27,A_no_explanation,0,2.6,4.1,10,"Chen W., 45, Part-time",A,False,A,True,False,5,8605
P0090,Mizanur Rahman,Bangladeshi,33-40,B_surface,2,3.8,2.4,1,"Sarah M., 34, Part-time",D,True,D,True,True,1,7744
P0090,Mizanur Rahman,Bangladeshi,33-40,B_surface,2,3.8,2.4,2,"James K., 28, Full-time",A,True,A,True,True,4,6811
P0090,Mizanur Rahman,Bangladeshi,33-40,B_surface,2,3.8,2.4,3,"Priya R., 41, Self-employed",D,False,D,True,False,3,14116
P0090,Mizanur Rahman,Bangladeshi,33-40,B_surface,2,3.8,2.4,4,"Marcus T., 55, Part-time",D,True,D,True,True,2,5216
P0090,Mizanur Rahman,Bangladeshi,33-40,B_surface,2,3.8,2.4,5,"Anika P., 29, Full-time",D,True,D,True,True,2,9330
P0090,Mizanur Rahman,Bangladeshi,33-40,B_surface,2,3.8,2.4,6,"David H., 47, Full-time",A,True,D,False,False,4,22097
P0090,Mizanur Rahman,Bangladeshi,33-40,B_surface,2,3.8,2.4,7,"Fatima A., 33, Contract",D,False,D,True,False,3,15431
P0090,Mizanur Rahman,Bangladeshi,33-40,B_surface,2,3.8,2.4,8,"Tom B., 22, Full-time",D,True,A,False,False,3,15908
P0090,Mizanur Rahman,Bangladeshi,33-40,B_surface,2,3.8,2.4,9,"Olga S., 38, Full-time",A,True,A,True,True,3,9260
P0090,Mizanur Rahman,Bangladeshi,33-40,B_surface,2,3.8,2.4,10,"Chen W., 45, Part-time",A,False,D,False,True,3,22071
P0091,Lily Scott,British,18-22,C_counterfactual,3,1.9,3.3,1,"Sarah M., 34, Part-time",D,True,D,True,True,3,22220
P0091,Lily Scott,British,18-22,C_counterfactual,3,1.9,3.3,2,"James K., 28, Full-time",A,True,A,True,True,4,7835
P0091,Lily Scott,British,18-22,C_counterfactual,3,1.9,3.3,3,"Priya R., 41, Self-employed",D,False,D,True,False,4,16909
P0091,Lily Scott,British,18-22,C_counterfactual,3,1.9,3.3,4,"Marcus T., 55, Part-time",D,True,D,True,True,2,17573
P0091,Lily Scott,British,18-22,C_counterfactual,3,1.9,3.3,5,"Anika P., 29, Full-time",D,True,D,True,True,4,12589
P0091,Lily Scott,British,18-22,C_counterfactual,3,1.9,3.3,6,"David H., 47, Full-time",A,True,D,False,False,2,24226
P0091,Lily Scott,British,18-22,C_counterfactual,3,1.9,3.3,7,"Fatima A., 33, Contract",D,False,A,False,True,1,26006
P0091,Lily Scott,British,18-22,C_counterfactual,3,1.9,3.3,8,"Tom B., 22, Full-time",D,True,A,False,False,4,21707
P0091,Lily Scott,British,18-22,C_counterfactual,3,1.9,3.3,9,"Olga S., 38, Full-time",A,True,A,True,True,3,9844
P0091,Lily Scott,British,18-22,C_counterfactual,3,1.9,3.3,10,"Chen W., 45, Part-time",A,False,A,True,False,3,18258
P0092,Andrei Popescu,Other,28-32,C_counterfactual,3,2.5,4.1,1,"Sarah M., 34, Part-time",D,True,D,True,True,4,16463
P0092,Andrei Popescu,Other,28-32,C_counterfactual,3,2.5,4.1,2,"James K., 28, Full-time",A,True,D,False,False,4,17925
P0092,Andrei Popescu,Other,28-32,C_counterfactual,3,2.5,4.1,3,"Priya R., 41, Self-employed",D,False,A,False,True,4,21757
P0092,Andrei Popescu,Other,28-32,C_counterfactual,3,2.5,4.1,4,"Marcus T., 55, Part-time",D,True,A,False,False,2,26128
P0092,Andrei Popescu,Other,28-32,C_counterfactual,3,2.5,4.1,5,"Anika P., 29, Full-time",D,True,A,False,False,4,18507
P0092,Andrei Popescu,Other,28-32,C_counterfactual,3,2.5,4.1,6,"David H., 47, Full-time",A,True,D,False,False,2,22689
P0092,Andrei Popescu,Other,28-32,C_counterfactual,3,2.5,4.1,7,"Fatima A., 33, Contract",D,False,A,False,True,5,27458
P0092,Andrei Popescu,Other,28-32,C_counterfactual,3,2.5,4.1,8,"Tom B., 22, Full-time",D,True,A,False,False,3,23474
P0092,Andrei Popescu,Other,28-32,C_counterfactual,3,2.5,4.1,9,"Olga S., 38, Full-time",A,True,D,False,False,2,28160
P0092,Andrei Popescu,Other,28-32,C_counterfactual,3,2.5,4.1,10,"Chen W., 45, Part-time",A,False,D,False,True,4,22736
P0093,Rahul Verma,Indian,23-27,C_counterfactual,2,2.7,4.4,1,"Sarah M., 34, Part-time",D,True,D,True,True,4,18179
P0093,Rahul Verma,Indian,23-27,C_counterfactual,2,2.7,4.4,2,"James K., 28, Full-time",A,True,A,True,True,3,15577
P0093,Rahul Verma,Indian,23-27,C_counterfactual,2,2.7,4.4,3,"Priya R., 41, Self-employed",D,False,D,True,False,2,15470
P0093,Rahul Verma,Indian,23-27,C_counterfactual,2,2.7,4.4,4,"Marcus T., 55, Part-time",D,True,D,True,True,3,19673
P0093,Rahul Verma,Indian,23-27,C_counterfactual,2,2.7,4.4,5,"Anika P., 29, Full-time",D,True,D,True,True,4,7808
P0093,Rahul Verma,Indian,23-27,C_counterfactual,2,2.7,4.4,6,"David H., 47, Full-time",A,True,D,False,False,3,22748
P0093,Rahul Verma,Indian,23-27,C_counterfactual,2,2.7,4.4,7,"Fatima A., 33, Contract",D,False,A,False,True,2,17420
P0093,Rahul Verma,Indian,23-27,C_counterfactual,2,2.7,4.4,8,"Tom B., 22, Full-time",D,True,D,True,True,3,16817
P0093,Rahul Verma,Indian,23-27,C_counterfactual,2,2.7,4.4,9,"Olga S., 38, Full-time",A,True,A,True,True,4,16382
P0093,Rahul Verma,Indian,23-27,C_counterfactual,2,2.7,4.4,10,"Chen W., 45, Part-time",A,False,D,False,True,2,23878
P0094,Jeba Akter,Bangladeshi,41-50,C_counterfactual,3,3.2,3.4,1,"Sarah M., 34, Part-time",D,True,A,False,False,3,32237
P0094,Jeba Akter,Bangladeshi,41-50,C_counterfactual,3,3.2,3.4,2,"James K., 28, Full-time",A,True,D,False,False,4,20512
P0094,Jeba Akter,Bangladeshi,41-50,C_counterfactual,3,3.2,3.4,3,"Priya R., 41, Self-employed",D,False,A,False,True,3,16886
P0094,Jeba Akter,Bangladeshi,41-50,C_counterfactual,3,3.2,3.4,4,"Marcus T., 55, Part-time",D,True,A,False,False,4,25571
P0094,Jeba Akter,Bangladeshi,41-50,C_counterfactual,3,3.2,3.4,5,"Anika P., 29, Full-time",D,True,D,True,True,4,5453
P0094,Jeba Akter,Bangladeshi,41-50,C_counterfactual,3,3.2,3.4,6,"David H., 47, Full-time",A,True,A,True,True,4,10612
P0094,Jeba Akter,Bangladeshi,41-50,C_counterfactual,3,3.2,3.4,7,"Fatima A., 33, Contract",D,False,A,False,True,4,21185
P0094,Jeba Akter,Bangladeshi,41-50,C_counterfactual,3,3.2,3.4,8,"Tom B., 22, Full-time",D,True,D,True,True,3,13872
P0094,Jeba Akter,Bangladeshi,41-50,C_counterfactual,3,3.2,3.4,9,"Olga S., 38, Full-time",A,True,A,True,True,4,14662
P0094,Jeba Akter,Bangladeshi,41-50,C_counterfactual,3,3.2,3.4,10,"Chen W., 45, Part-time",A,False,A,True,False,4,19250
P0095,Ryan Green,British,28-32,A_no_explanation,2,2.7,3.0,1,"Sarah M., 34, Part-time",D,True,D,True,True,4,14038
P0095,Ryan Green,British,28-32,A_no_explanation,2,2.7,3.0,2,"James K., 28, Full-time",A,True,D,False,False,2,22153
P0095,Ryan Green,British,28-32,A_no_explanation,2,2.7,3.0,3,"Priya R., 41, Self-employed",D,False,D,True,False,4,9039
P0095,Ryan Green,British,28-32,A_no_explanation,2,2.7,3.0,4,"Marcus T., 55, Part-time",D,True,A,False,False,2,21719
P0095,Ryan Green,British,28-32,A_no_explanation,2,2.7,3.0,5,"Anika P., 29, Full-time",D,True,A,False,False,3,21877
P0095,Ryan Green,British,28-32,A_no_explanation,2,2.7,3.0,6,"David H., 47, Full-time",A,True,A,True,True,3,8169
P0095,Ryan Green,British,28-32,A_no_explanation,2,2.7,3.0,7,"Fatima A., 33, Contract",D,False,A,False,True,2,23043
P0095,Ryan Green,British,28-32,A_no_explanation,2,2.7,3.0,8,"Tom B., 22, Full-time",D,True,A,False,False,3,23384
P0095,Ryan Green,British,28-32,A_no_explanation,2,2.7,3.0,9,"Olga S., 38, Full-time",A,True,A,True,True,3,15189
P0095,Ryan Green,British,28-32,A_no_explanation,2,2.7,3.0,10,"Chen W., 45, Part-time",A,False,D,False,True,2,17016
P0096,Said Al-Rashidi,Other,23-27,B_surface,3,2.5,2.3,1,"Sarah M., 34, Part-time",D,True,D,True,True,5,17085
P0096,Said Al-Rashidi,Other,23-27,B_surface,3,2.5,2.3,2,"James K., 28, Full-time",A,True,D,False,False,4,21718
P0096,Said Al-Rashidi,Other,23-27,B_surface,3,2.5,2.3,3,"Priya R., 41, Self-employed",D,False,A,False,True,3,21539
P0096,Said Al-Rashidi,Other,23-27,B_surface,3,2.5,2.3,4,"Marcus T., 55, Part-time",D,True,A,False,False,3,24083
P0096,Said Al-Rashidi,Other,23-27,B_surface,3,2.5,2.3,5,"Anika P., 29, Full-time",D,True,A,False,False,3,20445
P0096,Said Al-Rashidi,Other,23-27,B_surface,3,2.5,2.3,6,"David H., 47, Full-time",A,True,D,False,False,3,18430
P0096,Said Al-Rashidi,Other,23-27,B_surface,3,2.5,2.3,7,"Fatima A., 33, Contract",D,False,D,True,False,4,13771
P0096,Said Al-Rashidi,Other,23-27,B_surface,3,2.5,2.3,8,"Tom B., 22, Full-time",D,True,D,True,True,2,14228
P0096,Said Al-Rashidi,Other,23-27,B_surface,3,2.5,2.3,9,"Olga S., 38, Full-time",A,True,A,True,True,2,11376
P0096,Said Al-Rashidi,Other,23-27,B_surface,3,2.5,2.3,10,"Chen W., 45, Part-time",A,False,A,True,False,3,11990
P0097,Bisi Adeyemi,Nigerian,23-27,A_no_explanation,1,4.4,4.5,1,"Sarah M., 34, Part-time",D,True,D,True,True,2,11188
P0097,Bisi Adeyemi,Nigerian,23-27,A_no_explanation,1,4.4,4.5,2,"James K., 28, Full-time",A,True,D,False,False,3,20517
P0097,Bisi Adeyemi,Nigerian,23-27,A_no_explanation,1,4.4,4.5,3,"Priya R., 41, Self-employed",D,False,D,True,False,5,10656
P0097,Bisi Adeyemi,Nigerian,23-27,A_no_explanation,1,4.4,4.5,4,"Marcus T., 55, Part-time",D,True,A,False,False,3,17933
P0097,Bisi Adeyemi,Nigerian,23-27,A_no_explanation,1,4.4,4.5,5,"Anika P., 29, Full-time",D,True,A,False,False,4,11629
P0097,Bisi Adeyemi,Nigerian,23-27,A_no_explanation,1,4.4,4.5,6,"David H., 47, Full-time",A,True,A,True,True,3,16231
P0097,Bisi Adeyemi,Nigerian,23-27,A_no_explanation,1,4.4,4.5,7,"Fatima A., 33, Contract",D,False,D,True,False,3,10875
P0097,Bisi Adeyemi,Nigerian,23-27,A_no_explanation,1,4.4,4.5,8,"Tom B., 22, Full-time",D,True,D,True,True,2,6455
P0097,Bisi Adeyemi,Nigerian,23-27,A_no_explanation,1,4.4,4.5,9,"Olga S., 38, Full-time",A,True,A,True,True,4,13633
P0097,Bisi Adeyemi,Nigerian,23-27,A_no_explanation,1,4.4,4.5,10,"Chen W., 45, Part-time",A,False,D,False,True,3,22730
P0098,Emily Clarke,British,23-27,B_surface,2,3.9,3.9,1,"Sarah M., 34, Part-time",D,True,A,False,False,3,19978
P0098,Emily Clarke,British,23-27,B_surface,2,3.9,3.9,2,"James K., 28, Full-time",A,True,A,True,True,4,16974
P0098,Emily Clarke,British,23-27,B_surface,2,3.9,3.9,3,"Priya R., 41, Self-employed",D,False,D,True,False,3,13545
P0098,Emily Clarke,British,23-27,B_surface,2,3.9,3.9,4,"Marcus T., 55, Part-time",D,True,A,False,False,3,14493
P0098,Emily Clarke,British,23-27,B_surface,2,3.9,3.9,5,"Anika P., 29, Full-time",D,True,A,False,False,3,13869
P0098,Emily Clarke,British,23-27,B_surface,2,3.9,3.9,6,"David H., 47, Full-time",A,True,D,False,False,3,19871
P0098,Emily Clarke,British,23-27,B_surface,2,3.9,3.9,7,"Fatima A., 33, Contract",D,False,A,False,True,2,22761
P0098,Emily Clarke,British,23-27,B_surface,2,3.9,3.9,8,"Tom B., 22, Full-time",D,True,A,False,False,3,24002
P0098,Emily Clarke,British,23-27,B_surface,2,3.9,3.9,9,"Olga S., 38, Full-time",A,True,A,True,True,3,14915
P0098,Emily Clarke,British,23-27,B_surface,2,3.9,3.9,10,"Chen W., 45, Part-time",A,False,A,True,False,5,11408
P0099,Tayo Adebisi,Nigerian,28-32,A_no_explanation,2,4.3,2.4,1,"Sarah M., 34, Part-time",D,True,D,True,True,3,13616
P0099,Tayo Adebisi,Nigerian,28-32,A_no_explanation,2,4.3,2.4,2,"James K., 28, Full-time",A,True,D,False,False,3,20325
P0099,Tayo Adebisi,Nigerian,28-32,A_no_explanation,2,4.3,2.4,3,"Priya R., 41, Self-employed",D,False,D,True,False,3,11898
P0099,Tayo Adebisi,Nigerian,28-32,A_no_explanation,2,4.3,2.4,4,"Marcus T., 55, Part-time",D,True,D,True,True,2,17160
P0099,Tayo Adebisi,Nigerian,28-32,A_no_explanation,2,4.3,2.4,5,"Anika P., 29, Full-time",D,True,D,True,True,3,17045
P0099,Tayo Adebisi,Nigerian,28-32,A_no_explanation,2,4.3,2.4,6,"David H., 47, Full-time",A,True,A,True,True,3,8853
P0099,Tayo Adebisi,Nigerian,28-32,A_no_explanation,2,4.3,2.4,7,"Fatima A., 33, Contract",D,False,D,True,False,4,10089
P0099,Tayo Adebisi,Nigerian,28-32,A_no_explanation,2,4.3,2.4,8,"Tom B., 22, Full-time",D,True,D,True,True,3,12900
P0099,Tayo Adebisi,Nigerian,28-32,A_no_explanation,2,4.3,2.4,9,"Olga S., 38, Full-time",A,True,D,False,False,3,23805
P0099,Tayo Adebisi,Nigerian,28-32,A_no_explanation,2,4.3,2.4,10,"Chen W., 45, Part-time",A,False,A,True,False,5,11139
P0100,Shafiqur Rahman,Bangladeshi,28-32,B_surface,2,4.9,4.8,1,"Sarah M., 34, Part-time",D,True,A,False,False,2,24790
P0100,Shafiqur Rahman,Bangladeshi,28-32,B_surface,2,4.9,4.8,2,"James K., 28, Full-time",A,True,A,True,True,3,20504
P0100,Shafiqur Rahman,Bangladeshi,28-32,B_surface,2,4.9,4.8,3,"Priya R., 41, Self-employed",D,False,D,True,False,3,9645
P0100,Shafiqur Rahman,Bangladeshi,28-32,B_surface,2,4.9,4.8,4,"Marcus T., 55, Part-time",D,True,A,False,False,3,22436
P0100,Shafiqur Rahman,Bangladeshi,28-32,B_surface,2,4.9,4.8,5,"Anika P., 29, Full-time",D,True,D,True,True,4,14459
P0100,Shafiqur Rahman,Bangladeshi,28-32,B_surface,2,4.9,4.8,6,"David H., 47, Full-time",A,True,D,False,False,5,15684
P0100,Shafiqur Rahman,Bangladeshi,28-32,B_surface,2,4.9,4.8,7,"Fatima A., 33, Contract",D,False,D,True,False,3,7401
P0100,Shafiqur Rahman,Bangladeshi,28-32,B_surface,2,4.9,4.8,8,"Tom B., 22, Full-time",D,True,A,False,False,2,19370
P0100,Shafiqur Rahman,Bangladeshi,28-32,B_surface,2,4.9,4.8,9,"Olga S., 38, Full-time",A,True,D,False,False,2,25350
P0100,Shafiqur Rahman,Bangladeshi,28-32,B_surface,2,4.9,4.8,10,"Chen W., 45, Part-time",A,False,A,True,False,4,13450
P0101,Syafiq Ramli,Malaysian,23-27,C_counterfactual,2,1.2,2.9,1,"Sarah M., 34, Part-time",D,True,A,False,False,3,32224
P0101,Syafiq Ramli,Malaysian,23-27,C_counterfactual,2,1.2,2.9,2,"James K., 28, Full-time",A,True,A,True,True,4,11377
P0101,Syafiq Ramli,Malaysian,23-27,C_counterfactual,2,1.2,2.9,3,"Priya R., 41, Self-employed",D,False,A,False,True,3,17270
P0101,Syafiq Ramli,Malaysian,23-27,C_counterfactual,2,1.2,2.9,4,"Marcus T., 55, Part-time",D,True,D,True,True,4,16128
P0101,Syafiq Ramli,Malaysian,23-27,C_counterfactual,2,1.2,2.9,5,"Anika P., 29, Full-time",D,True,A,False,False,4,27889
P0101,Syafiq Ramli,Malaysian,23-27,C_counterfactual,2,1.2,2.9,6,"David H., 47, Full-time",A,True,D,False,False,2,17834
P0101,Syafiq Ramli,Malaysian,23-27,C_counterfactual,2,1.2,2.9,7,"Fatima A., 33, Contract",D,False,D,True,False,3,13933
P0101,Syafiq Ramli,Malaysian,23-27,C_counterfactual,2,1.2,2.9,8,"Tom B., 22, Full-time",D,True,D,True,True,3,15224
P0101,Syafiq Ramli,Malaysian,23-27,C_counterfactual,2,1.2,2.9,9,"Olga S., 38, Full-time",A,True,A,True,True,4,19096
P0101,Syafiq Ramli,Malaysian,23-27,C_counterfactual,2,1.2,2.9,10,"Chen W., 45, Part-time",A,False,A,True,False,3,18062
P0102,Nurjahan Begum,Bangladeshi,51+,B_surface,3,2.9,2.2,1,"Sarah M., 34, Part-time",D,True,A,False,False,4,27580
P0102,Nurjahan Begum,Bangladeshi,51+,B_surface,3,2.9,2.2,2,"James K., 28, Full-time",A,True,D,False,False,4,19931
P0102,Nurjahan Begum,Bangladeshi,51+,B_surface,3,2.9,2.2,3,"Priya R., 41, Self-employed",D,False,A,False,True,3,20866
P0102,Nurjahan Begum,Bangladeshi,51+,B_surface,3,2.9,2.2,4,"Marcus T., 55, Part-time",D,True,A,False,False,3,20281
P0102,Nurjahan Begum,Bangladeshi,51+,B_surface,3,2.9,2.2,5,"Anika P., 29, Full-time",D,True,D,True,True,4,13429
P0102,Nurjahan Begum,Bangladeshi,51+,B_surface,3,2.9,2.2,6,"David H., 47, Full-time",A,True,D,False,False,4,19571
P0102,Nurjahan Begum,Bangladeshi,51+,B_surface,3,2.9,2.2,7,"Fatima A., 33, Contract",D,False,D,True,False,4,10436
P0102,Nurjahan Begum,Bangladeshi,51+,B_surface,3,2.9,2.2,8,"Tom B., 22, Full-time",D,True,D,True,True,3,19457
P0102,Nurjahan Begum,Bangladeshi,51+,B_surface,3,2.9,2.2,9,"Olga S., 38, Full-time",A,True,D,False,False,3,16832
P0102,Nurjahan Begum,Bangladeshi,51+,B_surface,3,2.9,2.2,10,"Chen W., 45, Part-time",A,False,A,True,False,5,16367
P0103,Syafiqah Ramli,Malaysian,28-32,B_surface,0,4.7,3.8,1,"Sarah M., 34, Part-time",D,True,D,True,True,4,14277
P0103,Syafiqah Ramli,Malaysian,28-32,B_surface,0,4.7,3.8,2,"James K., 28, Full-time",A,True,D,False,False,3,20570
P0103,Syafiqah Ramli,Malaysian,28-32,B_surface,0,4.7,3.8,3,"Priya R., 41, Self-employed",D,False,A,False,True,4,19246
P0103,Syafiqah Ramli,Malaysian,28-32,B_surface,0,4.7,3.8,4,"Marcus T., 55, Part-time",D,True,A,False,False,3,23177
P0103,Syafiqah Ramli,Malaysian,28-32,B_surface,0,4.7,3.8,5,"Anika P., 29, Full-time",D,True,D,True,True,3,14086
P0103,Syafiqah Ramli,Malaysian,28-32,B_surface,0,4.7,3.8,6,"David H., 47, Full-time",A,True,D,False,False,3,22076
P0103,Syafiqah Ramli,Malaysian,28-32,B_surface,0,4.7,3.8,7,"Fatima A., 33, Contract",D,False,D,True,False,4,3462
P0103,Syafiqah Ramli,Malaysian,28-32,B_surface,0,4.7,3.8,8,"Tom B., 22, Full-time",D,True,D,True,True,3,13994
P0103,Syafiqah Ramli,Malaysian,28-32,B_surface,0,4.7,3.8,9,"Olga S., 38, Full-time",A,True,A,True,True,4,16972
P0103,Syafiqah Ramli,Malaysian,28-32,B_surface,0,4.7,3.8,10,"Chen W., 45, Part-time",A,False,D,False,True,3,18798
P0104,Bayzid Hossain,Bangladeshi,23-27,A_no_explanation,0,4.3,3.4,1,"Sarah M., 34, Part-time",D,True,D,True,True,4,9414
P0104,Bayzid Hossain,Bangladeshi,23-27,A_no_explanation,0,4.3,3.4,2,"James K., 28, Full-time",A,True,A,True,True,4,16405
P0104,Bayzid Hossain,Bangladeshi,23-27,A_no_explanation,0,4.3,3.4,3,"Priya R., 41, Self-employed",D,False,D,True,False,3,12600
P0104,Bayzid Hossain,Bangladeshi,23-27,A_no_explanation,0,4.3,3.4,4,"Marcus T., 55, Part-time",D,True,D,True,True,2,11403
P0104,Bayzid Hossain,Bangladeshi,23-27,A_no_explanation,0,4.3,3.4,5,"Anika P., 29, Full-time",D,True,D,True,True,4,10073
P0104,Bayzid Hossain,Bangladeshi,23-27,A_no_explanation,0,4.3,3.4,6,"David H., 47, Full-time",A,True,A,True,True,3,10925
P0104,Bayzid Hossain,Bangladeshi,23-27,A_no_explanation,0,4.3,3.4,7,"Fatima A., 33, Contract",D,False,A,False,True,4,17976
P0104,Bayzid Hossain,Bangladeshi,23-27,A_no_explanation,0,4.3,3.4,8,"Tom B., 22, Full-time",D,True,A,False,False,3,15885
P0104,Bayzid Hossain,Bangladeshi,23-27,A_no_explanation,0,4.3,3.4,9,"Olga S., 38, Full-time",A,True,A,True,True,3,9794
P0104,Bayzid Hossain,Bangladeshi,23-27,A_no_explanation,0,4.3,3.4,10,"Chen W., 45, Part-time",A,False,D,False,True,2,20372
P0105,Runa Begum,Bangladeshi,23-27,C_counterfactual,3,3.9,4.1,1,"Sarah M., 34, Part-time",D,True,D,True,True,3,14052
P0105,Runa Begum,Bangladeshi,23-27,C_counterfactual,3,3.9,4.1,2,"James K., 28, Full-time",A,True,D,False,False,3,29061
P0105,Runa Begum,Bangladeshi,23-27,C_counterfactual,3,3.9,4.1,3,"Priya R., 41, Self-employed",D,False,A,False,True,2,24251
P0105,Runa Begum,Bangladeshi,23-27,C_counterfactual,3,3.9,4.1,4,"Marcus T., 55, Part-time",D,True,A,False,False,3,22876
P0105,Runa Begum,Bangladeshi,23-27,C_counterfactual,3,3.9,4.1,5,"Anika P., 29, Full-time",D,True,A,False,False,4,23251
P0105,Runa Begum,Bangladeshi,23-27,C_counterfactual,3,3.9,4.1,6,"David H., 47, Full-time",A,True,A,True,True,3,19480
P0105,Runa Begum,Bangladeshi,23-27,C_counterfactual,3,3.9,4.1,7,"Fatima A., 33, Contract",D,False,D,True,False,4,20706
P0105,Runa Begum,Bangladeshi,23-27,C_counterfactual,3,3.9,4.1,8,"Tom B., 22, Full-time",D,True,A,False,False,3,16611
P0105,Runa Begum,Bangladeshi,23-27,C_counterfactual,3,3.9,4.1,9,"Olga S., 38, Full-time",A,True,A,True,True,5,9872
P0105,Runa Begum,Bangladeshi,23-27,C_counterfactual,3,3.9,4.1,10,"Chen W., 45, Part-time",A,False,D,False,True,2,23486
P0106,Oliver Smith,British,33-40,C_counterfactual,2,2.2,3.1,1,"Sarah M., 34, Part-time",D,True,A,False,False,3,29312
P0106,Oliver Smith,British,33-40,C_counterfactual,2,2.2,3.1,2,"James K., 28, Full-time",A,True,A,True,True,3,13503
P0106,Oliver Smith,British,33-40,C_counterfactual,2,2.2,3.1,3,"Priya R., 41, Self-employed",D,False,D,True,False,3,12412
P0106,Oliver Smith,British,33-40,C_counterfactual,2,2.2,3.1,4,"Marcus T., 55, Part-time",D,True,A,False,False,2,18016
P0106,Oliver Smith,British,33-40,C_counterfactual,2,2.2,3.1,5,"Anika P., 29, Full-time",D,True,A,False,False,3,21629
P0106,Oliver Smith,British,33-40,C_counterfactual,2,2.2,3.1,6,"David H., 47, Full-time",A,True,A,True,True,2,12725
P0106,Oliver Smith,British,33-40,C_counterfactual,2,2.2,3.1,7,"Fatima A., 33, Contract",D,False,D,True,False,3,17084
P0106,Oliver Smith,British,33-40,C_counterfactual,2,2.2,3.1,8,"Tom B., 22, Full-time",D,True,D,True,True,2,10164
P0106,Oliver Smith,British,33-40,C_counterfactual,2,2.2,3.1,9,"Olga S., 38, Full-time",A,True,D,False,False,4,25578
P0106,Oliver Smith,British,33-40,C_counterfactual,2,2.2,3.1,10,"Chen W., 45, Part-time",A,False,D,False,True,4,23794
P0107,Mia Adams,British,28-32,B_surface,2,2.7,2.5,1,"Sarah M., 34, Part-time",D,True,A,False,False,4,19368
P0107,Mia Adams,British,28-32,B_surface,2,2.7,2.5,2,"James K., 28, Full-time",A,True,A,True,True,4,12360
P0107,Mia Adams,British,28-32,B_surface,2,2.7,2.5,3,"Priya R., 41, Self-employed",D,False,D,True,False,2,18346
P0107,Mia Adams,British,28-32,B_surface,2,2.7,2.5,4,"Marcus T., 55, Part-time",D,True,D,True,True,3,19014
P0107,Mia Adams,British,28-32,B_surface,2,2.7,2.5,5,"Anika P., 29, Full-time",D,True,A,False,False,3,22932
P0107,Mia Adams,British,28-32,B_surface,2,2.7,2.5,6,"David H., 47, Full-time",A,True,A,True,True,2,13210
P0107,Mia Adams,British,28-32,B_surface,2,2.7,2.5,7,"Fatima A., 33, Contract",D,False,D,True,False,3,13527
P0107,Mia Adams,British,28-32,B_surface,2,2.7,2.5,8,"Tom B., 22, Full-time",D,True,A,False,False,2,18332
P0107,Mia Adams,British,28-32,B_surface,2,2.7,2.5,9,"Olga S., 38, Full-time",A,True,A,True,True,3,10193
P0107,Mia Adams,British,28-32,B_surface,2,2.7,2.5,10,"Chen W., 45, Part-time",A,False,A,True,False,4,9858
P0108,Jack Taylor,British,18-22,A_no_explanation,1,3.0,2.1,1,"Sarah M., 34, Part-time",D,True,A,False,False,2,21759
P0108,Jack Taylor,British,18-22,A_no_explanation,1,3.0,2.1,2,"James K., 28, Full-time",A,True,D,False,False,4,19067
P0108,Jack Taylor,British,18-22,A_no_explanation,1,3.0,2.1,3,"Priya R., 41, Self-employed",D,False,D,True,False,2,10430
P0108,Jack Taylor,British,18-22,A_no_explanation,1,3.0,2.1,4,"Marcus T., 55, Part-time",D,True,A,False,False,1,21145
P0108,Jack Taylor,British,18-22,A_no_explanation,1,3.0,2.1,5,"Anika P., 29, Full-time",D,True,A,False,False,3,17964
P0108,Jack Taylor,British,18-22,A_no_explanation,1,3.0,2.1,6,"David H., 47, Full-time",A,True,D,False,False,4,21929
P0108,Jack Taylor,British,18-22,A_no_explanation,1,3.0,2.1,7,"Fatima A., 33, Contract",D,False,D,True,False,3,13644
P0108,Jack Taylor,British,18-22,A_no_explanation,1,3.0,2.1,8,"Tom B., 22, Full-time",D,True,A,False,False,4,16131
P0108,Jack Taylor,British,18-22,A_no_explanation,1,3.0,2.1,9,"Olga S., 38, Full-time",A,True,D,False,False,3,25960
P0108,Jack Taylor,British,18-22,A_no_explanation,1,3.0,2.1,10,"Chen W., 45, Part-time",A,False,A,True,False,4,9692
P0109,Andrew Wright,British,23-27,C_counterfactual,0,4.1,3.2,1,"Sarah M., 34, Part-time",D,True,A,False,False,4,23650
P0109,Andrew Wright,British,23-27,C_counterfactual,0,4.1,3.2,2,"James K., 28, Full-time",A,True,D,False,False,2,24035
P0109,Andrew Wright,British,23-27,C_counterfactual,0,4.1,3.2,3,"Priya R., 41, Self-employed",D,False,D,True,False,4,15052
P0109,Andrew Wright,British,23-27,C_counterfactual,0,4.1,3.2,4,"Marcus T., 55, Part-time",D,True,A,False,False,3,27851
P0109,Andrew Wright,British,23-27,C_counterfactual,0,4.1,3.2,5,"Anika P., 29, Full-time",D,True,D,True,True,3,20199
P0109,Andrew Wright,British,23-27,C_counterfactual,0,4.1,3.2,6,"David H., 47, Full-time",A,True,A,True,True,4,14152
P0109,Andrew Wright,British,23-27,C_counterfactual,0,4.1,3.2,7,"Fatima A., 33, Contract",D,False,D,True,False,3,15574
P0109,Andrew Wright,British,23-27,C_counterfactual,0,4.1,3.2,8,"Tom B., 22, Full-time",D,True,A,False,False,3,19863
P0109,Andrew Wright,British,23-27,C_counterfactual,0,4.1,3.2,9,"Olga S., 38, Full-time",A,True,A,True,True,3,12259
P0109,Andrew Wright,British,23-27,C_counterfactual,0,4.1,3.2,10,"Chen W., 45, Part-time",A,False,A,True,False,4,14371
P0110,Nafis Ahmed,Bangladeshi,18-22,C_counterfactual,0,2.3,2.4,1,"Sarah M., 34, Part-time",D,True,D,True,True,3,14113
P0110,Nafis Ahmed,Bangladeshi,18-22,C_counterfactual,0,2.3,2.4,2,"James K., 28, Full-time",A,True,A,True,True,4,15253
P0110,Nafis Ahmed,Bangladeshi,18-22,C_counterfactual,0,2.3,2.4,3,"Priya R., 41, Self-employed",D,False,A,False,True,2,25385
P0110,Nafis Ahmed,Bangladeshi,18-22,C_counterfactual,0,2.3,2.4,4,"Marcus T., 55, Part-time",D,True,A,False,False,3,23623
P0110,Nafis Ahmed,Bangladeshi,18-22,C_counterfactual,0,2.3,2.4,5,"Anika P., 29, Full-time",D,True,A,False,False,3,21240
P0110,Nafis Ahmed,Bangladeshi,18-22,C_counterfactual,0,2.3,2.4,6,"David H., 47, Full-time",A,True,A,True,True,3,17917
P0110,Nafis Ahmed,Bangladeshi,18-22,C_counterfactual,0,2.3,2.4,7,"Fatima A., 33, Contract",D,False,A,False,True,2,16298
P0110,Nafis Ahmed,Bangladeshi,18-22,C_counterfactual,0,2.3,2.4,8,"Tom B., 22, Full-time",D,True,A,False,False,3,23700
P0110,Nafis Ahmed,Bangladeshi,18-22,C_counterfactual,0,2.3,2.4,9,"Olga S., 38, Full-time",A,True,A,True,True,2,20196
P0110,Nafis Ahmed,Bangladeshi,18-22,C_counterfactual,0,2.3,2.4,10,"Chen W., 45, Part-time",A,False,A,True,False,3,16688
P0111,Emeka Eze,Nigerian,33-40,B_surface,1,3.3,3.8,1,"Sarah M., 34, Part-time",D,True,D,True,True,4,16412
P0111,Emeka Eze,Nigerian,33-40,B_surface,1,3.3,3.8,2,"James K., 28, Full-time",A,True,A,True,True,4,17529
P0111,Emeka Eze,Nigerian,33-40,B_surface,1,3.3,3.8,3,"Priya R., 41, Self-employed",D,False,A,False,True,2,20945
P0111,Emeka Eze,Nigerian,33-40,B_surface,1,3.3,3.8,4,"Marcus T., 55, Part-time",D,True,D,True,True,4,17223
P0111,Emeka Eze,Nigerian,33-40,B_surface,1,3.3,3.8,5,"Anika P., 29, Full-time",D,True,A,False,False,3,21067
P0111,Emeka Eze,Nigerian,33-40,B_surface,1,3.3,3.8,6,"David H., 47, Full-time",A,True,D,False,False,2,20890
P0111,Emeka Eze,Nigerian,33-40,B_surface,1,3.3,3.8,7,"Fatima A., 33, Contract",D,False,D,True,False,4,15415
P0111,Emeka Eze,Nigerian,33-40,B_surface,1,3.3,3.8,8,"Tom B., 22, Full-time",D,True,D,True,True,4,12872
P0111,Emeka Eze,Nigerian,33-40,B_surface,1,3.3,3.8,9,"Olga S., 38, Full-time",A,True,D,False,False,3,24288
P0111,Emeka Eze,Nigerian,33-40,B_surface,1,3.3,3.8,10,"Chen W., 45, Part-time",A,False,D,False,True,3,16602
P0112,Pradeep Iyer,Indian,23-27,B_surface,0,1.6,3.6,1,"Sarah M., 34, Part-time",D,True,D,True,True,3,14600
P0112,Pradeep Iyer,Indian,23-27,B_surface,0,1.6,3.6,2,"James K., 28, Full-time",A,True,A,True,True,1,7810
P0112,Pradeep Iyer,Indian,23-27,B_surface,0,1.6,3.6,3,"Priya R., 41, Self-employed",D,False,D,True,False,5,15156
P0112,Pradeep Iyer,Indian,23-27,B_surface,0,1.6,3.6,4,"Marcus T., 55, Part-time",D,True,D,True,True,2,12723
P0112,Pradeep Iyer,Indian,23-27,B_surface,0,1.6,3.6,5,"Anika P., 29, Full-time",D,True,D,True,True,4,10754
P0112,Pradeep Iyer,Indian,23-27,B_surface,0,1.6,3.6,6,"David H., 47, Full-time",A,True,D,False,False,4,21169
P0112,Pradeep Iyer,Indian,23-27,B_surface,0,1.6,3.6,7,"Fatima A., 33, Contract",D,False,D,True,False,4,16893
P0112,Pradeep Iyer,Indian,23-27,B_surface,0,1.6,3.6,8,"Tom B., 22, Full-time",D,True,D,True,True,2,18587
P0112,Pradeep Iyer,Indian,23-27,B_surface,0,1.6,3.6,9,"Olga S., 38, Full-time",A,True,D,False,False,2,21228
P0112,Pradeep Iyer,Indian,23-27,B_surface,0,1.6,3.6,10,"Chen W., 45, Part-time",A,False,A,True,False,4,10659
P0113,Saiful Islam,Bangladeshi,18-22,B_surface,2,3.0,4.0,1,"Sarah M., 34, Part-time",D,True,D,True,True,2,11545
P0113,Saiful Islam,Bangladeshi,18-22,B_surface,2,3.0,4.0,2,"James K., 28, Full-time",A,True,A,True,True,2,13349
P0113,Saiful Islam,Bangladeshi,18-22,B_surface,2,3.0,4.0,3,"Priya R., 41, Self-employed",D,False,A,False,True,4,11872
P0113,Saiful Islam,Bangladeshi,18-22,B_surface,2,3.0,4.0,4,"Marcus T., 55, Part-time",D,True,D,True,True,2,6609
P0113,Saiful Islam,Bangladeshi,18-22,B_surface,2,3.0,4.0,5,"Anika P., 29, Full-time",D,True,D,True,True,3,9853
P0113,Saiful Islam,Bangladeshi,18-22,B_surface,2,3.0,4.0,6,"David H., 47, Full-time",A,True,D,False,False,3,20927
P0113,Saiful Islam,Bangladeshi,18-22,B_surface,2,3.0,4.0,7,"Fatima A., 33, Contract",D,False,D,True,False,3,15701
P0113,Saiful Islam,Bangladeshi,18-22,B_surface,2,3.0,4.0,8,"Tom B., 22, Full-time",D,True,A,False,False,2,18042
P0113,Saiful Islam,Bangladeshi,18-22,B_surface,2,3.0,4.0,9,"Olga S., 38, Full-time",A,True,A,True,True,3,15537
P0113,Saiful Islam,Bangladeshi,18-22,B_surface,2,3.0,4.0,10,"Chen W., 45, Part-time",A,False,A,True,False,3,7877
P0114,Pooja Yadav,Indian,23-27,C_counterfactual,1,2.8,2.6,1,"Sarah M., 34, Part-time",D,True,D,True,True,4,14605
P0114,Pooja Yadav,Indian,23-27,C_counterfactual,1,2.8,2.6,2,"James K., 28, Full-time",A,True,A,True,True,4,16784
P0114,Pooja Yadav,Indian,23-27,C_counterfactual,1,2.8,2.6,3,"Priya R., 41, Self-employed",D,False,A,False,True,3,25290
P0114,Pooja Yadav,Indian,23-27,C_counterfactual,1,2.8,2.6,4,"Marcus T., 55, Part-time",D,True,D,True,True,4,13185
P0114,Pooja Yadav,Indian,23-27,C_counterfactual,1,2.8,2.6,5,"Anika P., 29, Full-time",D,True,A,False,False,3,25565
P0114,Pooja Yadav,Indian,23-27,C_counterfactual,1,2.8,2.6,6,"David H., 47, Full-time",A,True,A,True,True,3,18055
P0114,Pooja Yadav,Indian,23-27,C_counterfactual,1,2.8,2.6,7,"Fatima A., 33, Contract",D,False,D,True,False,4,15305
P0114,Pooja Yadav,Indian,23-27,C_counterfactual,1,2.8,2.6,8,"Tom B., 22, Full-time",D,True,D,True,True,2,8693
P0114,Pooja Yadav,Indian,23-27,C_counterfactual,1,2.8,2.6,9,"Olga S., 38, Full-time",A,True,A,True,True,2,10639
P0114,Pooja Yadav,Indian,23-27,C_counterfactual,1,2.8,2.6,10,"Chen W., 45, Part-time",A,False,D,False,True,4,19731
P0115,Farhana Azmi,Malaysian,23-27,C_counterfactual,1,2.0,4.2,1,"Sarah M., 34, Part-time",D,True,A,False,False,4,31468
P0115,Farhana Azmi,Malaysian,23-27,C_counterfactual,1,2.0,4.2,2,"James K., 28, Full-time",A,True,A,True,True,4,14134
P0115,Farhana Azmi,Malaysian,23-27,C_counterfactual,1,2.0,4.2,3,"Priya R., 41, Self-employed",D,False,A,False,True,3,19600
P0115,Farhana Azmi,Malaysian,23-27,C_counterfactual,1,2.0,4.2,4,"Marcus T., 55, Part-time",D,True,D,True,True,3,16444
P0115,Farhana Azmi,Malaysian,23-27,C_counterfactual,1,2.0,4.2,5,"Anika P., 29, Full-time",D,True,A,False,False,2,23973
P0115,Farhana Azmi,Malaysian,23-27,C_counterfactual,1,2.0,4.2,6,"David H., 47, Full-time",A,True,D,False,False,3,18229
P0115,Farhana Azmi,Malaysian,23-27,C_counterfactual,1,2.0,4.2,7,"Fatima A., 33, Contract",D,False,D,True,False,3,21521
P0115,Farhana Azmi,Malaysian,23-27,C_counterfactual,1,2.0,4.2,8,"Tom B., 22, Full-time",D,True,A,False,False,3,24763
P0115,Farhana Azmi,Malaysian,23-27,C_counterfactual,1,2.0,4.2,9,"Olga S., 38, Full-time",A,True,A,True,True,1,10401
P0115,Farhana Azmi,Malaysian,23-27,C_counterfactual,1,2.0,4.2,10,"Chen W., 45, Part-time",A,False,A,True,False,4,19637
P0116,Umme Habiba,Bangladeshi,28-32,C_counterfactual,2,5.0,3.0,1,"Sarah M., 34, Part-time",D,True,A,False,False,3,26775
P0116,Umme Habiba,Bangladeshi,28-32,C_counterfactual,2,5.0,3.0,2,"James K., 28, Full-time",A,True,A,True,True,3,21699
P0116,Umme Habiba,Bangladeshi,28-32,C_counterfactual,2,5.0,3.0,3,"Priya R., 41, Self-employed",D,False,A,False,True,3,21350
P0116,Umme Habiba,Bangladeshi,28-32,C_counterfactual,2,5.0,3.0,4,"Marcus T., 55, Part-time",D,True,D,True,True,5,15358
P0116,Umme Habiba,Bangladeshi,28-32,C_counterfactual,2,5.0,3.0,5,"Anika P., 29, Full-time",D,True,A,False,False,4,21281
P0116,Umme Habiba,Bangladeshi,28-32,C_counterfactual,2,5.0,3.0,6,"David H., 47, Full-time",A,True,D,False,False,3,25977
P0116,Umme Habiba,Bangladeshi,28-32,C_counterfactual,2,5.0,3.0,7,"Fatima A., 33, Contract",D,False,A,False,True,4,24210
P0116,Umme Habiba,Bangladeshi,28-32,C_counterfactual,2,5.0,3.0,8,"Tom B., 22, Full-time",D,True,D,True,True,3,16006
P0116,Umme Habiba,Bangladeshi,28-32,C_counterfactual,2,5.0,3.0,9,"Olga S., 38, Full-time",A,True,D,False,False,4,27560
P0116,Umme Habiba,Bangladeshi,28-32,C_counterfactual,2,5.0,3.0,10,"Chen W., 45, Part-time",A,False,A,True,False,5,12050
P0117,Monirul Islam,Bangladeshi,41-50,A_no_explanation,3,3.1,2.9,1,"Sarah M., 34, Part-time",D,True,A,False,False,4,26826
P0117,Monirul Islam,Bangladeshi,41-50,A_no_explanation,3,3.1,2.9,2,"James K., 28, Full-time",A,True,A,True,True,4,6508
P0117,Monirul Islam,Bangladeshi,41-50,A_no_explanation,3,3.1,2.9,3,"Priya R., 41, Self-employed",D,False,D,True,False,4,9940
P0117,Monirul Islam,Bangladeshi,41-50,A_no_explanation,3,3.1,2.9,4,"Marcus T., 55, Part-time",D,True,D,True,True,3,15589
P0117,Monirul Islam,Bangladeshi,41-50,A_no_explanation,3,3.1,2.9,5,"Anika P., 29, Full-time",D,True,A,False,False,2,25493
P0117,Monirul Islam,Bangladeshi,41-50,A_no_explanation,3,3.1,2.9,6,"David H., 47, Full-time",A,True,D,False,False,3,21162
P0117,Monirul Islam,Bangladeshi,41-50,A_no_explanation,3,3.1,2.9,7,"Fatima A., 33, Contract",D,False,D,True,False,3,9212
P0117,Monirul Islam,Bangladeshi,41-50,A_no_explanation,3,3.1,2.9,8,"Tom B., 22, Full-time",D,True,A,False,False,3,23117
P0117,Monirul Islam,Bangladeshi,41-50,A_no_explanation,3,3.1,2.9,9,"Olga S., 38, Full-time",A,True,A,True,True,2,9820
P0117,Monirul Islam,Bangladeshi,41-50,A_no_explanation,3,3.1,2.9,10,"Chen W., 45, Part-time",A,False,D,False,True,2,22969
P0118,Shakib Al Hasan,Bangladeshi,18-22,A_no_explanation,0,5.0,4.2,1,"Sarah M., 34, Part-time",D,True,D,True,True,4,19426
P0118,Shakib Al Hasan,Bangladeshi,18-22,A_no_explanation,0,5.0,4.2,2,"James K., 28, Full-time",A,True,A,True,True,4,6580
P0118,Shakib Al Hasan,Bangladeshi,18-22,A_no_explanation,0,5.0,4.2,3,"Priya R., 41, Self-employed",D,False,D,True,False,5,16626
P0118,Shakib Al Hasan,Bangladeshi,18-22,A_no_explanation,0,5.0,4.2,4,"Marcus T., 55, Part-time",D,True,A,False,False,3,18669
P0118,Shakib Al Hasan,Bangladeshi,18-22,A_no_explanation,0,5.0,4.2,5,"Anika P., 29, Full-time",D,True,A,False,False,3,16622
P0118,Shakib Al Hasan,Bangladeshi,18-22,A_no_explanation,0,5.0,4.2,6,"David H., 47, Full-time",A,True,D,False,False,2,18403
P0118,Shakib Al Hasan,Bangladeshi,18-22,A_no_explanation,0,5.0,4.2,7,"Fatima A., 33, Contract",D,False,D,True,False,3,13509
P0118,Shakib Al Hasan,Bangladeshi,18-22,A_no_explanation,0,5.0,4.2,8,"Tom B., 22, Full-time",D,True,A,False,False,2,20099
P0118,Shakib Al Hasan,Bangladeshi,18-22,A_no_explanation,0,5.0,4.2,9,"Olga S., 38, Full-time",A,True,D,False,False,3,18788
P0118,Shakib Al Hasan,Bangladeshi,18-22,A_no_explanation,0,5.0,4.2,10,"Chen W., 45, Part-time",A,False,A,True,False,3,11013
P0119,Nabilah Fikri,Malaysian,33-40,A_no_explanation,0,4.3,3.4,1,"Sarah M., 34, Part-time",D,True,D,True,True,3,16207
P0119,Nabilah Fikri,Malaysian,33-40,A_no_explanation,0,4.3,3.4,2,"James K., 28, Full-time",A,True,D,False,False,2,23822
P0119,Nabilah Fikri,Malaysian,33-40,A_no_explanation,0,4.3,3.4,3,"Priya R., 41, Self-employed",D,False,D,True,False,2,11469
P0119,Nabilah Fikri,Malaysian,33-40,A_no_explanation,0,4.3,3.4,4,"Marcus T., 55, Part-time",D,True,D,True,True,2,14957
P0119,Nabilah Fikri,Malaysian,33-40,A_no_explanation,0,4.3,3.4,5,"Anika P., 29, Full-time",D,True,A,False,False,3,27953
P0119,Nabilah Fikri,Malaysian,33-40,A_no_explanation,0,4.3,3.4,6,"David H., 47, Full-time",A,True,D,False,False,4,18716
P0119,Nabilah Fikri,Malaysian,33-40,A_no_explanation,0,4.3,3.4,7,"Fatima A., 33, Contract",D,False,D,True,False,4,4714
P0119,Nabilah Fikri,Malaysian,33-40,A_no_explanation,0,4.3,3.4,8,"Tom B., 22, Full-time",D,True,D,True,True,2,10856
P0119,Nabilah Fikri,Malaysian,33-40,A_no_explanation,0,4.3,3.4,9,"Olga S., 38, Full-time",A,True,A,True,True,4,9361
P0119,Nabilah Fikri,Malaysian,33-40,A_no_explanation,0,4.3,3.4,10,"Chen W., 45, Part-time",A,False,D,False,True,3,21089
P0120,Priya Sharma,Indian,23-27,A_no_explanation,0,2.8,4.3,1,"Sarah M., 34, Part-time",D,True,A,False,False,2,22677
P0120,Priya Sharma,Indian,23-27,A_no_explanation,0,2.8,4.3,2,"James K., 28, Full-time",A,True,A,True,True,3,17489
P0120,Priya Sharma,Indian,23-27,A_no_explanation,0,2.8,4.3,3,"Priya R., 41, Self-employed",D,False,D,True,False,3,14294
P0120,Priya Sharma,Indian,23-27,A_no_explanation,0,2.8,4.3,4,"Marcus T., 55, Part-time",D,True,D,True,True,2,13379
P0120,Priya Sharma,Indian,23-27,A_no_explanation,0,2.8,4.3,5,"Anika P., 29, Full-time",D,True,D,True,True,5,12437
P0120,Priya Sharma,Indian,23-27,A_no_explanation,0,2.8,4.3,6,"David H., 47, Full-time",A,True,A,True,True,4,6457
P0120,Priya Sharma,Indian,23-27,A_no_explanation,0,2.8,4.3,7,"Fatima A., 33, Contract",D,False,A,False,True,3,20231
P0120,Priya Sharma,Indian,23-27,A_no_explanation,0,2.8,4.3,8,"Tom B., 22, Full-time",D,True,D,True,True,3,19869
P0120,Priya Sharma,Indian,23-27,A_no_explanation,0,2.8,4.3,9,"Olga S., 38, Full-time",A,True,A,True,True,4,17684
P0120,Priya Sharma,Indian,23-27,A_no_explanation,0,2.8,4.3,10,"Chen W., 45, Part-time",A,False,D,False,True,1,24469
P0121,Seema Tiwari,Indian,18-22,C_counterfactual,2,3.4,3.1,1,"Sarah M., 34, Part-time",D,True,D,True,True,3,19338
P0121,Seema Tiwari,Indian,18-22,C_counterfactual,2,3.4,3.1,2,"James K., 28, Full-time",A,True,A,True,True,4,18721
P0121,Seema Tiwari,Indian,18-22,C_counterfactual,2,3.4,3.1,3,"Priya R., 41, Self-employed",D,False,A,False,True,3,24715
P0121,Seema Tiwari,Indian,18-22,C_counterfactual,2,3.4,3.1,4,"Marcus T., 55, Part-time",D,True,A,False,False,3,24698
P0121,Seema Tiwari,Indian,18-22,C_counterfactual,2,3.4,3.1,5,"Anika P., 29, Full-time",D,True,A,False,False,2,20400
P0121,Seema Tiwari,Indian,18-22,C_counterfactual,2,3.4,3.1,6,"David H., 47, Full-time",A,True,A,True,True,4,22268
P0121,Seema Tiwari,Indian,18-22,C_counterfactual,2,3.4,3.1,7,"Fatima A., 33, Contract",D,False,A,False,True,3,25784
P0121,Seema Tiwari,Indian,18-22,C_counterfactual,2,3.4,3.1,8,"Tom B., 22, Full-time",D,True,A,False,False,2,23163
P0121,Seema Tiwari,Indian,18-22,C_counterfactual,2,3.4,3.1,9,"Olga S., 38, Full-time",A,True,D,False,False,2,23794
P0121,Seema Tiwari,Indian,18-22,C_counterfactual,2,3.4,3.1,10,"Chen W., 45, Part-time",A,False,D,False,True,2,24044
P0122,Chloe Martin,British,18-22,B_surface,3,2.2,1.9,1,"Sarah M., 34, Part-time",D,True,A,False,False,5,22092
P0122,Chloe Martin,British,18-22,B_surface,3,2.2,1.9,2,"James K., 28, Full-time",A,True,A,True,True,3,15723
P0122,Chloe Martin,British,18-22,B_surface,3,2.2,1.9,3,"Priya R., 41, Self-employed",D,False,A,False,True,2,21621
P0122,Chloe Martin,British,18-22,B_surface,3,2.2,1.9,4,"Marcus T., 55, Part-time",D,True,D,True,True,2,15870
P0122,Chloe Martin,British,18-22,B_surface,3,2.2,1.9,5,"Anika P., 29, Full-time",D,True,D,True,True,4,11960
P0122,Chloe Martin,British,18-22,B_surface,3,2.2,1.9,6,"David H., 47, Full-time",A,True,A,True,True,2,15830
P0122,Chloe Martin,British,18-22,B_surface,3,2.2,1.9,7,"Fatima A., 33, Contract",D,False,D,True,False,4,12967
P0122,Chloe Martin,British,18-22,B_surface,3,2.2,1.9,8,"Tom B., 22, Full-time",D,True,D,True,True,3,4326
P0122,Chloe Martin,British,18-22,B_surface,3,2.2,1.9,9,"Olga S., 38, Full-time",A,True,A,True,True,4,13214
P0122,Chloe Martin,British,18-22,B_surface,3,2.2,1.9,10,"Chen W., 45, Part-time",A,False,A,True,False,3,13803
P0123,Anwara Begum,Bangladeshi,28-32,A_no_explanation,0,2.9,2.9,1,"Sarah M., 34, Part-time",D,True,D,True,True,2,13222
P0123,Anwara Begum,Bangladeshi,28-32,A_no_explanation,0,2.9,2.9,2,"James K., 28, Full-time",A,True,A,True,True,5,10120
P0123,Anwara Begum,Bangladeshi,28-32,A_no_explanation,0,2.9,2.9,3,"Priya R., 41, Self-employed",D,False,D,True,False,3,11237
P0123,Anwara Begum,Bangladeshi,28-32,A_no_explanation,0,2.9,2.9,4,"Marcus T., 55, Part-time",D,True,A,False,False,1,21933
P0123,Anwara Begum,Bangladeshi,28-32,A_no_explanation,0,2.9,2.9,5,"Anika P., 29, Full-time",D,True,A,False,False,3,21519
P0123,Anwara Begum,Bangladeshi,28-32,A_no_explanation,0,2.9,2.9,6,"David H., 47, Full-time",A,True,A,True,True,3,15062
P0123,Anwara Begum,Bangladeshi,28-32,A_no_explanation,0,2.9,2.9,7,"Fatima A., 33, Contract",D,False,D,True,False,4,10957
P0123,Anwara Begum,Bangladeshi,28-32,A_no_explanation,0,2.9,2.9,8,"Tom B., 22, Full-time",D,True,D,True,True,3,12938
P0123,Anwara Begum,Bangladeshi,28-32,A_no_explanation,0,2.9,2.9,9,"Olga S., 38, Full-time",A,True,D,False,False,2,20119
P0123,Anwara Begum,Bangladeshi,28-32,A_no_explanation,0,2.9,2.9,10,"Chen W., 45, Part-time",A,False,A,True,False,2,5037
P0124,Azlan Ishak,Malaysian,18-22,A_no_explanation,2,3.5,1.8,1,"Sarah M., 34, Part-time",D,True,A,False,False,2,27966
P0124,Azlan Ishak,Malaysian,18-22,A_no_explanation,2,3.5,1.8,2,"James K., 28, Full-time",A,True,A,True,True,1,12152
P0124,Azlan Ishak,Malaysian,18-22,A_no_explanation,2,3.5,1.8,3,"Priya R., 41, Self-employed",D,False,A,False,True,3,18841
P0124,Azlan Ishak,Malaysian,18-22,A_no_explanation,2,3.5,1.8,4,"Marcus T., 55, Part-time",D,True,A,False,False,3,24206
P0124,Azlan Ishak,Malaysian,18-22,A_no_explanation,2,3.5,1.8,5,"Anika P., 29, Full-time",D,True,A,False,False,4,22480
P0124,Azlan Ishak,Malaysian,18-22,A_no_explanation,2,3.5,1.8,6,"David H., 47, Full-time",A,True,A,True,True,3,10064
P0124,Azlan Ishak,Malaysian,18-22,A_no_explanation,2,3.5,1.8,7,"Fatima A., 33, Contract",D,False,D,True,False,4,12313
P0124,Azlan Ishak,Malaysian,18-22,A_no_explanation,2,3.5,1.8,8,"Tom B., 22, Full-time",D,True,D,True,True,3,9263
P0124,Azlan Ishak,Malaysian,18-22,A_no_explanation,2,3.5,1.8,9,"Olga S., 38, Full-time",A,True,A,True,True,4,11895
P0124,Azlan Ishak,Malaysian,18-22,A_no_explanation,2,3.5,1.8,10,"Chen W., 45, Part-time",A,False,D,False,True,3,20745
P0125,Wei Song,Chinese,33-40,C_counterfactual,2,3.4,3.4,1,"Sarah M., 34, Part-time",D,True,A,False,False,3,29528
P0125,Wei Song,Chinese,33-40,C_counterfactual,2,3.4,3.4,2,"James K., 28, Full-time",A,True,D,False,False,3,24793
P0125,Wei Song,Chinese,33-40,C_counterfactual,2,3.4,3.4,3,"Priya R., 41, Self-employed",D,False,D,True,False,4,9998
P0125,Wei Song,Chinese,33-40,C_counterfactual,2,3.4,3.4,4,"Marcus T., 55, Part-time",D,True,A,False,False,1,28360
P0125,Wei Song,Chinese,33-40,C_counterfactual,2,3.4,3.4,5,"Anika P., 29, Full-time",D,True,A,False,False,4,22075
P0125,Wei Song,Chinese,33-40,C_counterfactual,2,3.4,3.4,6,"David H., 47, Full-time",A,True,D,False,False,3,27021
P0125,Wei Song,Chinese,33-40,C_counterfactual,2,3.4,3.4,7,"Fatima A., 33, Contract",D,False,D,True,False,4,14550
P0125,Wei Song,Chinese,33-40,C_counterfactual,2,3.4,3.4,8,"Tom B., 22, Full-time",D,True,D,True,True,2,19973
P0125,Wei Song,Chinese,33-40,C_counterfactual,2,3.4,3.4,9,"Olga S., 38, Full-time",A,True,A,True,True,4,11110
P0125,Wei Song,Chinese,33-40,C_counterfactual,2,3.4,3.4,10,"Chen W., 45, Part-time",A,False,D,False,True,4,19957
P0126,Shan Lin,Chinese,41-50,C_counterfactual,2,3.8,4.6,1,"Sarah M., 34, Part-time",D,True,A,False,False,3,29554
P0126,Shan Lin,Chinese,41-50,C_counterfactual,2,3.8,4.6,2,"James K., 28, Full-time",A,True,A,True,True,5,13043
P0126,Shan Lin,Chinese,41-50,C_counterfactual,2,3.8,4.6,3,"Priya R., 41, Self-employed",D,False,D,True,False,4,9063
P0126,Shan Lin,Chinese,41-50,C_counterfactual,2,3.8,4.6,4,"Marcus T., 55, Part-time",D,True,A,False,False,3,21566
P0126,Shan Lin,Chinese,41-50,C_counterfactual,2,3.8,4.6,5,"Anika P., 29, Full-time",D,True,A,False,False,4,25343
P0126,Shan Lin,Chinese,41-50,C_counterfactual,2,3.8,4.6,6,"David H., 47, Full-time",A,True,A,True,True,5,16184
P0126,Shan Lin,Chinese,41-50,C_counterfactual,2,3.8,4.6,7,"Fatima A., 33, Contract",D,False,A,False,True,2,20934
P0126,Shan Lin,Chinese,41-50,C_counterfactual,2,3.8,4.6,8,"Tom B., 22, Full-time",D,True,A,False,False,4,24401
P0126,Shan Lin,Chinese,41-50,C_counterfactual,2,3.8,4.6,9,"Olga S., 38, Full-time",A,True,D,False,False,3,28095
P0126,Shan Lin,Chinese,41-50,C_counterfactual,2,3.8,4.6,10,"Chen W., 45, Part-time",A,False,D,False,True,3,21291
P0127,Minhajul Abedin,Bangladeshi,33-40,C_counterfactual,2,3.6,4.2,1,"Sarah M., 34, Part-time",D,True,A,False,False,3,26146
P0127,Minhajul Abedin,Bangladeshi,33-40,C_counterfactual,2,3.6,4.2,2,"James K., 28, Full-time",A,True,A,True,True,3,9771
P0127,Minhajul Abedin,Bangladeshi,33-40,C_counterfactual,2,3.6,4.2,3,"Priya R., 41, Self-employed",D,False,A,False,True,4,25716
P0127,Minhajul Abedin,Bangladeshi,33-40,C_counterfactual,2,3.6,4.2,4,"Marcus T., 55, Part-time",D,True,D,True,True,3,12029
P0127,Minhajul Abedin,Bangladeshi,33-40,C_counterfactual,2,3.6,4.2,5,"Anika P., 29, Full-time",D,True,D,True,True,4,9102
P0127,Minhajul Abedin,Bangladeshi,33-40,C_counterfactual,2,3.6,4.2,6,"David H., 47, Full-time",A,True,D,False,False,3,19590
P0127,Minhajul Abedin,Bangladeshi,33-40,C_counterfactual,2,3.6,4.2,7,"Fatima A., 33, Contract",D,False,A,False,True,3,17720
P0127,Minhajul Abedin,Bangladeshi,33-40,C_counterfactual,2,3.6,4.2,8,"Tom B., 22, Full-time",D,True,D,True,True,5,15579
P0127,Minhajul Abedin,Bangladeshi,33-40,C_counterfactual,2,3.6,4.2,9,"Olga S., 38, Full-time",A,True,D,False,False,3,31058
P0127,Minhajul Abedin,Bangladeshi,33-40,C_counterfactual,2,3.6,4.2,10,"Chen W., 45, Part-time",A,False,A,True,False,4,14463
P0128,Abul Kashem,Bangladeshi,18-22,A_no_explanation,2,4.6,2.0,1,"Sarah M., 34, Part-time",D,True,D,True,True,3,14599
P0128,Abul Kashem,Bangladeshi,18-22,A_no_explanation,2,4.6,2.0,2,"James K., 28, Full-time",A,True,A,True,True,3,10751
P0128,Abul Kashem,Bangladeshi,18-22,A_no_explanation,2,4.6,2.0,3,"Priya R., 41, Self-employed",D,False,D,True,False,4,10194
P0128,Abul Kashem,Bangladeshi,18-22,A_no_explanation,2,4.6,2.0,4,"Marcus T., 55, Part-time",D,True,D,True,True,3,7381
P0128,Abul Kashem,Bangladeshi,18-22,A_no_explanation,2,4.6,2.0,5,"Anika P., 29, Full-time",D,True,A,False,False,3,20156
P0128,Abul Kashem,Bangladeshi,18-22,A_no_explanation,2,4.6,2.0,6,"David H., 47, Full-time",A,True,A,True,True,3,15667
P0128,Abul Kashem,Bangladeshi,18-22,A_no_explanation,2,4.6,2.0,7,"Fatima A., 33, Contract",D,False,A,False,True,3,30027
P0128,Abul Kashem,Bangladeshi,18-22,A_no_explanation,2,4.6,2.0,8,"Tom B., 22, Full-time",D,True,A,False,False,3,17058
P0128,Abul Kashem,Bangladeshi,18-22,A_no_explanation,2,4.6,2.0,9,"Olga S., 38, Full-time",A,True,D,False,False,3,27282
P0128,Abul Kashem,Bangladeshi,18-22,A_no_explanation,2,4.6,2.0,10,"Chen W., 45, Part-time",A,False,A,True,False,4,11818
P0129,Motiur Rahman,Bangladeshi,23-27,C_counterfactual,3,3.8,3.7,1,"Sarah M., 34, Part-time",D,True,A,False,False,3,24898
P0129,Motiur Rahman,Bangladeshi,23-27,C_counterfactual,3,3.8,3.7,2,"James K., 28, Full-time",A,True,A,True,True,3,14007
P0129,Motiur Rahman,Bangladeshi,23-27,C_counterfactual,3,3.8,3.7,3,"Priya R., 41, Self-employed",D,False,A,False,True,4,28125
P0129,Motiur Rahman,Bangladeshi,23-27,C_counterfactual,3,3.8,3.7,4,"Marcus T., 55, Part-time",D,True,A,False,False,2,20439
P0129,Motiur Rahman,Bangladeshi,23-27,C_counterfactual,3,3.8,3.7,5,"Anika P., 29, Full-time",D,True,D,True,True,3,21071
P0129,Motiur Rahman,Bangladeshi,23-27,C_counterfactual,3,3.8,3.7,6,"David H., 47, Full-time",A,True,D,False,False,3,24086
P0129,Motiur Rahman,Bangladeshi,23-27,C_counterfactual,3,3.8,3.7,7,"Fatima A., 33, Contract",D,False,D,True,False,4,12155
P0129,Motiur Rahman,Bangladeshi,23-27,C_counterfactual,3,3.8,3.7,8,"Tom B., 22, Full-time",D,True,D,True,True,3,11579
P0129,Motiur Rahman,Bangladeshi,23-27,C_counterfactual,3,3.8,3.7,9,"Olga S., 38, Full-time",A,True,A,True,True,3,11558
P0129,Motiur Rahman,Bangladeshi,23-27,C_counterfactual,3,3.8,3.7,10,"Chen W., 45, Part-time",A,False,D,False,True,3,25169
P0130,Linh Nguyen,Other,23-27,B_surface,0,4.0,3.8,1,"Sarah M., 34, Part-time",D,True,A,False,False,1,22649
P0130,Linh Nguyen,Other,23-27,B_surface,0,4.0,3.8,2,"James K., 28, Full-time",A,True,D,False,False,3,26034
P0130,Linh Nguyen,Other,23-27,B_surface,0,4.0,3.8,3,"Priya R., 41, Self-employed",D,False,A,False,True,2,25182
P0130,Linh Nguyen,Other,23-27,B_surface,0,4.0,3.8,4,"Marcus T., 55, Part-time",D,True,D,True,True,3,11798
P0130,Linh Nguyen,Other,23-27,B_surface,0,4.0,3.8,5,"Anika P., 29, Full-time",D,True,A,False,False,5,22847
P0130,Linh Nguyen,Other,23-27,B_surface,0,4.0,3.8,6,"David H., 47, Full-time",A,True,A,True,True,3,11152
P0130,Linh Nguyen,Other,23-27,B_surface,0,4.0,3.8,7,"Fatima A., 33, Contract",D,False,D,True,False,3,11597
P0130,Linh Nguyen,Other,23-27,B_surface,0,4.0,3.8,8,"Tom B., 22, Full-time",D,True,D,True,True,2,8577
P0130,Linh Nguyen,Other,23-27,B_surface,0,4.0,3.8,9,"Olga S., 38, Full-time",A,True,D,False,False,4,21074
P0130,Linh Nguyen,Other,23-27,B_surface,0,4.0,3.8,10,"Chen W., 45, Part-time",A,False,A,True,False,3,16612
P0131,Ratna Akter,Bangladeshi,28-32,C_counterfactual,2,2.3,3.7,1,"Sarah M., 34, Part-time",D,True,D,True,True,3,15675
P0131,Ratna Akter,Bangladeshi,28-32,C_counterfactual,2,2.3,3.7,2,"James K., 28, Full-time",A,True,A,True,True,4,10446
P0131,Ratna Akter,Bangladeshi,28-32,C_counterfactual,2,2.3,3.7,3,"Priya R., 41, Self-employed",D,False,A,False,True,2,30792
P0131,Ratna Akter,Bangladeshi,28-32,C_counterfactual,2,2.3,3.7,4,"Marcus T., 55, Part-time",D,True,A,False,False,3,27201
P0131,Ratna Akter,Bangladeshi,28-32,C_counterfactual,2,2.3,3.7,5,"Anika P., 29, Full-time",D,True,D,True,True,5,19187
P0131,Ratna Akter,Bangladeshi,28-32,C_counterfactual,2,2.3,3.7,6,"David H., 47, Full-time",A,True,D,False,False,2,18579
P0131,Ratna Akter,Bangladeshi,28-32,C_counterfactual,2,2.3,3.7,7,"Fatima A., 33, Contract",D,False,D,True,False,4,15182
P0131,Ratna Akter,Bangladeshi,28-32,C_counterfactual,2,2.3,3.7,8,"Tom B., 22, Full-time",D,True,D,True,True,2,14575
P0131,Ratna Akter,Bangladeshi,28-32,C_counterfactual,2,2.3,3.7,9,"Olga S., 38, Full-time",A,True,A,True,True,4,15157
P0131,Ratna Akter,Bangladeshi,28-32,C_counterfactual,2,2.3,3.7,10,"Chen W., 45, Part-time",A,False,A,True,False,4,14447
P0132,Nabila Islam,Bangladeshi,23-27,C_counterfactual,2,2.2,3.2,1,"Sarah M., 34, Part-time",D,True,D,True,True,5,15708
P0132,Nabila Islam,Bangladeshi,23-27,C_counterfactual,2,2.2,3.2,2,"James K., 28, Full-time",A,True,D,False,False,2,27310
P0132,Nabila Islam,Bangladeshi,23-27,C_counterfactual,2,2.2,3.2,3,"Priya R., 41, Self-employed",D,False,D,True,False,4,14217
P0132,Nabila Islam,Bangladeshi,23-27,C_counterfactual,2,2.2,3.2,4,"Marcus T., 55, Part-time",D,True,A,False,False,2,26966
P0132,Nabila Islam,Bangladeshi,23-27,C_counterfactual,2,2.2,3.2,5,"Anika P., 29, Full-time",D,True,A,False,False,4,24765
P0132,Nabila Islam,Bangladeshi,23-27,C_counterfactual,2,2.2,3.2,6,"David H., 47, Full-time",A,True,A,True,True,3,14836
P0132,Nabila Islam,Bangladeshi,23-27,C_counterfactual,2,2.2,3.2,7,"Fatima A., 33, Contract",D,False,A,False,True,3,24837
P0132,Nabila Islam,Bangladeshi,23-27,C_counterfactual,2,2.2,3.2,8,"Tom B., 22, Full-time",D,True,A,False,False,3,22559
P0132,Nabila Islam,Bangladeshi,23-27,C_counterfactual,2,2.2,3.2,9,"Olga S., 38, Full-time",A,True,A,True,True,3,9739
P0132,Nabila Islam,Bangladeshi,23-27,C_counterfactual,2,2.2,3.2,10,"Chen W., 45, Part-time",A,False,A,True,False,3,17952
P0133,Zara Qureshi,Pakistani,23-27,C_counterfactual,1,3.4,4.0,1,"Sarah M., 34, Part-time",D,True,A,False,False,2,24435
P0133,Zara Qureshi,Pakistani,23-27,C_counterfactual,1,3.4,4.0,2,"James K., 28, Full-time",A,True,A,True,True,4,6826
P0133,Zara Qureshi,Pakistani,23-27,C_counterfactual,1,3.4,4.0,3,"Priya R., 41, Self-employed",D,False,A,False,True,5,24118
P0133,Zara Qureshi,Pakistani,23-27,C_counterfactual,1,3.4,4.0,4,"Marcus T., 55, Part-time",D,True,A,False,False,3,23426
P0133,Zara Qureshi,Pakistani,23-27,C_counterfactual,1,3.4,4.0,5,"Anika P., 29, Full-time",D,True,D,True,True,4,9207
P0133,Zara Qureshi,Pakistani,23-27,C_counterfactual,1,3.4,4.0,6,"David H., 47, Full-time",A,True,A,True,True,4,12032
P0133,Zara Qureshi,Pakistani,23-27,C_counterfactual,1,3.4,4.0,7,"Fatima A., 33, Contract",D,False,A,False,True,4,25980
P0133,Zara Qureshi,Pakistani,23-27,C_counterfactual,1,3.4,4.0,8,"Tom B., 22, Full-time",D,True,A,False,False,3,24818
P0133,Zara Qureshi,Pakistani,23-27,C_counterfactual,1,3.4,4.0,9,"Olga S., 38, Full-time",A,True,A,True,True,3,15847
P0133,Zara Qureshi,Pakistani,23-27,C_counterfactual,1,3.4,4.0,10,"Chen W., 45, Part-time",A,False,A,True,False,4,16601
P0134,Noor Baig,Pakistani,41-50,C_counterfactual,2,3.0,5.0,1,"Sarah M., 34, Part-time",D,True,D,True,True,4,21743
P0134,Noor Baig,Pakistani,41-50,C_counterfactual,2,3.0,5.0,2,"James K., 28, Full-time",A,True,D,False,False,4,24865
P0134,Noor Baig,Pakistani,41-50,C_counterfactual,2,3.0,5.0,3,"Priya R., 41, Self-employed",D,False,D,True,False,5,12934
P0134,Noor Baig,Pakistani,41-50,C_counterfactual,2,3.0,5.0,4,"Marcus T., 55, Part-time",D,True,D,True,True,4,18298
P0134,Noor Baig,Pakistani,41-50,C_counterfactual,2,3.0,5.0,5,"Anika P., 29, Full-time",D,True,D,True,True,4,11917
P0134,Noor Baig,Pakistani,41-50,C_counterfactual,2,3.0,5.0,6,"David H., 47, Full-time",A,True,A,True,True,2,10997
P0134,Noor Baig,Pakistani,41-50,C_counterfactual,2,3.0,5.0,7,"Fatima A., 33, Contract",D,False,D,True,False,3,16359
P0134,Noor Baig,Pakistani,41-50,C_counterfactual,2,3.0,5.0,8,"Tom B., 22, Full-time",D,True,D,True,True,2,8126
P0134,Noor Baig,Pakistani,41-50,C_counterfactual,2,3.0,5.0,9,"Olga S., 38, Full-time",A,True,D,False,False,4,21119
P0134,Noor Baig,Pakistani,41-50,C_counterfactual,2,3.0,5.0,10,"Chen W., 45, Part-time",A,False,D,False,True,3,24458
P0135,Liam Robinson,British,18-22,B_surface,0,2.8,4.3,1,"Sarah M., 34, Part-time",D,True,D,True,True,3,20149
P0135,Liam Robinson,British,18-22,B_surface,0,2.8,4.3,2,"James K., 28, Full-time",A,True,D,False,False,3,16447
P0135,Liam Robinson,British,18-22,B_surface,0,2.8,4.3,3,"Priya R., 41, Self-employed",D,False,A,False,True,3,22472
P0135,Liam Robinson,British,18-22,B_surface,0,2.8,4.3,4,"Marcus T., 55, Part-time",D,True,A,False,False,2,16789
P0135,Liam Robinson,British,18-22,B_surface,0,2.8,4.3,5,"Anika P., 29, Full-time",D,True,A,False,False,3,16581
P0135,Liam Robinson,British,18-22,B_surface,0,2.8,4.3,6,"David H., 47, Full-time",A,True,A,True,True,3,12063
P0135,Liam Robinson,British,18-22,B_surface,0,2.8,4.3,7,"Fatima A., 33, Contract",D,False,A,False,True,3,16867
P0135,Liam Robinson,British,18-22,B_surface,0,2.8,4.3,8,"Tom B., 22, Full-time",D,True,A,False,False,3,19821
P0135,Liam Robinson,British,18-22,B_surface,0,2.8,4.3,9,"Olga S., 38, Full-time",A,True,A,True,True,2,8746
P0135,Liam Robinson,British,18-22,B_surface,0,2.8,4.3,10,"Chen W., 45, Part-time",A,False,A,True,False,3,13518
P0136,Himel Hossain,Bangladeshi,18-22,A_no_explanation,1,4.0,4.4,1,"Sarah M., 34, Part-time",D,True,D,True,True,4,15167
P0136,Himel Hossain,Bangladeshi,18-22,A_no_explanation,1,4.0,4.4,2,"James K., 28, Full-time",A,True,A,True,True,4,11038
P0136,Himel Hossain,Bangladeshi,18-22,A_no_explanation,1,4.0,4.4,3,"Priya R., 41, Self-employed",D,False,D,True,False,4,11614
P0136,Himel Hossain,Bangladeshi,18-22,A_no_explanation,1,4.0,4.4,4,"Marcus T., 55, Part-time",D,True,A,False,False,2,16851
P0136,Himel Hossain,Bangladeshi,18-22,A_no_explanation,1,4.0,4.4,5,"Anika P., 29, Full-time",D,True,A,False,False,5,19844
P0136,Himel Hossain,Bangladeshi,18-22,A_no_explanation,1,4.0,4.4,6,"David H., 47, Full-time",A,True,A,True,True,3,11990
P0136,Himel Hossain,Bangladeshi,18-22,A_no_explanation,1,4.0,4.4,7,"Fatima A., 33, Contract",D,False,D,True,False,4,17256
P0136,Himel Hossain,Bangladeshi,18-22,A_no_explanation,1,4.0,4.4,8,"Tom B., 22, Full-time",D,True,A,False,False,2,19587
P0136,Himel Hossain,Bangladeshi,18-22,A_no_explanation,1,4.0,4.4,9,"Olga S., 38, Full-time",A,True,D,False,False,2,28066
P0136,Himel Hossain,Bangladeshi,18-22,A_no_explanation,1,4.0,4.4,10,"Chen W., 45, Part-time",A,False,A,True,False,4,9060
P0137,Nisha Iyer,Indian,33-40,B_surface,1,2.6,3.1,1,"Sarah M., 34, Part-time",D,True,D,True,True,4,18032
P0137,Nisha Iyer,Indian,33-40,B_surface,1,2.6,3.1,2,"James K., 28, Full-time",A,True,A,True,True,2,7261
P0137,Nisha Iyer,Indian,33-40,B_surface,1,2.6,3.1,3,"Priya R., 41, Self-employed",D,False,A,False,True,3,25185
P0137,Nisha Iyer,Indian,33-40,B_surface,1,2.6,3.1,4,"Marcus T., 55, Part-time",D,True,A,False,False,3,23338
P0137,Nisha Iyer,Indian,33-40,B_surface,1,2.6,3.1,5,"Anika P., 29, Full-time",D,True,D,True,True,4,13295
P0137,Nisha Iyer,Indian,33-40,B_surface,1,2.6,3.1,6,"David H., 47, Full-time",A,True,A,True,True,4,11128
P0137,Nisha Iyer,Indian,33-40,B_surface,1,2.6,3.1,7,"Fatima A., 33, Contract",D,False,D,True,False,4,9692
P0137,Nisha Iyer,Indian,33-40,B_surface,1,2.6,3.1,8,"Tom B., 22, Full-time",D,True,D,True,True,2,12355
P0137,Nisha Iyer,Indian,33-40,B_surface,1,2.6,3.1,9,"Olga S., 38, Full-time",A,True,A,True,True,2,11802
P0137,Nisha Iyer,Indian,33-40,B_surface,1,2.6,3.1,10,"Chen W., 45, Part-time",A,False,A,True,False,3,19681
P0138,Farhan Hossain,Bangladeshi,18-22,C_counterfactual,3,2.4,3.8,1,"Sarah M., 34, Part-time",D,True,D,True,True,2,13079
P0138,Farhan Hossain,Bangladeshi,18-22,C_counterfactual,3,2.4,3.8,2,"James K., 28, Full-time",A,True,A,True,True,3,15372
P0138,Farhan Hossain,Bangladeshi,18-22,C_counterfactual,3,2.4,3.8,3,"Priya R., 41, Self-employed",D,False,A,False,True,3,22277
P0138,Farhan Hossain,Bangladeshi,18-22,C_counterfactual,3,2.4,3.8,4,"Marcus T., 55, Part-time",D,True,A,False,False,3,24774
P0138,Farhan Hossain,Bangladeshi,18-22,C_counterfactual,3,2.4,3.8,5,"Anika P., 29, Full-time",D,True,D,True,True,3,13155
P0138,Farhan Hossain,Bangladeshi,18-22,C_counterfactual,3,2.4,3.8,6,"David H., 47, Full-time",A,True,A,True,True,3,14399
P0138,Farhan Hossain,Bangladeshi,18-22,C_counterfactual,3,2.4,3.8,7,"Fatima A., 33, Contract",D,False,D,True,False,3,13560
P0138,Farhan Hossain,Bangladeshi,18-22,C_counterfactual,3,2.4,3.8,8,"Tom B., 22, Full-time",D,True,A,False,False,2,20946
P0138,Farhan Hossain,Bangladeshi,18-22,C_counterfactual,3,2.4,3.8,9,"Olga S., 38, Full-time",A,True,D,False,False,3,19059
P0138,Farhan Hossain,Bangladeshi,18-22,C_counterfactual,3,2.4,3.8,10,"Chen W., 45, Part-time",A,False,D,False,True,4,15343
P0139,Hafiz Uddin,Bangladeshi,51+,C_counterfactual,3,2.0,2.5,1,"Sarah M., 34, Part-time",D,True,D,True,True,3,25300
P0139,Hafiz Uddin,Bangladeshi,51+,C_counterfactual,3,2.0,2.5,2,"James K., 28, Full-time",A,True,A,True,True,2,15055
P0139,Hafiz Uddin,Bangladeshi,51+,C_counterfactual,3,2.0,2.5,3,"Priya R., 41, Self-employed",D,False,A,False,True,3,23531
P0139,Hafiz Uddin,Bangladeshi,51+,C_counterfactual,3,2.0,2.5,4,"Marcus T., 55, Part-time",D,True,D,True,True,4,25736
P0139,Hafiz Uddin,Bangladeshi,51+,C_counterfactual,3,2.0,2.5,5,"Anika P., 29, Full-time",D,True,D,True,True,3,13691
P0139,Hafiz Uddin,Bangladeshi,51+,C_counterfactual,3,2.0,2.5,6,"David H., 47, Full-time",A,True,A,True,True,2,19905
P0139,Hafiz Uddin,Bangladeshi,51+,C_counterfactual,3,2.0,2.5,7,"Fatima A., 33, Contract",D,False,A,False,True,2,21891
P0139,Hafiz Uddin,Bangladeshi,51+,C_counterfactual,3,2.0,2.5,8,"Tom B., 22, Full-time",D,True,A,False,False,3,23200
P0139,Hafiz Uddin,Bangladeshi,51+,C_counterfactual,3,2.0,2.5,9,"Olga S., 38, Full-time",A,True,A,True,True,2,14119
P0139,Hafiz Uddin,Bangladeshi,51+,C_counterfactual,3,2.0,2.5,10,"Chen W., 45, Part-time",A,False,A,True,False,2,11458
P0140,Taslima Begum,Bangladeshi,18-22,A_no_explanation,1,4.3,2.8,1,"Sarah M., 34, Part-time",D,True,A,False,False,2,22607
P0140,Taslima Begum,Bangladeshi,18-22,A_no_explanation,1,4.3,2.8,2,"James K., 28, Full-time",A,True,D,False,False,3,15136
P0140,Taslima Begum,Bangladeshi,18-22,A_no_explanation,1,4.3,2.8,3,"Priya R., 41, Self-employed",D,False,D,True,False,3,9358
P0140,Taslima Begum,Bangladeshi,18-22,A_no_explanation,1,4.3,2.8,4,"Marcus T., 55, Part-time",D,True,D,True,True,3,8751
P0140,Taslima Begum,Bangladeshi,18-22,A_no_explanation,1,4.3,2.8,5,"Anika P., 29, Full-time",D,True,D,True,True,4,7842
P0140,Taslima Begum,Bangladeshi,18-22,A_no_explanation,1,4.3,2.8,6,"David H., 47, Full-time",A,True,D,False,False,3,20805
P0140,Taslima Begum,Bangladeshi,18-22,A_no_explanation,1,4.3,2.8,7,"Fatima A., 33, Contract",D,False,A,False,True,2,21482
P0140,Taslima Begum,Bangladeshi,18-22,A_no_explanation,1,4.3,2.8,8,"Tom B., 22, Full-time",D,True,D,True,True,5,18257
P0140,Taslima Begum,Bangladeshi,18-22,A_no_explanation,1,4.3,2.8,9,"Olga S., 38, Full-time",A,True,A,True,True,4,8313
P0140,Taslima Begum,Bangladeshi,18-22,A_no_explanation,1,4.3,2.8,10,"Chen W., 45, Part-time",A,False,A,True,False,5,7596
P0141,Urmila Dubey,Indian,23-27,C_counterfactual,3,2.7,3.4,1,"Sarah M., 34, Part-time",D,True,D,True,True,3,20288
P0141,Urmila Dubey,Indian,23-27,C_counterfactual,3,2.7,3.4,2,"James K., 28, Full-time",A,True,D,False,False,4,20283
P0141,Urmila Dubey,Indian,23-27,C_counterfactual,3,2.7,3.4,3,"Priya R., 41, Self-employed",D,False,A,False,True,2,30696
P0141,Urmila Dubey,Indian,23-27,C_counterfactual,3,2.7,3.4,4,"Marcus T., 55, Part-time",D,True,A,False,False,3,19920
P0141,Urmila Dubey,Indian,23-27,C_counterfactual,3,2.7,3.4,5,"Anika P., 29, Full-time",D,True,D,True,True,5,20067
P0141,Urmila Dubey,Indian,23-27,C_counterfactual,3,2.7,3.4,6,"David H., 47, Full-time",A,True,A,True,True,2,16528
P0141,Urmila Dubey,Indian,23-27,C_counterfactual,3,2.7,3.4,7,"Fatima A., 33, Contract",D,False,A,False,True,2,19588
P0141,Urmila Dubey,Indian,23-27,C_counterfactual,3,2.7,3.4,8,"Tom B., 22, Full-time",D,True,A,False,False,3,17492
P0141,Urmila Dubey,Indian,23-27,C_counterfactual,3,2.7,3.4,9,"Olga S., 38, Full-time",A,True,D,False,False,3,22870
P0141,Urmila Dubey,Indian,23-27,C_counterfactual,3,2.7,3.4,10,"Chen W., 45, Part-time",A,False,D,False,True,3,23377
P0142,Morshedul Islam,Bangladeshi,51+,C_counterfactual,3,2.3,3.9,1,"Sarah M., 34, Part-time",D,True,D,True,True,5,11221
P0142,Morshedul Islam,Bangladeshi,51+,C_counterfactual,3,2.3,3.9,2,"James K., 28, Full-time",A,True,A,True,True,4,8021
P0142,Morshedul Islam,Bangladeshi,51+,C_counterfactual,3,2.3,3.9,3,"Priya R., 41, Self-employed",D,False,A,False,True,3,23135
P0142,Morshedul Islam,Bangladeshi,51+,C_counterfactual,3,2.3,3.9,4,"Marcus T., 55, Part-time",D,True,A,False,False,3,26455
P0142,Morshedul Islam,Bangladeshi,51+,C_counterfactual,3,2.3,3.9,5,"Anika P., 29, Full-time",D,True,D,True,True,2,14052
P0142,Morshedul Islam,Bangladeshi,51+,C_counterfactual,3,2.3,3.9,6,"David H., 47, Full-time",A,True,A,True,True,4,10543
P0142,Morshedul Islam,Bangladeshi,51+,C_counterfactual,3,2.3,3.9,7,"Fatima A., 33, Contract",D,False,A,False,True,2,28569
P0142,Morshedul Islam,Bangladeshi,51+,C_counterfactual,3,2.3,3.9,8,"Tom B., 22, Full-time",D,True,A,False,False,3,23946
P0142,Morshedul Islam,Bangladeshi,51+,C_counterfactual,3,2.3,3.9,9,"Olga S., 38, Full-time",A,True,D,False,False,3,17684
P0142,Morshedul Islam,Bangladeshi,51+,C_counterfactual,3,2.3,3.9,10,"Chen W., 45, Part-time",A,False,A,True,False,3,23431
P0143,Zahid Hasan,Bangladeshi,33-40,B_surface,2,3.5,2.3,1,"Sarah M., 34, Part-time",D,True,A,False,False,2,28606
P0143,Zahid Hasan,Bangladeshi,33-40,B_surface,2,3.5,2.3,2,"James K., 28, Full-time",A,True,A,True,True,4,10579
P0143,Zahid Hasan,Bangladeshi,33-40,B_surface,2,3.5,2.3,3,"Priya R., 41, Self-employed",D,False,D,True,False,3,19269
P0143,Zahid Hasan,Bangladeshi,33-40,B_surface,2,3.5,2.3,4,"Marcus T., 55, Part-time",D,True,A,False,False,1,21911
P0143,Zahid Hasan,Bangladeshi,33-40,B_surface,2,3.5,2.3,5,"Anika P., 29, Full-time",D,True,A,False,False,3,22642
P0143,Zahid Hasan,Bangladeshi,33-40,B_surface,2,3.5,2.3,6,"David H., 47, Full-time",A,True,A,True,True,4,11895
P0143,Zahid Hasan,Bangladeshi,33-40,B_surface,2,3.5,2.3,7,"Fatima A., 33, Contract",D,False,D,True,False,2,5754
P0143,Zahid Hasan,Bangladeshi,33-40,B_surface,2,3.5,2.3,8,"Tom B., 22, Full-time",D,True,D,True,True,3,14437
P0143,Zahid Hasan,Bangladeshi,33-40,B_surface,2,3.5,2.3,9,"Olga S., 38, Full-time",A,True,D,False,False,3,22657
P0143,Zahid Hasan,Bangladeshi,33-40,B_surface,2,3.5,2.3,10,"Chen W., 45, Part-time",A,False,D,False,True,3,16846
P0144,Nasir Uddin,Bangladeshi,18-22,B_surface,3,2.7,3.5,1,"Sarah M., 34, Part-time",D,True,A,False,False,4,23469
P0144,Nasir Uddin,Bangladeshi,18-22,B_surface,3,2.7,3.5,2,"James K., 28, Full-time",A,True,D,False,False,3,25918
P0144,Nasir Uddin,Bangladeshi,18-22,B_surface,3,2.7,3.5,3,"Priya R., 41, Self-employed",D,False,D,True,False,3,13818
P0144,Nasir Uddin,Bangladeshi,18-22,B_surface,3,2.7,3.5,4,"Marcus T., 55, Part-time",D,True,D,True,True,3,12072
P0144,Nasir Uddin,Bangladeshi,18-22,B_surface,3,2.7,3.5,5,"Anika P., 29, Full-time",D,True,D,True,True,2,14033
P0144,Nasir Uddin,Bangladeshi,18-22,B_surface,3,2.7,3.5,6,"David H., 47, Full-time",A,True,D,False,False,3,22546
P0144,Nasir Uddin,Bangladeshi,18-22,B_surface,3,2.7,3.5,7,"Fatima A., 33, Contract",D,False,D,True,False,4,14404
P0144,Nasir Uddin,Bangladeshi,18-22,B_surface,3,2.7,3.5,8,"Tom B., 22, Full-time",D,True,A,False,False,2,23035
P0144,Nasir Uddin,Bangladeshi,18-22,B_surface,3,2.7,3.5,9,"Olga S., 38, Full-time",A,True,A,True,True,4,3570
P0144,Nasir Uddin,Bangladeshi,18-22,B_surface,3,2.7,3.5,10,"Chen W., 45, Part-time",A,False,A,True,False,4,11495
P0145,Shahid Hussain,Pakistani,18-22,B_surface,2,3.8,4.8,1,"Sarah M., 34, Part-time",D,True,D,True,True,2,17826
P0145,Shahid Hussain,Pakistani,18-22,B_surface,2,3.8,4.8,2,"James K., 28, Full-time",A,True,A,True,True,3,12628
P0145,Shahid Hussain,Pakistani,18-22,B_surface,2,3.8,4.8,3,"Priya R., 41, Self-employed",D,False,D,True,False,3,22834
P0145,Shahid Hussain,Pakistani,18-22,B_surface,2,3.8,4.8,4,"Marcus T., 55, Part-time",D,True,D,True,True,3,10725
P0145,Shahid Hussain,Pakistani,18-22,B_surface,2,3.8,4.8,5,"Anika P., 29, Full-time",D,True,A,False,False,3,21060
P0145,Shahid Hussain,Pakistani,18-22,B_surface,2,3.8,4.8,6,"David H., 47, Full-time",A,True,A,True,True,2,12101
P0145,Shahid Hussain,Pakistani,18-22,B_surface,2,3.8,4.8,7,"Fatima A., 33, Contract",D,False,D,True,False,3,10130
P0145,Shahid Hussain,Pakistani,18-22,B_surface,2,3.8,4.8,8,"Tom B., 22, Full-time",D,True,A,False,False,2,21764
P0145,Shahid Hussain,Pakistani,18-22,B_surface,2,3.8,4.8,9,"Olga S., 38, Full-time",A,True,A,True,True,2,9596
P0145,Shahid Hussain,Pakistani,18-22,B_surface,2,3.8,4.8,10,"Chen W., 45, Part-time",A,False,D,False,True,3,20034
P0146,Lamia Hossain,Bangladeshi,28-32,B_surface,1,3.5,2.2,1,"Sarah M., 34, Part-time",D,True,A,False,False,3,25153
P0146,Lamia Hossain,Bangladeshi,28-32,B_surface,1,3.5,2.2,2,"James K., 28, Full-time",A,True,A,True,True,4,15321
P0146,Lamia Hossain,Bangladeshi,28-32,B_surface,1,3.5,2.2,3,"Priya R., 41, Self-employed",D,False,D,True,False,4,13437
P0146,Lamia Hossain,Bangladeshi,28-32,B_surface,1,3.5,2.2,4,"Marcus T., 55, Part-time",D,True,D,True,True,4,9353
P0146,Lamia Hossain,Bangladeshi,28-32,B_surface,1,3.5,2.2,5,"Anika P., 29, Full-time",D,True,A,False,False,3,21514
P0146,Lamia Hossain,Bangladeshi,28-32,B_surface,1,3.5,2.2,6,"David H., 47, Full-time",A,True,D,False,False,3,21063
P0146,Lamia Hossain,Bangladeshi,28-32,B_surface,1,3.5,2.2,7,"Fatima A., 33, Contract",D,False,A,False,True,3,20182
P0146,Lamia Hossain,Bangladeshi,28-32,B_surface,1,3.5,2.2,8,"Tom B., 22, Full-time",D,True,D,True,True,3,13592
P0146,Lamia Hossain,Bangladeshi,28-32,B_surface,1,3.5,2.2,9,"Olga S., 38, Full-time",A,True,A,True,True,3,16965
P0146,Lamia Hossain,Bangladeshi,28-32,B_surface,1,3.5,2.2,10,"Chen W., 45, Part-time",A,False,A,True,False,4,13059
P0147,Ella Hall,British,18-22,C_counterfactual,2,3.0,3.0,1,"Sarah M., 34, Part-time",D,True,D,True,True,4,24418
P0147,Ella Hall,British,18-22,C_counterfactual,2,3.0,3.0,2,"James K., 28, Full-time",A,True,D,False,False,2,25746
P0147,Ella Hall,British,18-22,C_counterfactual,2,3.0,3.0,3,"Priya R., 41, Self-employed",D,False,D,True,False,2,14133
P0147,Ella Hall,British,18-22,C_counterfactual,2,3.0,3.0,4,"Marcus T., 55, Part-time",D,True,D,True,True,3,16117
P0147,Ella Hall,British,18-22,C_counterfactual,2,3.0,3.0,5,"Anika P., 29, Full-time",D,True,D,True,True,3,16385
P0147,Ella Hall,British,18-22,C_counterfactual,2,3.0,3.0,6,"David H., 47, Full-time",A,True,A,True,True,4,11991
P0147,Ella Hall,British,18-22,C_counterfactual,2,3.0,3.0,7,"Fatima A., 33, Contract",D,False,D,True,False,3,16558
P0147,Ella Hall,British,18-22,C_counterfactual,2,3.0,3.0,8,"Tom B., 22, Full-time",D,True,A,False,False,2,21546
P0147,Ella Hall,British,18-22,C_counterfactual,2,3.0,3.0,9,"Olga S., 38, Full-time",A,True,D,False,False,4,25287
P0147,Ella Hall,British,18-22,C_counterfactual,2,3.0,3.0,10,"Chen W., 45, Part-time",A,False,A,True,False,3,10927
P0148,Tariq Mahmood,Pakistani,18-22,A_no_explanation,1,2.7,4.7,1,"Sarah M., 34, Part-time",D,True,D,True,True,3,14203
P0148,Tariq Mahmood,Pakistani,18-22,A_no_explanation,1,2.7,4.7,2,"James K., 28, Full-time",A,True,D,False,False,2,24592
P0148,Tariq Mahmood,Pakistani,18-22,A_no_explanation,1,2.7,4.7,3,"Priya R., 41, Self-employed",D,False,D,True,False,3,16371
P0148,Tariq Mahmood,Pakistani,18-22,A_no_explanation,1,2.7,4.7,4,"Marcus T., 55, Part-time",D,True,D,True,True,4,11342
P0148,Tariq Mahmood,Pakistani,18-22,A_no_explanation,1,2.7,4.7,5,"Anika P., 29, Full-time",D,True,D,True,True,1,15056
P0148,Tariq Mahmood,Pakistani,18-22,A_no_explanation,1,2.7,4.7,6,"David H., 47, Full-time",A,True,D,False,False,2,18895
P0148,Tariq Mahmood,Pakistani,18-22,A_no_explanation,1,2.7,4.7,7,"Fatima A., 33, Contract",D,False,D,True,False,4,11918
P0148,Tariq Mahmood,Pakistani,18-22,A_no_explanation,1,2.7,4.7,8,"Tom B., 22, Full-time",D,True,D,True,True,3,9248
P0148,Tariq Mahmood,Pakistani,18-22,A_no_explanation,1,2.7,4.7,9,"Olga S., 38, Full-time",A,True,A,True,True,3,11510
P0148,Tariq Mahmood,Pakistani,18-22,A_no_explanation,1,2.7,4.7,10,"Chen W., 45, Part-time",A,False,A,True,False,2,12359
P0149,Sophia Harris,British,18-22,C_counterfactual,0,3.2,3.6,1,"Sarah M., 34, Part-time",D,True,A,False,False,2,26336
P0149,Sophia Harris,British,18-22,C_counterfactual,0,3.2,3.6,2,"James K., 28, Full-time",A,True,A,True,True,3,16252
P0149,Sophia Harris,British,18-22,C_counterfactual,0,3.2,3.6,3,"Priya R., 41, Self-employed",D,False,A,False,True,2,23223
P0149,Sophia Harris,British,18-22,C_counterfactual,0,3.2,3.6,4,"Marcus T., 55, Part-time",D,True,D,True,True,5,15990
P0149,Sophia Harris,British,18-22,C_counterfactual,0,3.2,3.6,5,"Anika P., 29, Full-time",D,True,D,True,True,3,18990
P0149,Sophia Harris,British,18-22,C_counterfactual,0,3.2,3.6,6,"David H., 47, Full-time",A,True,A,True,True,2,17143
P0149,Sophia Harris,British,18-22,C_counterfactual,0,3.2,3.6,7,"Fatima A., 33, Contract",D,False,A,False,True,3,22743
P0149,Sophia Harris,British,18-22,C_counterfactual,0,3.2,3.6,8,"Tom B., 22, Full-time",D,True,A,False,False,4,28504
P0149,Sophia Harris,British,18-22,C_counterfactual,0,3.2,3.6,9,"Olga S., 38, Full-time",A,True,D,False,False,3,19290
P0149,Sophia Harris,British,18-22,C_counterfactual,0,3.2,3.6,10,"Chen W., 45, Part-time",A,False,D,False,True,2,24756
P0150,Charlie Davis,British,18-22,C_counterfactual,2,4.1,3.4,1,"Sarah M., 34, Part-time",D,True,A,False,False,3,27762
P0150,Charlie Davis,British,18-22,C_counterfactual,2,4.1,3.4,2,"James K., 28, Full-time",A,True,A,True,True,5,11410
P0150,Charlie Davis,British,18-22,C_counterfactual,2,4.1,3.4,3,"Priya R., 41, Self-employed",D,False,A,False,True,3,20333
P0150,Charlie Davis,British,18-22,C_counterfactual,2,4.1,3.4,4,"Marcus T., 55, Part-time",D,True,A,False,False,3,25256
P0150,Charlie Davis,British,18-22,C_counterfactual,2,4.1,3.4,5,"Anika P., 29, Full-time",D,True,D,True,True,3,10846
P0150,Charlie Davis,British,18-22,C_counterfactual,2,4.1,3.4,6,"David H., 47, Full-time",A,True,A,True,True,2,13621
P0150,Charlie Davis,British,18-22,C_counterfactual,2,4.1,3.4,7,"Fatima A., 33, Contract",D,False,D,True,False,4,18577
P0150,Charlie Davis,British,18-22,C_counterfactual,2,4.1,3.4,8,"Tom B., 22, Full-time",D,True,A,False,False,2,21909
P0150,Charlie Davis,British,18-22,C_counterfactual,2,4.1,3.4,9,"Olga S., 38, Full-time",A,True,A,True,True,3,13113
P0150,Charlie Davis,British,18-22,C_counterfactual,2,4.1,3.4,10,"Chen W., 45, Part-time",A,False,D,False,True,4,21730
P0151,Naveed Chaudhry,Pakistani,41-50,A_no_explanation,0,3.3,3.5,1,"Sarah M., 34, Part-time",D,True,D,True,True,3,16004
P0151,Naveed Chaudhry,Pakistani,41-50,A_no_explanation,0,3.3,3.5,2,"James K., 28, Full-time",A,True,D,False,False,4,16516
P0151,Naveed Chaudhry,Pakistani,41-50,A_no_explanation,0,3.3,3.5,3,"Priya R., 41, Self-employed",D,False,D,True,False,2,9007
P0151,Naveed Chaudhry,Pakistani,41-50,A_no_explanation,0,3.3,3.5,4,"Marcus T., 55, Part-time",D,True,A,False,False,2,22228
P0151,Naveed Chaudhry,Pakistani,41-50,A_no_explanation,0,3.3,3.5,5,"Anika P., 29, Full-time",D,True,D,True,True,3,21212
P0151,Naveed Chaudhry,Pakistani,41-50,A_no_explanation,0,3.3,3.5,6,"David H., 47, Full-time",A,True,D,False,False,3,10883
P0151,Naveed Chaudhry,Pakistani,41-50,A_no_explanation,0,3.3,3.5,7,"Fatima A., 33, Contract",D,False,D,True,False,2,7253
P0151,Naveed Chaudhry,Pakistani,41-50,A_no_explanation,0,3.3,3.5,8,"Tom B., 22, Full-time",D,True,D,True,True,2,12784
P0151,Naveed Chaudhry,Pakistani,41-50,A_no_explanation,0,3.3,3.5,9,"Olga S., 38, Full-time",A,True,A,True,True,3,5232
P0151,Naveed Chaudhry,Pakistani,41-50,A_no_explanation,0,3.3,3.5,10,"Chen W., 45, Part-time",A,False,D,False,True,2,18051
P0152,Khadija Begum,Bangladeshi,23-27,A_no_explanation,2,3.9,2.9,1,"Sarah M., 34, Part-time",D,True,D,True,True,4,15488
P0152,Khadija Begum,Bangladeshi,23-27,A_no_explanation,2,3.9,2.9,2,"James K., 28, Full-time",A,True,A,True,True,4,10748
P0152,Khadija Begum,Bangladeshi,23-27,A_no_explanation,2,3.9,2.9,3,"Priya R., 41, Self-employed",D,False,D,True,False,3,9873
P0152,Khadija Begum,Bangladeshi,23-27,A_no_explanation,2,3.9,2.9,4,"Marcus T., 55, Part-time",D,True,D,True,True,3,15226
P0152,Khadija Begum,Bangladeshi,23-27,A_no_explanation,2,3.9,2.9,5,"Anika P., 29, Full-time",D,True,D,True,True,4,8041
P0152,Khadija Begum,Bangladeshi,23-27,A_no_explanation,2,3.9,2.9,6,"David H., 47, Full-time",A,True,A,True,True,2,7196
P0152,Khadija Begum,Bangladeshi,23-27,A_no_explanation,2,3.9,2.9,7,"Fatima A., 33, Contract",D,False,A,False,True,4,17115
P0152,Khadija Begum,Bangladeshi,23-27,A_no_explanation,2,3.9,2.9,8,"Tom B., 22, Full-time",D,True,A,False,False,4,16965
P0152,Khadija Begum,Bangladeshi,23-27,A_no_explanation,2,3.9,2.9,9,"Olga S., 38, Full-time",A,True,A,True,True,3,10856
P0152,Khadija Begum,Bangladeshi,23-27,A_no_explanation,2,3.9,2.9,10,"Chen W., 45, Part-time",A,False,A,True,False,4,13161
P0153,Jean Baptiste,Other,33-40,C_counterfactual,3,4.4,4.3,1,"Sarah M., 34, Part-time",D,True,D,True,True,3,20717
P0153,Jean Baptiste,Other,33-40,C_counterfactual,3,4.4,4.3,2,"James K., 28, Full-time",A,True,A,True,True,5,14181
P0153,Jean Baptiste,Other,33-40,C_counterfactual,3,4.4,4.3,3,"Priya R., 41, Self-employed",D,False,D,True,False,4,16853
P0153,Jean Baptiste,Other,33-40,C_counterfactual,3,4.4,4.3,4,"Marcus T., 55, Part-time",D,True,A,False,False,3,20618
P0153,Jean Baptiste,Other,33-40,C_counterfactual,3,4.4,4.3,5,"Anika P., 29, Full-time",D,True,D,True,True,4,17133
P0153,Jean Baptiste,Other,33-40,C_counterfactual,3,4.4,4.3,6,"David H., 47, Full-time",A,True,D,False,False,3,22140
P0153,Jean Baptiste,Other,33-40,C_counterfactual,3,4.4,4.3,7,"Fatima A., 33, Contract",D,False,A,False,True,3,27188
P0153,Jean Baptiste,Other,33-40,C_counterfactual,3,4.4,4.3,8,"Tom B., 22, Full-time",D,True,A,False,False,3,23282
P0153,Jean Baptiste,Other,33-40,C_counterfactual,3,4.4,4.3,9,"Olga S., 38, Full-time",A,True,A,True,True,5,14626
P0153,Jean Baptiste,Other,33-40,C_counterfactual,3,4.4,4.3,10,"Chen W., 45, Part-time",A,False,A,True,False,5,7746
P0154,Zahirul Islam,Bangladeshi,23-27,A_no_explanation,1,2.4,3.0,1,"Sarah M., 34, Part-time",D,True,A,False,False,2,20505
P0154,Zahirul Islam,Bangladeshi,23-27,A_no_explanation,1,2.4,3.0,2,"James K., 28, Full-time",A,True,D,False,False,4,21773
P0154,Zahirul Islam,Bangladeshi,23-27,A_no_explanation,1,2.4,3.0,3,"Priya R., 41, Self-employed",D,False,A,False,True,3,27123
P0154,Zahirul Islam,Bangladeshi,23-27,A_no_explanation,1,2.4,3.0,4,"Marcus T., 55, Part-time",D,True,D,True,True,3,9120
P0154,Zahirul Islam,Bangladeshi,23-27,A_no_explanation,1,2.4,3.0,5,"Anika P., 29, Full-time",D,True,D,True,True,4,11003
P0154,Zahirul Islam,Bangladeshi,23-27,A_no_explanation,1,2.4,3.0,6,"David H., 47, Full-time",A,True,D,False,False,3,20112
P0154,Zahirul Islam,Bangladeshi,23-27,A_no_explanation,1,2.4,3.0,7,"Fatima A., 33, Contract",D,False,D,True,False,3,13347
P0154,Zahirul Islam,Bangladeshi,23-27,A_no_explanation,1,2.4,3.0,8,"Tom B., 22, Full-time",D,True,D,True,True,2,8777
P0154,Zahirul Islam,Bangladeshi,23-27,A_no_explanation,1,2.4,3.0,9,"Olga S., 38, Full-time",A,True,D,False,False,2,21736
P0154,Zahirul Islam,Bangladeshi,23-27,A_no_explanation,1,2.4,3.0,10,"Chen W., 45, Part-time",A,False,D,False,True,3,19227
P0155,Sunita Mehta,Indian,18-22,C_counterfactual,1,3.8,3.2,1,"Sarah M., 34, Part-time",D,True,D,True,True,4,18438
P0155,Sunita Mehta,Indian,18-22,C_counterfactual,1,3.8,3.2,2,"James K., 28, Full-time",A,True,A,True,True,3,13207
P0155,Sunita Mehta,Indian,18-22,C_counterfactual,1,3.8,3.2,3,"Priya R., 41, Self-employed",D,False,A,False,True,2,27127
P0155,Sunita Mehta,Indian,18-22,C_counterfactual,1,3.8,3.2,4,"Marcus T., 55, Part-time",D,True,D,True,True,2,14170
P0155,Sunita Mehta,Indian,18-22,C_counterfactual,1,3.8,3.2,5,"Anika P., 29, Full-time",D,True,A,False,False,2,13599
P0155,Sunita Mehta,Indian,18-22,C_counterfactual,1,3.8,3.2,6,"David H., 47, Full-time",A,True,A,True,True,3,19075
P0155,Sunita Mehta,Indian,18-22,C_counterfactual,1,3.8,3.2,7,"Fatima A., 33, Contract",D,False,D,True,False,4,12136
P0155,Sunita Mehta,Indian,18-22,C_counterfactual,1,3.8,3.2,8,"Tom B., 22, Full-time",D,True,D,True,True,2,14402
P0155,Sunita Mehta,Indian,18-22,C_counterfactual,1,3.8,3.2,9,"Olga S., 38, Full-time",A,True,A,True,True,4,8284
P0155,Sunita Mehta,Indian,18-22,C_counterfactual,1,3.8,3.2,10,"Chen W., 45, Part-time",A,False,D,False,True,3,23684
P0156,Radha Pandey,Indian,28-32,C_counterfactual,3,1.8,2.8,1,"Sarah M., 34, Part-time",D,True,D,True,True,3,21116
P0156,Radha Pandey,Indian,28-32,C_counterfactual,3,1.8,2.8,2,"James K., 28, Full-time",A,True,D,False,False,4,16578
P0156,Radha Pandey,Indian,28-32,C_counterfactual,3,1.8,2.8,3,"Priya R., 41, Self-employed",D,False,A,False,True,3,24660
P0156,Radha Pandey,Indian,28-32,C_counterfactual,3,1.8,2.8,4,"Marcus T., 55, Part-time",D,True,A,False,False,2,25713
P0156,Radha Pandey,Indian,28-32,C_counterfactual,3,1.8,2.8,5,"Anika P., 29, Full-time",D,True,D,True,True,3,15975
P0156,Radha Pandey,Indian,28-32,C_counterfactual,3,1.8,2.8,6,"David H., 47, Full-time",A,True,A,True,True,5,14047
P0156,Radha Pandey,Indian,28-32,C_counterfactual,3,1.8,2.8,7,"Fatima A., 33, Contract",D,False,A,False,True,4,27797
P0156,Radha Pandey,Indian,28-32,C_counterfactual,3,1.8,2.8,8,"Tom B., 22, Full-time",D,True,D,True,True,3,16222
P0156,Radha Pandey,Indian,28-32,C_counterfactual,3,1.8,2.8,9,"Olga S., 38, Full-time",A,True,D,False,False,3,25082
P0156,Radha Pandey,Indian,28-32,C_counterfactual,3,1.8,2.8,10,"Chen W., 45, Part-time",A,False,A,True,False,4,14155
P0157,Meera Verma,Indian,18-22,A_no_explanation,3,3.6,3.9,1,"Sarah M., 34, Part-time",D,True,D,True,True,3,17283
P0157,Meera Verma,Indian,18-22,A_no_explanation,3,3.6,3.9,2,"James K., 28, Full-time",A,True,D,False,False,3,18432
P0157,Meera Verma,Indian,18-22,A_no_explanation,3,3.6,3.9,3,"Priya R., 41, Self-employed",D,False,D,True,False,4,10414
P0157,Meera Verma,Indian,18-22,A_no_explanation,3,3.6,3.9,4,"Marcus T., 55, Part-time",D,True,D,True,True,1,15856
P0157,Meera Verma,Indian,18-22,A_no_explanation,3,3.6,3.9,5,"Anika P., 29, Full-time",D,True,D,True,True,4,11140
P0157,Meera Verma,Indian,18-22,A_no_explanation,3,3.6,3.9,6,"David H., 47, Full-time",A,True,A,True,True,3,8730
P0157,Meera Verma,Indian,18-22,A_no_explanation,3,3.6,3.9,7,"Fatima A., 33, Contract",D,False,D,True,False,5,17962
P0157,Meera Verma,Indian,18-22,A_no_explanation,3,3.6,3.9,8,"Tom B., 22, Full-time",D,True,A,False,False,2,24801
P0157,Meera Verma,Indian,18-22,A_no_explanation,3,3.6,3.9,9,"Olga S., 38, Full-time",A,True,A,True,True,1,15753
P0157,Meera Verma,Indian,18-22,A_no_explanation,3,3.6,3.9,10,"Chen W., 45, Part-time",A,False,D,False,True,4,15541
P0158,Mehedi Mahmud,Bangladeshi,28-32,B_surface,2,4.3,3.0,1,"Sarah M., 34, Part-time",D,True,A,False,False,3,25836
P0158,Mehedi Mahmud,Bangladeshi,28-32,B_surface,2,4.3,3.0,2,"James K., 28, Full-time",A,True,A,True,True,3,10630
P0158,Mehedi Mahmud,Bangladeshi,28-32,B_surface,2,4.3,3.0,3,"Priya R., 41, Self-employed",D,False,A,False,True,4,25078
P0158,Mehedi Mahmud,Bangladeshi,28-32,B_surface,2,4.3,3.0,4,"Marcus T., 55, Part-time",D,True,D,True,True,4,14054
P0158,Mehedi Mahmud,Bangladeshi,28-32,B_surface,2,4.3,3.0,5,"Anika P., 29, Full-time",D,True,D,True,True,3,12574
P0158,Mehedi Mahmud,Bangladeshi,28-32,B_surface,2,4.3,3.0,6,"David H., 47, Full-time",A,True,A,True,True,3,12129
P0158,Mehedi Mahmud,Bangladeshi,28-32,B_surface,2,4.3,3.0,7,"Fatima A., 33, Contract",D,False,A,False,True,2,25520
P0158,Mehedi Mahmud,Bangladeshi,28-32,B_surface,2,4.3,3.0,8,"Tom B., 22, Full-time",D,True,A,False,False,1,18386
P0158,Mehedi Mahmud,Bangladeshi,28-32,B_surface,2,4.3,3.0,9,"Olga S., 38, Full-time",A,True,D,False,False,2,24222
P0158,Mehedi Mahmud,Bangladeshi,28-32,B_surface,2,4.3,3.0,10,"Chen W., 45, Part-time",A,False,D,False,True,4,19349
P0159,Hidayah Ishak,Malaysian,41-50,A_no_explanation,2,4.0,3.0,1,"Sarah M., 34, Part-time",D,True,A,False,False,3,26122
P0159,Hidayah Ishak,Malaysian,41-50,A_no_explanation,2,4.0,3.0,2,"James K., 28, Full-time",A,True,A,True,True,5,12706
P0159,Hidayah Ishak,Malaysian,41-50,A_no_explanation,2,4.0,3.0,3,"Priya R., 41, Self-employed",D,False,D,True,False,2,5979
P0159,Hidayah Ishak,Malaysian,41-50,A_no_explanation,2,4.0,3.0,4,"Marcus T., 55, Part-time",D,True,A,False,False,3,14656
P0159,Hidayah Ishak,Malaysian,41-50,A_no_explanation,2,4.0,3.0,5,"Anika P., 29, Full-time",D,True,D,True,True,4,12610
P0159,Hidayah Ishak,Malaysian,41-50,A_no_explanation,2,4.0,3.0,6,"David H., 47, Full-time",A,True,D,False,False,4,22815
P0159,Hidayah Ishak,Malaysian,41-50,A_no_explanation,2,4.0,3.0,7,"Fatima A., 33, Contract",D,False,D,True,False,3,7484
P0159,Hidayah Ishak,Malaysian,41-50,A_no_explanation,2,4.0,3.0,8,"Tom B., 22, Full-time",D,True,A,False,False,2,24622
P0159,Hidayah Ishak,Malaysian,41-50,A_no_explanation,2,4.0,3.0,9,"Olga S., 38, Full-time",A,True,D,False,False,3,18426
P0159,Hidayah Ishak,Malaysian,41-50,A_no_explanation,2,4.0,3.0,10,"Chen W., 45, Part-time",A,False,A,True,False,4,12588
P0160,Alamgir Hossain,Bangladeshi,18-22,C_counterfactual,3,2.3,3.1,1,"Sarah M., 34, Part-time",D,True,D,True,True,4,25410
P0160,Alamgir Hossain,Bangladeshi,18-22,C_counterfactual,3,2.3,3.1,2,"James K., 28, Full-time",A,True,D,False,False,3,25423
P0160,Alamgir Hossain,Bangladeshi,18-22,C_counterfactual,3,2.3,3.1,3,"Priya R., 41, Self-employed",D,False,A,False,True,2,25094
P0160,Alamgir Hossain,Bangladeshi,18-22,C_counterfactual,3,2.3,3.1,4,"Marcus T., 55, Part-time",D,True,A,False,False,3,25375
P0160,Alamgir Hossain,Bangladeshi,18-22,C_counterfactual,3,2.3,3.1,5,"Anika P., 29, Full-time",D,True,D,True,True,4,19368
P0160,Alamgir Hossain,Bangladeshi,18-22,C_counterfactual,3,2.3,3.1,6,"David H., 47, Full-time",A,True,A,True,True,4,11382
P0160,Alamgir Hossain,Bangladeshi,18-22,C_counterfactual,3,2.3,3.1,7,"Fatima A., 33, Contract",D,False,A,False,True,3,18389
P0160,Alamgir Hossain,Bangladeshi,18-22,C_counterfactual,3,2.3,3.1,8,"Tom B., 22, Full-time",D,True,D,True,True,3,11079
P0160,Alamgir Hossain,Bangladeshi,18-22,C_counterfactual,3,2.3,3.1,9,"Olga S., 38, Full-time",A,True,A,True,True,4,17491
P0160,Alamgir Hossain,Bangladeshi,18-22,C_counterfactual,3,2.3,3.1,10,"Chen W., 45, Part-time",A,False,A,True,False,3,19330
P0161,Shakil Ahmed,Bangladeshi,18-22,C_counterfactual,2,3.5,3.7,1,"Sarah M., 34, Part-time",D,True,D,True,True,4,13296
P0161,Shakil Ahmed,Bangladeshi,18-22,C_counterfactual,2,3.5,3.7,2,"James K., 28, Full-time",A,True,A,True,True,3,23303
P0161,Shakil Ahmed,Bangladeshi,18-22,C_counterfactual,2,3.5,3.7,3,"Priya R., 41, Self-employed",D,False,D,True,False,4,19588
P0161,Shakil Ahmed,Bangladeshi,18-22,C_counterfactual,2,3.5,3.7,4,"Marcus T., 55, Part-time",D,True,D,True,True,3,11364
P0161,Shakil Ahmed,Bangladeshi,18-22,C_counterfactual,2,3.5,3.7,5,"Anika P., 29, Full-time",D,True,D,True,True,5,15575
P0161,Shakil Ahmed,Bangladeshi,18-22,C_counterfactual,2,3.5,3.7,6,"David H., 47, Full-time",A,True,A,True,True,4,17885
P0161,Shakil Ahmed,Bangladeshi,18-22,C_counterfactual,2,3.5,3.7,7,"Fatima A., 33, Contract",D,False,D,True,False,4,12400
P0161,Shakil Ahmed,Bangladeshi,18-22,C_counterfactual,2,3.5,3.7,8,"Tom B., 22, Full-time",D,True,D,True,True,3,12902
P0161,Shakil Ahmed,Bangladeshi,18-22,C_counterfactual,2,3.5,3.7,9,"Olga S., 38, Full-time",A,True,A,True,True,4,18289
P0161,Shakil Ahmed,Bangladeshi,18-22,C_counterfactual,2,3.5,3.7,10,"Chen W., 45, Part-time",A,False,A,True,False,4,18348
P0162,Mamunur Rashid,Bangladeshi,23-27,B_surface,1,3.2,2.3,1,"Sarah M., 34, Part-time",D,True,D,True,True,5,17553
P0162,Mamunur Rashid,Bangladeshi,23-27,B_surface,1,3.2,2.3,2,"James K., 28, Full-time",A,True,A,True,True,3,17784
P0162,Mamunur Rashid,Bangladeshi,23-27,B_surface,1,3.2,2.3,3,"Priya R., 41, Self-employed",D,False,D,True,False,4,15156
P0162,Mamunur Rashid,Bangladeshi,23-27,B_surface,1,3.2,2.3,4,"Marcus T., 55, Part-time",D,True,D,True,True,3,2800
P0162,Mamunur Rashid,Bangladeshi,23-27,B_surface,1,3.2,2.3,5,"Anika P., 29, Full-time",D,True,D,True,True,4,9419
P0162,Mamunur Rashid,Bangladeshi,23-27,B_surface,1,3.2,2.3,6,"David H., 47, Full-time",A,True,D,False,False,3,15085
P0162,Mamunur Rashid,Bangladeshi,23-27,B_surface,1,3.2,2.3,7,"Fatima A., 33, Contract",D,False,A,False,True,4,23307
P0162,Mamunur Rashid,Bangladeshi,23-27,B_surface,1,3.2,2.3,8,"Tom B., 22, Full-time",D,True,D,True,True,3,16386
P0162,Mamunur Rashid,Bangladeshi,23-27,B_surface,1,3.2,2.3,9,"Olga S., 38, Full-time",A,True,A,True,True,3,14699
P0162,Mamunur Rashid,Bangladeshi,23-27,B_surface,1,3.2,2.3,10,"Chen W., 45, Part-time",A,False,D,False,True,3,20766
P0163,Shumon Hasan,Bangladeshi,28-32,C_counterfactual,2,3.7,3.0,1,"Sarah M., 34, Part-time",D,True,A,False,False,4,26059
P0163,Shumon Hasan,Bangladeshi,28-32,C_counterfactual,2,3.7,3.0,2,"James K., 28, Full-time",A,True,A,True,True,3,6825
P0163,Shumon Hasan,Bangladeshi,28-32,C_counterfactual,2,3.7,3.0,3,"Priya R., 41, Self-employed",D,False,D,True,False,3,13369
P0163,Shumon Hasan,Bangladeshi,28-32,C_counterfactual,2,3.7,3.0,4,"Marcus T., 55, Part-time",D,True,A,False,False,3,22372
P0163,Shumon Hasan,Bangladeshi,28-32,C_counterfactual,2,3.7,3.0,5,"Anika P., 29, Full-time",D,True,A,False,False,3,28919
P0163,Shumon Hasan,Bangladeshi,28-32,C_counterfactual,2,3.7,3.0,6,"David H., 47, Full-time",A,True,A,True,True,3,20172
P0163,Shumon Hasan,Bangladeshi,28-32,C_counterfactual,2,3.7,3.0,7,"Fatima A., 33, Contract",D,False,D,True,False,4,17641
P0163,Shumon Hasan,Bangladeshi,28-32,C_counterfactual,2,3.7,3.0,8,"Tom B., 22, Full-time",D,True,A,False,False,2,29757
P0163,Shumon Hasan,Bangladeshi,28-32,C_counterfactual,2,3.7,3.0,9,"Olga S., 38, Full-time",A,True,D,False,False,4,27501
P0163,Shumon Hasan,Bangladeshi,28-32,C_counterfactual,2,3.7,3.0,10,"Chen W., 45, Part-time",A,False,D,False,True,4,12292
P0164,Akosua Osei,Other,23-27,B_surface,2,3.5,3.6,1,"Sarah M., 34, Part-time",D,True,A,False,False,2,21599
P0164,Akosua Osei,Other,23-27,B_surface,2,3.5,3.6,2,"James K., 28, Full-time",A,True,D,False,False,2,17748
P0164,Akosua Osei,Other,23-27,B_surface,2,3.5,3.6,3,"Priya R., 41, Self-employed",D,False,A,False,True,3,19985
P0164,Akosua Osei,Other,23-27,B_surface,2,3.5,3.6,4,"Marcus T., 55, Part-time",D,True,A,False,False,1,23262
P0164,Akosua Osei,Other,23-27,B_surface,2,3.5,3.6,5,"Anika P., 29, Full-time",D,True,D,True,True,2,20768
P0164,Akosua Osei,Other,23-27,B_surface,2,3.5,3.6,6,"David H., 47, Full-time",A,True,D,False,False,2,17026
P0164,Akosua Osei,Other,23-27,B_surface,2,3.5,3.6,7,"Fatima A., 33, Contract",D,False,D,True,False,4,16236
P0164,Akosua Osei,Other,23-27,B_surface,2,3.5,3.6,8,"Tom B., 22, Full-time",D,True,D,True,True,2,6972
P0164,Akosua Osei,Other,23-27,B_surface,2,3.5,3.6,9,"Olga S., 38, Full-time",A,True,A,True,True,2,4407
P0164,Akosua Osei,Other,23-27,B_surface,2,3.5,3.6,10,"Chen W., 45, Part-time",A,False,D,False,True,2,21577
P0165,Kavitha Nair,Indian,23-27,C_counterfactual,2,3.0,3.7,1,"Sarah M., 34, Part-time",D,True,D,True,True,4,19404
P0165,Kavitha Nair,Indian,23-27,C_counterfactual,2,3.0,3.7,2,"James K., 28, Full-time",A,True,A,True,True,3,13893
P0165,Kavitha Nair,Indian,23-27,C_counterfactual,2,3.0,3.7,3,"Priya R., 41, Self-employed",D,False,A,False,True,4,23042
P0165,Kavitha Nair,Indian,23-27,C_counterfactual,2,3.0,3.7,4,"Marcus T., 55, Part-time",D,True,A,False,False,4,22411
P0165,Kavitha Nair,Indian,23-27,C_counterfactual,2,3.0,3.7,5,"Anika P., 29, Full-time",D,True,D,True,True,4,16945
P0165,Kavitha Nair,Indian,23-27,C_counterfactual,2,3.0,3.7,6,"David H., 47, Full-time",A,True,D,False,False,3,20733
P0165,Kavitha Nair,Indian,23-27,C_counterfactual,2,3.0,3.7,7,"Fatima A., 33, Contract",D,False,D,True,False,3,15979
P0165,Kavitha Nair,Indian,23-27,C_counterfactual,2,3.0,3.7,8,"Tom B., 22, Full-time",D,True,D,True,True,4,14171
P0165,Kavitha Nair,Indian,23-27,C_counterfactual,2,3.0,3.7,9,"Olga S., 38, Full-time",A,True,D,False,False,4,26123
P0165,Kavitha Nair,Indian,23-27,C_counterfactual,2,3.0,3.7,10,"Chen W., 45, Part-time",A,False,D,False,True,2,20123
P0166,Robiul Islam,Bangladeshi,18-22,C_counterfactual,1,3.2,2.6,1,"Sarah M., 34, Part-time",D,True,A,False,False,3,23258
P0166,Robiul Islam,Bangladeshi,18-22,C_counterfactual,1,3.2,2.6,2,"James K., 28, Full-time",A,True,D,False,False,2,22961
P0166,Robiul Islam,Bangladeshi,18-22,C_counterfactual,1,3.2,2.6,3,"Priya R., 41, Self-employed",D,False,A,False,True,1,27492
P0166,Robiul Islam,Bangladeshi,18-22,C_counterfactual,1,3.2,2.6,4,"Marcus T., 55, Part-time",D,True,A,False,False,4,29116
P0166,Robiul Islam,Bangladeshi,18-22,C_counterfactual,1,3.2,2.6,5,"Anika P., 29, Full-time",D,True,D,True,True,4,14168
P0166,Robiul Islam,Bangladeshi,18-22,C_counterfactual,1,3.2,2.6,6,"David H., 47, Full-time",A,True,A,True,True,3,20879
P0166,Robiul Islam,Bangladeshi,18-22,C_counterfactual,1,3.2,2.6,7,"Fatima A., 33, Contract",D,False,A,False,True,3,23145
P0166,Robiul Islam,Bangladeshi,18-22,C_counterfactual,1,3.2,2.6,8,"Tom B., 22, Full-time",D,True,A,False,False,3,24174
P0166,Robiul Islam,Bangladeshi,18-22,C_counterfactual,1,3.2,2.6,9,"Olga S., 38, Full-time",A,True,D,False,False,2,27072
P0166,Robiul Islam,Bangladeshi,18-22,C_counterfactual,1,3.2,2.6,10,"Chen W., 45, Part-time",A,False,A,True,False,3,20839
P0167,Jia Zheng,Chinese,23-27,C_counterfactual,1,3.9,3.7,1,"Sarah M., 34, Part-time",D,True,A,False,False,2,25730
P0167,Jia Zheng,Chinese,23-27,C_counterfactual,1,3.9,3.7,2,"James K., 28, Full-time",A,True,D,False,False,3,23455
P0167,Jia Zheng,Chinese,23-27,C_counterfactual,1,3.9,3.7,3,"Priya R., 41, Self-employed",D,False,D,True,False,3,10555
P0167,Jia Zheng,Chinese,23-27,C_counterfactual,1,3.9,3.7,4,"Marcus T., 55, Part-time",D,True,A,False,False,3,26516
P0167,Jia Zheng,Chinese,23-27,C_counterfactual,1,3.9,3.7,5,"Anika P., 29, Full-time",D,True,A,False,False,4,19501
P0167,Jia Zheng,Chinese,23-27,C_counterfactual,1,3.9,3.7,6,"David H., 47, Full-time",A,True,D,False,False,1,18707
P0167,Jia Zheng,Chinese,23-27,C_counterfactual,1,3.9,3.7,7,"Fatima A., 33, Contract",D,False,A,False,True,3,19217
P0167,Jia Zheng,Chinese,23-27,C_counterfactual,1,3.9,3.7,8,"Tom B., 22, Full-time",D,True,D,True,True,3,23377
P0167,Jia Zheng,Chinese,23-27,C_counterfactual,1,3.9,3.7,9,"Olga S., 38, Full-time",A,True,A,True,True,3,15336
P0167,Jia Zheng,Chinese,23-27,C_counterfactual,1,3.9,3.7,10,"Chen W., 45, Part-time",A,False,D,False,True,4,19538
P0168,Alamin Hossain,Bangladeshi,18-22,B_surface,0,4.3,3.7,1,"Sarah M., 34, Part-time",D,True,D,True,True,5,20310
P0168,Alamin Hossain,Bangladeshi,18-22,B_surface,0,4.3,3.7,2,"James K., 28, Full-time",A,True,D,False,False,2,16756
P0168,Alamin Hossain,Bangladeshi,18-22,B_surface,0,4.3,3.7,3,"Priya R., 41, Self-employed",D,False,D,True,False,4,2921
P0168,Alamin Hossain,Bangladeshi,18-22,B_surface,0,4.3,3.7,4,"Marcus T., 55, Part-time",D,True,D,True,True,2,14050
P0168,Alamin Hossain,Bangladeshi,18-22,B_surface,0,4.3,3.7,5,"Anika P., 29, Full-time",D,True,D,True,True,4,9630
P0168,Alamin Hossain,Bangladeshi,18-22,B_surface,0,4.3,3.7,6,"David H., 47, Full-time",A,True,A,True,True,5,16007
P0168,Alamin Hossain,Bangladeshi,18-22,B_surface,0,4.3,3.7,7,"Fatima A., 33, Contract",D,False,D,True,False,4,12440
P0168,Alamin Hossain,Bangladeshi,18-22,B_surface,0,4.3,3.7,8,"Tom B., 22, Full-time",D,True,A,False,False,3,20868
P0168,Alamin Hossain,Bangladeshi,18-22,B_surface,0,4.3,3.7,9,"Olga S., 38, Full-time",A,True,D,False,False,4,22648
P0168,Alamin Hossain,Bangladeshi,18-22,B_surface,0,4.3,3.7,10,"Chen W., 45, Part-time",A,False,A,True,False,2,11255
P0169,Qiang He,Chinese,23-27,A_no_explanation,1,3.0,2.7,1,"Sarah M., 34, Part-time",D,True,A,False,False,2,26155
P0169,Qiang He,Chinese,23-27,A_no_explanation,1,3.0,2.7,2,"James K., 28, Full-time",A,True,D,False,False,2,22541
P0169,Qiang He,Chinese,23-27,A_no_explanation,1,3.0,2.7,3,"Priya R., 41, Self-employed",D,False,D,True,False,4,11875
P0169,Qiang He,Chinese,23-27,A_no_explanation,1,3.0,2.7,4,"Marcus T., 55, Part-time",D,True,A,False,False,3,22667
P0169,Qiang He,Chinese,23-27,A_no_explanation,1,3.0,2.7,5,"Anika P., 29, Full-time",D,True,D,True,True,3,8561
P0169,Qiang He,Chinese,23-27,A_no_explanation,1,3.0,2.7,6,"David H., 47, Full-time",A,True,A,True,True,5,5914
P0169,Qiang He,Chinese,23-27,A_no_explanation,1,3.0,2.7,7,"Fatima A., 33, Contract",D,False,D,True,False,3,13680
P0169,Qiang He,Chinese,23-27,A_no_explanation,1,3.0,2.7,8,"Tom B., 22, Full-time",D,True,D,True,True,3,11924
P0169,Qiang He,Chinese,23-27,A_no_explanation,1,3.0,2.7,9,"Olga S., 38, Full-time",A,True,A,True,True,2,8252
P0169,Qiang He,Chinese,23-27,A_no_explanation,1,3.0,2.7,10,"Chen W., 45, Part-time",A,False,A,True,False,2,12914
P0170,Mayisha Islam,Bangladeshi,33-40,B_surface,3,2.7,4.2,1,"Sarah M., 34, Part-time",D,True,D,True,True,3,7139
P0170,Mayisha Islam,Bangladeshi,33-40,B_surface,3,2.7,4.2,2,"James K., 28, Full-time",A,True,A,True,True,4,14710
P0170,Mayisha Islam,Bangladeshi,33-40,B_surface,3,2.7,4.2,3,"Priya R., 41, Self-employed",D,False,A,False,True,3,16735
P0170,Mayisha Islam,Bangladeshi,33-40,B_surface,3,2.7,4.2,4,"Marcus T., 55, Part-time",D,True,A,False,False,3,25361
P0170,Mayisha Islam,Bangladeshi,33-40,B_surface,3,2.7,4.2,5,"Anika P., 29, Full-time",D,True,A,False,False,3,19763
P0170,Mayisha Islam,Bangladeshi,33-40,B_surface,3,2.7,4.2,6,"David H., 47, Full-time",A,True,A,True,True,2,11119
P0170,Mayisha Islam,Bangladeshi,33-40,B_surface,3,2.7,4.2,7,"Fatima A., 33, Contract",D,False,A,False,True,3,18579
P0170,Mayisha Islam,Bangladeshi,33-40,B_surface,3,2.7,4.2,8,"Tom B., 22, Full-time",D,True,A,False,False,4,21805
P0170,Mayisha Islam,Bangladeshi,33-40,B_surface,3,2.7,4.2,9,"Olga S., 38, Full-time",A,True,A,True,True,3,12388
P0170,Mayisha Islam,Bangladeshi,33-40,B_surface,3,2.7,4.2,10,"Chen W., 45, Part-time",A,False,D,False,True,2,22420
P0171,Salim Ahmed,Bangladeshi,23-27,A_no_explanation,1,2.6,2.4,1,"Sarah M., 34, Part-time",D,True,D,True,True,4,21358
P0171,Salim Ahmed,Bangladeshi,23-27,A_no_explanation,1,2.6,2.4,2,"James K., 28, Full-time",A,True,D,False,False,4,18985
P0171,Salim Ahmed,Bangladeshi,23-27,A_no_explanation,1,2.6,2.4,3,"Priya R., 41, Self-employed",D,False,D,True,False,4,9853
P0171,Salim Ahmed,Bangladeshi,23-27,A_no_explanation,1,2.6,2.4,4,"Marcus T., 55, Part-time",D,True,D,True,True,3,8346
P0171,Salim Ahmed,Bangladeshi,23-27,A_no_explanation,1,2.6,2.4,5,"Anika P., 29, Full-time",D,True,D,True,True,1,14691
P0171,Salim Ahmed,Bangladeshi,23-27,A_no_explanation,1,2.6,2.4,6,"David H., 47, Full-time",A,True,D,False,False,3,18877
P0171,Salim Ahmed,Bangladeshi,23-27,A_no_explanation,1,2.6,2.4,7,"Fatima A., 33, Contract",D,False,A,False,True,4,21781
P0171,Salim Ahmed,Bangladeshi,23-27,A_no_explanation,1,2.6,2.4,8,"Tom B., 22, Full-time",D,True,D,True,True,2,8699
P0171,Salim Ahmed,Bangladeshi,23-27,A_no_explanation,1,2.6,2.4,9,"Olga S., 38, Full-time",A,True,A,True,True,4,18861
P0171,Salim Ahmed,Bangladeshi,23-27,A_no_explanation,1,2.6,2.4,10,"Chen W., 45, Part-time",A,False,D,False,True,4,25220
P0172,Raj Gupta,Indian,33-40,B_surface,2,3.2,2.5,1,"Sarah M., 34, Part-time",D,True,D,True,True,2,15489
P0172,Raj Gupta,Indian,33-40,B_surface,2,3.2,2.5,2,"James K., 28, Full-time",A,True,D,False,False,4,18141
P0172,Raj Gupta,Indian,33-40,B_surface,2,3.2,2.5,3,"Priya R., 41, Self-employed",D,False,D,True,False,2,13151
P0172,Raj Gupta,Indian,33-40,B_surface,2,3.2,2.5,4,"Marcus T., 55, Part-time",D,True,A,False,False,2,22071
P0172,Raj Gupta,Indian,33-40,B_surface,2,3.2,2.5,5,"Anika P., 29, Full-time",D,True,D,True,True,3,13156
P0172,Raj Gupta,Indian,33-40,B_surface,2,3.2,2.5,6,"David H., 47, Full-time",A,True,D,False,False,5,16738
P0172,Raj Gupta,Indian,33-40,B_surface,2,3.2,2.5,7,"Fatima A., 33, Contract",D,False,D,True,False,5,12573
P0172,Raj Gupta,Indian,33-40,B_surface,2,3.2,2.5,8,"Tom B., 22, Full-time",D,True,A,False,False,2,25036
P0172,Raj Gupta,Indian,33-40,B_surface,2,3.2,2.5,9,"Olga S., 38, Full-time",A,True,D,False,False,3,19490
P0172,Raj Gupta,Indian,33-40,B_surface,2,3.2,2.5,10,"Chen W., 45, Part-time",A,False,D,False,True,5,24238
P0173,Yasmin Tehrani,Other,28-32,A_no_explanation,1,3.5,3.3,1,"Sarah M., 34, Part-time",D,True,A,False,False,2,29478
P0173,Yasmin Tehrani,Other,28-32,A_no_explanation,1,3.5,3.3,2,"James K., 28, Full-time",A,True,D,False,False,3,25643
P0173,Yasmin Tehrani,Other,28-32,A_no_explanation,1,3.5,3.3,3,"Priya R., 41, Self-employed",D,False,D,True,False,4,12993
P0173,Yasmin Tehrani,Other,28-32,A_no_explanation,1,3.5,3.3,4,"Marcus T., 55, Part-time",D,True,D,True,True,3,15843
P0173,Yasmin Tehrani,Other,28-32,A_no_explanation,1,3.5,3.3,5,"Anika P., 29, Full-time",D,True,D,True,True,4,21426
P0173,Yasmin Tehrani,Other,28-32,A_no_explanation,1,3.5,3.3,6,"David H., 47, Full-time",A,True,A,True,True,3,8590
P0173,Yasmin Tehrani,Other,28-32,A_no_explanation,1,3.5,3.3,7,"Fatima A., 33, Contract",D,False,D,True,False,2,8881
P0173,Yasmin Tehrani,Other,28-32,A_no_explanation,1,3.5,3.3,8,"Tom B., 22, Full-time",D,True,A,False,False,1,18594
P0173,Yasmin Tehrani,Other,28-32,A_no_explanation,1,3.5,3.3,9,"Olga S., 38, Full-time",A,True,A,True,True,3,13916
P0173,Yasmin Tehrani,Other,28-32,A_no_explanation,1,3.5,3.3,10,"Chen W., 45, Part-time",A,False,A,True,False,3,8272
P0174,Rina Akter,Bangladeshi,18-22,A_no_explanation,2,2.9,3.9,1,"Sarah M., 34, Part-time",D,True,A,False,False,3,18222
P0174,Rina Akter,Bangladeshi,18-22,A_no_explanation,2,2.9,3.9,2,"James K., 28, Full-time",A,True,D,False,False,2,22588
P0174,Rina Akter,Bangladeshi,18-22,A_no_explanation,2,2.9,3.9,3,"Priya R., 41, Self-employed",D,False,D,True,False,3,10967
P0174,Rina Akter,Bangladeshi,18-22,A_no_explanation,2,2.9,3.9,4,"Marcus T., 55, Part-time",D,True,D,True,True,3,10952
P0174,Rina Akter,Bangladeshi,18-22,A_no_explanation,2,2.9,3.9,5,"Anika P., 29, Full-time",D,True,D,True,True,4,13729
P0174,Rina Akter,Bangladeshi,18-22,A_no_explanation,2,2.9,3.9,6,"David H., 47, Full-time",A,True,D,False,False,2,19935
P0174,Rina Akter,Bangladeshi,18-22,A_no_explanation,2,2.9,3.9,7,"Fatima A., 33, Contract",D,False,A,False,True,3,18836
P0174,Rina Akter,Bangladeshi,18-22,A_no_explanation,2,2.9,3.9,8,"Tom B., 22, Full-time",D,True,A,False,False,3,19446
P0174,Rina Akter,Bangladeshi,18-22,A_no_explanation,2,2.9,3.9,9,"Olga S., 38, Full-time",A,True,A,True,True,3,8909
P0174,Rina Akter,Bangladeshi,18-22,A_no_explanation,2,2.9,3.9,10,"Chen W., 45, Part-time",A,False,D,False,True,2,17332
P0175,Tanzia Akter,Bangladeshi,18-22,C_counterfactual,0,3.5,3.7,1,"Sarah M., 34, Part-time",D,True,D,True,True,4,9214
P0175,Tanzia Akter,Bangladeshi,18-22,C_counterfactual,0,3.5,3.7,2,"James K., 28, Full-time",A,True,A,True,True,4,15560
P0175,Tanzia Akter,Bangladeshi,18-22,C_counterfactual,0,3.5,3.7,3,"Priya R., 41, Self-employed",D,False,A,False,True,3,21711
P0175,Tanzia Akter,Bangladeshi,18-22,C_counterfactual,0,3.5,3.7,4,"Marcus T., 55, Part-time",D,True,A,False,False,3,25978
P0175,Tanzia Akter,Bangladeshi,18-22,C_counterfactual,0,3.5,3.7,5,"Anika P., 29, Full-time",D,True,D,True,True,5,17398
P0175,Tanzia Akter,Bangladeshi,18-22,C_counterfactual,0,3.5,3.7,6,"David H., 47, Full-time",A,True,A,True,True,5,18623
P0175,Tanzia Akter,Bangladeshi,18-22,C_counterfactual,0,3.5,3.7,7,"Fatima A., 33, Contract",D,False,A,False,True,3,26655
P0175,Tanzia Akter,Bangladeshi,18-22,C_counterfactual,0,3.5,3.7,8,"Tom B., 22, Full-time",D,True,D,True,True,3,16104
P0175,Tanzia Akter,Bangladeshi,18-22,C_counterfactual,0,3.5,3.7,9,"Olga S., 38, Full-time",A,True,A,True,True,3,15841
P0175,Tanzia Akter,Bangladeshi,18-22,C_counterfactual,0,3.5,3.7,10,"Chen W., 45, Part-time",A,False,D,False,True,5,25098
P0176,Hao Chen,Chinese,23-27,C_counterfactual,1,4.6,4.6,1,"Sarah M., 34, Part-time",D,True,D,True,True,5,17162
P0176,Hao Chen,Chinese,23-27,C_counterfactual,1,4.6,4.6,2,"James K., 28, Full-time",A,True,D,False,False,4,25134
P0176,Hao Chen,Chinese,23-27,C_counterfactual,1,4.6,4.6,3,"Priya R., 41, Self-employed",D,False,D,True,False,5,15592
P0176,Hao Chen,Chinese,23-27,C_counterfactual,1,4.6,4.6,4,"Marcus T., 55, Part-time",D,True,A,False,False,4,24940
P0176,Hao Chen,Chinese,23-27,C_counterfactual,1,4.6,4.6,5,"Anika P., 29, Full-time",D,True,D,True,True,5,15070
P0176,Hao Chen,Chinese,23-27,C_counterfactual,1,4.6,4.6,6,"David H., 47, Full-time",A,True,D,False,False,5,25514
P0176,Hao Chen,Chinese,23-27,C_counterfactual,1,4.6,4.6,7,"Fatima A., 33, Contract",D,False,A,False,True,2,23504
P0176,Hao Chen,Chinese,23-27,C_counterfactual,1,4.6,4.6,8,"Tom B., 22, Full-time",D,True,D,True,True,3,21119
P0176,Hao Chen,Chinese,23-27,C_counterfactual,1,4.6,4.6,9,"Olga S., 38, Full-time",A,True,A,True,True,4,10605
P0176,Hao Chen,Chinese,23-27,C_counterfactual,1,4.6,4.6,10,"Chen W., 45, Part-time",A,False,D,False,True,2,19903
P0177,Lei Song,Chinese,18-22,B_surface,1,3.4,5.0,1,"Sarah M., 34, Part-time",D,True,D,True,True,4,19573
P0177,Lei Song,Chinese,18-22,B_surface,1,3.4,5.0,2,"James K., 28, Full-time",A,True,D,False,False,2,23221
P0177,Lei Song,Chinese,18-22,B_surface,1,3.4,5.0,3,"Priya R., 41, Self-employed",D,False,D,True,False,4,6309
P0177,Lei Song,Chinese,18-22,B_surface,1,3.4,5.0,4,"Marcus T., 55, Part-time",D,True,A,False,False,2,26056
P0177,Lei Song,Chinese,18-22,B_surface,1,3.4,5.0,5,"Anika P., 29, Full-time",D,True,A,False,False,4,17628
P0177,Lei Song,Chinese,18-22,B_surface,1,3.4,5.0,6,"David H., 47, Full-time",A,True,A,True,True,4,12632
P0177,Lei Song,Chinese,18-22,B_surface,1,3.4,5.0,7,"Fatima A., 33, Contract",D,False,D,True,False,3,20315
P0177,Lei Song,Chinese,18-22,B_surface,1,3.4,5.0,8,"Tom B., 22, Full-time",D,True,A,False,False,3,20679
P0177,Lei Song,Chinese,18-22,B_surface,1,3.4,5.0,9,"Olga S., 38, Full-time",A,True,D,False,False,4,20656
P0177,Lei Song,Chinese,18-22,B_surface,1,3.4,5.0,10,"Chen W., 45, Part-time",A,False,A,True,False,4,12125
P0178,Vinod Pandey,Indian,18-22,A_no_explanation,0,3.3,4.2,1,"Sarah M., 34, Part-time",D,True,D,True,True,4,13142
P0178,Vinod Pandey,Indian,18-22,A_no_explanation,0,3.3,4.2,2,"James K., 28, Full-time",A,True,A,True,True,2,5752
P0178,Vinod Pandey,Indian,18-22,A_no_explanation,0,3.3,4.2,3,"Priya R., 41, Self-employed",D,False,A,False,True,4,23992
P0178,Vinod Pandey,Indian,18-22,A_no_explanation,0,3.3,4.2,4,"Marcus T., 55, Part-time",D,True,D,True,True,4,6533
P0178,Vinod Pandey,Indian,18-22,A_no_explanation,0,3.3,4.2,5,"Anika P., 29, Full-time",D,True,D,True,True,2,14089
P0178,Vinod Pandey,Indian,18-22,A_no_explanation,0,3.3,4.2,6,"David H., 47, Full-time",A,True,D,False,False,2,15161
P0178,Vinod Pandey,Indian,18-22,A_no_explanation,0,3.3,4.2,7,"Fatima A., 33, Contract",D,False,D,True,False,2,9368
P0178,Vinod Pandey,Indian,18-22,A_no_explanation,0,3.3,4.2,8,"Tom B., 22, Full-time",D,True,D,True,True,4,13187
P0178,Vinod Pandey,Indian,18-22,A_no_explanation,0,3.3,4.2,9,"Olga S., 38, Full-time",A,True,A,True,True,3,8330
P0178,Vinod Pandey,Indian,18-22,A_no_explanation,0,3.3,4.2,10,"Chen W., 45, Part-time",A,False,A,True,False,2,12657
P0179,Kwame Asante,Other,33-40,B_surface,2,4.5,3.7,1,"Sarah M., 34, Part-time",D,True,A,False,False,2,24758
P0179,Kwame Asante,Other,33-40,B_surface,2,4.5,3.7,2,"James K., 28, Full-time",A,True,A,True,True,3,9702
P0179,Kwame Asante,Other,33-40,B_surface,2,4.5,3.7,3,"Priya R., 41, Self-employed",D,False,A,False,True,3,21429
P0179,Kwame Asante,Other,33-40,B_surface,2,4.5,3.7,4,"Marcus T., 55, Part-time",D,True,A,False,False,2,23895
P0179,Kwame Asante,Other,33-40,B_surface,2,4.5,3.7,5,"Anika P., 29, Full-time",D,True,A,False,False,2,17258
P0179,Kwame Asante,Other,33-40,B_surface,2,4.5,3.7,6,"David H., 47, Full-time",A,True,D,False,False,3,19089
P0179,Kwame Asante,Other,33-40,B_surface,2,4.5,3.7,7,"Fatima A., 33, Contract",D,False,D,True,False,4,10586
P0179,Kwame Asante,Other,33-40,B_surface,2,4.5,3.7,8,"Tom B., 22, Full-time",D,True,D,True,True,2,13546
P0179,Kwame Asante,Other,33-40,B_surface,2,4.5,3.7,9,"Olga S., 38, Full-time",A,True,A,True,True,3,14795
P0179,Kwame Asante,Other,33-40,B_surface,2,4.5,3.7,10,"Chen W., 45, Part-time",A,False,D,False,True,3,21593
P0180,Shahidul Islam,Bangladeshi,23-27,A_no_explanation,3,3.2,4.1,1,"Sarah M., 34, Part-time",D,True,A,False,False,3,21710
P0180,Shahidul Islam,Bangladeshi,23-27,A_no_explanation,3,3.2,4.1,2,"James K., 28, Full-time",A,True,D,False,False,3,19300
P0180,Shahidul Islam,Bangladeshi,23-27,A_no_explanation,3,3.2,4.1,3,"Priya R., 41, Self-employed",D,False,D,True,False,4,7217
P0180,Shahidul Islam,Bangladeshi,23-27,A_no_explanation,3,3.2,4.1,4,"Marcus T., 55, Part-time",D,True,D,True,True,2,18073
P0180,Shahidul Islam,Bangladeshi,23-27,A_no_explanation,3,3.2,4.1,5,"Anika P., 29, Full-time",D,True,D,True,True,2,14483
P0180,Shahidul Islam,Bangladeshi,23-27,A_no_explanation,3,3.2,4.1,6,"David H., 47, Full-time",A,True,A,True,True,4,17894
P0180,Shahidul Islam,Bangladeshi,23-27,A_no_explanation,3,3.2,4.1,7,"Fatima A., 33, Contract",D,False,A,False,True,4,17969
P0180,Shahidul Islam,Bangladeshi,23-27,A_no_explanation,3,3.2,4.1,8,"Tom B., 22, Full-time",D,True,D,True,True,2,3576
P0180,Shahidul Islam,Bangladeshi,23-27,A_no_explanation,3,3.2,4.1,9,"Olga S., 38, Full-time",A,True,A,True,True,3,13884
P0180,Shahidul Islam,Bangladeshi,23-27,A_no_explanation,3,3.2,4.1,10,"Chen W., 45, Part-time",A,False,A,True,False,3,12638
P0181,Mahmudul Hasan,Bangladeshi,28-32,B_surface,3,3.2,4.3,1,"Sarah M., 34, Part-time",D,True,D,True,True,4,15839
P0181,Mahmudul Hasan,Bangladeshi,28-32,B_surface,3,3.2,4.3,2,"James K., 28, Full-time",A,True,D,False,False,3,16015
P0181,Mahmudul Hasan,Bangladeshi,28-32,B_surface,3,3.2,4.3,3,"Priya R., 41, Self-employed",D,False,A,False,True,4,20812
P0181,Mahmudul Hasan,Bangladeshi,28-32,B_surface,3,3.2,4.3,4,"Marcus T., 55, Part-time",D,True,D,True,True,3,14935
P0181,Mahmudul Hasan,Bangladeshi,28-32,B_surface,3,3.2,4.3,5,"Anika P., 29, Full-time",D,True,A,False,False,3,21450
P0181,Mahmudul Hasan,Bangladeshi,28-32,B_surface,3,3.2,4.3,6,"David H., 47, Full-time",A,True,D,False,False,3,19644
P0181,Mahmudul Hasan,Bangladeshi,28-32,B_surface,3,3.2,4.3,7,"Fatima A., 33, Contract",D,False,D,True,False,4,10179
P0181,Mahmudul Hasan,Bangladeshi,28-32,B_surface,3,3.2,4.3,8,"Tom B., 22, Full-time",D,True,D,True,True,1,11658
P0181,Mahmudul Hasan,Bangladeshi,28-32,B_surface,3,3.2,4.3,9,"Olga S., 38, Full-time",A,True,A,True,True,4,11766
P0181,Mahmudul Hasan,Bangladeshi,28-32,B_surface,3,3.2,4.3,10,"Chen W., 45, Part-time",A,False,A,True,False,4,5139
P0182,Nurul Huda,Bangladeshi,18-22,B_surface,1,3.0,2.4,1,"Sarah M., 34, Part-time",D,True,D,True,True,1,13197
P0182,Nurul Huda,Bangladeshi,18-22,B_surface,1,3.0,2.4,2,"James K., 28, Full-time",A,True,D,False,False,3,20441
P0182,Nurul Huda,Bangladeshi,18-22,B_surface,1,3.0,2.4,3,"Priya R., 41, Self-employed",D,False,D,True,False,4,13255
P0182,Nurul Huda,Bangladeshi,18-22,B_surface,1,3.0,2.4,4,"Marcus T., 55, Part-time",D,True,A,False,False,3,20640
P0182,Nurul Huda,Bangladeshi,18-22,B_surface,1,3.0,2.4,5,"Anika P., 29, Full-time",D,True,D,True,True,3,14514
P0182,Nurul Huda,Bangladeshi,18-22,B_surface,1,3.0,2.4,6,"David H., 47, Full-time",A,True,D,False,False,3,19878
P0182,Nurul Huda,Bangladeshi,18-22,B_surface,1,3.0,2.4,7,"Fatima A., 33, Contract",D,False,D,True,False,4,12770
P0182,Nurul Huda,Bangladeshi,18-22,B_surface,1,3.0,2.4,8,"Tom B., 22, Full-time",D,True,A,False,False,2,21163
P0182,Nurul Huda,Bangladeshi,18-22,B_surface,1,3.0,2.4,9,"Olga S., 38, Full-time",A,True,A,True,True,3,9540
P0182,Nurul Huda,Bangladeshi,18-22,B_surface,1,3.0,2.4,10,"Chen W., 45, Part-time",A,False,A,True,False,4,8392
P0183,Nasima Begum,Bangladeshi,18-22,C_counterfactual,1,3.4,1.6,1,"Sarah M., 34, Part-time",D,True,A,False,False,3,24173
P0183,Nasima Begum,Bangladeshi,18-22,C_counterfactual,1,3.4,1.6,2,"James K., 28, Full-time",A,True,A,True,True,3,14841
P0183,Nasima Begum,Bangladeshi,18-22,C_counterfactual,1,3.4,1.6,3,"Priya R., 41, Self-employed",D,False,D,True,False,4,14040
P0183,Nasima Begum,Bangladeshi,18-22,C_counterfactual,1,3.4,1.6,4,"Marcus T., 55, Part-time",D,True,D,True,True,2,14943
P0183,Nasima Begum,Bangladeshi,18-22,C_counterfactual,1,3.4,1.6,5,"Anika P., 29, Full-time",D,True,A,False,False,4,20500
P0183,Nasima Begum,Bangladeshi,18-22,C_counterfactual,1,3.4,1.6,6,"David H., 47, Full-time",A,True,A,True,True,4,12057
P0183,Nasima Begum,Bangladeshi,18-22,C_counterfactual,1,3.4,1.6,7,"Fatima A., 33, Contract",D,False,A,False,True,2,25447
P0183,Nasima Begum,Bangladeshi,18-22,C_counterfactual,1,3.4,1.6,8,"Tom B., 22, Full-time",D,True,D,True,True,4,13496
P0183,Nasima Begum,Bangladeshi,18-22,C_counterfactual,1,3.4,1.6,9,"Olga S., 38, Full-time",A,True,A,True,True,4,16133
P0183,Nasima Begum,Bangladeshi,18-22,C_counterfactual,1,3.4,1.6,10,"Chen W., 45, Part-time",A,False,D,False,True,4,26537
P0184,Bilal Ahmed,Pakistani,18-22,A_no_explanation,2,2.6,3.7,1,"Sarah M., 34, Part-time",D,True,A,False,False,3,24767
P0184,Bilal Ahmed,Pakistani,18-22,A_no_explanation,2,2.6,3.7,2,"James K., 28, Full-time",A,True,A,True,True,4,10503
P0184,Bilal Ahmed,Pakistani,18-22,A_no_explanation,2,2.6,3.7,3,"Priya R., 41, Self-employed",D,False,D,True,False,3,12478
P0184,Bilal Ahmed,Pakistani,18-22,A_no_explanation,2,2.6,3.7,4,"Marcus T., 55, Part-time",D,True,A,False,False,1,22764
P0184,Bilal Ahmed,Pakistani,18-22,A_no_explanation,2,2.6,3.7,5,"Anika P., 29, Full-time",D,True,A,False,False,2,22230
P0184,Bilal Ahmed,Pakistani,18-22,A_no_explanation,2,2.6,3.7,6,"David H., 47, Full-time",A,True,D,False,False,3,13433
P0184,Bilal Ahmed,Pakistani,18-22,A_no_explanation,2,2.6,3.7,7,"Fatima A., 33, Contract",D,False,D,True,False,3,8670
P0184,Bilal Ahmed,Pakistani,18-22,A_no_explanation,2,2.6,3.7,8,"Tom B., 22, Full-time",D,True,D,True,True,3,13592
P0184,Bilal Ahmed,Pakistani,18-22,A_no_explanation,2,2.6,3.7,9,"Olga S., 38, Full-time",A,True,A,True,True,4,8368
P0184,Bilal Ahmed,Pakistani,18-22,A_no_explanation,2,2.6,3.7,10,"Chen W., 45, Part-time",A,False,A,True,False,3,9141
P0185,Maria Garcia,Other,23-27,B_surface,1,3.9,3.1,1,"Sarah M., 34, Part-time",D,True,A,False,False,4,28295
P0185,Maria Garcia,Other,23-27,B_surface,1,3.9,3.1,2,"James K., 28, Full-time",A,True,D,False,False,3,24605
P0185,Maria Garcia,Other,23-27,B_surface,1,3.9,3.1,3,"Priya R., 41, Self-employed",D,False,A,False,True,2,25638
P0185,Maria Garcia,Other,23-27,B_surface,1,3.9,3.1,4,"Marcus T., 55, Part-time",D,True,A,False,False,2,22910
P0185,Maria Garcia,Other,23-27,B_surface,1,3.9,3.1,5,"Anika P., 29, Full-time",D,True,D,True,True,3,18267
P0185,Maria Garcia,Other,23-27,B_surface,1,3.9,3.1,6,"David H., 47, Full-time",A,True,D,False,False,2,12798
P0185,Maria Garcia,Other,23-27,B_surface,1,3.9,3.1,7,"Fatima A., 33, Contract",D,False,D,True,False,4,15894
P0185,Maria Garcia,Other,23-27,B_surface,1,3.9,3.1,8,"Tom B., 22, Full-time",D,True,A,False,False,1,15111
P0185,Maria Garcia,Other,23-27,B_surface,1,3.9,3.1,9,"Olga S., 38, Full-time",A,True,A,True,True,4,16662
P0185,Maria Garcia,Other,23-27,B_surface,1,3.9,3.1,10,"Chen W., 45, Part-time",A,False,A,True,False,3,16459
P0186,Sadia Islam,Bangladeshi,33-40,C_counterfactual,0,1.9,3.7,1,"Sarah M., 34, Part-time",D,True,D,True,True,3,20145
P0186,Sadia Islam,Bangladeshi,33-40,C_counterfactual,0,1.9,3.7,2,"James K., 28, Full-time",A,True,D,False,False,4,19391
P0186,Sadia Islam,Bangladeshi,33-40,C_counterfactual,0,1.9,3.7,3,"Priya R., 41, Self-employed",D,False,A,False,True,2,19811
P0186,Sadia Islam,Bangladeshi,33-40,C_counterfactual,0,1.9,3.7,4,"Marcus T., 55, Part-time",D,True,A,False,False,3,25357
P0186,Sadia Islam,Bangladeshi,33-40,C_counterfactual,0,1.9,3.7,5,"Anika P., 29, Full-time",D,True,D,True,True,4,12494
P0186,Sadia Islam,Bangladeshi,33-40,C_counterfactual,0,1.9,3.7,6,"David H., 47, Full-time",A,True,D,False,False,3,23390
P0186,Sadia Islam,Bangladeshi,33-40,C_counterfactual,0,1.9,3.7,7,"Fatima A., 33, Contract",D,False,D,True,False,3,10718
P0186,Sadia Islam,Bangladeshi,33-40,C_counterfactual,0,1.9,3.7,8,"Tom B., 22, Full-time",D,True,D,True,True,3,12897
P0186,Sadia Islam,Bangladeshi,33-40,C_counterfactual,0,1.9,3.7,9,"Olga S., 38, Full-time",A,True,A,True,True,4,15161
P0186,Sadia Islam,Bangladeshi,33-40,C_counterfactual,0,1.9,3.7,10,"Chen W., 45, Part-time",A,False,A,True,False,2,15812
P0187,Azizul Haque,Bangladeshi,23-27,C_counterfactual,1,2.2,5.0,1,"Sarah M., 34, Part-time",D,True,A,False,False,3,28269
P0187,Azizul Haque,Bangladeshi,23-27,C_counterfactual,1,2.2,5.0,2,"James K., 28, Full-time",A,True,A,True,True,2,16507
P0187,Azizul Haque,Bangladeshi,23-27,C_counterfactual,1,2.2,5.0,3,"Priya R., 41, Self-employed",D,False,A,False,True,2,26569
P0187,Azizul Haque,Bangladeshi,23-27,C_counterfactual,1,2.2,5.0,4,"Marcus T., 55, Part-time",D,True,A,False,False,4,27567
P0187,Azizul Haque,Bangladeshi,23-27,C_counterfactual,1,2.2,5.0,5,"Anika P., 29, Full-time",D,True,A,False,False,2,18851
P0187,Azizul Haque,Bangladeshi,23-27,C_counterfactual,1,2.2,5.0,6,"David H., 47, Full-time",A,True,A,True,True,3,18314
P0187,Azizul Haque,Bangladeshi,23-27,C_counterfactual,1,2.2,5.0,7,"Fatima A., 33, Contract",D,False,A,False,True,3,21679
P0187,Azizul Haque,Bangladeshi,23-27,C_counterfactual,1,2.2,5.0,8,"Tom B., 22, Full-time",D,True,D,True,True,5,16663
P0187,Azizul Haque,Bangladeshi,23-27,C_counterfactual,1,2.2,5.0,9,"Olga S., 38, Full-time",A,True,A,True,True,4,19060
P0187,Azizul Haque,Bangladeshi,23-27,C_counterfactual,1,2.2,5.0,10,"Chen W., 45, Part-time",A,False,D,False,True,1,18930
P0188,Fariha Islam,Bangladeshi,23-27,B_surface,0,3.0,4.0,1,"Sarah M., 34, Part-time",D,True,D,True,True,4,17267
P0188,Fariha Islam,Bangladeshi,23-27,B_surface,0,3.0,4.0,2,"James K., 28, Full-time",A,True,D,False,False,2,15726
P0188,Fariha Islam,Bangladeshi,23-27,B_surface,0,3.0,4.0,3,"Priya R., 41, Self-employed",D,False,A,False,True,2,20217
P0188,Fariha Islam,Bangladeshi,23-27,B_surface,0,3.0,4.0,4,"Marcus T., 55, Part-time",D,True,A,False,False,2,20253
P0188,Fariha Islam,Bangladeshi,23-27,B_surface,0,3.0,4.0,5,"Anika P., 29, Full-time",D,True,D,True,True,2,12561
P0188,Fariha Islam,Bangladeshi,23-27,B_surface,0,3.0,4.0,6,"David H., 47, Full-time",A,True,A,True,True,4,15938
P0188,Fariha Islam,Bangladeshi,23-27,B_surface,0,3.0,4.0,7,"Fatima A., 33, Contract",D,False,D,True,False,3,12831
P0188,Fariha Islam,Bangladeshi,23-27,B_surface,0,3.0,4.0,8,"Tom B., 22, Full-time",D,True,D,True,True,3,17490
P0188,Fariha Islam,Bangladeshi,23-27,B_surface,0,3.0,4.0,9,"Olga S., 38, Full-time",A,True,A,True,True,3,12922
P0188,Fariha Islam,Bangladeshi,23-27,B_surface,0,3.0,4.0,10,"Chen W., 45, Part-time",A,False,D,False,True,3,22921
P0189,Sofia Rossi,Other,23-27,B_surface,3,4.8,3.3,1,"Sarah M., 34, Part-time",D,True,D,True,True,3,16686
P0189,Sofia Rossi,Other,23-27,B_surface,3,4.8,3.3,2,"James K., 28, Full-time",A,True,A,True,True,3,15199
P0189,Sofia Rossi,Other,23-27,B_surface,3,4.8,3.3,3,"Priya R., 41, Self-employed",D,False,A,False,True,3,19413
P0189,Sofia Rossi,Other,23-27,B_surface,3,4.8,3.3,4,"Marcus T., 55, Part-time",D,True,A,False,False,2,18324
P0189,Sofia Rossi,Other,23-27,B_surface,3,4.8,3.3,5,"Anika P., 29, Full-time",D,True,A,False,False,4,16799
P0189,Sofia Rossi,Other,23-27,B_surface,3,4.8,3.3,6,"David H., 47, Full-time",A,True,A,True,True,4,14584
P0189,Sofia Rossi,Other,23-27,B_surface,3,4.8,3.3,7,"Fatima A., 33, Contract",D,False,A,False,True,2,26477
P0189,Sofia Rossi,Other,23-27,B_surface,3,4.8,3.3,8,"Tom B., 22, Full-time",D,True,D,True,True,4,16032
P0189,Sofia Rossi,Other,23-27,B_surface,3,4.8,3.3,9,"Olga S., 38, Full-time",A,True,A,True,True,3,10566
P0189,Sofia Rossi,Other,23-27,B_surface,3,4.8,3.3,10,"Chen W., 45, Part-time",A,False,A,True,False,3,12677
P0190,Emma Campbell,British,28-32,B_surface,3,3.2,2.7,1,"Sarah M., 34, Part-time",D,True,D,True,True,3,16194
P0190,Emma Campbell,British,28-32,B_surface,3,3.2,2.7,2,"James K., 28, Full-time",A,True,D,False,False,3,23790
P0190,Emma Campbell,British,28-32,B_surface,3,3.2,2.7,3,"Priya R., 41, Self-employed",D,False,A,False,True,3,19426
P0190,Emma Campbell,British,28-32,B_surface,3,3.2,2.7,4,"Marcus T., 55, Part-time",D,True,D,True,True,4,17177
P0190,Emma Campbell,British,28-32,B_surface,3,3.2,2.7,5,"Anika P., 29, Full-time",D,True,D,True,True,3,16499
P0190,Emma Campbell,British,28-32,B_surface,3,3.2,2.7,6,"David H., 47, Full-time",A,True,A,True,True,4,12724
P0190,Emma Campbell,British,28-32,B_surface,3,3.2,2.7,7,"Fatima A., 33, Contract",D,False,D,True,False,4,10821
P0190,Emma Campbell,British,28-32,B_surface,3,3.2,2.7,8,"Tom B., 22, Full-time",D,True,A,False,False,2,25489
P0190,Emma Campbell,British,28-32,B_surface,3,3.2,2.7,9,"Olga S., 38, Full-time",A,True,D,False,False,4,19769
P0190,Emma Campbell,British,28-32,B_surface,3,3.2,2.7,10,"Chen W., 45, Part-time",A,False,A,True,False,2,13301
P0191,Ming Liu,Chinese,33-40,B_surface,2,4.0,4.4,1,"Sarah M., 34, Part-time",D,True,D,True,True,4,17394
P0191,Ming Liu,Chinese,33-40,B_surface,2,4.0,4.4,2,"James K., 28, Full-time",A,True,A,True,True,4,13740
P0191,Ming Liu,Chinese,33-40,B_surface,2,4.0,4.4,3,"Priya R., 41, Self-employed",D,False,D,True,False,3,15363
P0191,Ming Liu,Chinese,33-40,B_surface,2,4.0,4.4,4,"Marcus T., 55, Part-time",D,True,A,False,False,4,23691
P0191,Ming Liu,Chinese,33-40,B_surface,2,4.0,4.4,5,"Anika P., 29, Full-time",D,True,D,True,True,2,16727
P0191,Ming Liu,Chinese,33-40,B_surface,2,4.0,4.4,6,"David H., 47, Full-time",A,True,A,True,True,3,10512
P0191,Ming Liu,Chinese,33-40,B_surface,2,4.0,4.4,7,"Fatima A., 33, Contract",D,False,A,False,True,2,20575
P0191,Ming Liu,Chinese,33-40,B_surface,2,4.0,4.4,8,"Tom B., 22, Full-time",D,True,A,False,False,3,23742
P0191,Ming Liu,Chinese,33-40,B_surface,2,4.0,4.4,9,"Olga S., 38, Full-time",A,True,D,False,False,4,21101
P0191,Ming Liu,Chinese,33-40,B_surface,2,4.0,4.4,10,"Chen W., 45, Part-time",A,False,D,False,True,3,18412
P0192,Alauddin Ahmed,Bangladeshi,18-22,C_counterfactual,0,1.3,2.1,1,"Sarah M., 34, Part-time",D,True,D,True,True,5,24156
P0192,Alauddin Ahmed,Bangladeshi,18-22,C_counterfactual,0,1.3,2.1,2,"James K., 28, Full-time",A,True,A,True,True,5,15005
P0192,Alauddin Ahmed,Bangladeshi,18-22,C_counterfactual,0,1.3,2.1,3,"Priya R., 41, Self-employed",D,False,A,False,True,2,19383
P0192,Alauddin Ahmed,Bangladeshi,18-22,C_counterfactual,0,1.3,2.1,4,"Marcus T., 55, Part-time",D,True,D,True,True,4,19707
P0192,Alauddin Ahmed,Bangladeshi,18-22,C_counterfactual,0,1.3,2.1,5,"Anika P., 29, Full-time",D,True,D,True,True,4,16614
P0192,Alauddin Ahmed,Bangladeshi,18-22,C_counterfactual,0,1.3,2.1,6,"David H., 47, Full-time",A,True,A,True,True,3,15985
P0192,Alauddin Ahmed,Bangladeshi,18-22,C_counterfactual,0,1.3,2.1,7,"Fatima A., 33, Contract",D,False,D,True,False,4,18472
P0192,Alauddin Ahmed,Bangladeshi,18-22,C_counterfactual,0,1.3,2.1,8,"Tom B., 22, Full-time",D,True,D,True,True,3,12216
P0192,Alauddin Ahmed,Bangladeshi,18-22,C_counterfactual,0,1.3,2.1,9,"Olga S., 38, Full-time",A,True,A,True,True,4,16975
P0192,Alauddin Ahmed,Bangladeshi,18-22,C_counterfactual,0,1.3,2.1,10,"Chen W., 45, Part-time",A,False,D,False,True,3,18183
P0193,Milon Hossain,Bangladeshi,33-40,B_surface,1,3.4,3.1,1,"Sarah M., 34, Part-time",D,True,A,False,False,2,21157
P0193,Milon Hossain,Bangladeshi,33-40,B_surface,1,3.4,3.1,2,"James K., 28, Full-time",A,True,A,True,True,4,13663
P0193,Milon Hossain,Bangladeshi,33-40,B_surface,1,3.4,3.1,3,"Priya R., 41, Self-employed",D,False,D,True,False,3,14305
P0193,Milon Hossain,Bangladeshi,33-40,B_surface,1,3.4,3.1,4,"Marcus T., 55, Part-time",D,True,A,False,False,2,21196
P0193,Milon Hossain,Bangladeshi,33-40,B_surface,1,3.4,3.1,5,"Anika P., 29, Full-time",D,True,D,True,True,3,19555
P0193,Milon Hossain,Bangladeshi,33-40,B_surface,1,3.4,3.1,6,"David H., 47, Full-time",A,True,D,False,False,1,23714
P0193,Milon Hossain,Bangladeshi,33-40,B_surface,1,3.4,3.1,7,"Fatima A., 33, Contract",D,False,A,False,True,3,24602
P0193,Milon Hossain,Bangladeshi,33-40,B_surface,1,3.4,3.1,8,"Tom B., 22, Full-time",D,True,D,True,True,3,9560
P0193,Milon Hossain,Bangladeshi,33-40,B_surface,1,3.4,3.1,9,"Olga S., 38, Full-time",A,True,A,True,True,4,12387
P0193,Milon Hossain,Bangladeshi,33-40,B_surface,1,3.4,3.1,10,"Chen W., 45, Part-time",A,False,A,True,False,3,13260
P0194,Poly Akter,Bangladeshi,28-32,A_no_explanation,1,3.2,2.8,1,"Sarah M., 34, Part-time",D,True,D,True,True,3,16875
P0194,Poly Akter,Bangladeshi,28-32,A_no_explanation,1,3.2,2.8,2,"James K., 28, Full-time",A,True,A,True,True,4,16981
P0194,Poly Akter,Bangladeshi,28-32,A_no_explanation,1,3.2,2.8,3,"Priya R., 41, Self-employed",D,False,A,False,True,2,20064
P0194,Poly Akter,Bangladeshi,28-32,A_no_explanation,1,3.2,2.8,4,"Marcus T., 55, Part-time",D,True,D,True,True,2,11704
P0194,Poly Akter,Bangladeshi,28-32,A_no_explanation,1,3.2,2.8,5,"Anika P., 29, Full-time",D,True,D,True,True,3,15986
P0194,Poly Akter,Bangladeshi,28-32,A_no_explanation,1,3.2,2.8,6,"David H., 47, Full-time",A,True,A,True,True,3,10556
P0194,Poly Akter,Bangladeshi,28-32,A_no_explanation,1,3.2,2.8,7,"Fatima A., 33, Contract",D,False,A,False,True,5,15079
P0194,Poly Akter,Bangladeshi,28-32,A_no_explanation,1,3.2,2.8,8,"Tom B., 22, Full-time",D,True,D,True,True,4,13021
P0194,Poly Akter,Bangladeshi,28-32,A_no_explanation,1,3.2,2.8,9,"Olga S., 38, Full-time",A,True,A,True,True,3,15013
P0194,Poly Akter,Bangladeshi,28-32,A_no_explanation,1,3.2,2.8,10,"Chen W., 45, Part-time",A,False,D,False,True,3,18752
P0195,Amirah Hamdan,Malaysian,33-40,C_counterfactual,2,3.1,4.0,1,"Sarah M., 34, Part-time",D,True,D,True,True,3,16291
P0195,Amirah Hamdan,Malaysian,33-40,C_counterfactual,2,3.1,4.0,2,"James K., 28, Full-time",A,True,A,True,True,3,14394
P0195,Amirah Hamdan,Malaysian,33-40,C_counterfactual,2,3.1,4.0,3,"Priya R., 41, Self-employed",D,False,A,False,True,4,24370
P0195,Amirah Hamdan,Malaysian,33-40,C_counterfactual,2,3.1,4.0,4,"Marcus T., 55, Part-time",D,True,A,False,False,4,19488
P0195,Amirah Hamdan,Malaysian,33-40,C_counterfactual,2,3.1,4.0,5,"Anika P., 29, Full-time",D,True,D,True,True,4,21253
P0195,Amirah Hamdan,Malaysian,33-40,C_counterfactual,2,3.1,4.0,6,"David H., 47, Full-time",A,True,D,False,False,3,18301
P0195,Amirah Hamdan,Malaysian,33-40,C_counterfactual,2,3.1,4.0,7,"Fatima A., 33, Contract",D,False,A,False,True,3,24582
P0195,Amirah Hamdan,Malaysian,33-40,C_counterfactual,2,3.1,4.0,8,"Tom B., 22, Full-time",D,True,A,False,False,3,23443
P0195,Amirah Hamdan,Malaysian,33-40,C_counterfactual,2,3.1,4.0,9,"Olga S., 38, Full-time",A,True,A,True,True,4,18371
P0195,Amirah Hamdan,Malaysian,33-40,C_counterfactual,2,3.1,4.0,10,"Chen W., 45, Part-time",A,False,A,True,False,2,14958
P0196,Salman Hossain,Bangladeshi,23-27,B_surface,0,2.7,3.4,1,"Sarah M., 34, Part-time",D,True,A,False,False,3,28459
P0196,Salman Hossain,Bangladeshi,23-27,B_surface,0,2.7,3.4,2,"James K., 28, Full-time",A,True,A,True,True,2,10433
P0196,Salman Hossain,Bangladeshi,23-27,B_surface,0,2.7,3.4,3,"Priya R., 41, Self-employed",D,False,D,True,False,4,10110
P0196,Salman Hossain,Bangladeshi,23-27,B_surface,0,2.7,3.4,4,"Marcus T., 55, Part-time",D,True,A,False,False,4,17235
P0196,Salman Hossain,Bangladeshi,23-27,B_surface,0,2.7,3.4,5,"Anika P., 29, Full-time",D,True,A,False,False,2,17295
P0196,Salman Hossain,Bangladeshi,23-27,B_surface,0,2.7,3.4,6,"David H., 47, Full-time",A,True,A,True,True,4,15218
P0196,Salman Hossain,Bangladeshi,23-27,B_surface,0,2.7,3.4,7,"Fatima A., 33, Contract",D,False,A,False,True,2,20411
P0196,Salman Hossain,Bangladeshi,23-27,B_surface,0,2.7,3.4,8,"Tom B., 22, Full-time",D,True,D,True,True,4,15181
P0196,Salman Hossain,Bangladeshi,23-27,B_surface,0,2.7,3.4,9,"Olga S., 38, Full-time",A,True,D,False,False,4,20772
P0196,Salman Hossain,Bangladeshi,23-27,B_surface,0,2.7,3.4,10,"Chen W., 45, Part-time",A,False,D,False,True,4,24631
P0197,Sabbir Rahman,Bangladeshi,18-22,A_no_explanation,1,2.1,2.7,1,"Sarah M., 34, Part-time",D,True,A,False,False,3,15377
P0197,Sabbir Rahman,Bangladeshi,18-22,A_no_explanation,1,2.1,2.7,2,"James K., 28, Full-time",A,True,A,True,True,3,15947
P0197,Sabbir Rahman,Bangladeshi,18-22,A_no_explanation,1,2.1,2.7,3,"Priya R., 41, Self-employed",D,False,A,False,True,3,16275
P0197,Sabbir Rahman,Bangladeshi,18-22,A_no_explanation,1,2.1,2.7,4,"Marcus T., 55, Part-time",D,True,D,True,True,4,10649
P0197,Sabbir Rahman,Bangladeshi,18-22,A_no_explanation,1,2.1,2.7,5,"Anika P., 29, Full-time",D,True,A,False,False,4,22356
P0197,Sabbir Rahman,Bangladeshi,18-22,A_no_explanation,1,2.1,2.7,6,"David H., 47, Full-time",A,True,A,True,True,4,11568
P0197,Sabbir Rahman,Bangladeshi,18-22,A_no_explanation,1,2.1,2.7,7,"Fatima A., 33, Contract",D,False,D,True,False,3,9912
P0197,Sabbir Rahman,Bangladeshi,18-22,A_no_explanation,1,2.1,2.7,8,"Tom B., 22, Full-time",D,True,A,False,False,2,19169
P0197,Sabbir Rahman,Bangladeshi,18-22,A_no_explanation,1,2.1,2.7,9,"Olga S., 38, Full-time",A,True,A,True,True,2,16294
P0197,Sabbir Rahman,Bangladeshi,18-22,A_no_explanation,1,2.1,2.7,10,"Chen W., 45, Part-time",A,False,A,True,False,3,16609
P0198,Mehedi Hasan,Bangladeshi,23-27,A_no_explanation,2,2.6,2.8,1,"Sarah M., 34, Part-time",D,True,A,False,False,3,21831
P0198,Mehedi Hasan,Bangladeshi,23-27,A_no_explanation,2,2.6,2.8,2,"James K., 28, Full-time",A,True,A,True,True,3,10430
P0198,Mehedi Hasan,Bangladeshi,23-27,A_no_explanation,2,2.6,2.8,3,"Priya R., 41, Self-employed",D,False,A,False,True,3,19672
P0198,Mehedi Hasan,Bangladeshi,23-27,A_no_explanation,2,2.6,2.8,4,"Marcus T., 55, Part-time",D,True,D,True,True,3,12374
P0198,Mehedi Hasan,Bangladeshi,23-27,A_no_explanation,2,2.6,2.8,5,"Anika P., 29, Full-time",D,True,D,True,True,2,15540
P0198,Mehedi Hasan,Bangladeshi,23-27,A_no_explanation,2,2.6,2.8,6,"David H., 47, Full-time",A,True,D,False,False,4,18096
P0198,Mehedi Hasan,Bangladeshi,23-27,A_no_explanation,2,2.6,2.8,7,"Fatima A., 33, Contract",D,False,A,False,True,1,18430
P0198,Mehedi Hasan,Bangladeshi,23-27,A_no_explanation,2,2.6,2.8,8,"Tom B., 22, Full-time",D,True,D,True,True,4,16515
P0198,Mehedi Hasan,Bangladeshi,23-27,A_no_explanation,2,2.6,2.8,9,"Olga S., 38, Full-time",A,True,A,True,True,3,12971
P0198,Mehedi Hasan,Bangladeshi,23-27,A_no_explanation,2,2.6,2.8,10,"Chen W., 45, Part-time",A,False,A,True,False,4,12509
P0199,Bushra Islam,Bangladeshi,33-40,A_no_explanation,1,1.0,4.0,1,"Sarah M., 34, Part-time",D,True,A,False,False,4,22645
P0199,Bushra Islam,Bangladeshi,33-40,A_no_explanation,1,1.0,4.0,2,"James K., 28, Full-time",A,True,D,False,False,3,20979
P0199,Bushra Islam,Bangladeshi,33-40,A_no_explanation,1,1.0,4.0,3,"Priya R., 41, Self-employed",D,False,D,True,False,2,14520
P0199,Bushra Islam,Bangladeshi,33-40,A_no_explanation,1,1.0,4.0,4,"Marcus T., 55, Part-time",D,True,D,True,True,2,14085
P0199,Bushra Islam,Bangladeshi,33-40,A_no_explanation,1,1.0,4.0,5,"Anika P., 29, Full-time",D,True,A,False,False,3,17527
P0199,Bushra Islam,Bangladeshi,33-40,A_no_explanation,1,1.0,4.0,6,"David H., 47, Full-time",A,True,A,True,True,1,12771
P0199,Bushra Islam,Bangladeshi,33-40,A_no_explanation,1,1.0,4.0,7,"Fatima A., 33, Contract",D,False,D,True,False,4,20372
P0199,Bushra Islam,Bangladeshi,33-40,A_no_explanation,1,1.0,4.0,8,"Tom B., 22, Full-time",D,True,A,False,False,2,26361
P0199,Bushra Islam,Bangladeshi,33-40,A_no_explanation,1,1.0,4.0,9,"Olga S., 38, Full-time",A,True,D,False,False,4,22673
P0199,Bushra Islam,Bangladeshi,33-40,A_no_explanation,1,1.0,4.0,10,"Chen W., 45, Part-time",A,False,A,True,False,3,11523
P0200,Rima Akter,Bangladeshi,18-22,C_counterfactual,3,2.4,4.7,1,"Sarah M., 34, Part-time",D,True,D,True,True,2,17712
P0200,Rima Akter,Bangladeshi,18-22,C_counterfactual,3,2.4,4.7,2,"James K., 28, Full-time",A,True,D,False,False,2,26252
P0200,Rima Akter,Bangladeshi,18-22,C_counterfactual,3,2.4,4.7,3,"Priya R., 41, Self-employed",D,False,D,True,False,4,18220
P0200,Rima Akter,Bangladeshi,18-22,C_counterfactual,3,2.4,4.7,4,"Marcus T., 55, Part-time",D,True,A,False,False,2,24593
P0200,Rima Akter,Bangladeshi,18-22,C_counterfactual,3,2.4,4.7,5,"Anika P., 29, Full-time",D,True,A,False,False,3,22916
P0200,Rima Akter,Bangladeshi,18-22,C_counterfactual,3,2.4,4.7,6,"David H., 47, Full-time",A,True,A,True,True,4,15812
P0200,Rima Akter,Bangladeshi,18-22,C_counterfactual,3,2.4,4.7,7,"Fatima A., 33, Contract",D,False,A,False,True,4,23582
P0200,Rima Akter,Bangladeshi,18-22,C_counterfactual,3,2.4,4.7,8,"Tom B., 22, Full-time",D,True,D,True,True,3,9818
P0200,Rima Akter,Bangladeshi,18-22,C_counterfactual,3,2.4,4.7,9,"Olga S., 38, Full-time",A,True,A,True,True,3,10802
P0200,Rima Akter,Bangladeshi,18-22,C_counterfactual,3,2.4,4.7,10,"Chen W., 45, Part-time",A,False,D,False,True,4,21524
P0201,Momtaz Begum,Bangladeshi,18-22,A_no_explanation,2,1.8,2.4,1,"Sarah M., 34, Part-time",D,True,D,True,True,4,20880
P0201,Momtaz Begum,Bangladeshi,18-22,A_no_explanation,2,1.8,2.4,2,"James K., 28, Full-time",A,True,A,True,True,4,12797
P0201,Momtaz Begum,Bangladeshi,18-22,A_no_explanation,2,1.8,2.4,3,"Priya R., 41, Self-employed",D,False,A,False,True,3,22468
P0201,Momtaz Begum,Bangladeshi,18-22,A_no_explanation,2,1.8,2.4,4,"Marcus T., 55, Part-time",D,True,D,True,True,4,7304
P0201,Momtaz Begum,Bangladeshi,18-22,A_no_explanation,2,1.8,2.4,5,"Anika P., 29, Full-time",D,True,A,False,False,2,18140
P0201,Momtaz Begum,Bangladeshi,18-22,A_no_explanation,2,1.8,2.4,6,"David H., 47, Full-time",A,True,A,True,True,3,7257
P0201,Momtaz Begum,Bangladeshi,18-22,A_no_explanation,2,1.8,2.4,7,"Fatima A., 33, Contract",D,False,A,False,True,2,16315
P0201,Momtaz Begum,Bangladeshi,18-22,A_no_explanation,2,1.8,2.4,8,"Tom B., 22, Full-time",D,True,A,False,False,2,21053
P0201,Momtaz Begum,Bangladeshi,18-22,A_no_explanation,2,1.8,2.4,9,"Olga S., 38, Full-time",A,True,A,True,True,3,15730
P0201,Momtaz Begum,Bangladeshi,18-22,A_no_explanation,2,1.8,2.4,10,"Chen W., 45, Part-time",A,False,D,False,True,3,21703
P0202,Asad Mirza,Pakistani,18-22,A_no_explanation,0,4.0,2.7,1,"Sarah M., 34, Part-time",D,True,A,False,False,3,21673
P0202,Asad Mirza,Pakistani,18-22,A_no_explanation,0,4.0,2.7,2,"James K., 28, Full-time",A,True,D,False,False,3,14451
P0202,Asad Mirza,Pakistani,18-22,A_no_explanation,0,4.0,2.7,3,"Priya R., 41, Self-employed",D,False,A,False,True,2,16535
P0202,Asad Mirza,Pakistani,18-22,A_no_explanation,0,4.0,2.7,4,"Marcus T., 55, Part-time",D,True,D,True,True,3,12523
P0202,Asad Mirza,Pakistani,18-22,A_no_explanation,0,4.0,2.7,5,"Anika P., 29, Full-time",D,True,D,True,True,4,15778
P0202,Asad Mirza,Pakistani,18-22,A_no_explanation,0,4.0,2.7,6,"David H., 47, Full-time",A,True,A,True,True,3,13857
P0202,Asad Mirza,Pakistani,18-22,A_no_explanation,0,4.0,2.7,7,"Fatima A., 33, Contract",D,False,A,False,True,3,12838
P0202,Asad Mirza,Pakistani,18-22,A_no_explanation,0,4.0,2.7,8,"Tom B., 22, Full-time",D,True,A,False,False,3,16229
P0202,Asad Mirza,Pakistani,18-22,A_no_explanation,0,4.0,2.7,9,"Olga S., 38, Full-time",A,True,A,True,True,3,9994
P0202,Asad Mirza,Pakistani,18-22,A_no_explanation,0,4.0,2.7,10,"Chen W., 45, Part-time",A,False,D,False,True,3,13202
P0203,Monir Hossain,Bangladeshi,41-50,C_counterfactual,3,2.0,3.7,1,"Sarah M., 34, Part-time",D,True,A,False,False,3,30959
P0203,Monir Hossain,Bangladeshi,41-50,C_counterfactual,3,2.0,3.7,2,"James K., 28, Full-time",A,True,A,True,True,4,16637
P0203,Monir Hossain,Bangladeshi,41-50,C_counterfactual,3,2.0,3.7,3,"Priya R., 41, Self-employed",D,False,D,True,False,3,10569
P0203,Monir Hossain,Bangladeshi,41-50,C_counterfactual,3,2.0,3.7,4,"Marcus T., 55, Part-time",D,True,D,True,True,3,15930
P0203,Monir Hossain,Bangladeshi,41-50,C_counterfactual,3,2.0,3.7,5,"Anika P., 29, Full-time",D,True,A,False,False,2,15895
P0203,Monir Hossain,Bangladeshi,41-50,C_counterfactual,3,2.0,3.7,6,"David H., 47, Full-time",A,True,A,True,True,3,18468
P0203,Monir Hossain,Bangladeshi,41-50,C_counterfactual,3,2.0,3.7,7,"Fatima A., 33, Contract",D,False,D,True,False,4,13827
P0203,Monir Hossain,Bangladeshi,41-50,C_counterfactual,3,2.0,3.7,8,"Tom B., 22, Full-time",D,True,D,True,True,3,15382
P0203,Monir Hossain,Bangladeshi,41-50,C_counterfactual,3,2.0,3.7,9,"Olga S., 38, Full-time",A,True,D,False,False,3,23411
P0203,Monir Hossain,Bangladeshi,41-50,C_counterfactual,3,2.0,3.7,10,"Chen W., 45, Part-time",A,False,A,True,False,4,14006
P0204,Faruk Hossain,Bangladeshi,23-27,B_surface,2,3.5,3.7,1,"Sarah M., 34, Part-time",D,True,D,True,True,2,12996
P0204,Faruk Hossain,Bangladeshi,23-27,B_surface,2,3.5,3.7,2,"James K., 28, Full-time",A,True,A,True,True,3,20644
P0204,Faruk Hossain,Bangladeshi,23-27,B_surface,2,3.5,3.7,3,"Priya R., 41, Self-employed",D,False,A,False,True,3,23497
P0204,Faruk Hossain,Bangladeshi,23-27,B_surface,2,3.5,3.7,4,"Marcus T., 55, Part-time",D,True,D,True,True,3,9915
P0204,Faruk Hossain,Bangladeshi,23-27,B_surface,2,3.5,3.7,5,"Anika P., 29, Full-time",D,True,D,True,True,4,8935
P0204,Faruk Hossain,Bangladeshi,23-27,B_surface,2,3.5,3.7,6,"David H., 47, Full-time",A,True,A,True,True,3,14632
P0204,Faruk Hossain,Bangladeshi,23-27,B_surface,2,3.5,3.7,7,"Fatima A., 33, Contract",D,False,D,True,False,3,7583
P0204,Faruk Hossain,Bangladeshi,23-27,B_surface,2,3.5,3.7,8,"Tom B., 22, Full-time",D,True,D,True,True,2,18719
P0204,Faruk Hossain,Bangladeshi,23-27,B_surface,2,3.5,3.7,9,"Olga S., 38, Full-time",A,True,D,False,False,3,18528
P0204,Faruk Hossain,Bangladeshi,23-27,B_surface,2,3.5,3.7,10,"Chen W., 45, Part-time",A,False,A,True,False,3,11022
P0205,Rumaisa Akter,Bangladeshi,23-27,C_counterfactual,1,3.9,4.3,1,"Sarah M., 34, Part-time",D,True,D,True,True,4,20602
P0205,Rumaisa Akter,Bangladeshi,23-27,C_counterfactual,1,3.9,4.3,2,"James K., 28, Full-time",A,True,A,True,True,4,12349
P0205,Rumaisa Akter,Bangladeshi,23-27,C_counterfactual,1,3.9,4.3,3,"Priya R., 41, Self-employed",D,False,D,True,False,3,17146
P0205,Rumaisa Akter,Bangladeshi,23-27,C_counterfactual,1,3.9,4.3,4,"Marcus T., 55, Part-time",D,True,A,False,False,2,29829
P0205,Rumaisa Akter,Bangladeshi,23-27,C_counterfactual,1,3.9,4.3,5,"Anika P., 29, Full-time",D,True,D,True,True,3,17230
P0205,Rumaisa Akter,Bangladeshi,23-27,C_counterfactual,1,3.9,4.3,6,"David H., 47, Full-time",A,True,D,False,False,3,21306
P0205,Rumaisa Akter,Bangladeshi,23-27,C_counterfactual,1,3.9,4.3,7,"Fatima A., 33, Contract",D,False,D,True,False,4,21651
P0205,Rumaisa Akter,Bangladeshi,23-27,C_counterfactual,1,3.9,4.3,8,"Tom B., 22, Full-time",D,True,A,False,False,3,26322
P0205,Rumaisa Akter,Bangladeshi,23-27,C_counterfactual,1,3.9,4.3,9,"Olga S., 38, Full-time",A,True,A,True,True,3,17982
P0205,Rumaisa Akter,Bangladeshi,23-27,C_counterfactual,1,3.9,4.3,10,"Chen W., 45, Part-time",A,False,D,False,True,3,15586
P0206,Uchenna Nnaji,Nigerian,41-50,B_surface,1,2.4,2.8,1,"Sarah M., 34, Part-time",D,True,A,False,False,4,31131
P0206,Uchenna Nnaji,Nigerian,41-50,B_surface,1,2.4,2.8,2,"James K., 28, Full-time",A,True,A,True,True,3,12257
P0206,Uchenna Nnaji,Nigerian,41-50,B_surface,1,2.4,2.8,3,"Priya R., 41, Self-employed",D,False,A,False,True,2,17556
P0206,Uchenna Nnaji,Nigerian,41-50,B_surface,1,2.4,2.8,4,"Marcus T., 55, Part-time",D,True,D,True,True,3,14275
P0206,Uchenna Nnaji,Nigerian,41-50,B_surface,1,2.4,2.8,5,"Anika P., 29, Full-time",D,True,A,False,False,2,24069
P0206,Uchenna Nnaji,Nigerian,41-50,B_surface,1,2.4,2.8,6,"David H., 47, Full-time",A,True,A,True,True,4,13220
P0206,Uchenna Nnaji,Nigerian,41-50,B_surface,1,2.4,2.8,7,"Fatima A., 33, Contract",D,False,A,False,True,1,17502
P0206,Uchenna Nnaji,Nigerian,41-50,B_surface,1,2.4,2.8,8,"Tom B., 22, Full-time",D,True,D,True,True,3,16812
P0206,Uchenna Nnaji,Nigerian,41-50,B_surface,1,2.4,2.8,9,"Olga S., 38, Full-time",A,True,A,True,True,2,10525
P0206,Uchenna Nnaji,Nigerian,41-50,B_surface,1,2.4,2.8,10,"Chen W., 45, Part-time",A,False,A,True,False,4,13937
P0207,Hassan Ali,Pakistani,28-32,C_counterfactual,1,2.1,4.2,1,"Sarah M., 34, Part-time",D,True,A,False,False,2,33109
P0207,Hassan Ali,Pakistani,28-32,C_counterfactual,1,2.1,4.2,2,"James K., 28, Full-time",A,True,A,True,True,3,16191
P0207,Hassan Ali,Pakistani,28-32,C_counterfactual,1,2.1,4.2,3,"Priya R., 41, Self-employed",D,False,D,True,False,5,13792
P0207,Hassan Ali,Pakistani,28-32,C_counterfactual,1,2.1,4.2,4,"Marcus T., 55, Part-time",D,True,D,True,True,4,20264
P0207,Hassan Ali,Pakistani,28-32,C_counterfactual,1,2.1,4.2,5,"Anika P., 29, Full-time",D,True,A,False,False,3,23720
P0207,Hassan Ali,Pakistani,28-32,C_counterfactual,1,2.1,4.2,6,"David H., 47, Full-time",A,True,A,True,True,3,16921
P0207,Hassan Ali,Pakistani,28-32,C_counterfactual,1,2.1,4.2,7,"Fatima A., 33, Contract",D,False,D,True,False,3,12279
P0207,Hassan Ali,Pakistani,28-32,C_counterfactual,1,2.1,4.2,8,"Tom B., 22, Full-time",D,True,D,True,True,4,13059
P0207,Hassan Ali,Pakistani,28-32,C_counterfactual,1,2.1,4.2,9,"Olga S., 38, Full-time",A,True,D,False,False,4,19874
P0207,Hassan Ali,Pakistani,28-32,C_counterfactual,1,2.1,4.2,10,"Chen W., 45, Part-time",A,False,A,True,False,5,9537
P0208,Monwar Hossain,Bangladeshi,23-27,B_surface,0,3.0,3.5,1,"Sarah M., 34, Part-time",D,True,D,True,True,3,13874
P0208,Monwar Hossain,Bangladeshi,23-27,B_surface,0,3.0,3.5,2,"James K., 28, Full-time",A,True,A,True,True,4,7959
P0208,Monwar Hossain,Bangladeshi,23-27,B_surface,0,3.0,3.5,3,"Priya R., 41, Self-employed",D,False,D,True,False,4,13829
P0208,Monwar Hossain,Bangladeshi,23-27,B_surface,0,3.0,3.5,4,"Marcus T., 55, Part-time",D,True,A,False,False,3,19569
P0208,Monwar Hossain,Bangladeshi,23-27,B_surface,0,3.0,3.5,5,"Anika P., 29, Full-time",D,True,A,False,False,4,18132
P0208,Monwar Hossain,Bangladeshi,23-27,B_surface,0,3.0,3.5,6,"David H., 47, Full-time",A,True,D,False,False,2,21246
P0208,Monwar Hossain,Bangladeshi,23-27,B_surface,0,3.0,3.5,7,"Fatima A., 33, Contract",D,False,A,False,True,3,23541
P0208,Monwar Hossain,Bangladeshi,23-27,B_surface,0,3.0,3.5,8,"Tom B., 22, Full-time",D,True,D,True,True,4,8636
P0208,Monwar Hossain,Bangladeshi,23-27,B_surface,0,3.0,3.5,9,"Olga S., 38, Full-time",A,True,A,True,True,4,10528
P0208,Monwar Hossain,Bangladeshi,23-27,B_surface,0,3.0,3.5,10,"Chen W., 45, Part-time",A,False,D,False,True,1,11468
P0209,Hamza Iqbal,Pakistani,18-22,A_no_explanation,3,3.9,3.4,1,"Sarah M., 34, Part-time",D,True,D,True,True,3,12657
P0209,Hamza Iqbal,Pakistani,18-22,A_no_explanation,3,3.9,3.4,2,"James K., 28, Full-time",A,True,A,True,True,3,11291
P0209,Hamza Iqbal,Pakistani,18-22,A_no_explanation,3,3.9,3.4,3,"Priya R., 41, Self-employed",D,False,D,True,False,4,5115
P0209,Hamza Iqbal,Pakistani,18-22,A_no_explanation,3,3.9,3.4,4,"Marcus T., 55, Part-time",D,True,A,False,False,1,13681
P0209,Hamza Iqbal,Pakistani,18-22,A_no_explanation,3,3.9,3.4,5,"Anika P., 29, Full-time",D,True,A,False,False,2,19829
P0209,Hamza Iqbal,Pakistani,18-22,A_no_explanation,3,3.9,3.4,6,"David H., 47, Full-time",A,True,A,True,True,3,9884
P0209,Hamza Iqbal,Pakistani,18-22,A_no_explanation,3,3.9,3.4,7,"Fatima A., 33, Contract",D,False,D,True,False,4,9518
P0209,Hamza Iqbal,Pakistani,18-22,A_no_explanation,3,3.9,3.4,8,"Tom B., 22, Full-time",D,True,D,True,True,3,14169
P0209,Hamza Iqbal,Pakistani,18-22,A_no_explanation,3,3.9,3.4,9,"Olga S., 38, Full-time",A,True,A,True,True,3,10937
P0209,Hamza Iqbal,Pakistani,18-22,A_no_explanation,3,3.9,3.4,10,"Chen W., 45, Part-time",A,False,D,False,True,3,16435
P0210,Hao Tang,Chinese,18-22,A_no_explanation,1,3.2,4.0,1,"Sarah M., 34, Part-time",D,True,D,True,True,2,16830
P0210,Hao Tang,Chinese,18-22,A_no_explanation,1,3.2,4.0,2,"James K., 28, Full-time",A,True,D,False,False,2,22714
P0210,Hao Tang,Chinese,18-22,A_no_explanation,1,3.2,4.0,3,"Priya R., 41, Self-employed",D,False,A,False,True,3,14829
P0210,Hao Tang,Chinese,18-22,A_no_explanation,1,3.2,4.0,4,"Marcus T., 55, Part-time",D,True,D,True,True,2,10041
P0210,Hao Tang,Chinese,18-22,A_no_explanation,1,3.2,4.0,5,"Anika P., 29, Full-time",D,True,D,True,True,4,15139
P0210,Hao Tang,Chinese,18-22,A_no_explanation,1,3.2,4.0,6,"David H., 47, Full-time",A,True,A,True,True,3,10741
P0210,Hao Tang,Chinese,18-22,A_no_explanation,1,3.2,4.0,7,"Fatima A., 33, Contract",D,False,D,True,False,3,10923
P0210,Hao Tang,Chinese,18-22,A_no_explanation,1,3.2,4.0,8,"Tom B., 22, Full-time",D,True,A,False,False,3,15280
P0210,Hao Tang,Chinese,18-22,A_no_explanation,1,3.2,4.0,9,"Olga S., 38, Full-time",A,True,D,False,False,4,18699
P0210,Hao Tang,Chinese,18-22,A_no_explanation,1,3.2,4.0,10,"Chen W., 45, Part-time",A,False,A,True,False,3,15716
P0211,Zoe Thompson,British,23-27,B_surface,1,2.9,3.2,1,"Sarah M., 34, Part-time",D,True,D,True,True,3,13659
P0211,Zoe Thompson,British,23-27,B_surface,1,2.9,3.2,2,"James K., 28, Full-time",A,True,A,True,True,3,10997
P0211,Zoe Thompson,British,23-27,B_surface,1,2.9,3.2,3,"Priya R., 41, Self-employed",D,False,A,False,True,2,19939
P0211,Zoe Thompson,British,23-27,B_surface,1,2.9,3.2,4,"Marcus T., 55, Part-time",D,True,D,True,True,2,15740
P0211,Zoe Thompson,British,23-27,B_surface,1,2.9,3.2,5,"Anika P., 29, Full-time",D,True,D,True,True,4,15669
P0211,Zoe Thompson,British,23-27,B_surface,1,2.9,3.2,6,"David H., 47, Full-time",A,True,A,True,True,2,18703
P0211,Zoe Thompson,British,23-27,B_surface,1,2.9,3.2,7,"Fatima A., 33, Contract",D,False,A,False,True,2,17852
P0211,Zoe Thompson,British,23-27,B_surface,1,2.9,3.2,8,"Tom B., 22, Full-time",D,True,D,True,True,3,11431
P0211,Zoe Thompson,British,23-27,B_surface,1,2.9,3.2,9,"Olga S., 38, Full-time",A,True,A,True,True,2,9130
P0211,Zoe Thompson,British,23-27,B_surface,1,2.9,3.2,10,"Chen W., 45, Part-time",A,False,D,False,True,4,20946
P0212,Poppy Baker,British,28-32,A_no_explanation,1,5.0,3.3,1,"Sarah M., 34, Part-time",D,True,D,True,True,3,17934
P0212,Poppy Baker,British,28-32,A_no_explanation,1,5.0,3.3,2,"James K., 28, Full-time",A,True,A,True,True,3,7702
P0212,Poppy Baker,British,28-32,A_no_explanation,1,5.0,3.3,3,"Priya R., 41, Self-employed",D,False,A,False,True,3,16811
P0212,Poppy Baker,British,28-32,A_no_explanation,1,5.0,3.3,4,"Marcus T., 55, Part-time",D,True,D,True,True,3,12629
P0212,Poppy Baker,British,28-32,A_no_explanation,1,5.0,3.3,5,"Anika P., 29, Full-time",D,True,D,True,True,1,11692
P0212,Poppy Baker,British,28-32,A_no_explanation,1,5.0,3.3,6,"David H., 47, Full-time",A,True,A,True,True,3,14068
P0212,Poppy Baker,British,28-32,A_no_explanation,1,5.0,3.3,7,"Fatima A., 33, Contract",D,False,D,True,False,3,10354
P0212,Poppy Baker,British,28-32,A_no_explanation,1,5.0,3.3,8,"Tom B., 22, Full-time",D,True,D,True,True,1,14220
P0212,Poppy Baker,British,28-32,A_no_explanation,1,5.0,3.3,9,"Olga S., 38, Full-time",A,True,A,True,True,3,15563
P0212,Poppy Baker,British,28-32,A_no_explanation,1,5.0,3.3,10,"Chen W., 45, Part-time",A,False,D,False,True,3,18113
P0213,Raihan Islam,Bangladeshi,18-22,B_surface,0,3.3,2.3,1,"Sarah M., 34, Part-time",D,True,D,True,True,3,16397
P0213,Raihan Islam,Bangladeshi,18-22,B_surface,0,3.3,2.3,2,"James K., 28, Full-time",A,True,A,True,True,4,10398
P0213,Raihan Islam,Bangladeshi,18-22,B_surface,0,3.3,2.3,3,"Priya R., 41, Self-employed",D,False,A,False,True,3,19513
P0213,Raihan Islam,Bangladeshi,18-22,B_surface,0,3.3,2.3,4,"Marcus T., 55, Part-time",D,True,A,False,False,2,16945
P0213,Raihan Islam,Bangladeshi,18-22,B_surface,0,3.3,2.3,5,"Anika P., 29, Full-time",D,True,D,True,True,4,9435
P0213,Raihan Islam,Bangladeshi,18-22,B_surface,0,3.3,2.3,6,"David H., 47, Full-time",A,True,A,True,True,3,10290
P0213,Raihan Islam,Bangladeshi,18-22,B_surface,0,3.3,2.3,7,"Fatima A., 33, Contract",D,False,A,False,True,3,18589
P0213,Raihan Islam,Bangladeshi,18-22,B_surface,0,3.3,2.3,8,"Tom B., 22, Full-time",D,True,D,True,True,3,13678
P0213,Raihan Islam,Bangladeshi,18-22,B_surface,0,3.3,2.3,9,"Olga S., 38, Full-time",A,True,A,True,True,3,20556
P0213,Raihan Islam,Bangladeshi,18-22,B_surface,0,3.3,2.3,10,"Chen W., 45, Part-time",A,False,A,True,False,4,9923
P0214,Anik Hossain,Bangladeshi,23-27,C_counterfactual,1,3.0,2.9,1,"Sarah M., 34, Part-time",D,True,D,True,True,4,19176
P0214,Anik Hossain,Bangladeshi,23-27,C_counterfactual,1,3.0,2.9,2,"James K., 28, Full-time",A,True,A,True,True,3,14809
P0214,Anik Hossain,Bangladeshi,23-27,C_counterfactual,1,3.0,2.9,3,"Priya R., 41, Self-employed",D,False,D,True,False,3,15916
P0214,Anik Hossain,Bangladeshi,23-27,C_counterfactual,1,3.0,2.9,4,"Marcus T., 55, Part-time",D,True,A,False,False,2,22517
P0214,Anik Hossain,Bangladeshi,23-27,C_counterfactual,1,3.0,2.9,5,"Anika P., 29, Full-time",D,True,A,False,False,4,27216
P0214,Anik Hossain,Bangladeshi,23-27,C_counterfactual,1,3.0,2.9,6,"David H., 47, Full-time",A,True,D,False,False,4,23835
P0214,Anik Hossain,Bangladeshi,23-27,C_counterfactual,1,3.0,2.9,7,"Fatima A., 33, Contract",D,False,A,False,True,3,23037
P0214,Anik Hossain,Bangladeshi,23-27,C_counterfactual,1,3.0,2.9,8,"Tom B., 22, Full-time",D,True,D,True,True,4,12888
P0214,Anik Hossain,Bangladeshi,23-27,C_counterfactual,1,3.0,2.9,9,"Olga S., 38, Full-time",A,True,A,True,True,3,18172
P0214,Anik Hossain,Bangladeshi,23-27,C_counterfactual,1,3.0,2.9,10,"Chen W., 45, Part-time",A,False,A,True,False,2,10903
P0215,Nargis Akter,Bangladeshi,23-27,A_no_explanation,2,3.8,3.7,1,"Sarah M., 34, Part-time",D,True,A,False,False,2,25350
P0215,Nargis Akter,Bangladeshi,23-27,A_no_explanation,2,3.8,3.7,2,"James K., 28, Full-time",A,True,A,True,True,2,6955
P0215,Nargis Akter,Bangladeshi,23-27,A_no_explanation,2,3.8,3.7,3,"Priya R., 41, Self-employed",D,False,D,True,False,5,15790
P0215,Nargis Akter,Bangladeshi,23-27,A_no_explanation,2,3.8,3.7,4,"Marcus T., 55, Part-time",D,True,D,True,True,2,10876
P0215,Nargis Akter,Bangladeshi,23-27,A_no_explanation,2,3.8,3.7,5,"Anika P., 29, Full-time",D,True,A,False,False,4,22792
P0215,Nargis Akter,Bangladeshi,23-27,A_no_explanation,2,3.8,3.7,6,"David H., 47, Full-time",A,True,A,True,True,5,9848
P0215,Nargis Akter,Bangladeshi,23-27,A_no_explanation,2,3.8,3.7,7,"Fatima A., 33, Contract",D,False,D,True,False,3,13731
P0215,Nargis Akter,Bangladeshi,23-27,A_no_explanation,2,3.8,3.7,8,"Tom B., 22, Full-time",D,True,D,True,True,4,14916
P0215,Nargis Akter,Bangladeshi,23-27,A_no_explanation,2,3.8,3.7,9,"Olga S., 38, Full-time",A,True,A,True,True,4,10545
P0215,Nargis Akter,Bangladeshi,23-27,A_no_explanation,2,3.8,3.7,10,"Chen W., 45, Part-time",A,False,A,True,False,3,11817
P0216,Roksana Akter,Bangladeshi,23-27,B_surface,0,3.5,2.9,1,"Sarah M., 34, Part-time",D,True,D,True,True,4,11983
P0216,Roksana Akter,Bangladeshi,23-27,B_surface,0,3.5,2.9,2,"James K., 28, Full-time",A,True,D,False,False,3,21821
P0216,Roksana Akter,Bangladeshi,23-27,B_surface,0,3.5,2.9,3,"Priya R., 41, Self-employed",D,False,A,False,True,2,18831
P0216,Roksana Akter,Bangladeshi,23-27,B_surface,0,3.5,2.9,4,"Marcus T., 55, Part-time",D,True,A,False,False,3,15356
P0216,Roksana Akter,Bangladeshi,23-27,B_surface,0,3.5,2.9,5,"Anika P., 29, Full-time",D,True,D,True,True,4,19142
P0216,Roksana Akter,Bangladeshi,23-27,B_surface,0,3.5,2.9,6,"David H., 47, Full-time",A,True,D,False,False,4,16888
P0216,Roksana Akter,Bangladeshi,23-27,B_surface,0,3.5,2.9,7,"Fatima A., 33, Contract",D,False,D,True,False,2,9223
P0216,Roksana Akter,Bangladeshi,23-27,B_surface,0,3.5,2.9,8,"Tom B., 22, Full-time",D,True,A,False,False,2,23727
P0216,Roksana Akter,Bangladeshi,23-27,B_surface,0,3.5,2.9,9,"Olga S., 38, Full-time",A,True,D,False,False,3,24749
P0216,Roksana Akter,Bangladeshi,23-27,B_surface,0,3.5,2.9,10,"Chen W., 45, Part-time",A,False,A,True,False,3,12291
P0217,Ayasha Siddika,Bangladeshi,28-32,A_no_explanation,2,3.9,4.0,1,"Sarah M., 34, Part-time",D,True,D,True,True,3,14386
P0217,Ayasha Siddika,Bangladeshi,28-32,A_no_explanation,2,3.9,4.0,2,"James K., 28, Full-time",A,True,A,True,True,4,7200
P0217,Ayasha Siddika,Bangladeshi,28-32,A_no_explanation,2,3.9,4.0,3,"Priya R., 41, Self-employed",D,False,A,False,True,3,18597
P0217,Ayasha Siddika,Bangladeshi,28-32,A_no_explanation,2,3.9,4.0,4,"Marcus T., 55, Part-time",D,True,D,True,True,4,15164
P0217,Ayasha Siddika,Bangladeshi,28-32,A_no_explanation,2,3.9,4.0,5,"Anika P., 29, Full-time",D,True,A,False,False,2,22469
P0217,Ayasha Siddika,Bangladeshi,28-32,A_no_explanation,2,3.9,4.0,6,"David H., 47, Full-time",A,True,A,True,True,5,13638
P0217,Ayasha Siddika,Bangladeshi,28-32,A_no_explanation,2,3.9,4.0,7,"Fatima A., 33, Contract",D,False,D,True,False,2,11467
P0217,Ayasha Siddika,Bangladeshi,28-32,A_no_explanation,2,3.9,4.0,8,"Tom B., 22, Full-time",D,True,D,True,True,1,11263
P0217,Ayasha Siddika,Bangladeshi,28-32,A_no_explanation,2,3.9,4.0,9,"Olga S., 38, Full-time",A,True,D,False,False,3,15074
P0217,Ayasha Siddika,Bangladeshi,28-32,A_no_explanation,2,3.9,4.0,10,"Chen W., 45, Part-time",A,False,D,False,True,2,16958
P0218,Moni Akter,Bangladeshi,18-22,C_counterfactual,1,1.6,3.6,1,"Sarah M., 34, Part-time",D,True,D,True,True,4,17729
P0218,Moni Akter,Bangladeshi,18-22,C_counterfactual,1,1.6,3.6,2,"James K., 28, Full-time",A,True,A,True,True,3,14789
P0218,Moni Akter,Bangladeshi,18-22,C_counterfactual,1,1.6,3.6,3,"Priya R., 41, Self-employed",D,False,D,True,False,4,19885
P0218,Moni Akter,Bangladeshi,18-22,C_counterfactual,1,1.6,3.6,4,"Marcus T., 55, Part-time",D,True,D,True,True,4,12352
P0218,Moni Akter,Bangladeshi,18-22,C_counterfactual,1,1.6,3.6,5,"Anika P., 29, Full-time",D,True,A,False,False,3,23900
P0218,Moni Akter,Bangladeshi,18-22,C_counterfactual,1,1.6,3.6,6,"David H., 47, Full-time",A,True,D,False,False,3,15470
P0218,Moni Akter,Bangladeshi,18-22,C_counterfactual,1,1.6,3.6,7,"Fatima A., 33, Contract",D,False,D,True,False,3,12499
P0218,Moni Akter,Bangladeshi,18-22,C_counterfactual,1,1.6,3.6,8,"Tom B., 22, Full-time",D,True,D,True,True,3,20882
P0218,Moni Akter,Bangladeshi,18-22,C_counterfactual,1,1.6,3.6,9,"Olga S., 38, Full-time",A,True,D,False,False,2,25532
P0218,Moni Akter,Bangladeshi,18-22,C_counterfactual,1,1.6,3.6,10,"Chen W., 45, Part-time",A,False,D,False,True,2,26757
P0219,Riadul Islam,Bangladeshi,28-32,A_no_explanation,1,3.0,2.1,1,"Sarah M., 34, Part-time",D,True,D,True,True,3,15495
P0219,Riadul Islam,Bangladeshi,28-32,A_no_explanation,1,3.0,2.1,2,"James K., 28, Full-time",A,True,D,False,False,3,15733
P0219,Riadul Islam,Bangladeshi,28-32,A_no_explanation,1,3.0,2.1,3,"Priya R., 41, Self-employed",D,False,D,True,False,3,17634
P0219,Riadul Islam,Bangladeshi,28-32,A_no_explanation,1,3.0,2.1,4,"Marcus T., 55, Part-time",D,True,D,True,True,3,14490
P0219,Riadul Islam,Bangladeshi,28-32,A_no_explanation,1,3.0,2.1,5,"Anika P., 29, Full-time",D,True,A,False,False,2,20456
P0219,Riadul Islam,Bangladeshi,28-32,A_no_explanation,1,3.0,2.1,6,"David H., 47, Full-time",A,True,A,True,True,3,17194
P0219,Riadul Islam,Bangladeshi,28-32,A_no_explanation,1,3.0,2.1,7,"Fatima A., 33, Contract",D,False,A,False,True,2,16460
P0219,Riadul Islam,Bangladeshi,28-32,A_no_explanation,1,3.0,2.1,8,"Tom B., 22, Full-time",D,True,A,False,False,2,12704
P0219,Riadul Islam,Bangladeshi,28-32,A_no_explanation,1,3.0,2.1,9,"Olga S., 38, Full-time",A,True,A,True,True,3,11637
P0219,Riadul Islam,Bangladeshi,28-32,A_no_explanation,1,3.0,2.1,10,"Chen W., 45, Part-time",A,False,D,False,True,3,22421
P0220,Mahbub Alam,Bangladeshi,23-27,A_no_explanation,0,3.8,2.9,1,"Sarah M., 34, Part-time",D,True,D,True,True,3,9448
P0220,Mahbub Alam,Bangladeshi,23-27,A_no_explanation,0,3.8,2.9,2,"James K., 28, Full-time",A,True,A,True,True,4,11062
P0220,Mahbub Alam,Bangladeshi,23-27,A_no_explanation,0,3.8,2.9,3,"Priya R., 41, Self-employed",D,False,D,True,False,3,8836
P0220,Mahbub Alam,Bangladeshi,23-27,A_no_explanation,0,3.8,2.9,4,"Marcus T., 55, Part-time",D,True,A,False,False,2,15791
P0220,Mahbub Alam,Bangladeshi,23-27,A_no_explanation,0,3.8,2.9,5,"Anika P., 29, Full-time",D,True,A,False,False,3,17112
P0220,Mahbub Alam,Bangladeshi,23-27,A_no_explanation,0,3.8,2.9,6,"David H., 47, Full-time",A,True,A,True,True,2,3047
P0220,Mahbub Alam,Bangladeshi,23-27,A_no_explanation,0,3.8,2.9,7,"Fatima A., 33, Contract",D,False,A,False,True,3,24061
P0220,Mahbub Alam,Bangladeshi,23-27,A_no_explanation,0,3.8,2.9,8,"Tom B., 22, Full-time",D,True,D,True,True,2,2800
P0220,Mahbub Alam,Bangladeshi,23-27,A_no_explanation,0,3.8,2.9,9,"Olga S., 38, Full-time",A,True,A,True,True,2,4772
P0220,Mahbub Alam,Bangladeshi,23-27,A_no_explanation,0,3.8,2.9,10,"Chen W., 45, Part-time",A,False,D,False,True,2,19362
P0221,Rafat Hossain,Bangladeshi,51+,C_counterfactual,1,2.4,2.6,1,"Sarah M., 34, Part-time",D,True,A,False,False,3,23431
P0221,Rafat Hossain,Bangladeshi,51+,C_counterfactual,1,2.4,2.6,2,"James K., 28, Full-time",A,True,D,False,False,3,16603
P0221,Rafat Hossain,Bangladeshi,51+,C_counterfactual,1,2.4,2.6,3,"Priya R., 41, Self-employed",D,False,D,True,False,4,16355
P0221,Rafat Hossain,Bangladeshi,51+,C_counterfactual,1,2.4,2.6,4,"Marcus T., 55, Part-time",D,True,A,False,False,2,29249
P0221,Rafat Hossain,Bangladeshi,51+,C_counterfactual,1,2.4,2.6,5,"Anika P., 29, Full-time",D,True,A,False,False,3,24798
P0221,Rafat Hossain,Bangladeshi,51+,C_counterfactual,1,2.4,2.6,6,"David H., 47, Full-time",A,True,A,True,True,3,16599
P0221,Rafat Hossain,Bangladeshi,51+,C_counterfactual,1,2.4,2.6,7,"Fatima A., 33, Contract",D,False,A,False,True,3,22298
P0221,Rafat Hossain,Bangladeshi,51+,C_counterfactual,1,2.4,2.6,8,"Tom B., 22, Full-time",D,True,A,False,False,3,24401
P0221,Rafat Hossain,Bangladeshi,51+,C_counterfactual,1,2.4,2.6,9,"Olga S., 38, Full-time",A,True,A,True,True,3,12875
P0221,Rafat Hossain,Bangladeshi,51+,C_counterfactual,1,2.4,2.6,10,"Chen W., 45, Part-time",A,False,D,False,True,3,19859
P0222,Ping Guo,Chinese,18-22,A_no_explanation,2,3.8,4.1,1,"Sarah M., 34, Part-time",D,True,D,True,True,4,17269
P0222,Ping Guo,Chinese,18-22,A_no_explanation,2,3.8,4.1,2,"James K., 28, Full-time",A,True,A,True,True,3,9942
P0222,Ping Guo,Chinese,18-22,A_no_explanation,2,3.8,4.1,3,"Priya R., 41, Self-employed",D,False,D,True,False,3,10734
P0222,Ping Guo,Chinese,18-22,A_no_explanation,2,3.8,4.1,4,"Marcus T., 55, Part-time",D,True,A,False,False,2,20609
P0222,Ping Guo,Chinese,18-22,A_no_explanation,2,3.8,4.1,5,"Anika P., 29, Full-time",D,True,A,False,False,2,16531
P0222,Ping Guo,Chinese,18-22,A_no_explanation,2,3.8,4.1,6,"David H., 47, Full-time",A,True,A,True,True,4,9011
P0222,Ping Guo,Chinese,18-22,A_no_explanation,2,3.8,4.1,7,"Fatima A., 33, Contract",D,False,A,False,True,1,15958
P0222,Ping Guo,Chinese,18-22,A_no_explanation,2,3.8,4.1,8,"Tom B., 22, Full-time",D,True,D,True,True,4,7715
P0222,Ping Guo,Chinese,18-22,A_no_explanation,2,3.8,4.1,9,"Olga S., 38, Full-time",A,True,A,True,True,2,11266
P0222,Ping Guo,Chinese,18-22,A_no_explanation,2,3.8,4.1,10,"Chen W., 45, Part-time",A,False,D,False,True,3,21550
P0223,Sunil Bose,Indian,18-22,C_counterfactual,2,3.5,5.0,1,"Sarah M., 34, Part-time",D,True,D,True,True,4,19742
P0223,Sunil Bose,Indian,18-22,C_counterfactual,2,3.5,5.0,2,"James K., 28, Full-time",A,True,A,True,True,3,17449
P0223,Sunil Bose,Indian,18-22,C_counterfactual,2,3.5,5.0,3,"Priya R., 41, Self-employed",D,False,A,False,True,2,25358
P0223,Sunil Bose,Indian,18-22,C_counterfactual,2,3.5,5.0,4,"Marcus T., 55, Part-time",D,True,D,True,True,3,15597
P0223,Sunil Bose,Indian,18-22,C_counterfactual,2,3.5,5.0,5,"Anika P., 29, Full-time",D,True,D,True,True,4,15709
P0223,Sunil Bose,Indian,18-22,C_counterfactual,2,3.5,5.0,6,"David H., 47, Full-time",A,True,A,True,True,4,16261
P0223,Sunil Bose,Indian,18-22,C_counterfactual,2,3.5,5.0,7,"Fatima A., 33, Contract",D,False,A,False,True,3,21127
P0223,Sunil Bose,Indian,18-22,C_counterfactual,2,3.5,5.0,8,"Tom B., 22, Full-time",D,True,D,True,True,5,12516
P0223,Sunil Bose,Indian,18-22,C_counterfactual,2,3.5,5.0,9,"Olga S., 38, Full-time",A,True,A,True,True,5,17447
P0223,Sunil Bose,Indian,18-22,C_counterfactual,2,3.5,5.0,10,"Chen W., 45, Part-time",A,False,D,False,True,4,20758
P0224,Sanjay Mehta,Indian,28-32,C_counterfactual,2,3.5,4.1,1,"Sarah M., 34, Part-time",D,True,D,True,True,3,19769
P0224,Sanjay Mehta,Indian,28-32,C_counterfactual,2,3.5,4.1,2,"James K., 28, Full-time",A,True,D,False,False,3,16560
P0224,Sanjay Mehta,Indian,28-32,C_counterfactual,2,3.5,4.1,3,"Priya R., 41, Self-employed",D,False,A,False,True,3,17410
P0224,Sanjay Mehta,Indian,28-32,C_counterfactual,2,3.5,4.1,4,"Marcus T., 55, Part-time",D,True,D,True,True,3,11170
P0224,Sanjay Mehta,Indian,28-32,C_counterfactual,2,3.5,4.1,5,"Anika P., 29, Full-time",D,True,A,False,False,4,25535
P0224,Sanjay Mehta,Indian,28-32,C_counterfactual,2,3.5,4.1,6,"David H., 47, Full-time",A,True,A,True,True,5,14928
P0224,Sanjay Mehta,Indian,28-32,C_counterfactual,2,3.5,4.1,7,"Fatima A., 33, Contract",D,False,A,False,True,4,23956
P0224,Sanjay Mehta,Indian,28-32,C_counterfactual,2,3.5,4.1,8,"Tom B., 22, Full-time",D,True,A,False,False,3,22627
P0224,Sanjay Mehta,Indian,28-32,C_counterfactual,2,3.5,4.1,9,"Olga S., 38, Full-time",A,True,A,True,True,3,15903
P0224,Sanjay Mehta,Indian,28-32,C_counterfactual,2,3.5,4.1,10,"Chen W., 45, Part-time",A,False,D,False,True,3,25553
P0225,Aminul Islam,Bangladeshi,23-27,B_surface,3,2.1,4.1,1,"Sarah M., 34, Part-time",D,True,A,False,False,3,21927
P0225,Aminul Islam,Bangladeshi,23-27,B_surface,3,2.1,4.1,2,"James K., 28, Full-time",A,True,D,False,False,4,21372
P0225,Aminul Islam,Bangladeshi,23-27,B_surface,3,2.1,4.1,3,"Priya R., 41, Self-employed",D,False,A,False,True,3,22468
P0225,Aminul Islam,Bangladeshi,23-27,B_surface,3,2.1,4.1,4,"Marcus T., 55, Part-time",D,True,A,False,False,2,20238
P0225,Aminul Islam,Bangladeshi,23-27,B_surface,3,2.1,4.1,5,"Anika P., 29, Full-time",D,True,D,True,True,4,12658
P0225,Aminul Islam,Bangladeshi,23-27,B_surface,3,2.1,4.1,6,"David H., 47, Full-time",A,True,D,False,False,3,19016
P0225,Aminul Islam,Bangladeshi,23-27,B_surface,3,2.1,4.1,7,"Fatima A., 33, Contract",D,False,A,False,True,3,20085
P0225,Aminul Islam,Bangladeshi,23-27,B_surface,3,2.1,4.1,8,"Tom B., 22, Full-time",D,True,D,True,True,3,17007
P0225,Aminul Islam,Bangladeshi,23-27,B_surface,3,2.1,4.1,9,"Olga S., 38, Full-time",A,True,A,True,True,4,16464
P0225,Aminul Islam,Bangladeshi,23-27,B_surface,3,2.1,4.1,10,"Chen W., 45, Part-time",A,False,A,True,False,2,5793
P0226,Arafat Hossain,Bangladeshi,18-22,B_surface,0,1.9,4.4,1,"Sarah M., 34, Part-time",D,True,D,True,True,3,19780
P0226,Arafat Hossain,Bangladeshi,18-22,B_surface,0,1.9,4.4,2,"James K., 28, Full-time",A,True,A,True,True,4,12103
P0226,Arafat Hossain,Bangladeshi,18-22,B_surface,0,1.9,4.4,3,"Priya R., 41, Self-employed",D,False,D,True,False,4,6915
P0226,Arafat Hossain,Bangladeshi,18-22,B_surface,0,1.9,4.4,4,"Marcus T., 55, Part-time",D,True,D,True,True,3,10000
P0226,Arafat Hossain,Bangladeshi,18-22,B_surface,0,1.9,4.4,5,"Anika P., 29, Full-time",D,True,D,True,True,4,14295
P0226,Arafat Hossain,Bangladeshi,18-22,B_surface,0,1.9,4.4,6,"David H., 47, Full-time",A,True,A,True,True,3,13682
P0226,Arafat Hossain,Bangladeshi,18-22,B_surface,0,1.9,4.4,7,"Fatima A., 33, Contract",D,False,A,False,True,2,16972
P0226,Arafat Hossain,Bangladeshi,18-22,B_surface,0,1.9,4.4,8,"Tom B., 22, Full-time",D,True,D,True,True,3,9823
P0226,Arafat Hossain,Bangladeshi,18-22,B_surface,0,1.9,4.4,9,"Olga S., 38, Full-time",A,True,A,True,True,3,12248
P0226,Arafat Hossain,Bangladeshi,18-22,B_surface,0,1.9,4.4,10,"Chen W., 45, Part-time",A,False,D,False,True,4,19838
P0227,Sabrina Islam,Bangladeshi,23-27,B_surface,0,2.1,3.0,1,"Sarah M., 34, Part-time",D,True,D,True,True,4,19572
P0227,Sabrina Islam,Bangladeshi,23-27,B_surface,0,2.1,3.0,2,"James K., 28, Full-time",A,True,A,True,True,4,7435
P0227,Sabrina Islam,Bangladeshi,23-27,B_surface,0,2.1,3.0,3,"Priya R., 41, Self-employed",D,False,D,True,False,3,11329
P0227,Sabrina Islam,Bangladeshi,23-27,B_surface,0,2.1,3.0,4,"Marcus T., 55, Part-time",D,True,D,True,True,2,9891
P0227,Sabrina Islam,Bangladeshi,23-27,B_surface,0,2.1,3.0,5,"Anika P., 29, Full-time",D,True,A,False,False,3,18948
P0227,Sabrina Islam,Bangladeshi,23-27,B_surface,0,2.1,3.0,6,"David H., 47, Full-time",A,True,D,False,False,4,23502
P0227,Sabrina Islam,Bangladeshi,23-27,B_surface,0,2.1,3.0,7,"Fatima A., 33, Contract",D,False,A,False,True,5,28515
P0227,Sabrina Islam,Bangladeshi,23-27,B_surface,0,2.1,3.0,8,"Tom B., 22, Full-time",D,True,D,True,True,4,6538
P0227,Sabrina Islam,Bangladeshi,23-27,B_surface,0,2.1,3.0,9,"Olga S., 38, Full-time",A,True,A,True,True,3,14376
P0227,Sabrina Islam,Bangladeshi,23-27,B_surface,0,2.1,3.0,10,"Chen W., 45, Part-time",A,False,A,True,False,4,9898
P0228,Ashok Mishra,Indian,23-27,B_surface,2,2.4,3.9,1,"Sarah M., 34, Part-time",D,True,D,True,True,3,18222
P0228,Ashok Mishra,Indian,23-27,B_surface,2,2.4,3.9,2,"James K., 28, Full-time",A,True,A,True,True,3,14558
P0228,Ashok Mishra,Indian,23-27,B_surface,2,2.4,3.9,3,"Priya R., 41, Self-employed",D,False,A,False,True,3,17804
P0228,Ashok Mishra,Indian,23-27,B_surface,2,2.4,3.9,4,"Marcus T., 55, Part-time",D,True,D,True,True,3,9567
P0228,Ashok Mishra,Indian,23-27,B_surface,2,2.4,3.9,5,"Anika P., 29, Full-time",D,True,D,True,True,3,13920
P0228,Ashok Mishra,Indian,23-27,B_surface,2,2.4,3.9,6,"David H., 47, Full-time",A,True,D,False,False,4,20335
P0228,Ashok Mishra,Indian,23-27,B_surface,2,2.4,3.9,7,"Fatima A., 33, Contract",D,False,D,True,False,4,12232
P0228,Ashok Mishra,Indian,23-27,B_surface,2,2.4,3.9,8,"Tom B., 22, Full-time",D,True,D,True,True,3,10281
P0228,Ashok Mishra,Indian,23-27,B_surface,2,2.4,3.9,9,"Olga S., 38, Full-time",A,True,A,True,True,3,9956
P0228,Ashok Mishra,Indian,23-27,B_surface,2,2.4,3.9,10,"Chen W., 45, Part-time",A,False,D,False,True,4,23371
P0229,Amelia King,British,18-22,C_counterfactual,1,3.5,2.8,1,"Sarah M., 34, Part-time",D,True,A,False,False,4,27668
P0229,Amelia King,British,18-22,C_counterfactual,1,3.5,2.8,2,"James K., 28, Full-time",A,True,A,True,True,4,14480
P0229,Amelia King,British,18-22,C_counterfactual,1,3.5,2.8,3,"Priya R., 41, Self-employed",D,False,D,True,False,3,20632
P0229,Amelia King,British,18-22,C_counterfactual,1,3.5,2.8,4,"Marcus T., 55, Part-time",D,True,A,False,False,1,21584
P0229,Amelia King,British,18-22,C_counterfactual,1,3.5,2.8,5,"Anika P., 29, Full-time",D,True,A,False,False,4,26205
P0229,Amelia King,British,18-22,C_counterfactual,1,3.5,2.8,6,"David H., 47, Full-time",A,True,A,True,True,4,12180
P0229,Amelia King,British,18-22,C_counterfactual,1,3.5,2.8,7,"Fatima A., 33, Contract",D,False,A,False,True,2,26369
P0229,Amelia King,British,18-22,C_counterfactual,1,3.5,2.8,8,"Tom B., 22, Full-time",D,True,A,False,False,4,23824
P0229,Amelia King,British,18-22,C_counterfactual,1,3.5,2.8,9,"Olga S., 38, Full-time",A,True,A,True,True,4,17953
P0229,Amelia King,British,18-22,C_counterfactual,1,3.5,2.8,10,"Chen W., 45, Part-time",A,False,D,False,True,3,14617
P0230,Liton Hossain,Bangladeshi,18-22,B_surface,1,2.7,1.7,1,"Sarah M., 34, Part-time",D,True,D,True,True,4,16213
P0230,Liton Hossain,Bangladeshi,18-22,B_surface,1,2.7,1.7,2,"James K., 28, Full-time",A,True,D,False,False,3,21815
P0230,Liton Hossain,Bangladeshi,18-22,B_surface,1,2.7,1.7,3,"Priya R., 41, Self-employed",D,False,A,False,True,3,23114
P0230,Liton Hossain,Bangladeshi,18-22,B_surface,1,2.7,1.7,4,"Marcus T., 55, Part-time",D,True,A,False,False,3,23978
P0230,Liton Hossain,Bangladeshi,18-22,B_surface,1,2.7,1.7,5,"Anika P., 29, Full-time",D,True,A,False,False,4,22002
P0230,Liton Hossain,Bangladeshi,18-22,B_surface,1,2.7,1.7,6,"David H., 47, Full-time",A,True,A,True,True,3,15256
P0230,Liton Hossain,Bangladeshi,18-22,B_surface,1,2.7,1.7,7,"Fatima A., 33, Contract",D,False,A,False,True,3,21271
P0230,Liton Hossain,Bangladeshi,18-22,B_surface,1,2.7,1.7,8,"Tom B., 22, Full-time",D,True,D,True,True,4,8645
P0230,Liton Hossain,Bangladeshi,18-22,B_surface,1,2.7,1.7,9,"Olga S., 38, Full-time",A,True,A,True,True,2,11196
P0230,Liton Hossain,Bangladeshi,18-22,B_surface,1,2.7,1.7,10,"Chen W., 45, Part-time",A,False,A,True,False,2,12952
P0231,Divya Pillai,Indian,28-32,A_no_explanation,3,2.5,2.3,1,"Sarah M., 34, Part-time",D,True,D,True,True,3,18083
P0231,Divya Pillai,Indian,28-32,A_no_explanation,3,2.5,2.3,2,"James K., 28, Full-time",A,True,D,False,False,2,17349
P0231,Divya Pillai,Indian,28-32,A_no_explanation,3,2.5,2.3,3,"Priya R., 41, Self-employed",D,False,D,True,False,4,11292
P0231,Divya Pillai,Indian,28-32,A_no_explanation,3,2.5,2.3,4,"Marcus T., 55, Part-time",D,True,D,True,True,4,7275
P0231,Divya Pillai,Indian,28-32,A_no_explanation,3,2.5,2.3,5,"Anika P., 29, Full-time",D,True,A,False,False,4,25322
P0231,Divya Pillai,Indian,28-32,A_no_explanation,3,2.5,2.3,6,"David H., 47, Full-time",A,True,D,False,False,4,22869
P0231,Divya Pillai,Indian,28-32,A_no_explanation,3,2.5,2.3,7,"Fatima A., 33, Contract",D,False,D,True,False,3,9323
P0231,Divya Pillai,Indian,28-32,A_no_explanation,3,2.5,2.3,8,"Tom B., 22, Full-time",D,True,D,True,True,2,6827
P0231,Divya Pillai,Indian,28-32,A_no_explanation,3,2.5,2.3,9,"Olga S., 38, Full-time",A,True,A,True,True,3,18885
P0231,Divya Pillai,Indian,28-32,A_no_explanation,3,2.5,2.3,10,"Chen W., 45, Part-time",A,False,D,False,True,2,23994
P0232,Samia Islam,Bangladeshi,23-27,B_surface,0,1.0,3.3,1,"Sarah M., 34, Part-time",D,True,A,False,False,4,24305
P0232,Samia Islam,Bangladeshi,23-27,B_surface,0,1.0,3.3,2,"James K., 28, Full-time",A,True,A,True,True,3,14741
P0232,Samia Islam,Bangladeshi,23-27,B_surface,0,1.0,3.3,3,"Priya R., 41, Self-employed",D,False,A,False,True,4,21713
P0232,Samia Islam,Bangladeshi,23-27,B_surface,0,1.0,3.3,4,"Marcus T., 55, Part-time",D,True,D,True,True,2,11169
P0232,Samia Islam,Bangladeshi,23-27,B_surface,0,1.0,3.3,5,"Anika P., 29, Full-time",D,True,D,True,True,4,9077
P0232,Samia Islam,Bangladeshi,23-27,B_surface,0,1.0,3.3,6,"David H., 47, Full-time",A,True,A,True,True,4,11678
P0232,Samia Islam,Bangladeshi,23-27,B_surface,0,1.0,3.3,7,"Fatima A., 33, Contract",D,False,D,True,False,4,17768
P0232,Samia Islam,Bangladeshi,23-27,B_surface,0,1.0,3.3,8,"Tom B., 22, Full-time",D,True,A,False,False,3,23414
P0232,Samia Islam,Bangladeshi,23-27,B_surface,0,1.0,3.3,9,"Olga S., 38, Full-time",A,True,D,False,False,2,18590
P0232,Samia Islam,Bangladeshi,23-27,B_surface,0,1.0,3.3,10,"Chen W., 45, Part-time",A,False,D,False,True,2,12837
P0233,Marium Akter,Bangladeshi,23-27,C_counterfactual,0,1.8,3.0,1,"Sarah M., 34, Part-time",D,True,A,False,False,3,29552
P0233,Marium Akter,Bangladeshi,23-27,C_counterfactual,0,1.8,3.0,2,"James K., 28, Full-time",A,True,D,False,False,4,28151
P0233,Marium Akter,Bangladeshi,23-27,C_counterfactual,0,1.8,3.0,3,"Priya R., 41, Self-employed",D,False,A,False,True,4,15522
P0233,Marium Akter,Bangladeshi,23-27,C_counterfactual,0,1.8,3.0,4,"Marcus T., 55, Part-time",D,True,D,True,True,3,17534
P0233,Marium Akter,Bangladeshi,23-27,C_counterfactual,0,1.8,3.0,5,"Anika P., 29, Full-time",D,True,D,True,True,4,15598
P0233,Marium Akter,Bangladeshi,23-27,C_counterfactual,0,1.8,3.0,6,"David H., 47, Full-time",A,True,D,False,False,3,28272
P0233,Marium Akter,Bangladeshi,23-27,C_counterfactual,0,1.8,3.0,7,"Fatima A., 33, Contract",D,False,A,False,True,3,16004
P0233,Marium Akter,Bangladeshi,23-27,C_counterfactual,0,1.8,3.0,8,"Tom B., 22, Full-time",D,True,D,True,True,3,21499
P0233,Marium Akter,Bangladeshi,23-27,C_counterfactual,0,1.8,3.0,9,"Olga S., 38, Full-time",A,True,D,False,False,4,28702
P0233,Marium Akter,Bangladeshi,23-27,C_counterfactual,0,1.8,3.0,10,"Chen W., 45, Part-time",A,False,A,True,False,4,19967
P0234,Logan Garcia,British,23-27,C_counterfactual,3,3.0,3.5,1,"Sarah M., 34, Part-time",D,True,D,True,True,4,15581
P0234,Logan Garcia,British,23-27,C_counterfactual,3,3.0,3.5,2,"James K., 28, Full-time",A,True,D,False,False,4,26216
P0234,Logan Garcia,British,23-27,C_counterfactual,3,3.0,3.5,3,"Priya R., 41, Self-employed",D,False,A,False,True,3,22402
P0234,Logan Garcia,British,23-27,C_counterfactual,3,3.0,3.5,4,"Marcus T., 55, Part-time",D,True,D,True,True,5,14942
P0234,Logan Garcia,British,23-27,C_counterfactual,3,3.0,3.5,5,"Anika P., 29, Full-time",D,True,A,False,False,3,17814
P0234,Logan Garcia,British,23-27,C_counterfactual,3,3.0,3.5,6,"David H., 47, Full-time",A,True,A,True,True,3,13004
P0234,Logan Garcia,British,23-27,C_counterfactual,3,3.0,3.5,7,"Fatima A., 33, Contract",D,False,D,True,False,4,19533
P0234,Logan Garcia,British,23-27,C_counterfactual,3,3.0,3.5,8,"Tom B., 22, Full-time",D,True,D,True,True,4,12263
P0234,Logan Garcia,British,23-27,C_counterfactual,3,3.0,3.5,9,"Olga S., 38, Full-time",A,True,A,True,True,3,13571
P0234,Logan Garcia,British,23-27,C_counterfactual,3,3.0,3.5,10,"Chen W., 45, Part-time",A,False,D,False,True,3,21122
P0235,Suchona Akter,Bangladeshi,18-22,A_no_explanation,1,1.3,2.3,1,"Sarah M., 34, Part-time",D,True,D,True,True,3,11984
P0235,Suchona Akter,Bangladeshi,18-22,A_no_explanation,1,1.3,2.3,2,"James K., 28, Full-time",A,True,A,True,True,3,8630
P0235,Suchona Akter,Bangladeshi,18-22,A_no_explanation,1,1.3,2.3,3,"Priya R., 41, Self-employed",D,False,D,True,False,3,7228
P0235,Suchona Akter,Bangladeshi,18-22,A_no_explanation,1,1.3,2.3,4,"Marcus T., 55, Part-time",D,True,A,False,False,2,22325
P0235,Suchona Akter,Bangladeshi,18-22,A_no_explanation,1,1.3,2.3,5,"Anika P., 29, Full-time",D,True,A,False,False,3,21575
P0235,Suchona Akter,Bangladeshi,18-22,A_no_explanation,1,1.3,2.3,6,"David H., 47, Full-time",A,True,A,True,True,4,9880
P0235,Suchona Akter,Bangladeshi,18-22,A_no_explanation,1,1.3,2.3,7,"Fatima A., 33, Contract",D,False,A,False,True,2,22470
P0235,Suchona Akter,Bangladeshi,18-22,A_no_explanation,1,1.3,2.3,8,"Tom B., 22, Full-time",D,True,A,False,False,3,16210
P0235,Suchona Akter,Bangladeshi,18-22,A_no_explanation,1,1.3,2.3,9,"Olga S., 38, Full-time",A,True,A,True,True,4,7166
P0235,Suchona Akter,Bangladeshi,18-22,A_no_explanation,1,1.3,2.3,10,"Chen W., 45, Part-time",A,False,A,True,False,3,9845
P0236,Shamim Hossain,Bangladeshi,23-27,A_no_explanation,3,2.9,2.7,1,"Sarah M., 34, Part-time",D,True,D,True,True,4,15124
P0236,Shamim Hossain,Bangladeshi,23-27,A_no_explanation,3,2.9,2.7,2,"James K., 28, Full-time",A,True,A,True,True,4,9721
P0236,Shamim Hossain,Bangladeshi,23-27,A_no_explanation,3,2.9,2.7,3,"Priya R., 41, Self-employed",D,False,A,False,True,3,19894
P0236,Shamim Hossain,Bangladeshi,23-27,A_no_explanation,3,2.9,2.7,4,"Marcus T., 55, Part-time",D,True,D,True,True,4,12999
P0236,Shamim Hossain,Bangladeshi,23-27,A_no_explanation,3,2.9,2.7,5,"Anika P., 29, Full-time",D,True,A,False,False,4,22640
P0236,Shamim Hossain,Bangladeshi,23-27,A_no_explanation,3,2.9,2.7,6,"David H., 47, Full-time",A,True,A,True,True,4,8246
P0236,Shamim Hossain,Bangladeshi,23-27,A_no_explanation,3,2.9,2.7,7,"Fatima A., 33, Contract",D,False,D,True,False,3,10245
P0236,Shamim Hossain,Bangladeshi,23-27,A_no_explanation,3,2.9,2.7,8,"Tom B., 22, Full-time",D,True,D,True,True,1,13344
P0236,Shamim Hossain,Bangladeshi,23-27,A_no_explanation,3,2.9,2.7,9,"Olga S., 38, Full-time",A,True,A,True,True,4,14749
P0236,Shamim Hossain,Bangladeshi,23-27,A_no_explanation,3,2.9,2.7,10,"Chen W., 45, Part-time",A,False,D,False,True,3,20719
P0237,Farida Akter,Bangladeshi,33-40,C_counterfactual,2,3.0,3.7,1,"Sarah M., 34, Part-time",D,True,D,True,True,5,17978
P0237,Farida Akter,Bangladeshi,33-40,C_counterfactual,2,3.0,3.7,2,"James K., 28, Full-time",A,True,D,False,False,3,24584
P0237,Farida Akter,Bangladeshi,33-40,C_counterfactual,2,3.0,3.7,3,"Priya R., 41, Self-employed",D,False,D,True,False,3,16835
P0237,Farida Akter,Bangladeshi,33-40,C_counterfactual,2,3.0,3.7,4,"Marcus T., 55, Part-time",D,True,A,False,False,3,16201
P0237,Farida Akter,Bangladeshi,33-40,C_counterfactual,2,3.0,3.7,5,"Anika P., 29, Full-time",D,True,A,False,False,2,22375
P0237,Farida Akter,Bangladeshi,33-40,C_counterfactual,2,3.0,3.7,6,"David H., 47, Full-time",A,True,A,True,True,4,18706
P0237,Farida Akter,Bangladeshi,33-40,C_counterfactual,2,3.0,3.7,7,"Fatima A., 33, Contract",D,False,A,False,True,2,20082
P0237,Farida Akter,Bangladeshi,33-40,C_counterfactual,2,3.0,3.7,8,"Tom B., 22, Full-time",D,True,A,False,False,2,19399
P0237,Farida Akter,Bangladeshi,33-40,C_counterfactual,2,3.0,3.7,9,"Olga S., 38, Full-time",A,True,A,True,True,3,16215
P0237,Farida Akter,Bangladeshi,33-40,C_counterfactual,2,3.0,3.7,10,"Chen W., 45, Part-time",A,False,D,False,True,4,23551
P0238,Mily Akter,Bangladeshi,18-22,C_counterfactual,1,4.8,3.7,1,"Sarah M., 34, Part-time",D,True,A,False,False,4,23552
P0238,Mily Akter,Bangladeshi,18-22,C_counterfactual,1,4.8,3.7,2,"James K., 28, Full-time",A,True,D,False,False,3,22808
P0238,Mily Akter,Bangladeshi,18-22,C_counterfactual,1,4.8,3.7,3,"Priya R., 41, Self-employed",D,False,A,False,True,3,29277
P0238,Mily Akter,Bangladeshi,18-22,C_counterfactual,1,4.8,3.7,4,"Marcus T., 55, Part-time",D,True,A,False,False,4,27527
P0238,Mily Akter,Bangladeshi,18-22,C_counterfactual,1,4.8,3.7,5,"Anika P., 29, Full-time",D,True,D,True,True,3,15149
P0238,Mily Akter,Bangladeshi,18-22,C_counterfactual,1,4.8,3.7,6,"David H., 47, Full-time",A,True,A,True,True,3,13448
P0238,Mily Akter,Bangladeshi,18-22,C_counterfactual,1,4.8,3.7,7,"Fatima A., 33, Contract",D,False,A,False,True,3,16986
P0238,Mily Akter,Bangladeshi,18-22,C_counterfactual,1,4.8,3.7,8,"Tom B., 22, Full-time",D,True,D,True,True,2,8804
P0238,Mily Akter,Bangladeshi,18-22,C_counterfactual,1,4.8,3.7,9,"Olga S., 38, Full-time",A,True,D,False,False,4,22640
P0238,Mily Akter,Bangladeshi,18-22,C_counterfactual,1,4.8,3.7,10,"Chen W., 45, Part-time",A,False,D,False,True,3,17694
P0239,Raisul Islam,Bangladeshi,28-32,A_no_explanation,0,2.5,4.2,1,"Sarah M., 34, Part-time",D,True,D,True,True,3,13199
P0239,Raisul Islam,Bangladeshi,28-32,A_no_explanation,0,2.5,4.2,2,"James K., 28, Full-time",A,True,A,True,True,3,9039
P0239,Raisul Islam,Bangladeshi,28-32,A_no_explanation,0,2.5,4.2,3,"Priya R., 41, Self-employed",D,False,D,True,False,3,8837
P0239,Raisul Islam,Bangladeshi,28-32,A_no_explanation,0,2.5,4.2,4,"Marcus T., 55, Part-time",D,True,A,False,False,2,24187
P0239,Raisul Islam,Bangladeshi,28-32,A_no_explanation,0,2.5,4.2,5,"Anika P., 29, Full-time",D,True,D,True,True,3,21404
P0239,Raisul Islam,Bangladeshi,28-32,A_no_explanation,0,2.5,4.2,6,"David H., 47, Full-time",A,True,A,True,True,4,16806
P0239,Raisul Islam,Bangladeshi,28-32,A_no_explanation,0,2.5,4.2,7,"Fatima A., 33, Contract",D,False,D,True,False,2,12304
P0239,Raisul Islam,Bangladeshi,28-32,A_no_explanation,0,2.5,4.2,8,"Tom B., 22, Full-time",D,True,D,True,True,2,14224
P0239,Raisul Islam,Bangladeshi,28-32,A_no_explanation,0,2.5,4.2,9,"Olga S., 38, Full-time",A,True,A,True,True,3,14831
P0239,Raisul Islam,Bangladeshi,28-32,A_no_explanation,0,2.5,4.2,10,"Chen W., 45, Part-time",A,False,A,True,False,4,7906
P0240,Ritu Gupta,Indian,23-27,C_counterfactual,1,4.5,3.1,1,"Sarah M., 34, Part-time",D,True,D,True,True,4,14629
P0240,Ritu Gupta,Indian,23-27,C_counterfactual,1,4.5,3.1,2,"James K., 28, Full-time",A,True,A,True,True,2,21986
P0240,Ritu Gupta,Indian,23-27,C_counterfactual,1,4.5,3.1,3,"Priya R., 41, Self-employed",D,False,A,False,True,3,24162
P0240,Ritu Gupta,Indian,23-27,C_counterfactual,1,4.5,3.1,4,"Marcus T., 55, Part-time",D,True,D,True,True,4,13067
P0240,Ritu Gupta,Indian,23-27,C_counterfactual,1,4.5,3.1,5,"Anika P., 29, Full-time",D,True,D,True,True,4,8131
P0240,Ritu Gupta,Indian,23-27,C_counterfactual,1,4.5,3.1,6,"David H., 47, Full-time",A,True,A,True,True,3,12753
P0240,Ritu Gupta,Indian,23-27,C_counterfactual,1,4.5,3.1,7,"Fatima A., 33, Contract",D,False,A,False,True,3,20739
P0240,Ritu Gupta,Indian,23-27,C_counterfactual,1,4.5,3.1,8,"Tom B., 22, Full-time",D,True,D,True,True,5,13760
P0240,Ritu Gupta,Indian,23-27,C_counterfactual,1,4.5,3.1,9,"Olga S., 38, Full-time",A,True,A,True,True,5,10356
P0240,Ritu Gupta,Indian,23-27,C_counterfactual,1,4.5,3.1,10,"Chen W., 45, Part-time",A,False,A,True,False,4,14967
P0241,Charlotte Carter,British,23-27,B_surface,3,4.2,2.7,1,"Sarah M., 34, Part-time",D,True,D,True,True,3,18287
P0241,Charlotte Carter,British,23-27,B_surface,3,4.2,2.7,2,"James K., 28, Full-time",A,True,D,False,False,3,21073
P0241,Charlotte Carter,British,23-27,B_surface,3,4.2,2.7,3,"Priya R., 41, Self-employed",D,False,A,False,True,3,19877
P0241,Charlotte Carter,British,23-27,B_surface,3,4.2,2.7,4,"Marcus T., 55, Part-time",D,True,A,False,False,3,17457
P0241,Charlotte Carter,British,23-27,B_surface,3,4.2,2.7,5,"Anika P., 29, Full-time",D,True,A,False,False,3,25444
P0241,Charlotte Carter,British,23-27,B_surface,3,4.2,2.7,6,"David H., 47, Full-time",A,True,D,False,False,2,16870
P0241,Charlotte Carter,British,23-27,B_surface,3,4.2,2.7,7,"Fatima A., 33, Contract",D,False,D,True,False,3,15318
P0241,Charlotte Carter,British,23-27,B_surface,3,4.2,2.7,8,"Tom B., 22, Full-time",D,True,D,True,True,2,12029
P0241,Charlotte Carter,British,23-27,B_surface,3,4.2,2.7,9,"Olga S., 38, Full-time",A,True,D,False,False,3,17129
P0241,Charlotte Carter,British,23-27,B_surface,3,4.2,2.7,10,"Chen W., 45, Part-time",A,False,A,True,False,3,11806
P0242,Toufiqul Islam,Bangladeshi,18-22,C_counterfactual,2,3.0,3.4,1,"Sarah M., 34, Part-time",D,True,A,False,False,3,19490
P0242,Toufiqul Islam,Bangladeshi,18-22,C_counterfactual,2,3.0,3.4,2,"James K., 28, Full-time",A,True,D,False,False,2,25216
P0242,Toufiqul Islam,Bangladeshi,18-22,C_counterfactual,2,3.0,3.4,3,"Priya R., 41, Self-employed",D,False,A,False,True,3,24272
P0242,Toufiqul Islam,Bangladeshi,18-22,C_counterfactual,2,3.0,3.4,4,"Marcus T., 55, Part-time",D,True,D,True,True,4,19338
P0242,Toufiqul Islam,Bangladeshi,18-22,C_counterfactual,2,3.0,3.4,5,"Anika P., 29, Full-time",D,True,A,False,False,4,22942
P0242,Toufiqul Islam,Bangladeshi,18-22,C_counterfactual,2,3.0,3.4,6,"David H., 47, Full-time",A,True,A,True,True,3,14435
P0242,Toufiqul Islam,Bangladeshi,18-22,C_counterfactual,2,3.0,3.4,7,"Fatima A., 33, Contract",D,False,A,False,True,4,17212
P0242,Toufiqul Islam,Bangladeshi,18-22,C_counterfactual,2,3.0,3.4,8,"Tom B., 22, Full-time",D,True,D,True,True,3,18229
P0242,Toufiqul Islam,Bangladeshi,18-22,C_counterfactual,2,3.0,3.4,9,"Olga S., 38, Full-time",A,True,A,True,True,4,18762
P0242,Toufiqul Islam,Bangladeshi,18-22,C_counterfactual,2,3.0,3.4,10,"Chen W., 45, Part-time",A,False,D,False,True,3,22562
P0243,Asma Mirza,Pakistani,41-50,C_counterfactual,1,2.6,4.1,1,"Sarah M., 34, Part-time",D,True,D,True,True,3,20075
P0243,Asma Mirza,Pakistani,41-50,C_counterfactual,1,2.6,4.1,2,"James K., 28, Full-time",A,True,A,True,True,4,16211
P0243,Asma Mirza,Pakistani,41-50,C_counterfactual,1,2.6,4.1,3,"Priya R., 41, Self-employed",D,False,D,True,False,3,11046
P0243,Asma Mirza,Pakistani,41-50,C_counterfactual,1,2.6,4.1,4,"Marcus T., 55, Part-time",D,True,D,True,True,3,17320
P0243,Asma Mirza,Pakistani,41-50,C_counterfactual,1,2.6,4.1,5,"Anika P., 29, Full-time",D,True,D,True,True,2,15655
P0243,Asma Mirza,Pakistani,41-50,C_counterfactual,1,2.6,4.1,6,"David H., 47, Full-time",A,True,A,True,True,2,13892
P0243,Asma Mirza,Pakistani,41-50,C_counterfactual,1,2.6,4.1,7,"Fatima A., 33, Contract",D,False,A,False,True,3,27013
P0243,Asma Mirza,Pakistani,41-50,C_counterfactual,1,2.6,4.1,8,"Tom B., 22, Full-time",D,True,D,True,True,4,12838
P0243,Asma Mirza,Pakistani,41-50,C_counterfactual,1,2.6,4.1,9,"Olga S., 38, Full-time",A,True,A,True,True,5,13496
P0243,Asma Mirza,Pakistani,41-50,C_counterfactual,1,2.6,4.1,10,"Chen W., 45, Part-time",A,False,A,True,False,3,12272
P0244,Ava Jackson,British,33-40,A_no_explanation,2,2.6,3.5,1,"Sarah M., 34, Part-time",D,True,D,True,True,3,16928
P0244,Ava Jackson,British,33-40,A_no_explanation,2,2.6,3.5,2,"James K., 28, Full-time",A,True,A,True,True,2,20235
P0244,Ava Jackson,British,33-40,A_no_explanation,2,2.6,3.5,3,"Priya R., 41, Self-employed",D,False,D,True,False,3,7075
P0244,Ava Jackson,British,33-40,A_no_explanation,2,2.6,3.5,4,"Marcus T., 55, Part-time",D,True,D,True,True,3,8140
P0244,Ava Jackson,British,33-40,A_no_explanation,2,2.6,3.5,5,"Anika P., 29, Full-time",D,True,D,True,True,3,21125
P0244,Ava Jackson,British,33-40,A_no_explanation,2,2.6,3.5,6,"David H., 47, Full-time",A,True,A,True,True,3,6579
P0244,Ava Jackson,British,33-40,A_no_explanation,2,2.6,3.5,7,"Fatima A., 33, Contract",D,False,A,False,True,3,24353
P0244,Ava Jackson,British,33-40,A_no_explanation,2,2.6,3.5,8,"Tom B., 22, Full-time",D,True,D,True,True,4,10911
P0244,Ava Jackson,British,33-40,A_no_explanation,2,2.6,3.5,9,"Olga S., 38, Full-time",A,True,A,True,True,3,12015
P0244,Ava Jackson,British,33-40,A_no_explanation,2,2.6,3.5,10,"Chen W., 45, Part-time",A,False,D,False,True,4,13875
P0245,Samuel Lewis,British,23-27,C_counterfactual,2,2.2,2.6,1,"Sarah M., 34, Part-time",D,True,D,True,True,4,23134
P0245,Samuel Lewis,British,23-27,C_counterfactual,2,2.2,2.6,2,"James K., 28, Full-time",A,True,D,False,False,3,20580
P0245,Samuel Lewis,British,23-27,C_counterfactual,2,2.2,2.6,3,"Priya R., 41, Self-employed",D,False,A,False,True,3,19790
P0245,Samuel Lewis,British,23-27,C_counterfactual,2,2.2,2.6,4,"Marcus T., 55, Part-time",D,True,D,True,True,4,21935
P0245,Samuel Lewis,British,23-27,C_counterfactual,2,2.2,2.6,5,"Anika P., 29, Full-time",D,True,A,False,False,4,25274
P0245,Samuel Lewis,British,23-27,C_counterfactual,2,2.2,2.6,6,"David H., 47, Full-time",A,True,D,False,False,2,23793
P0245,Samuel Lewis,British,23-27,C_counterfactual,2,2.2,2.6,7,"Fatima A., 33, Contract",D,False,D,True,False,3,14063
P0245,Samuel Lewis,British,23-27,C_counterfactual,2,2.2,2.6,8,"Tom B., 22, Full-time",D,True,D,True,True,3,9730
P0245,Samuel Lewis,British,23-27,C_counterfactual,2,2.2,2.6,9,"Olga S., 38, Full-time",A,True,D,False,False,3,20987
P0245,Samuel Lewis,British,23-27,C_counterfactual,2,2.2,2.6,10,"Chen W., 45, Part-time",A,False,D,False,True,2,20280
P0246,Salsabil Hossain,Bangladeshi,18-22,A_no_explanation,0,2.4,4.3,1,"Sarah M., 34, Part-time",D,True,A,False,False,4,30756
P0246,Salsabil Hossain,Bangladeshi,18-22,A_no_explanation,0,2.4,4.3,2,"James K., 28, Full-time",A,True,A,True,True,4,13218
P0246,Salsabil Hossain,Bangladeshi,18-22,A_no_explanation,0,2.4,4.3,3,"Priya R., 41, Self-employed",D,False,D,True,False,3,9603
P0246,Salsabil Hossain,Bangladeshi,18-22,A_no_explanation,0,2.4,4.3,4,"Marcus T., 55, Part-time",D,True,D,True,True,2,10470
P0246,Salsabil Hossain,Bangladeshi,18-22,A_no_explanation,0,2.4,4.3,5,"Anika P., 29, Full-time",D,True,D,True,True,3,9163
P0246,Salsabil Hossain,Bangladeshi,18-22,A_no_explanation,0,2.4,4.3,6,"David H., 47, Full-time",A,True,D,False,False,3,22131
P0246,Salsabil Hossain,Bangladeshi,18-22,A_no_explanation,0,2.4,4.3,7,"Fatima A., 33, Contract",D,False,D,True,False,3,13355
P0246,Salsabil Hossain,Bangladeshi,18-22,A_no_explanation,0,2.4,4.3,8,"Tom B., 22, Full-time",D,True,D,True,True,3,11751
P0246,Salsabil Hossain,Bangladeshi,18-22,A_no_explanation,0,2.4,4.3,9,"Olga S., 38, Full-time",A,True,D,False,False,4,12633
P0246,Salsabil Hossain,Bangladeshi,18-22,A_no_explanation,0,2.4,4.3,10,"Chen W., 45, Part-time",A,False,A,True,False,3,13801
P0247,Mithila Rahman,Bangladeshi,28-32,C_counterfactual,2,3.1,3.3,1,"Sarah M., 34, Part-time",D,True,D,True,True,2,19779
P0247,Mithila Rahman,Bangladeshi,28-32,C_counterfactual,2,3.1,3.3,2,"James K., 28, Full-time",A,True,A,True,True,3,11624
P0247,Mithila Rahman,Bangladeshi,28-32,C_counterfactual,2,3.1,3.3,3,"Priya R., 41, Self-employed",D,False,D,True,False,4,20968
P0247,Mithila Rahman,Bangladeshi,28-32,C_counterfactual,2,3.1,3.3,4,"Marcus T., 55, Part-time",D,True,D,True,True,4,17775
P0247,Mithila Rahman,Bangladeshi,28-32,C_counterfactual,2,3.1,3.3,5,"Anika P., 29, Full-time",D,True,A,False,False,3,22145
P0247,Mithila Rahman,Bangladeshi,28-32,C_counterfactual,2,3.1,3.3,6,"David H., 47, Full-time",A,True,D,False,False,4,23366
P0247,Mithila Rahman,Bangladeshi,28-32,C_counterfactual,2,3.1,3.3,7,"Fatima A., 33, Contract",D,False,A,False,True,3,28860
P0247,Mithila Rahman,Bangladeshi,28-32,C_counterfactual,2,3.1,3.3,8,"Tom B., 22, Full-time",D,True,D,True,True,3,16816
P0247,Mithila Rahman,Bangladeshi,28-32,C_counterfactual,2,3.1,3.3,9,"Olga S., 38, Full-time",A,True,A,True,True,4,19042
P0247,Mithila Rahman,Bangladeshi,28-32,C_counterfactual,2,3.1,3.3,10,"Chen W., 45, Part-time",A,False,D,False,True,3,22074
P0248,Adnan Siddiqui,Pakistani,18-22,A_no_explanation,1,4.2,1.8,1,"Sarah M., 34, Part-time",D,True,D,True,True,4,16729
P0248,Adnan Siddiqui,Pakistani,18-22,A_no_explanation,1,4.2,1.8,2,"James K., 28, Full-time",A,True,A,True,True,4,8968
P0248,Adnan Siddiqui,Pakistani,18-22,A_no_explanation,1,4.2,1.8,3,"Priya R., 41, Self-employed",D,False,D,True,False,4,11920
P0248,Adnan Siddiqui,Pakistani,18-22,A_no_explanation,1,4.2,1.8,4,"Marcus T., 55, Part-time",D,True,A,False,False,1,23083
P0248,Adnan Siddiqui,Pakistani,18-22,A_no_explanation,1,4.2,1.8,5,"Anika P., 29, Full-time",D,True,D,True,True,3,7913
P0248,Adnan Siddiqui,Pakistani,18-22,A_no_explanation,1,4.2,1.8,6,"David H., 47, Full-time",A,True,D,False,False,3,22543
P0248,Adnan Siddiqui,Pakistani,18-22,A_no_explanation,1,4.2,1.8,7,"Fatima A., 33, Contract",D,False,A,False,True,1,19378
P0248,Adnan Siddiqui,Pakistani,18-22,A_no_explanation,1,4.2,1.8,8,"Tom B., 22, Full-time",D,True,D,True,True,3,12362
P0248,Adnan Siddiqui,Pakistani,18-22,A_no_explanation,1,4.2,1.8,9,"Olga S., 38, Full-time",A,True,D,False,False,3,20399
P0248,Adnan Siddiqui,Pakistani,18-22,A_no_explanation,1,4.2,1.8,10,"Chen W., 45, Part-time",A,False,D,False,True,3,23132
P0249,Sadia Hossain,Bangladeshi,18-22,A_no_explanation,3,1.6,2.6,1,"Sarah M., 34, Part-time",D,True,D,True,True,5,23212
P0249,Sadia Hossain,Bangladeshi,18-22,A_no_explanation,3,1.6,2.6,2,"James K., 28, Full-time",A,True,D,False,False,3,27367
P0249,Sadia Hossain,Bangladeshi,18-22,A_no_explanation,3,1.6,2.6,3,"Priya R., 41, Self-employed",D,False,A,False,True,3,24869
P0249,Sadia Hossain,Bangladeshi,18-22,A_no_explanation,3,1.6,2.6,4,"Marcus T., 55, Part-time",D,True,A,False,False,3,20708
P0249,Sadia Hossain,Bangladeshi,18-22,A_no_explanation,3,1.6,2.6,5,"Anika P., 29, Full-time",D,True,A,False,False,2,26533
P0249,Sadia Hossain,Bangladeshi,18-22,A_no_explanation,3,1.6,2.6,6,"David H., 47, Full-time",A,True,A,True,True,2,6645
P0249,Sadia Hossain,Bangladeshi,18-22,A_no_explanation,3,1.6,2.6,7,"Fatima A., 33, Contract",D,False,A,False,True,3,24679
P0249,Sadia Hossain,Bangladeshi,18-22,A_no_explanation,3,1.6,2.6,8,"Tom B., 22, Full-time",D,True,A,False,False,2,19352
P0249,Sadia Hossain,Bangladeshi,18-22,A_no_explanation,3,1.6,2.6,9,"Olga S., 38, Full-time",A,True,A,True,True,3,13079
P0249,Sadia Hossain,Bangladeshi,18-22,A_no_explanation,3,1.6,2.6,10,"Chen W., 45, Part-time",A,False,A,True,False,3,6166
P0250,Efua Boateng,Other,18-22,A_no_explanation,1,3.0,3.3,1,"Sarah M., 34, Part-time",D,True,D,True,True,3,14015
P0250,Efua Boateng,Other,18-22,A_no_explanation,1,3.0,3.3,2,"James K., 28, Full-time",A,True,A,True,True,4,14003
P0250,Efua Boateng,Other,18-22,A_no_explanation,1,3.0,3.3,3,"Priya R., 41, Self-employed",D,False,D,True,False,4,7409
P0250,Efua Boateng,Other,18-22,A_no_explanation,1,3.0,3.3,4,"Marcus T., 55, Part-time",D,True,A,False,False,3,13177
P0250,Efua Boateng,Other,18-22,A_no_explanation,1,3.0,3.3,5,"Anika P., 29, Full-time",D,True,D,True,True,4,14162
P0250,Efua Boateng,Other,18-22,A_no_explanation,1,3.0,3.3,6,"David H., 47, Full-time",A,True,D,False,False,1,17489
P0250,Efua Boateng,Other,18-22,A_no_explanation,1,3.0,3.3,7,"Fatima A., 33, Contract",D,False,D,True,False,4,12799
P0250,Efua Boateng,Other,18-22,A_no_explanation,1,3.0,3.3,8,"Tom B., 22, Full-time",D,True,D,True,True,2,12103
P0250,Efua Boateng,Other,18-22,A_no_explanation,1,3.0,3.3,9,"Olga S., 38, Full-time",A,True,A,True,True,4,17161
P0250,Efua Boateng,Other,18-22,A_no_explanation,1,3.0,3.3,10,"Chen W., 45, Part-time",A,False,A,True,False,4,11993
P0251,Asif Iqbal,Bangladeshi,18-22,B_surface,3,3.6,3.7,1,"Sarah M., 34, Part-time",D,True,D,True,True,4,11507
P0251,Asif Iqbal,Bangladeshi,18-22,B_surface,3,3.6,3.7,2,"James K., 28, Full-time",A,True,D,False,False,2,16839
P0251,Asif Iqbal,Bangladeshi,18-22,B_surface,3,3.6,3.7,3,"Priya R., 41, Self-employed",D,False,A,False,True,2,18432
P0251,Asif Iqbal,Bangladeshi,18-22,B_surface,3,3.6,3.7,4,"Marcus T., 55, Part-time",D,True,D,True,True,2,11992
P0251,Asif Iqbal,Bangladeshi,18-22,B_surface,3,3.6,3.7,5,"Anika P., 29, Full-time",D,True,A,False,False,3,23618
P0251,Asif Iqbal,Bangladeshi,18-22,B_surface,3,3.6,3.7,6,"David H., 47, Full-time",A,True,D,False,False,4,14370
P0251,Asif Iqbal,Bangladeshi,18-22,B_surface,3,3.6,3.7,7,"Fatima A., 33, Contract",D,False,A,False,True,3,21417
P0251,Asif Iqbal,Bangladeshi,18-22,B_surface,3,3.6,3.7,8,"Tom B., 22, Full-time",D,True,D,True,True,2,12375
P0251,Asif Iqbal,Bangladeshi,18-22,B_surface,3,3.6,3.7,9,"Olga S., 38, Full-time",A,True,D,False,False,3,21685
P0251,Asif Iqbal,Bangladeshi,18-22,B_surface,3,3.6,3.7,10,"Chen W., 45, Part-time",A,False,D,False,True,3,14109
P0252,Hasibul Hasan,Bangladeshi,18-22,B_surface,2,2.4,3.4,1,"Sarah M., 34, Part-time",D,True,D,True,True,3,16555
P0252,Hasibul Hasan,Bangladeshi,18-22,B_surface,2,2.4,3.4,2,"James K., 28, Full-time",A,True,D,False,False,3,23256
P0252,Hasibul Hasan,Bangladeshi,18-22,B_surface,2,2.4,3.4,3,"Priya R., 41, Self-employed",D,False,D,True,False,3,13172
P0252,Hasibul Hasan,Bangladeshi,18-22,B_surface,2,2.4,3.4,4,"Marcus T., 55, Part-time",D,True,A,False,False,3,14589
P0252,Hasibul Hasan,Bangladeshi,18-22,B_surface,2,2.4,3.4,5,"Anika P., 29, Full-time",D,True,D,True,True,3,17766
P0252,Hasibul Hasan,Bangladeshi,18-22,B_surface,2,2.4,3.4,6,"David H., 47, Full-time",A,True,A,True,True,3,21504
P0252,Hasibul Hasan,Bangladeshi,18-22,B_surface,2,2.4,3.4,7,"Fatima A., 33, Contract",D,False,A,False,True,2,19240
P0252,Hasibul Hasan,Bangladeshi,18-22,B_surface,2,2.4,3.4,8,"Tom B., 22, Full-time",D,True,D,True,True,4,8329
P0252,Hasibul Hasan,Bangladeshi,18-22,B_surface,2,2.4,3.4,9,"Olga S., 38, Full-time",A,True,A,True,True,5,19598
P0252,Hasibul Hasan,Bangladeshi,18-22,B_surface,2,2.4,3.4,10,"Chen W., 45, Part-time",A,False,A,True,False,2,10997
P0253,Swati Joshi,Indian,23-27,A_no_explanation,1,2.7,2.8,1,"Sarah M., 34, Part-time",D,True,A,False,False,3,18566
P0253,Swati Joshi,Indian,23-27,A_no_explanation,1,2.7,2.8,2,"James K., 28, Full-time",A,True,D,False,False,3,15955
P0253,Swati Joshi,Indian,23-27,A_no_explanation,1,2.7,2.8,3,"Priya R., 41, Self-employed",D,False,D,True,False,4,8123
P0253,Swati Joshi,Indian,23-27,A_no_explanation,1,2.7,2.8,4,"Marcus T., 55, Part-time",D,True,D,True,True,3,10296
P0253,Swati Joshi,Indian,23-27,A_no_explanation,1,2.7,2.8,5,"Anika P., 29, Full-time",D,True,D,True,True,3,6085
P0253,Swati Joshi,Indian,23-27,A_no_explanation,1,2.7,2.8,6,"David H., 47, Full-time",A,True,A,True,True,2,10661
P0253,Swati Joshi,Indian,23-27,A_no_explanation,1,2.7,2.8,7,"Fatima A., 33, Contract",D,False,D,True,False,3,16968
P0253,Swati Joshi,Indian,23-27,A_no_explanation,1,2.7,2.8,8,"Tom B., 22, Full-time",D,True,D,True,True,3,11112
P0253,Swati Joshi,Indian,23-27,A_no_explanation,1,2.7,2.8,9,"Olga S., 38, Full-time",A,True,D,False,False,3,16259
P0253,Swati Joshi,Indian,23-27,A_no_explanation,1,2.7,2.8,10,"Chen W., 45, Part-time",A,False,A,True,False,4,10333
P0254,Dinesh Nair,Indian,23-27,C_counterfactual,1,2.0,2.7,1,"Sarah M., 34, Part-time",D,True,D,True,True,4,17808
P0254,Dinesh Nair,Indian,23-27,C_counterfactual,1,2.0,2.7,2,"James K., 28, Full-time",A,True,A,True,True,4,19319
P0254,Dinesh Nair,Indian,23-27,C_counterfactual,1,2.0,2.7,3,"Priya R., 41, Self-employed",D,False,A,False,True,4,16879
P0254,Dinesh Nair,Indian,23-27,C_counterfactual,1,2.0,2.7,4,"Marcus T., 55, Part-time",D,True,D,True,True,4,18236
P0254,Dinesh Nair,Indian,23-27,C_counterfactual,1,2.0,2.7,5,"Anika P., 29, Full-time",D,True,A,False,False,3,20504
P0254,Dinesh Nair,Indian,23-27,C_counterfactual,1,2.0,2.7,6,"David H., 47, Full-time",A,True,A,True,True,3,14405
P0254,Dinesh Nair,Indian,23-27,C_counterfactual,1,2.0,2.7,7,"Fatima A., 33, Contract",D,False,D,True,False,4,12718
P0254,Dinesh Nair,Indian,23-27,C_counterfactual,1,2.0,2.7,8,"Tom B., 22, Full-time",D,True,D,True,True,3,11917
P0254,Dinesh Nair,Indian,23-27,C_counterfactual,1,2.0,2.7,9,"Olga S., 38, Full-time",A,True,D,False,False,4,22665
P0254,Dinesh Nair,Indian,23-27,C_counterfactual,1,2.0,2.7,10,"Chen W., 45, Part-time",A,False,A,True,False,3,15652
P0255,Hong Ma,Chinese,23-27,B_surface,3,2.9,3.8,1,"Sarah M., 34, Part-time",D,True,A,False,False,4,27472
P0255,Hong Ma,Chinese,23-27,B_surface,3,2.9,3.8,2,"James K., 28, Full-time",A,True,A,True,True,2,12295
P0255,Hong Ma,Chinese,23-27,B_surface,3,2.9,3.8,3,"Priya R., 41, Self-employed",D,False,D,True,False,3,10755
P0255,Hong Ma,Chinese,23-27,B_surface,3,2.9,3.8,4,"Marcus T., 55, Part-time",D,True,A,False,False,3,20633
P0255,Hong Ma,Chinese,23-27,B_surface,3,2.9,3.8,5,"Anika P., 29, Full-time",D,True,A,False,False,2,15261
P0255,Hong Ma,Chinese,23-27,B_surface,3,2.9,3.8,6,"David H., 47, Full-time",A,True,D,False,False,3,26575
P0255,Hong Ma,Chinese,23-27,B_surface,3,2.9,3.8,7,"Fatima A., 33, Contract",D,False,A,False,True,3,26389
P0255,Hong Ma,Chinese,23-27,B_surface,3,2.9,3.8,8,"Tom B., 22, Full-time",D,True,D,True,True,3,15482
P0255,Hong Ma,Chinese,23-27,B_surface,3,2.9,3.8,9,"Olga S., 38, Full-time",A,True,D,False,False,3,16934
P0255,Hong Ma,Chinese,23-27,B_surface,3,2.9,3.8,10,"Chen W., 45, Part-time",A,False,D,False,True,2,20707
P0256,Faisal Ahmed,Bangladeshi,18-22,A_no_explanation,0,2.1,3.3,1,"Sarah M., 34, Part-time",D,True,D,True,True,4,10581
P0256,Faisal Ahmed,Bangladeshi,18-22,A_no_explanation,0,2.1,3.3,2,"James K., 28, Full-time",A,True,A,True,True,3,12804
P0256,Faisal Ahmed,Bangladeshi,18-22,A_no_explanation,0,2.1,3.3,3,"Priya R., 41, Self-employed",D,False,D,True,False,4,2800
P0256,Faisal Ahmed,Bangladeshi,18-22,A_no_explanation,0,2.1,3.3,4,"Marcus T., 55, Part-time",D,True,D,True,True,2,11397
P0256,Faisal Ahmed,Bangladeshi,18-22,A_no_explanation,0,2.1,3.3,5,"Anika P., 29, Full-time",D,True,D,True,True,3,18205
P0256,Faisal Ahmed,Bangladeshi,18-22,A_no_explanation,0,2.1,3.3,6,"David H., 47, Full-time",A,True,D,False,False,2,16599
P0256,Faisal Ahmed,Bangladeshi,18-22,A_no_explanation,0,2.1,3.3,7,"Fatima A., 33, Contract",D,False,A,False,True,3,19280
P0256,Faisal Ahmed,Bangladeshi,18-22,A_no_explanation,0,2.1,3.3,8,"Tom B., 22, Full-time",D,True,D,True,True,3,11682
P0256,Faisal Ahmed,Bangladeshi,18-22,A_no_explanation,0,2.1,3.3,9,"Olga S., 38, Full-time",A,True,A,True,True,3,13687
P0256,Faisal Ahmed,Bangladeshi,18-22,A_no_explanation,0,2.1,3.3,10,"Chen W., 45, Part-time",A,False,A,True,False,2,11575
P0257,Maisha Akter,Bangladeshi,41-50,A_no_explanation,2,3.2,2.0,1,"Sarah M., 34, Part-time",D,True,A,False,False,3,24973
P0257,Maisha Akter,Bangladeshi,41-50,A_no_explanation,2,3.2,2.0,2,"James K., 28, Full-time",A,True,A,True,True,3,14275
P0257,Maisha Akter,Bangladeshi,41-50,A_no_explanation,2,3.2,2.0,3,"Priya R., 41, Self-employed",D,False,D,True,False,3,10280
P0257,Maisha Akter,Bangladeshi,41-50,A_no_explanation,2,3.2,2.0,4,"Marcus T., 55, Part-time",D,True,A,False,False,3,14978
P0257,Maisha Akter,Bangladeshi,41-50,A_no_explanation,2,3.2,2.0,5,"Anika P., 29, Full-time",D,True,D,True,True,3,11037
P0257,Maisha Akter,Bangladeshi,41-50,A_no_explanation,2,3.2,2.0,6,"David H., 47, Full-time",A,True,A,True,True,4,10195
P0257,Maisha Akter,Bangladeshi,41-50,A_no_explanation,2,3.2,2.0,7,"Fatima A., 33, Contract",D,False,D,True,False,3,15125
P0257,Maisha Akter,Bangladeshi,41-50,A_no_explanation,2,3.2,2.0,8,"Tom B., 22, Full-time",D,True,D,True,True,2,13719
P0257,Maisha Akter,Bangladeshi,41-50,A_no_explanation,2,3.2,2.0,9,"Olga S., 38, Full-time",A,True,A,True,True,4,10840
P0257,Maisha Akter,Bangladeshi,41-50,A_no_explanation,2,3.2,2.0,10,"Chen W., 45, Part-time",A,False,A,True,False,3,9874
P0258,Saad Anwar,Pakistani,23-27,B_surface,2,3.0,3.5,1,"Sarah M., 34, Part-time",D,True,D,True,True,3,14250
P0258,Saad Anwar,Pakistani,23-27,B_surface,2,3.0,3.5,2,"James K., 28, Full-time",A,True,A,True,True,4,15387
P0258,Saad Anwar,Pakistani,23-27,B_surface,2,3.0,3.5,3,"Priya R., 41, Self-employed",D,False,D,True,False,5,10628
P0258,Saad Anwar,Pakistani,23-27,B_surface,2,3.0,3.5,4,"Marcus T., 55, Part-time",D,True,D,True,True,4,2938
P0258,Saad Anwar,Pakistani,23-27,B_surface,2,3.0,3.5,5,"Anika P., 29, Full-time",D,True,D,True,True,3,19003
P0258,Saad Anwar,Pakistani,23-27,B_surface,2,3.0,3.5,6,"David H., 47, Full-time",A,True,A,True,True,4,13648
P0258,Saad Anwar,Pakistani,23-27,B_surface,2,3.0,3.5,7,"Fatima A., 33, Contract",D,False,D,True,False,3,6752
P0258,Saad Anwar,Pakistani,23-27,B_surface,2,3.0,3.5,8,"Tom B., 22, Full-time",D,True,D,True,True,2,10634
P0258,Saad Anwar,Pakistani,23-27,B_surface,2,3.0,3.5,9,"Olga S., 38, Full-time",A,True,D,False,False,1,15489
P0258,Saad Anwar,Pakistani,23-27,B_surface,2,3.0,3.5,10,"Chen W., 45, Part-time",A,False,A,True,False,3,15031
P0259,Rafiqul Islam,Bangladeshi,28-32,B_surface,1,2.8,2.8,1,"Sarah M., 34, Part-time",D,True,D,True,True,4,18896
P0259,Rafiqul Islam,Bangladeshi,28-32,B_surface,1,2.8,2.8,2,"James K., 28, Full-time",A,True,A,True,True,3,13478
P0259,Rafiqul Islam,Bangladeshi,28-32,B_surface,1,2.8,2.8,3,"Priya R., 41, Self-employed",D,False,A,False,True,4,19097
P0259,Rafiqul Islam,Bangladeshi,28-32,B_surface,1,2.8,2.8,4,"Marcus T., 55, Part-time",D,True,A,False,False,3,23493
P0259,Rafiqul Islam,Bangladeshi,28-32,B_surface,1,2.8,2.8,5,"Anika P., 29, Full-time",D,True,A,False,False,4,21260
P0259,Rafiqul Islam,Bangladeshi,28-32,B_surface,1,2.8,2.8,6,"David H., 47, Full-time",A,True,D,False,False,3,19301
P0259,Rafiqul Islam,Bangladeshi,28-32,B_surface,1,2.8,2.8,7,"Fatima A., 33, Contract",D,False,A,False,True,4,18113
P0259,Rafiqul Islam,Bangladeshi,28-32,B_surface,1,2.8,2.8,8,"Tom B., 22, Full-time",D,True,A,False,False,2,16816
P0259,Rafiqul Islam,Bangladeshi,28-32,B_surface,1,2.8,2.8,9,"Olga S., 38, Full-time",A,True,A,True,True,4,15812
P0259,Rafiqul Islam,Bangladeshi,28-32,B_surface,1,2.8,2.8,10,"Chen W., 45, Part-time",A,False,A,True,False,3,16614
P0260,Laila Chaudhry,Pakistani,28-32,A_no_explanation,2,2.2,2.0,1,"Sarah M., 34, Part-time",D,True,D,True,True,3,11481
P0260,Laila Chaudhry,Pakistani,28-32,A_no_explanation,2,2.2,2.0,2,"James K., 28, Full-time",A,True,A,True,True,2,10410
P0260,Laila Chaudhry,Pakistani,28-32,A_no_explanation,2,2.2,2.0,3,"Priya R., 41, Self-employed",D,False,D,True,False,2,15726
P0260,Laila Chaudhry,Pakistani,28-32,A_no_explanation,2,2.2,2.0,4,"Marcus T., 55, Part-time",D,True,D,True,True,2,9566
P0260,Laila Chaudhry,Pakistani,28-32,A_no_explanation,2,2.2,2.0,5,"Anika P., 29, Full-time",D,True,D,True,True,2,13139
P0260,Laila Chaudhry,Pakistani,28-32,A_no_explanation,2,2.2,2.0,6,"David H., 47, Full-time",A,True,A,True,True,2,6339
P0260,Laila Chaudhry,Pakistani,28-32,A_no_explanation,2,2.2,2.0,7,"Fatima A., 33, Contract",D,False,D,True,False,3,7211
P0260,Laila Chaudhry,Pakistani,28-32,A_no_explanation,2,2.2,2.0,8,"Tom B., 22, Full-time",D,True,A,False,False,3,14937
P0260,Laila Chaudhry,Pakistani,28-32,A_no_explanation,2,2.2,2.0,9,"Olga S., 38, Full-time",A,True,A,True,True,2,8908
P0260,Laila Chaudhry,Pakistani,28-32,A_no_explanation,2,2.2,2.0,10,"Chen W., 45, Part-time",A,False,A,True,False,4,13721
P0261,Nicholas Allen,British,23-27,C_counterfactual,2,2.6,2.3,1,"Sarah M., 34, Part-time",D,True,A,False,False,3,22572
P0261,Nicholas Allen,British,23-27,C_counterfactual,2,2.6,2.3,2,"James K., 28, Full-time",A,True,D,False,False,3,25582
P0261,Nicholas Allen,British,23-27,C_counterfactual,2,2.6,2.3,3,"Priya R., 41, Self-employed",D,False,A,False,True,5,24640
P0261,Nicholas Allen,British,23-27,C_counterfactual,2,2.6,2.3,4,"Marcus T., 55, Part-time",D,True,D,True,True,4,19114
P0261,Nicholas Allen,British,23-27,C_counterfactual,2,2.6,2.3,5,"Anika P., 29, Full-time",D,True,A,False,False,2,28087
P0261,Nicholas Allen,British,23-27,C_counterfactual,2,2.6,2.3,6,"David H., 47, Full-time",A,True,A,True,True,4,12027
P0261,Nicholas Allen,British,23-27,C_counterfactual,2,2.6,2.3,7,"Fatima A., 33, Contract",D,False,A,False,True,4,21805
P0261,Nicholas Allen,British,23-27,C_counterfactual,2,2.6,2.3,8,"Tom B., 22, Full-time",D,True,A,False,False,2,18815
P0261,Nicholas Allen,British,23-27,C_counterfactual,2,2.6,2.3,9,"Olga S., 38, Full-time",A,True,A,True,True,3,11027
P0261,Nicholas Allen,British,23-27,C_counterfactual,2,2.6,2.3,10,"Chen W., 45, Part-time",A,False,D,False,True,2,16401
P0262,Aisha Hassan,Other,28-32,B_surface,1,2.1,1.7,1,"Sarah M., 34, Part-time",D,True,D,True,True,2,12892
P0262,Aisha Hassan,Other,28-32,B_surface,1,2.1,1.7,2,"James K., 28, Full-time",A,True,A,True,True,3,17651
P0262,Aisha Hassan,Other,28-32,B_surface,1,2.1,1.7,3,"Priya R., 41, Self-employed",D,False,A,False,True,3,21646
P0262,Aisha Hassan,Other,28-32,B_surface,1,2.1,1.7,4,"Marcus T., 55, Part-time",D,True,D,True,True,4,10301
P0262,Aisha Hassan,Other,28-32,B_surface,1,2.1,1.7,5,"Anika P., 29, Full-time",D,True,D,True,True,3,17877
P0262,Aisha Hassan,Other,28-32,B_surface,1,2.1,1.7,6,"David H., 47, Full-time",A,True,A,True,True,3,15744
P0262,Aisha Hassan,Other,28-32,B_surface,1,2.1,1.7,7,"Fatima A., 33, Contract",D,False,A,False,True,3,23817
P0262,Aisha Hassan,Other,28-32,B_surface,1,2.1,1.7,8,"Tom B., 22, Full-time",D,True,A,False,False,3,11750
P0262,Aisha Hassan,Other,28-32,B_surface,1,2.1,1.7,9,"Olga S., 38, Full-time",A,True,A,True,True,3,12520
P0262,Aisha Hassan,Other,28-32,B_surface,1,2.1,1.7,10,"Chen W., 45, Part-time",A,False,D,False,True,3,19842
P0263,Shahidur Rahman,Bangladeshi,23-27,C_counterfactual,2,3.6,4.7,1,"Sarah M., 34, Part-time",D,True,D,True,True,3,19200
P0263,Shahidur Rahman,Bangladeshi,23-27,C_counterfactual,2,3.6,4.7,2,"James K., 28, Full-time",A,True,D,False,False,4,22414
P0263,Shahidur Rahman,Bangladeshi,23-27,C_counterfactual,2,3.6,4.7,3,"Priya R., 41, Self-employed",D,False,D,True,False,2,21936
P0263,Shahidur Rahman,Bangladeshi,23-27,C_counterfactual,2,3.6,4.7,4,"Marcus T., 55, Part-time",D,True,D,True,True,3,10274
P0263,Shahidur Rahman,Bangladeshi,23-27,C_counterfactual,2,3.6,4.7,5,"Anika P., 29, Full-time",D,True,A,False,False,4,17251
P0263,Shahidur Rahman,Bangladeshi,23-27,C_counterfactual,2,3.6,4.7,6,"David H., 47, Full-time",A,True,D,False,False,4,29598
P0263,Shahidur Rahman,Bangladeshi,23-27,C_counterfactual,2,3.6,4.7,7,"Fatima A., 33, Contract",D,False,D,True,False,5,21679
P0263,Shahidur Rahman,Bangladeshi,23-27,C_counterfactual,2,3.6,4.7,8,"Tom B., 22, Full-time",D,True,D,True,True,3,11649
P0263,Shahidur Rahman,Bangladeshi,23-27,C_counterfactual,2,3.6,4.7,9,"Olga S., 38, Full-time",A,True,A,True,True,4,15908
P0263,Shahidur Rahman,Bangladeshi,23-27,C_counterfactual,2,3.6,4.7,10,"Chen W., 45, Part-time",A,False,D,False,True,4,21829
P0264,Bo Yang,Chinese,23-27,B_surface,2,2.4,3.4,1,"Sarah M., 34, Part-time",D,True,D,True,True,4,15136
P0264,Bo Yang,Chinese,23-27,B_surface,2,2.4,3.4,2,"James K., 28, Full-time",A,True,A,True,True,2,13412
P0264,Bo Yang,Chinese,23-27,B_surface,2,2.4,3.4,3,"Priya R., 41, Self-employed",D,False,D,True,False,3,17593
P0264,Bo Yang,Chinese,23-27,B_surface,2,2.4,3.4,4,"Marcus T., 55, Part-time",D,True,D,True,True,3,10990
P0264,Bo Yang,Chinese,23-27,B_surface,2,2.4,3.4,5,"Anika P., 29, Full-time",D,True,D,True,True,3,10960
P0264,Bo Yang,Chinese,23-27,B_surface,2,2.4,3.4,6,"David H., 47, Full-time",A,True,D,False,False,3,22404
P0264,Bo Yang,Chinese,23-27,B_surface,2,2.4,3.4,7,"Fatima A., 33, Contract",D,False,D,True,False,3,14440
P0264,Bo Yang,Chinese,23-27,B_surface,2,2.4,3.4,8,"Tom B., 22, Full-time",D,True,D,True,True,4,14979
P0264,Bo Yang,Chinese,23-27,B_surface,2,2.4,3.4,9,"Olga S., 38, Full-time",A,True,A,True,True,4,13510
P0264,Bo Yang,Chinese,23-27,B_surface,2,2.4,3.4,10,"Chen W., 45, Part-time",A,False,D,False,True,2,16944
P0265,Mahfuza Akter,Bangladeshi,23-27,B_surface,0,3.8,4.3,1,"Sarah M., 34, Part-time",D,True,D,True,True,3,14722
P0265,Mahfuza Akter,Bangladeshi,23-27,B_surface,0,3.8,4.3,2,"James K., 28, Full-time",A,True,D,False,False,2,19770
P0265,Mahfuza Akter,Bangladeshi,23-27,B_surface,0,3.8,4.3,3,"Priya R., 41, Self-employed",D,False,A,False,True,2,18239
P0265,Mahfuza Akter,Bangladeshi,23-27,B_surface,0,3.8,4.3,4,"Marcus T., 55, Part-time",D,True,D,True,True,3,15166
P0265,Mahfuza Akter,Bangladeshi,23-27,B_surface,0,3.8,4.3,5,"Anika P., 29, Full-time",D,True,D,True,True,3,14400
P0265,Mahfuza Akter,Bangladeshi,23-27,B_surface,0,3.8,4.3,6,"David H., 47, Full-time",A,True,A,True,True,3,16752
P0265,Mahfuza Akter,Bangladeshi,23-27,B_surface,0,3.8,4.3,7,"Fatima A., 33, Contract",D,False,D,True,False,3,18123
P0265,Mahfuza Akter,Bangladeshi,23-27,B_surface,0,3.8,4.3,8,"Tom B., 22, Full-time",D,True,D,True,True,3,5335
P0265,Mahfuza Akter,Bangladeshi,23-27,B_surface,0,3.8,4.3,9,"Olga S., 38, Full-time",A,True,A,True,True,4,8113
P0265,Mahfuza Akter,Bangladeshi,23-27,B_surface,0,3.8,4.3,10,"Chen W., 45, Part-time",A,False,A,True,False,3,13059
P0266,Anika Tasnim,Bangladeshi,33-40,B_surface,3,3.7,2.3,1,"Sarah M., 34, Part-time",D,True,A,False,False,1,19828
P0266,Anika Tasnim,Bangladeshi,33-40,B_surface,3,3.7,2.3,2,"James K., 28, Full-time",A,True,D,False,False,2,23258
P0266,Anika Tasnim,Bangladeshi,33-40,B_surface,3,3.7,2.3,3,"Priya R., 41, Self-employed",D,False,A,False,True,4,15239
P0266,Anika Tasnim,Bangladeshi,33-40,B_surface,3,3.7,2.3,4,"Marcus T., 55, Part-time",D,True,D,True,True,2,7375
P0266,Anika Tasnim,Bangladeshi,33-40,B_surface,3,3.7,2.3,5,"Anika P., 29, Full-time",D,True,D,True,True,4,12624
P0266,Anika Tasnim,Bangladeshi,33-40,B_surface,3,3.7,2.3,6,"David H., 47, Full-time",A,True,A,True,True,4,9486
P0266,Anika Tasnim,Bangladeshi,33-40,B_surface,3,3.7,2.3,7,"Fatima A., 33, Contract",D,False,D,True,False,4,12275
P0266,Anika Tasnim,Bangladeshi,33-40,B_surface,3,3.7,2.3,8,"Tom B., 22, Full-time",D,True,A,False,False,3,24202
P0266,Anika Tasnim,Bangladeshi,33-40,B_surface,3,3.7,2.3,9,"Olga S., 38, Full-time",A,True,A,True,True,2,11383
P0266,Anika Tasnim,Bangladeshi,33-40,B_surface,3,3.7,2.3,10,"Chen W., 45, Part-time",A,False,A,True,False,3,13644
P0267,Rubel Hossain,Bangladeshi,28-32,A_no_explanation,2,2.3,3.6,1,"Sarah M., 34, Part-time",D,True,A,False,False,3,25841
P0267,Rubel Hossain,Bangladeshi,28-32,A_no_explanation,2,2.3,3.6,2,"James K., 28, Full-time",A,True,A,True,True,3,9836
P0267,Rubel Hossain,Bangladeshi,28-32,A_no_explanation,2,2.3,3.6,3,"Priya R., 41, Self-employed",D,False,D,True,False,3,11523
P0267,Rubel Hossain,Bangladeshi,28-32,A_no_explanation,2,2.3,3.6,4,"Marcus T., 55, Part-time",D,True,D,True,True,3,7233
P0267,Rubel Hossain,Bangladeshi,28-32,A_no_explanation,2,2.3,3.6,5,"Anika P., 29, Full-time",D,True,A,False,False,3,16919
P0267,Rubel Hossain,Bangladeshi,28-32,A_no_explanation,2,2.3,3.6,6,"David H., 47, Full-time",A,True,A,True,True,3,17239
P0267,Rubel Hossain,Bangladeshi,28-32,A_no_explanation,2,2.3,3.6,7,"Fatima A., 33, Contract",D,False,A,False,True,3,18582
P0267,Rubel Hossain,Bangladeshi,28-32,A_no_explanation,2,2.3,3.6,8,"Tom B., 22, Full-time",D,True,A,False,False,2,18045
P0267,Rubel Hossain,Bangladeshi,28-32,A_no_explanation,2,2.3,3.6,9,"Olga S., 38, Full-time",A,True,A,True,True,4,9226
P0267,Rubel Hossain,Bangladeshi,28-32,A_no_explanation,2,2.3,3.6,10,"Chen W., 45, Part-time",A,False,D,False,True,4,21642
P0268,Parvez Ahmed,Bangladeshi,18-22,A_no_explanation,1,2.6,1.8,1,"Sarah M., 34, Part-time",D,True,D,True,True,4,23746
P0268,Parvez Ahmed,Bangladeshi,18-22,A_no_explanation,1,2.6,1.8,2,"James K., 28, Full-time",A,True,D,False,False,3,19669
P0268,Parvez Ahmed,Bangladeshi,18-22,A_no_explanation,1,2.6,1.8,3,"Priya R., 41, Self-employed",D,False,A,False,True,2,21950
P0268,Parvez Ahmed,Bangladeshi,18-22,A_no_explanation,1,2.6,1.8,4,"Marcus T., 55, Part-time",D,True,D,True,True,2,18261
P0268,Parvez Ahmed,Bangladeshi,18-22,A_no_explanation,1,2.6,1.8,5,"Anika P., 29, Full-time",D,True,D,True,True,3,13614
P0268,Parvez Ahmed,Bangladeshi,18-22,A_no_explanation,1,2.6,1.8,6,"David H., 47, Full-time",A,True,A,True,True,3,17789
P0268,Parvez Ahmed,Bangladeshi,18-22,A_no_explanation,1,2.6,1.8,7,"Fatima A., 33, Contract",D,False,A,False,True,2,13254
P0268,Parvez Ahmed,Bangladeshi,18-22,A_no_explanation,1,2.6,1.8,8,"Tom B., 22, Full-time",D,True,A,False,False,2,20171
P0268,Parvez Ahmed,Bangladeshi,18-22,A_no_explanation,1,2.6,1.8,9,"Olga S., 38, Full-time",A,True,A,True,True,4,12592
P0268,Parvez Ahmed,Bangladeshi,18-22,A_no_explanation,1,2.6,1.8,10,"Chen W., 45, Part-time",A,False,A,True,False,4,12656
P0269,Zahir Uddin,Bangladeshi,28-32,B_surface,3,2.6,3.3,1,"Sarah M., 34, Part-time",D,True,A,False,False,2,22434
P0269,Zahir Uddin,Bangladeshi,28-32,B_surface,3,2.6,3.3,2,"James K., 28, Full-time",A,True,A,True,True,2,12460
P0269,Zahir Uddin,Bangladeshi,28-32,B_surface,3,2.6,3.3,3,"Priya R., 41, Self-employed",D,False,A,False,True,3,19648
P0269,Zahir Uddin,Bangladeshi,28-32,B_surface,3,2.6,3.3,4,"Marcus T., 55, Part-time",D,True,D,True,True,4,6875
P0269,Zahir Uddin,Bangladeshi,28-32,B_surface,3,2.6,3.3,5,"Anika P., 29, Full-time",D,True,D,True,True,3,12039
P0269,Zahir Uddin,Bangladeshi,28-32,B_surface,3,2.6,3.3,6,"David H., 47, Full-time",A,True,A,True,True,3,9823
P0269,Zahir Uddin,Bangladeshi,28-32,B_surface,3,2.6,3.3,7,"Fatima A., 33, Contract",D,False,D,True,False,4,14085
P0269,Zahir Uddin,Bangladeshi,28-32,B_surface,3,2.6,3.3,8,"Tom B., 22, Full-time",D,True,D,True,True,3,14977
P0269,Zahir Uddin,Bangladeshi,28-32,B_surface,3,2.6,3.3,9,"Olga S., 38, Full-time",A,True,A,True,True,3,12553
P0269,Zahir Uddin,Bangladeshi,28-32,B_surface,3,2.6,3.3,10,"Chen W., 45, Part-time",A,False,D,False,True,2,15906
P0270,Liza Akter,Bangladeshi,23-27,B_surface,1,3.9,3.7,1,"Sarah M., 34, Part-time",D,True,A,False,False,4,23670
P0270,Liza Akter,Bangladeshi,23-27,B_surface,1,3.9,3.7,2,"James K., 28, Full-time",A,True,A,True,True,4,15405
P0270,Liza Akter,Bangladeshi,23-27,B_surface,1,3.9,3.7,3,"Priya R., 41, Self-employed",D,False,D,True,False,4,9070
P0270,Liza Akter,Bangladeshi,23-27,B_surface,1,3.9,3.7,4,"Marcus T., 55, Part-time",D,True,D,True,True,2,10109
P0270,Liza Akter,Bangladeshi,23-27,B_surface,1,3.9,3.7,5,"Anika P., 29, Full-time",D,True,A,False,False,2,28191
P0270,Liza Akter,Bangladeshi,23-27,B_surface,1,3.9,3.7,6,"David H., 47, Full-time",A,True,A,True,True,3,10583
P0270,Liza Akter,Bangladeshi,23-27,B_surface,1,3.9,3.7,7,"Fatima A., 33, Contract",D,False,D,True,False,4,12381
P0270,Liza Akter,Bangladeshi,23-27,B_surface,1,3.9,3.7,8,"Tom B., 22, Full-time",D,True,D,True,True,4,15498
P0270,Liza Akter,Bangladeshi,23-27,B_surface,1,3.9,3.7,9,"Olga S., 38, Full-time",A,True,A,True,True,4,13738
P0270,Liza Akter,Bangladeshi,23-27,B_surface,1,3.9,3.7,10,"Chen W., 45, Part-time",A,False,A,True,False,3,13478
P0271,Rabia Hussain,Pakistani,23-27,B_surface,0,4.0,3.1,1,"Sarah M., 34, Part-time",D,True,D,True,True,2,19123
P0271,Rabia Hussain,Pakistani,23-27,B_surface,0,4.0,3.1,2,"James K., 28, Full-time",A,True,D,False,False,3,16322
P0271,Rabia Hussain,Pakistani,23-27,B_surface,0,4.0,3.1,3,"Priya R., 41, Self-employed",D,False,A,False,True,4,25165
P0271,Rabia Hussain,Pakistani,23-27,B_surface,0,4.0,3.1,4,"Marcus T., 55, Part-time",D,True,A,False,False,4,22242
P0271,Rabia Hussain,Pakistani,23-27,B_surface,0,4.0,3.1,5,"Anika P., 29, Full-time",D,True,D,True,True,3,18091
P0271,Rabia Hussain,Pakistani,23-27,B_surface,0,4.0,3.1,6,"David H., 47, Full-time",A,True,D,False,False,4,22252
P0271,Rabia Hussain,Pakistani,23-27,B_surface,0,4.0,3.1,7,"Fatima A., 33, Contract",D,False,D,True,False,2,9516
P0271,Rabia Hussain,Pakistani,23-27,B_surface,0,4.0,3.1,8,"Tom B., 22, Full-time",D,True,D,True,True,3,14641
P0271,Rabia Hussain,Pakistani,23-27,B_surface,0,4.0,3.1,9,"Olga S., 38, Full-time",A,True,A,True,True,4,17623
P0271,Rabia Hussain,Pakistani,23-27,B_surface,0,4.0,3.1,10,"Chen W., 45, Part-time",A,False,A,True,False,5,17464
P0272,Madison Clark,British,41-50,B_surface,0,1.0,3.3,1,"Sarah M., 34, Part-time",D,True,D,True,True,4,14111
P0272,Madison Clark,British,41-50,B_surface,0,1.0,3.3,2,"James K., 28, Full-time",A,True,A,True,True,4,12372
P0272,Madison Clark,British,41-50,B_surface,0,1.0,3.3,3,"Priya R., 41, Self-employed",D,False,D,True,False,3,7414
P0272,Madison Clark,British,41-50,B_surface,0,1.0,3.3,4,"Marcus T., 55, Part-time",D,True,D,True,True,4,14808
P0272,Madison Clark,British,41-50,B_surface,0,1.0,3.3,5,"Anika P., 29, Full-time",D,True,A,False,False,4,28887
P0272,Madison Clark,British,41-50,B_surface,0,1.0,3.3,6,"David H., 47, Full-time",A,True,A,True,True,2,13739
P0272,Madison Clark,British,41-50,B_surface,0,1.0,3.3,7,"Fatima A., 33, Contract",D,False,D,True,False,4,10956
P0272,Madison Clark,British,41-50,B_surface,0,1.0,3.3,8,"Tom B., 22, Full-time",D,True,D,True,True,2,16005
P0272,Madison Clark,British,41-50,B_surface,0,1.0,3.3,9,"Olga S., 38, Full-time",A,True,D,False,False,4,14407
P0272,Madison Clark,British,41-50,B_surface,0,1.0,3.3,10,"Chen W., 45, Part-time",A,False,D,False,True,3,22399
P0273,Monira Begum,Bangladeshi,18-22,A_no_explanation,1,3.1,3.3,1,"Sarah M., 34, Part-time",D,True,D,True,True,3,11822
P0273,Monira Begum,Bangladeshi,18-22,A_no_explanation,1,3.1,3.3,2,"James K., 28, Full-time",A,True,A,True,True,4,5305
P0273,Monira Begum,Bangladeshi,18-22,A_no_explanation,1,3.1,3.3,3,"Priya R., 41, Self-employed",D,False,D,True,False,4,11634
P0273,Monira Begum,Bangladeshi,18-22,A_no_explanation,1,3.1,3.3,4,"Marcus T., 55, Part-time",D,True,A,False,False,4,11877
P0273,Monira Begum,Bangladeshi,18-22,A_no_explanation,1,3.1,3.3,5,"Anika P., 29, Full-time",D,True,D,True,True,3,15238
P0273,Monira Begum,Bangladeshi,18-22,A_no_explanation,1,3.1,3.3,6,"David H., 47, Full-time",A,True,A,True,True,4,14984
P0273,Monira Begum,Bangladeshi,18-22,A_no_explanation,1,3.1,3.3,7,"Fatima A., 33, Contract",D,False,D,True,False,3,15228
P0273,Monira Begum,Bangladeshi,18-22,A_no_explanation,1,3.1,3.3,8,"Tom B., 22, Full-time",D,True,D,True,True,2,8809
P0273,Monira Begum,Bangladeshi,18-22,A_no_explanation,1,3.1,3.3,9,"Olga S., 38, Full-time",A,True,D,False,False,3,17027
P0273,Monira Begum,Bangladeshi,18-22,A_no_explanation,1,3.1,3.3,10,"Chen W., 45, Part-time",A,False,D,False,True,4,20388
P0274,Natalie Lewis,British,28-32,A_no_explanation,2,3.7,2.1,1,"Sarah M., 34, Part-time",D,True,D,True,True,2,11962
P0274,Natalie Lewis,British,28-32,A_no_explanation,2,3.7,2.1,2,"James K., 28, Full-time",A,True,D,False,False,3,20986
P0274,Natalie Lewis,British,28-32,A_no_explanation,2,3.7,2.1,3,"Priya R., 41, Self-employed",D,False,D,True,False,3,4674
P0274,Natalie Lewis,British,28-32,A_no_explanation,2,3.7,2.1,4,"Marcus T., 55, Part-time",D,True,D,True,True,3,13289
P0274,Natalie Lewis,British,28-32,A_no_explanation,2,3.7,2.1,5,"Anika P., 29, Full-time",D,True,D,True,True,5,8485
P0274,Natalie Lewis,British,28-32,A_no_explanation,2,3.7,2.1,6,"David H., 47, Full-time",A,True,D,False,False,3,24097
P0274,Natalie Lewis,British,28-32,A_no_explanation,2,3.7,2.1,7,"Fatima A., 33, Contract",D,False,D,True,False,3,17391
P0274,Natalie Lewis,British,28-32,A_no_explanation,2,3.7,2.1,8,"Tom B., 22, Full-time",D,True,A,False,False,2,22164
P0274,Natalie Lewis,British,28-32,A_no_explanation,2,3.7,2.1,9,"Olga S., 38, Full-time",A,True,A,True,True,1,12148
P0274,Natalie Lewis,British,28-32,A_no_explanation,2,3.7,2.1,10,"Chen W., 45, Part-time",A,False,A,True,False,3,10714
P0275,Tousif Ahmed,Bangladeshi,23-27,A_no_explanation,2,3.8,4.3,1,"Sarah M., 34, Part-time",D,True,D,True,True,4,19142
P0275,Tousif Ahmed,Bangladeshi,23-27,A_no_explanation,2,3.8,4.3,2,"James K., 28, Full-time",A,True,D,False,False,2,23755
P0275,Tousif Ahmed,Bangladeshi,23-27,A_no_explanation,2,3.8,4.3,3,"Priya R., 41, Self-employed",D,False,D,True,False,4,12848
P0275,Tousif Ahmed,Bangladeshi,23-27,A_no_explanation,2,3.8,4.3,4,"Marcus T., 55, Part-time",D,True,A,False,False,2,19752
P0275,Tousif Ahmed,Bangladeshi,23-27,A_no_explanation,2,3.8,4.3,5,"Anika P., 29, Full-time",D,True,A,False,False,2,15279
P0275,Tousif Ahmed,Bangladeshi,23-27,A_no_explanation,2,3.8,4.3,6,"David H., 47, Full-time",A,True,A,True,True,3,10766
P0275,Tousif Ahmed,Bangladeshi,23-27,A_no_explanation,2,3.8,4.3,7,"Fatima A., 33, Contract",D,False,D,True,False,4,13797
P0275,Tousif Ahmed,Bangladeshi,23-27,A_no_explanation,2,3.8,4.3,8,"Tom B., 22, Full-time",D,True,D,True,True,3,7921
P0275,Tousif Ahmed,Bangladeshi,23-27,A_no_explanation,2,3.8,4.3,9,"Olga S., 38, Full-time",A,True,A,True,True,3,13385
P0275,Tousif Ahmed,Bangladeshi,23-27,A_no_explanation,2,3.8,4.3,10,"Chen W., 45, Part-time",A,False,D,False,True,2,21348
P0276,Nadia Akter,Bangladeshi,23-27,A_no_explanation,1,3.7,4.2,1,"Sarah M., 34, Part-time",D,True,D,True,True,4,12544
P0276,Nadia Akter,Bangladeshi,23-27,A_no_explanation,1,3.7,4.2,2,"James K., 28, Full-time",A,True,A,True,True,3,13809
P0276,Nadia Akter,Bangladeshi,23-27,A_no_explanation,1,3.7,4.2,3,"Priya R., 41, Self-employed",D,False,D,True,False,3,10844
P0276,Nadia Akter,Bangladeshi,23-27,A_no_explanation,1,3.7,4.2,4,"Marcus T., 55, Part-time",D,True,D,True,True,3,3739
P0276,Nadia Akter,Bangladeshi,23-27,A_no_explanation,1,3.7,4.2,5,"Anika P., 29, Full-time",D,True,D,True,True,2,12442
P0276,Nadia Akter,Bangladeshi,23-27,A_no_explanation,1,3.7,4.2,6,"David H., 47, Full-time",A,True,A,True,True,4,7519
P0276,Nadia Akter,Bangladeshi,23-27,A_no_explanation,1,3.7,4.2,7,"Fatima A., 33, Contract",D,False,A,False,True,2,22410
P0276,Nadia Akter,Bangladeshi,23-27,A_no_explanation,1,3.7,4.2,8,"Tom B., 22, Full-time",D,True,D,True,True,3,8235
P0276,Nadia Akter,Bangladeshi,23-27,A_no_explanation,1,3.7,4.2,9,"Olga S., 38, Full-time",A,True,D,False,False,3,20153
P0276,Nadia Akter,Bangladeshi,23-27,A_no_explanation,1,3.7,4.2,10,"Chen W., 45, Part-time",A,False,A,True,False,3,10628
P0277,Redwan Islam,Bangladeshi,23-27,C_counterfactual,1,4.7,3.1,1,"Sarah M., 34, Part-time",D,True,A,False,False,2,23824
P0277,Redwan Islam,Bangladeshi,23-27,C_counterfactual,1,4.7,3.1,2,"James K., 28, Full-time",A,True,D,False,False,3,24110
P0277,Redwan Islam,Bangladeshi,23-27,C_counterfactual,1,4.7,3.1,3,"Priya R., 41, Self-employed",D,False,D,True,False,4,16717
P0277,Redwan Islam,Bangladeshi,23-27,C_counterfactual,1,4.7,3.1,4,"Marcus T., 55, Part-time",D,True,A,False,False,2,18753
P0277,Redwan Islam,Bangladeshi,23-27,C_counterfactual,1,4.7,3.1,5,"Anika P., 29, Full-time",D,True,D,True,True,3,20113
P0277,Redwan Islam,Bangladeshi,23-27,C_counterfactual,1,4.7,3.1,6,"David H., 47, Full-time",A,True,D,False,False,4,24791
P0277,Redwan Islam,Bangladeshi,23-27,C_counterfactual,1,4.7,3.1,7,"Fatima A., 33, Contract",D,False,D,True,False,3,15247
P0277,Redwan Islam,Bangladeshi,23-27,C_counterfactual,1,4.7,3.1,8,"Tom B., 22, Full-time",D,True,D,True,True,4,14324
P0277,Redwan Islam,Bangladeshi,23-27,C_counterfactual,1,4.7,3.1,9,"Olga S., 38, Full-time",A,True,D,False,False,3,26891
P0277,Redwan Islam,Bangladeshi,23-27,C_counterfactual,1,4.7,3.1,10,"Chen W., 45, Part-time",A,False,A,True,False,4,19383
P0278,Seun Akinwale,Nigerian,23-27,A_no_explanation,2,3.8,3.7,1,"Sarah M., 34, Part-time",D,True,A,False,False,2,24932
P0278,Seun Akinwale,Nigerian,23-27,A_no_explanation,2,3.8,3.7,2,"James K., 28, Full-time",A,True,D,False,False,1,19289
P0278,Seun Akinwale,Nigerian,23-27,A_no_explanation,2,3.8,3.7,3,"Priya R., 41, Self-employed",D,False,A,False,True,3,15929
P0278,Seun Akinwale,Nigerian,23-27,A_no_explanation,2,3.8,3.7,4,"Marcus T., 55, Part-time",D,True,D,True,True,3,9323
P0278,Seun Akinwale,Nigerian,23-27,A_no_explanation,2,3.8,3.7,5,"Anika P., 29, Full-time",D,True,A,False,False,2,17991
P0278,Seun Akinwale,Nigerian,23-27,A_no_explanation,2,3.8,3.7,6,"David H., 47, Full-time",A,True,D,False,False,2,24004
P0278,Seun Akinwale,Nigerian,23-27,A_no_explanation,2,3.8,3.7,7,"Fatima A., 33, Contract",D,False,A,False,True,3,22737
P0278,Seun Akinwale,Nigerian,23-27,A_no_explanation,2,3.8,3.7,8,"Tom B., 22, Full-time",D,True,D,True,True,3,17044
P0278,Seun Akinwale,Nigerian,23-27,A_no_explanation,2,3.8,3.7,9,"Olga S., 38, Full-time",A,True,D,False,False,3,20561
P0278,Seun Akinwale,Nigerian,23-27,A_no_explanation,2,3.8,3.7,10,"Chen W., 45, Part-time",A,False,A,True,False,3,12126
P0279,Rezaul Karim,Bangladeshi,18-22,C_counterfactual,0,1.1,4.3,1,"Sarah M., 34, Part-time",D,True,D,True,True,4,24769
P0279,Rezaul Karim,Bangladeshi,18-22,C_counterfactual,0,1.1,4.3,2,"James K., 28, Full-time",A,True,D,False,False,3,24788
P0279,Rezaul Karim,Bangladeshi,18-22,C_counterfactual,0,1.1,4.3,3,"Priya R., 41, Self-employed",D,False,A,False,True,4,22725
P0279,Rezaul Karim,Bangladeshi,18-22,C_counterfactual,0,1.1,4.3,4,"Marcus T., 55, Part-time",D,True,D,True,True,3,20497
P0279,Rezaul Karim,Bangladeshi,18-22,C_counterfactual,0,1.1,4.3,5,"Anika P., 29, Full-time",D,True,D,True,True,4,15460
P0279,Rezaul Karim,Bangladeshi,18-22,C_counterfactual,0,1.1,4.3,6,"David H., 47, Full-time",A,True,D,False,False,3,21054
P0279,Rezaul Karim,Bangladeshi,18-22,C_counterfactual,0,1.1,4.3,7,"Fatima A., 33, Contract",D,False,A,False,True,3,18560
P0279,Rezaul Karim,Bangladeshi,18-22,C_counterfactual,0,1.1,4.3,8,"Tom B., 22, Full-time",D,True,A,False,False,3,16722
P0279,Rezaul Karim,Bangladeshi,18-22,C_counterfactual,0,1.1,4.3,9,"Olga S., 38, Full-time",A,True,A,True,True,3,13494
P0279,Rezaul Karim,Bangladeshi,18-22,C_counterfactual,0,1.1,4.3,10,"Chen W., 45, Part-time",A,False,D,False,True,3,22351
P0280,Toyin Adebayo,Nigerian,23-27,B_surface,0,2.4,3.6,1,"Sarah M., 34, Part-time",D,True,A,False,False,3,29074
P0280,Toyin Adebayo,Nigerian,23-27,B_surface,0,2.4,3.6,2,"James K., 28, Full-time",A,True,A,True,True,3,12634
P0280,Toyin Adebayo,Nigerian,23-27,B_surface,0,2.4,3.6,3,"Priya R., 41, Self-employed",D,False,D,True,False,4,15074
P0280,Toyin Adebayo,Nigerian,23-27,B_surface,0,2.4,3.6,4,"Marcus T., 55, Part-time",D,True,D,True,True,2,20291
P0280,Toyin Adebayo,Nigerian,23-27,B_surface,0,2.4,3.6,5,"Anika P., 29, Full-time",D,True,D,True,True,4,12328
P0280,Toyin Adebayo,Nigerian,23-27,B_surface,0,2.4,3.6,6,"David H., 47, Full-time",A,True,A,True,True,4,8707
P0280,Toyin Adebayo,Nigerian,23-27,B_surface,0,2.4,3.6,7,"Fatima A., 33, Contract",D,False,D,True,False,3,14248
P0280,Toyin Adebayo,Nigerian,23-27,B_surface,0,2.4,3.6,8,"Tom B., 22, Full-time",D,True,A,False,False,4,16138
P0280,Toyin Adebayo,Nigerian,23-27,B_surface,0,2.4,3.6,9,"Olga S., 38, Full-time",A,True,A,True,True,4,13239
P0280,Toyin Adebayo,Nigerian,23-27,B_surface,0,2.4,3.6,10,"Chen W., 45, Part-time",A,False,A,True,False,3,12070
P0281,Mamun Hossain,Bangladeshi,18-22,B_surface,2,1.0,2.8,1,"Sarah M., 34, Part-time",D,True,D,True,True,3,8636
P0281,Mamun Hossain,Bangladeshi,18-22,B_surface,2,1.0,2.8,2,"James K., 28, Full-time",A,True,A,True,True,3,10553
P0281,Mamun Hossain,Bangladeshi,18-22,B_surface,2,1.0,2.8,3,"Priya R., 41, Self-employed",D,False,D,True,False,4,14015
P0281,Mamun Hossain,Bangladeshi,18-22,B_surface,2,1.0,2.8,4,"Marcus T., 55, Part-time",D,True,D,True,True,3,16480
P0281,Mamun Hossain,Bangladeshi,18-22,B_surface,2,1.0,2.8,5,"Anika P., 29, Full-time",D,True,D,True,True,4,12237
P0281,Mamun Hossain,Bangladeshi,18-22,B_surface,2,1.0,2.8,6,"David H., 47, Full-time",A,True,D,False,False,3,18012
P0281,Mamun Hossain,Bangladeshi,18-22,B_surface,2,1.0,2.8,7,"Fatima A., 33, Contract",D,False,A,False,True,2,16838
P0281,Mamun Hossain,Bangladeshi,18-22,B_surface,2,1.0,2.8,8,"Tom B., 22, Full-time",D,True,A,False,False,2,27159
P0281,Mamun Hossain,Bangladeshi,18-22,B_surface,2,1.0,2.8,9,"Olga S., 38, Full-time",A,True,A,True,True,2,10384
P0281,Mamun Hossain,Bangladeshi,18-22,B_surface,2,1.0,2.8,10,"Chen W., 45, Part-time",A,False,D,False,True,3,18100
P0282,Abul Hossain,Bangladeshi,28-32,C_counterfactual,2,2.6,3.0,1,"Sarah M., 34, Part-time",D,True,D,True,True,4,14367
P0282,Abul Hossain,Bangladeshi,28-32,C_counterfactual,2,2.6,3.0,2,"James K., 28, Full-time",A,True,A,True,True,3,13665
P0282,Abul Hossain,Bangladeshi,28-32,C_counterfactual,2,2.6,3.0,3,"Priya R., 41, Self-employed",D,False,D,True,False,3,17400
P0282,Abul Hossain,Bangladeshi,28-32,C_counterfactual,2,2.6,3.0,4,"Marcus T., 55, Part-time",D,True,A,False,False,2,26149
P0282,Abul Hossain,Bangladeshi,28-32,C_counterfactual,2,2.6,3.0,5,"Anika P., 29, Full-time",D,True,A,False,False,2,15603
P0282,Abul Hossain,Bangladeshi,28-32,C_counterfactual,2,2.6,3.0,6,"David H., 47, Full-time",A,True,D,False,False,4,26637
P0282,Abul Hossain,Bangladeshi,28-32,C_counterfactual,2,2.6,3.0,7,"Fatima A., 33, Contract",D,False,A,False,True,3,18670
P0282,Abul Hossain,Bangladeshi,28-32,C_counterfactual,2,2.6,3.0,8,"Tom B., 22, Full-time",D,True,D,True,True,4,17962
P0282,Abul Hossain,Bangladeshi,28-32,C_counterfactual,2,2.6,3.0,9,"Olga S., 38, Full-time",A,True,A,True,True,4,13235
P0282,Abul Hossain,Bangladeshi,28-32,C_counterfactual,2,2.6,3.0,10,"Chen W., 45, Part-time",A,False,D,False,True,2,17132
P0283,Lucas Martin,British,41-50,C_counterfactual,2,4.7,2.2,1,"Sarah M., 34, Part-time",D,True,D,True,True,4,12515
P0283,Lucas Martin,British,41-50,C_counterfactual,2,4.7,2.2,2,"James K., 28, Full-time",A,True,A,True,True,4,12418
P0283,Lucas Martin,British,41-50,C_counterfactual,2,4.7,2.2,3,"Priya R., 41, Self-employed",D,False,A,False,True,2,17384
P0283,Lucas Martin,British,41-50,C_counterfactual,2,4.7,2.2,4,"Marcus T., 55, Part-time",D,True,D,True,True,5,13705
P0283,Lucas Martin,British,41-50,C_counterfactual,2,4.7,2.2,5,"Anika P., 29, Full-time",D,True,A,False,False,4,16625
P0283,Lucas Martin,British,41-50,C_counterfactual,2,4.7,2.2,6,"David H., 47, Full-time",A,True,A,True,True,2,21002
P0283,Lucas Martin,British,41-50,C_counterfactual,2,4.7,2.2,7,"Fatima A., 33, Contract",D,False,D,True,False,3,10010
P0283,Lucas Martin,British,41-50,C_counterfactual,2,4.7,2.2,8,"Tom B., 22, Full-time",D,True,A,False,False,2,18957
P0283,Lucas Martin,British,41-50,C_counterfactual,2,4.7,2.2,9,"Olga S., 38, Full-time",A,True,A,True,True,4,14159
P0283,Lucas Martin,British,41-50,C_counterfactual,2,4.7,2.2,10,"Chen W., 45, Part-time",A,False,D,False,True,4,30449
P0284,Mofazzal Hossain,Bangladeshi,33-40,A_no_explanation,2,2.3,3.3,1,"Sarah M., 34, Part-time",D,True,A,False,False,1,22493
P0284,Mofazzal Hossain,Bangladeshi,33-40,A_no_explanation,2,2.3,3.3,2,"James K., 28, Full-time",A,True,A,True,True,4,10764
P0284,Mofazzal Hossain,Bangladeshi,33-40,A_no_explanation,2,2.3,3.3,3,"Priya R., 41, Self-employed",D,False,D,True,False,3,17995
P0284,Mofazzal Hossain,Bangladeshi,33-40,A_no_explanation,2,2.3,3.3,4,"Marcus T., 55, Part-time",D,True,D,True,True,1,18452
P0284,Mofazzal Hossain,Bangladeshi,33-40,A_no_explanation,2,2.3,3.3,5,"Anika P., 29, Full-time",D,True,A,False,False,1,19285
P0284,Mofazzal Hossain,Bangladeshi,33-40,A_no_explanation,2,2.3,3.3,6,"David H., 47, Full-time",A,True,D,False,False,3,12749
P0284,Mofazzal Hossain,Bangladeshi,33-40,A_no_explanation,2,2.3,3.3,7,"Fatima A., 33, Contract",D,False,D,True,False,3,13518
P0284,Mofazzal Hossain,Bangladeshi,33-40,A_no_explanation,2,2.3,3.3,8,"Tom B., 22, Full-time",D,True,A,False,False,2,20049
P0284,Mofazzal Hossain,Bangladeshi,33-40,A_no_explanation,2,2.3,3.3,9,"Olga S., 38, Full-time",A,True,D,False,False,2,18485
P0284,Mofazzal Hossain,Bangladeshi,33-40,A_no_explanation,2,2.3,3.3,10,"Chen W., 45, Part-time",A,False,A,True,False,4,6792
P0285,Suraya Jaafar,Malaysian,23-27,A_no_explanation,0,2.7,4.5,1,"Sarah M., 34, Part-time",D,True,D,True,True,3,17747
P0285,Suraya Jaafar,Malaysian,23-27,A_no_explanation,0,2.7,4.5,2,"James K., 28, Full-time",A,True,A,True,True,3,14264
P0285,Suraya Jaafar,Malaysian,23-27,A_no_explanation,0,2.7,4.5,3,"Priya R., 41, Self-employed",D,False,D,True,False,3,14277
P0285,Suraya Jaafar,Malaysian,23-27,A_no_explanation,0,2.7,4.5,4,"Marcus T., 55, Part-time",D,True,A,False,False,3,19530
P0285,Suraya Jaafar,Malaysian,23-27,A_no_explanation,0,2.7,4.5,5,"Anika P., 29, Full-time",D,True,D,True,True,3,8546
P0285,Suraya Jaafar,Malaysian,23-27,A_no_explanation,0,2.7,4.5,6,"David H., 47, Full-time",A,True,A,True,True,4,13686
P0285,Suraya Jaafar,Malaysian,23-27,A_no_explanation,0,2.7,4.5,7,"Fatima A., 33, Contract",D,False,D,True,False,4,13892
P0285,Suraya Jaafar,Malaysian,23-27,A_no_explanation,0,2.7,4.5,8,"Tom B., 22, Full-time",D,True,A,False,False,2,17182
P0285,Suraya Jaafar,Malaysian,23-27,A_no_explanation,0,2.7,4.5,9,"Olga S., 38, Full-time",A,True,A,True,True,3,11637
P0285,Suraya Jaafar,Malaysian,23-27,A_no_explanation,0,2.7,4.5,10,"Chen W., 45, Part-time",A,False,D,False,True,3,18518
P0286,Rahela Begum,Bangladeshi,18-22,A_no_explanation,2,3.1,2.4,1,"Sarah M., 34, Part-time",D,True,D,True,True,3,14446
P0286,Rahela Begum,Bangladeshi,18-22,A_no_explanation,2,3.1,2.4,2,"James K., 28, Full-time",A,True,A,True,True,3,4827
P0286,Rahela Begum,Bangladeshi,18-22,A_no_explanation,2,3.1,2.4,3,"Priya R., 41, Self-employed",D,False,D,True,False,3,6098
P0286,Rahela Begum,Bangladeshi,18-22,A_no_explanation,2,3.1,2.4,4,"Marcus T., 55, Part-time",D,True,A,False,False,4,22839
P0286,Rahela Begum,Bangladeshi,18-22,A_no_explanation,2,3.1,2.4,5,"Anika P., 29, Full-time",D,True,A,False,False,4,19234
P0286,Rahela Begum,Bangladeshi,18-22,A_no_explanation,2,3.1,2.4,6,"David H., 47, Full-time",A,True,A,True,True,3,12709
P0286,Rahela Begum,Bangladeshi,18-22,A_no_explanation,2,3.1,2.4,7,"Fatima A., 33, Contract",D,False,D,True,False,3,2800
P0286,Rahela Begum,Bangladeshi,18-22,A_no_explanation,2,3.1,2.4,8,"Tom B., 22, Full-time",D,True,A,False,False,3,21072
P0286,Rahela Begum,Bangladeshi,18-22,A_no_explanation,2,3.1,2.4,9,"Olga S., 38, Full-time",A,True,D,False,False,3,20090
P0286,Rahela Begum,Bangladeshi,18-22,A_no_explanation,2,3.1,2.4,10,"Chen W., 45, Part-time",A,False,A,True,False,3,20951
P0287,Zarif Ahmed,Bangladeshi,41-50,A_no_explanation,1,5.0,2.7,1,"Sarah M., 34, Part-time",D,True,D,True,True,4,19061
P0287,Zarif Ahmed,Bangladeshi,41-50,A_no_explanation,1,5.0,2.7,2,"James K., 28, Full-time",A,True,D,False,False,2,24554
P0287,Zarif Ahmed,Bangladeshi,41-50,A_no_explanation,1,5.0,2.7,3,"Priya R., 41, Self-employed",D,False,D,True,False,4,6388
P0287,Zarif Ahmed,Bangladeshi,41-50,A_no_explanation,1,5.0,2.7,4,"Marcus T., 55, Part-time",D,True,A,False,False,1,28451
P0287,Zarif Ahmed,Bangladeshi,41-50,A_no_explanation,1,5.0,2.7,5,"Anika P., 29, Full-time",D,True,D,True,True,3,13733
P0287,Zarif Ahmed,Bangladeshi,41-50,A_no_explanation,1,5.0,2.7,6,"David H., 47, Full-time",A,True,A,True,True,4,12237
P0287,Zarif Ahmed,Bangladeshi,41-50,A_no_explanation,1,5.0,2.7,7,"Fatima A., 33, Contract",D,False,D,True,False,3,11722
P0287,Zarif Ahmed,Bangladeshi,41-50,A_no_explanation,1,5.0,2.7,8,"Tom B., 22, Full-time",D,True,D,True,True,2,13494
P0287,Zarif Ahmed,Bangladeshi,41-50,A_no_explanation,1,5.0,2.7,9,"Olga S., 38, Full-time",A,True,A,True,True,3,6510
P0287,Zarif Ahmed,Bangladeshi,41-50,A_no_explanation,1,5.0,2.7,10,"Chen W., 45, Part-time",A,False,A,True,False,3,11246
P0288,Sohel Rana,Bangladeshi,18-22,A_no_explanation,3,2.8,3.5,1,"Sarah M., 34, Part-time",D,True,A,False,False,3,22385
P0288,Sohel Rana,Bangladeshi,18-22,A_no_explanation,3,2.8,3.5,2,"James K., 28, Full-time",A,True,A,True,True,3,5688
P0288,Sohel Rana,Bangladeshi,18-22,A_no_explanation,3,2.8,3.5,3,"Priya R., 41, Self-employed",D,False,A,False,True,3,19514
P0288,Sohel Rana,Bangladeshi,18-22,A_no_explanation,3,2.8,3.5,4,"Marcus T., 55, Part-time",D,True,A,False,False,2,24278
P0288,Sohel Rana,Bangladeshi,18-22,A_no_explanation,3,2.8,3.5,5,"Anika P., 29, Full-time",D,True,D,True,True,4,8557
P0288,Sohel Rana,Bangladeshi,18-22,A_no_explanation,3,2.8,3.5,6,"David H., 47, Full-time",A,True,A,True,True,2,7549
P0288,Sohel Rana,Bangladeshi,18-22,A_no_explanation,3,2.8,3.5,7,"Fatima A., 33, Contract",D,False,D,True,False,2,10881
P0288,Sohel Rana,Bangladeshi,18-22,A_no_explanation,3,2.8,3.5,8,"Tom B., 22, Full-time",D,True,A,False,False,3,16816
P0288,Sohel Rana,Bangladeshi,18-22,A_no_explanation,3,2.8,3.5,9,"Olga S., 38, Full-time",A,True,D,False,False,1,23666
P0288,Sohel Rana,Bangladeshi,18-22,A_no_explanation,3,2.8,3.5,10,"Chen W., 45, Part-time",A,False,A,True,False,3,11479
P0289,Jessica Mitchell,British,23-27,B_surface,2,3.8,2.7,1,"Sarah M., 34, Part-time",D,True,A,False,False,4,24928
P0289,Jessica Mitchell,British,23-27,B_surface,2,3.8,2.7,2,"James K., 28, Full-time",A,True,D,False,False,2,16857
P0289,Jessica Mitchell,British,23-27,B_surface,2,3.8,2.7,3,"Priya R., 41, Self-employed",D,False,D,True,False,3,16083
P0289,Jessica Mitchell,British,23-27,B_surface,2,3.8,2.7,4,"Marcus T., 55, Part-time",D,True,A,False,False,2,13757
P0289,Jessica Mitchell,British,23-27,B_surface,2,3.8,2.7,5,"Anika P., 29, Full-time",D,True,A,False,False,3,19022
P0289,Jessica Mitchell,British,23-27,B_surface,2,3.8,2.7,6,"David H., 47, Full-time",A,True,A,True,True,5,11131
P0289,Jessica Mitchell,British,23-27,B_surface,2,3.8,2.7,7,"Fatima A., 33, Contract",D,False,D,True,False,3,12554
P0289,Jessica Mitchell,British,23-27,B_surface,2,3.8,2.7,8,"Tom B., 22, Full-time",D,True,D,True,True,4,10575
P0289,Jessica Mitchell,British,23-27,B_surface,2,3.8,2.7,9,"Olga S., 38, Full-time",A,True,A,True,True,4,12914
P0289,Jessica Mitchell,British,23-27,B_surface,2,3.8,2.7,10,"Chen W., 45, Part-time",A,False,D,False,True,3,21364
P0290,Nazmun Nahar,Bangladeshi,28-32,B_surface,0,3.4,2.4,1,"Sarah M., 34, Part-time",D,True,A,False,False,3,18751
P0290,Nazmun Nahar,Bangladeshi,28-32,B_surface,0,3.4,2.4,2,"James K., 28, Full-time",A,True,A,True,True,2,10640
P0290,Nazmun Nahar,Bangladeshi,28-32,B_surface,0,3.4,2.4,3,"Priya R., 41, Self-employed",D,False,A,False,True,2,17228
P0290,Nazmun Nahar,Bangladeshi,28-32,B_surface,0,3.4,2.4,4,"Marcus T., 55, Part-time",D,True,D,True,True,3,13462
P0290,Nazmun Nahar,Bangladeshi,28-32,B_surface,0,3.4,2.4,5,"Anika P., 29, Full-time",D,True,D,True,True,3,8534
P0290,Nazmun Nahar,Bangladeshi,28-32,B_surface,0,3.4,2.4,6,"David H., 47, Full-time",A,True,D,False,False,3,13579
P0290,Nazmun Nahar,Bangladeshi,28-32,B_surface,0,3.4,2.4,7,"Fatima A., 33, Contract",D,False,A,False,True,1,25380
P0290,Nazmun Nahar,Bangladeshi,28-32,B_surface,0,3.4,2.4,8,"Tom B., 22, Full-time",D,True,D,True,True,4,10922
P0290,Nazmun Nahar,Bangladeshi,28-32,B_surface,0,3.4,2.4,9,"Olga S., 38, Full-time",A,True,D,False,False,3,19967
P0290,Nazmun Nahar,Bangladeshi,28-32,B_surface,0,3.4,2.4,10,"Chen W., 45, Part-time",A,False,A,True,False,3,16351
P0291,Yeasmin Akter,Bangladeshi,23-27,C_counterfactual,3,2.7,4.5,1,"Sarah M., 34, Part-time",D,True,A,False,False,3,31642
P0291,Yeasmin Akter,Bangladeshi,23-27,C_counterfactual,3,2.7,4.5,2,"James K., 28, Full-time",A,True,A,True,True,5,19841
P0291,Yeasmin Akter,Bangladeshi,23-27,C_counterfactual,3,2.7,4.5,3,"Priya R., 41, Self-employed",D,False,D,True,False,4,12737
P0291,Yeasmin Akter,Bangladeshi,23-27,C_counterfactual,3,2.7,4.5,4,"Marcus T., 55, Part-time",D,True,A,False,False,1,24816
P0291,Yeasmin Akter,Bangladeshi,23-27,C_counterfactual,3,2.7,4.5,5,"Anika P., 29, Full-time",D,True,A,False,False,2,18254
P0291,Yeasmin Akter,Bangladeshi,23-27,C_counterfactual,3,2.7,4.5,6,"David H., 47, Full-time",A,True,D,False,False,4,24189
P0291,Yeasmin Akter,Bangladeshi,23-27,C_counterfactual,3,2.7,4.5,7,"Fatima A., 33, Contract",D,False,A,False,True,2,18817
P0291,Yeasmin Akter,Bangladeshi,23-27,C_counterfactual,3,2.7,4.5,8,"Tom B., 22, Full-time",D,True,A,False,False,4,25634
P0291,Yeasmin Akter,Bangladeshi,23-27,C_counterfactual,3,2.7,4.5,9,"Olga S., 38, Full-time",A,True,D,False,False,4,28258
P0291,Yeasmin Akter,Bangladeshi,23-27,C_counterfactual,3,2.7,4.5,10,"Chen W., 45, Part-time",A,False,D,False,True,3,24268
P0292,Bilkis Akter,Bangladeshi,23-27,B_surface,2,2.3,3.2,1,"Sarah M., 34, Part-time",D,True,A,False,False,3,22485
P0292,Bilkis Akter,Bangladeshi,23-27,B_surface,2,2.3,3.2,2,"James K., 28, Full-time",A,True,A,True,True,4,9734
P0292,Bilkis Akter,Bangladeshi,23-27,B_surface,2,2.3,3.2,3,"Priya R., 41, Self-employed",D,False,D,True,False,3,9404
P0292,Bilkis Akter,Bangladeshi,23-27,B_surface,2,2.3,3.2,4,"Marcus T., 55, Part-time",D,True,A,False,False,1,19966
P0292,Bilkis Akter,Bangladeshi,23-27,B_surface,2,2.3,3.2,5,"Anika P., 29, Full-time",D,True,A,False,False,2,23208
P0292,Bilkis Akter,Bangladeshi,23-27,B_surface,2,2.3,3.2,6,"David H., 47, Full-time",A,True,D,False,False,2,18003
P0292,Bilkis Akter,Bangladeshi,23-27,B_surface,2,2.3,3.2,7,"Fatima A., 33, Contract",D,False,A,False,True,2,22374
P0292,Bilkis Akter,Bangladeshi,23-27,B_surface,2,2.3,3.2,8,"Tom B., 22, Full-time",D,True,D,True,True,4,5843
P0292,Bilkis Akter,Bangladeshi,23-27,B_surface,2,2.3,3.2,9,"Olga S., 38, Full-time",A,True,A,True,True,4,14284
P0292,Bilkis Akter,Bangladeshi,23-27,B_surface,2,2.3,3.2,10,"Chen W., 45, Part-time",A,False,D,False,True,3,16996
P0293,Wei Zhang,Chinese,18-22,C_counterfactual,1,2.6,3.0,1,"Sarah M., 34, Part-time",D,True,D,True,True,4,18543
P0293,Wei Zhang,Chinese,18-22,C_counterfactual,1,2.6,3.0,2,"James K., 28, Full-time",A,True,A,True,True,4,16958
P0293,Wei Zhang,Chinese,18-22,C_counterfactual,1,2.6,3.0,3,"Priya R., 41, Self-employed",D,False,D,True,False,3,13869
P0293,Wei Zhang,Chinese,18-22,C_counterfactual,1,2.6,3.0,4,"Marcus T., 55, Part-time",D,True,D,True,True,3,17352
P0293,Wei Zhang,Chinese,18-22,C_counterfactual,1,2.6,3.0,5,"Anika P., 29, Full-time",D,True,D,True,True,4,9005
P0293,Wei Zhang,Chinese,18-22,C_counterfactual,1,2.6,3.0,6,"David H., 47, Full-time",A,True,D,False,False,3,25497
P0293,Wei Zhang,Chinese,18-22,C_counterfactual,1,2.6,3.0,7,"Fatima A., 33, Contract",D,False,A,False,True,3,25590
P0293,Wei Zhang,Chinese,18-22,C_counterfactual,1,2.6,3.0,8,"Tom B., 22, Full-time",D,True,D,True,True,3,8991
P0293,Wei Zhang,Chinese,18-22,C_counterfactual,1,2.6,3.0,9,"Olga S., 38, Full-time",A,True,D,False,False,2,23297
P0293,Wei Zhang,Chinese,18-22,C_counterfactual,1,2.6,3.0,10,"Chen W., 45, Part-time",A,False,A,True,False,3,20418
P0294,Nadia Iqbal,Pakistani,18-22,A_no_explanation,1,2.8,3.7,1,"Sarah M., 34, Part-time",D,True,D,True,True,4,16979
P0294,Nadia Iqbal,Pakistani,18-22,A_no_explanation,1,2.8,3.7,2,"James K., 28, Full-time",A,True,A,True,True,3,16292
P0294,Nadia Iqbal,Pakistani,18-22,A_no_explanation,1,2.8,3.7,3,"Priya R., 41, Self-employed",D,False,A,False,True,4,20494
P0294,Nadia Iqbal,Pakistani,18-22,A_no_explanation,1,2.8,3.7,4,"Marcus T., 55, Part-time",D,True,D,True,True,3,7247
P0294,Nadia Iqbal,Pakistani,18-22,A_no_explanation,1,2.8,3.7,5,"Anika P., 29, Full-time",D,True,A,False,False,2,20811
P0294,Nadia Iqbal,Pakistani,18-22,A_no_explanation,1,2.8,3.7,6,"David H., 47, Full-time",A,True,A,True,True,3,9626
P0294,Nadia Iqbal,Pakistani,18-22,A_no_explanation,1,2.8,3.7,7,"Fatima A., 33, Contract",D,False,D,True,False,2,7702
P0294,Nadia Iqbal,Pakistani,18-22,A_no_explanation,1,2.8,3.7,8,"Tom B., 22, Full-time",D,True,A,False,False,3,26252
P0294,Nadia Iqbal,Pakistani,18-22,A_no_explanation,1,2.8,3.7,9,"Olga S., 38, Full-time",A,True,A,True,True,4,14471
P0294,Nadia Iqbal,Pakistani,18-22,A_no_explanation,1,2.8,3.7,10,"Chen W., 45, Part-time",A,False,A,True,False,4,13859
P0295,Nurul Islam,Bangladeshi,18-22,C_counterfactual,1,1.5,4.5,1,"Sarah M., 34, Part-time",D,True,A,False,False,3,21603
P0295,Nurul Islam,Bangladeshi,18-22,C_counterfactual,1,1.5,4.5,2,"James K., 28, Full-time",A,True,A,True,True,4,8761
P0295,Nurul Islam,Bangladeshi,18-22,C_counterfactual,1,1.5,4.5,3,"Priya R., 41, Self-employed",D,False,A,False,True,2,21008
P0295,Nurul Islam,Bangladeshi,18-22,C_counterfactual,1,1.5,4.5,4,"Marcus T., 55, Part-time",D,True,D,True,True,4,12955
P0295,Nurul Islam,Bangladeshi,18-22,C_counterfactual,1,1.5,4.5,5,"Anika P., 29, Full-time",D,True,A,False,False,3,19155
P0295,Nurul Islam,Bangladeshi,18-22,C_counterfactual,1,1.5,4.5,6,"David H., 47, Full-time",A,True,A,True,True,4,18779
P0295,Nurul Islam,Bangladeshi,18-22,C_counterfactual,1,1.5,4.5,7,"Fatima A., 33, Contract",D,False,D,True,False,3,15185
P0295,Nurul Islam,Bangladeshi,18-22,C_counterfactual,1,1.5,4.5,8,"Tom B., 22, Full-time",D,True,D,True,True,3,13279
P0295,Nurul Islam,Bangladeshi,18-22,C_counterfactual,1,1.5,4.5,9,"Olga S., 38, Full-time",A,True,A,True,True,3,14863
P0295,Nurul Islam,Bangladeshi,18-22,C_counterfactual,1,1.5,4.5,10,"Chen W., 45, Part-time",A,False,D,False,True,4,25061
P0296,Sola Adesanya,Nigerian,33-40,A_no_explanation,1,2.6,3.6,1,"Sarah M., 34, Part-time",D,True,A,False,False,2,18584
P0296,Sola Adesanya,Nigerian,33-40,A_no_explanation,1,2.6,3.6,2,"James K., 28, Full-time",A,True,D,False,False,2,20729
P0296,Sola Adesanya,Nigerian,33-40,A_no_explanation,1,2.6,3.6,3,"Priya R., 41, Self-employed",D,False,A,False,True,3,21075
P0296,Sola Adesanya,Nigerian,33-40,A_no_explanation,1,2.6,3.6,4,"Marcus T., 55, Part-time",D,True,D,True,True,3,13741
P0296,Sola Adesanya,Nigerian,33-40,A_no_explanation,1,2.6,3.6,5,"Anika P., 29, Full-time",D,True,D,True,True,5,8976
P0296,Sola Adesanya,Nigerian,33-40,A_no_explanation,1,2.6,3.6,6,"David H., 47, Full-time",A,True,A,True,True,4,10464
P0296,Sola Adesanya,Nigerian,33-40,A_no_explanation,1,2.6,3.6,7,"Fatima A., 33, Contract",D,False,D,True,False,3,2800
P0296,Sola Adesanya,Nigerian,33-40,A_no_explanation,1,2.6,3.6,8,"Tom B., 22, Full-time",D,True,D,True,True,2,9868
P0296,Sola Adesanya,Nigerian,33-40,A_no_explanation,1,2.6,3.6,9,"Olga S., 38, Full-time",A,True,D,False,False,5,25831
P0296,Sola Adesanya,Nigerian,33-40,A_no_explanation,1,2.6,3.6,10,"Chen W., 45, Part-time",A,False,A,True,False,3,10313
P0297,Abdul Karim,Bangladeshi,18-22,A_no_explanation,0,1.9,3.0,1,"Sarah M., 34, Part-time",D,True,D,True,True,2,18064
P0297,Abdul Karim,Bangladeshi,18-22,A_no_explanation,0,1.9,3.0,2,"James K., 28, Full-time",A,True,A,True,True,2,10052
P0297,Abdul Karim,Bangladeshi,18-22,A_no_explanation,0,1.9,3.0,3,"Priya R., 41, Self-employed",D,False,D,True,False,2,7215
P0297,Abdul Karim,Bangladeshi,18-22,A_no_explanation,0,1.9,3.0,4,"Marcus T., 55, Part-time",D,True,A,False,False,2,20071
P0297,Abdul Karim,Bangladeshi,18-22,A_no_explanation,0,1.9,3.0,5,"Anika P., 29, Full-time",D,True,D,True,True,4,8176
P0297,Abdul Karim,Bangladeshi,18-22,A_no_explanation,0,1.9,3.0,6,"David H., 47, Full-time",A,True,D,False,False,3,23042
P0297,Abdul Karim,Bangladeshi,18-22,A_no_explanation,0,1.9,3.0,7,"Fatima A., 33, Contract",D,False,D,True,False,3,7089
P0297,Abdul Karim,Bangladeshi,18-22,A_no_explanation,0,1.9,3.0,8,"Tom B., 22, Full-time",D,True,D,True,True,2,9664
P0297,Abdul Karim,Bangladeshi,18-22,A_no_explanation,0,1.9,3.0,9,"Olga S., 38, Full-time",A,True,D,False,False,2,17894
P0297,Abdul Karim,Bangladeshi,18-22,A_no_explanation,0,1.9,3.0,10,"Chen W., 45, Part-time",A,False,A,True,False,3,12104
P0298,Sophie Walker,British,23-27,A_no_explanation,3,2.6,3.8,1,"Sarah M., 34, Part-time",D,True,D,True,True,4,22008
P0298,Sophie Walker,British,23-27,A_no_explanation,3,2.6,3.8,2,"James K., 28, Full-time",A,True,A,True,True,3,10577
P0298,Sophie Walker,British,23-27,A_no_explanation,3,2.6,3.8,3,"Priya R., 41, Self-employed",D,False,D,True,False,4,9749
P0298,Sophie Walker,British,23-27,A_no_explanation,3,2.6,3.8,4,"Marcus T., 55, Part-time",D,True,A,False,False,1,22185
P0298,Sophie Walker,British,23-27,A_no_explanation,3,2.6,3.8,5,"Anika P., 29, Full-time",D,True,D,True,True,3,13026
P0298,Sophie Walker,British,23-27,A_no_explanation,3,2.6,3.8,6,"David H., 47, Full-time",A,True,A,True,True,4,17673
P0298,Sophie Walker,British,23-27,A_no_explanation,3,2.6,3.8,7,"Fatima A., 33, Contract",D,False,D,True,False,2,9977
P0298,Sophie Walker,British,23-27,A_no_explanation,3,2.6,3.8,8,"Tom B., 22, Full-time",D,True,A,False,False,1,22111
P0298,Sophie Walker,British,23-27,A_no_explanation,3,2.6,3.8,9,"Olga S., 38, Full-time",A,True,A,True,True,2,7226
P0298,Sophie Walker,British,23-27,A_no_explanation,3,2.6,3.8,10,"Chen W., 45, Part-time",A,False,D,False,True,4,21604
P0299,Rajesh Pillai,Indian,23-27,B_surface,0,1.9,4.1,1,"Sarah M., 34, Part-time",D,True,D,True,True,4,10594
P0299,Rajesh Pillai,Indian,23-27,B_surface,0,1.9,4.1,2,"James K., 28, Full-time",A,True,A,True,True,2,14700
P0299,Rajesh Pillai,Indian,23-27,B_surface,0,1.9,4.1,3,"Priya R., 41, Self-employed",D,False,D,True,False,4,8164
P0299,Rajesh Pillai,Indian,23-27,B_surface,0,1.9,4.1,4,"Marcus T., 55, Part-time",D,True,D,True,True,3,3874
P0299,Rajesh Pillai,Indian,23-27,B_surface,0,1.9,4.1,5,"Anika P., 29, Full-time",D,True,A,False,False,3,21114
P0299,Rajesh Pillai,Indian,23-27,B_surface,0,1.9,4.1,6,"David H., 47, Full-time",A,True,D,False,False,4,19163
P0299,Rajesh Pillai,Indian,23-27,B_surface,0,1.9,4.1,7,"Fatima A., 33, Contract",D,False,A,False,True,2,18049
P0299,Rajesh Pillai,Indian,23-27,B_surface,0,1.9,4.1,8,"Tom B., 22, Full-time",D,True,D,True,True,3,14840
P0299,Rajesh Pillai,Indian,23-27,B_surface,0,1.9,4.1,9,"Olga S., 38, Full-time",A,True,A,True,True,4,7303
P0299,Rajesh Pillai,Indian,23-27,B_surface,0,1.9,4.1,10,"Chen W., 45, Part-time",A,False,A,True,False,3,16590
P0300,Murad Hossain,Bangladeshi,23-27,B_surface,1,3.1,3.8,1,"Sarah M., 34, Part-time",D,True,D,True,True,4,13136
P0300,Murad Hossain,Bangladeshi,23-27,B_surface,1,3.1,3.8,2,"James K., 28, Full-time",A,True,A,True,True,3,11025
P0300,Murad Hossain,Bangladeshi,23-27,B_surface,1,3.1,3.8,3,"Priya R., 41, Self-employed",D,False,D,True,False,3,10429
P0300,Murad Hossain,Bangladeshi,23-27,B_surface,1,3.1,3.8,4,"Marcus T., 55, Part-time",D,True,D,True,True,3,10862
P0300,Murad Hossain,Bangladeshi,23-27,B_surface,1,3.1,3.8,5,"Anika P., 29, Full-time",D,True,D,True,True,3,11588
P0300,Murad Hossain,Bangladeshi,23-27,B_surface,1,3.1,3.8,6,"David H., 47, Full-time",A,True,A,True,True,4,7806
P0300,Murad Hossain,Bangladeshi,23-27,B_surface,1,3.1,3.8,7,"Fatima A., 33, Contract",D,False,D,True,False,4,9401
P0300,Murad Hossain,Bangladeshi,23-27,B_surface,1,3.1,3.8,8,"Tom B., 22, Full-time",D,True,A,False,False,2,16694
P0300,Murad Hossain,Bangladeshi,23-27,B_surface,1,3.1,3.8,9,"Olga S., 38, Full-time",A,True,A,True,True,3,9021
P0300,Murad Hossain,Bangladeshi,23-27,B_surface,1,3.1,3.8,10,"Chen W., 45, Part-time",A,False,D,False,True,3,21262
P0301,Mason Thompson,British,23-27,C_counterfactual,1,2.4,2.8,1,"Sarah M., 34, Part-time",D,True,D,True,True,3,20523
P0301,Mason Thompson,British,23-27,C_counterfactual,1,2.4,2.8,2,"James K., 28, Full-time",A,True,D,False,False,3,26452
P0301,Mason Thompson,British,23-27,C_counterfactual,1,2.4,2.8,3,"Priya R., 41, Self-employed",D,False,A,False,True,3,25148
P0301,Mason Thompson,British,23-27,C_counterfactual,1,2.4,2.8,4,"Marcus T., 55, Part-time",D,True,D,True,True,3,19724
P0301,Mason Thompson,British,23-27,C_counterfactual,1,2.4,2.8,5,"Anika P., 29, Full-time",D,True,D,True,True,4,11554
P0301,Mason Thompson,British,23-27,C_counterfactual,1,2.4,2.8,6,"David H., 47, Full-time",A,True,A,True,True,4,14113
P0301,Mason Thompson,British,23-27,C_counterfactual,1,2.4,2.8,7,"Fatima A., 33, Contract",D,False,A,False,True,3,28336
P0301,Mason Thompson,British,23-27,C_counterfactual,1,2.4,2.8,8,"Tom B., 22, Full-time",D,True,D,True,True,3,20959
P0301,Mason Thompson,British,23-27,C_counterfactual,1,2.4,2.8,9,"Olga S., 38, Full-time",A,True,D,False,False,4,25455
P0301,Mason Thompson,British,23-27,C_counterfactual,1,2.4,2.8,10,"Chen W., 45, Part-time",A,False,A,True,False,3,16136
P0302,Lakshmi Reddy,Indian,28-32,B_surface,1,4.7,3.6,1,"Sarah M., 34, Part-time",D,True,D,True,True,4,15957
P0302,Lakshmi Reddy,Indian,28-32,B_surface,1,4.7,3.6,2,"James K., 28, Full-time",A,True,A,True,True,3,13364
P0302,Lakshmi Reddy,Indian,28-32,B_surface,1,4.7,3.6,3,"Priya R., 41, Self-employed",D,False,D,True,False,3,3730
P0302,Lakshmi Reddy,Indian,28-32,B_surface,1,4.7,3.6,4,"Marcus T., 55, Part-time",D,True,D,True,True,2,11819
P0302,Lakshmi Reddy,Indian,28-32,B_surface,1,4.7,3.6,5,"Anika P., 29, Full-time",D,True,A,False,False,3,18756
P0302,Lakshmi Reddy,Indian,28-32,B_surface,1,4.7,3.6,6,"David H., 47, Full-time",A,True,A,True,True,4,13468
P0302,Lakshmi Reddy,Indian,28-32,B_surface,1,4.7,3.6,7,"Fatima A., 33, Contract",D,False,A,False,True,4,19976
P0302,Lakshmi Reddy,Indian,28-32,B_surface,1,4.7,3.6,8,"Tom B., 22, Full-time",D,True,D,True,True,3,22615
P0302,Lakshmi Reddy,Indian,28-32,B_surface,1,4.7,3.6,9,"Olga S., 38, Full-time",A,True,D,False,False,3,15183
P0302,Lakshmi Reddy,Indian,28-32,B_surface,1,4.7,3.6,10,"Chen W., 45, Part-time",A,False,D,False,True,4,22269
P0303,Jian Wu,Chinese,33-40,B_surface,0,2.3,3.6,1,"Sarah M., 34, Part-time",D,True,D,True,True,4,11676
P0303,Jian Wu,Chinese,33-40,B_surface,0,2.3,3.6,2,"James K., 28, Full-time",A,True,D,False,False,4,14822
P0303,Jian Wu,Chinese,33-40,B_surface,0,2.3,3.6,3,"Priya R., 41, Self-employed",D,False,D,True,False,3,18523
P0303,Jian Wu,Chinese,33-40,B_surface,0,2.3,3.6,4,"Marcus T., 55, Part-time",D,True,D,True,True,3,14729
P0303,Jian Wu,Chinese,33-40,B_surface,0,2.3,3.6,5,"Anika P., 29, Full-time",D,True,A,False,False,2,19909
P0303,Jian Wu,Chinese,33-40,B_surface,0,2.3,3.6,6,"David H., 47, Full-time",A,True,D,False,False,2,21305
P0303,Jian Wu,Chinese,33-40,B_surface,0,2.3,3.6,7,"Fatima A., 33, Contract",D,False,D,True,False,4,13494
P0303,Jian Wu,Chinese,33-40,B_surface,0,2.3,3.6,8,"Tom B., 22, Full-time",D,True,A,False,False,3,21473
P0303,Jian Wu,Chinese,33-40,B_surface,0,2.3,3.6,9,"Olga S., 38, Full-time",A,True,D,False,False,2,21153
P0303,Jian Wu,Chinese,33-40,B_surface,0,2.3,3.6,10,"Chen W., 45, Part-time",A,False,A,True,False,3,8802
P0304,Ananya Krishnan,Indian,18-22,A_no_explanation,3,2.5,4.2,1,"Sarah M., 34, Part-time",D,True,D,True,True,4,9976
P0304,Ananya Krishnan,Indian,18-22,A_no_explanation,3,2.5,4.2,2,"James K., 28, Full-time",A,True,D,False,False,1,16070
P0304,Ananya Krishnan,Indian,18-22,A_no_explanation,3,2.5,4.2,3,"Priya R., 41, Self-employed",D,False,A,False,True,3,19911
P0304,Ananya Krishnan,Indian,18-22,A_no_explanation,3,2.5,4.2,4,"Marcus T., 55, Part-time",D,True,A,False,False,2,17317
P0304,Ananya Krishnan,Indian,18-22,A_no_explanation,3,2.5,4.2,5,"Anika P., 29, Full-time",D,True,A,False,False,3,22056
P0304,Ananya Krishnan,Indian,18-22,A_no_explanation,3,2.5,4.2,6,"David H., 47, Full-time",A,True,A,True,True,1,10794
P0304,Ananya Krishnan,Indian,18-22,A_no_explanation,3,2.5,4.2,7,"Fatima A., 33, Contract",D,False,D,True,False,3,8252
P0304,Ananya Krishnan,Indian,18-22,A_no_explanation,3,2.5,4.2,8,"Tom B., 22, Full-time",D,True,D,True,True,2,6801
P0304,Ananya Krishnan,Indian,18-22,A_no_explanation,3,2.5,4.2,9,"Olga S., 38, Full-time",A,True,A,True,True,2,4491
P0304,Ananya Krishnan,Indian,18-22,A_no_explanation,3,2.5,4.2,10,"Chen W., 45, Part-time",A,False,D,False,True,3,20134
P0305,Tanvir Ahmed,Bangladeshi,23-27,A_no_explanation,2,3.6,2.7,1,"Sarah M., 34, Part-time",D,True,D,True,True,3,18435
P0305,Tanvir Ahmed,Bangladeshi,23-27,A_no_explanation,2,3.6,2.7,2,"James K., 28, Full-time",A,True,D,False,False,2,18273
P0305,Tanvir Ahmed,Bangladeshi,23-27,A_no_explanation,2,3.6,2.7,3,"Priya R., 41, Self-employed",D,False,D,True,False,2,11264
P0305,Tanvir Ahmed,Bangladeshi,23-27,A_no_explanation,2,3.6,2.7,4,"Marcus T., 55, Part-time",D,True,A,False,False,1,21599
P0305,Tanvir Ahmed,Bangladeshi,23-27,A_no_explanation,2,3.6,2.7,5,"Anika P., 29, Full-time",D,True,D,True,True,3,12062
P0305,Tanvir Ahmed,Bangladeshi,23-27,A_no_explanation,2,3.6,2.7,6,"David H., 47, Full-time",A,True,D,False,False,5,17552
P0305,Tanvir Ahmed,Bangladeshi,23-27,A_no_explanation,2,3.6,2.7,7,"Fatima A., 33, Contract",D,False,A,False,True,3,23038
P0305,Tanvir Ahmed,Bangladeshi,23-27,A_no_explanation,2,3.6,2.7,8,"Tom B., 22, Full-time",D,True,A,False,False,3,19779
P0305,Tanvir Ahmed,Bangladeshi,23-27,A_no_explanation,2,3.6,2.7,9,"Olga S., 38, Full-time",A,True,D,False,False,3,20280
P0305,Tanvir Ahmed,Bangladeshi,23-27,A_no_explanation,2,3.6,2.7,10,"Chen W., 45, Part-time",A,False,D,False,True,2,25814
P0306,Ying Chen,Chinese,23-27,B_surface,3,4.6,3.3,1,"Sarah M., 34, Part-time",D,True,A,False,False,2,24280
P0306,Ying Chen,Chinese,23-27,B_surface,3,4.6,3.3,2,"James K., 28, Full-time",A,True,A,True,True,3,12910
P0306,Ying Chen,Chinese,23-27,B_surface,3,4.6,3.3,3,"Priya R., 41, Self-employed",D,False,D,True,False,3,8519
P0306,Ying Chen,Chinese,23-27,B_surface,3,4.6,3.3,4,"Marcus T., 55, Part-time",D,True,A,False,False,2,23190
P0306,Ying Chen,Chinese,23-27,B_surface,3,4.6,3.3,5,"Anika P., 29, Full-time",D,True,A,False,False,4,19927
P0306,Ying Chen,Chinese,23-27,B_surface,3,4.6,3.3,6,"David H., 47, Full-time",A,True,A,True,True,4,12469
P0306,Ying Chen,Chinese,23-27,B_surface,3,4.6,3.3,7,"Fatima A., 33, Contract",D,False,D,True,False,3,19717
P0306,Ying Chen,Chinese,23-27,B_surface,3,4.6,3.3,8,"Tom B., 22, Full-time",D,True,D,True,True,1,16989
P0306,Ying Chen,Chinese,23-27,B_surface,3,4.6,3.3,9,"Olga S., 38, Full-time",A,True,A,True,True,2,6460
P0306,Ying Chen,Chinese,23-27,B_surface,3,4.6,3.3,10,"Chen W., 45, Part-time",A,False,D,False,True,4,17249
P0307,Jaya Chauhan,Indian,41-50,A_no_explanation,2,3.3,3.7,1,"Sarah M., 34, Part-time",D,True,A,False,False,4,22080
P0307,Jaya Chauhan,Indian,41-50,A_no_explanation,2,3.3,3.7,2,"James K., 28, Full-time",A,True,A,True,True,4,11877
P0307,Jaya Chauhan,Indian,41-50,A_no_explanation,2,3.3,3.7,3,"Priya R., 41, Self-employed",D,False,D,True,False,2,19346
P0307,Jaya Chauhan,Indian,41-50,A_no_explanation,2,3.3,3.7,4,"Marcus T., 55, Part-time",D,True,D,True,True,3,5210
P0307,Jaya Chauhan,Indian,41-50,A_no_explanation,2,3.3,3.7,5,"Anika P., 29, Full-time",D,True,A,False,False,4,19023
P0307,Jaya Chauhan,Indian,41-50,A_no_explanation,2,3.3,3.7,6,"David H., 47, Full-time",A,True,D,False,False,3,19084
P0307,Jaya Chauhan,Indian,41-50,A_no_explanation,2,3.3,3.7,7,"Fatima A., 33, Contract",D,False,A,False,True,4,22552
P0307,Jaya Chauhan,Indian,41-50,A_no_explanation,2,3.3,3.7,8,"Tom B., 22, Full-time",D,True,D,True,True,3,9944
P0307,Jaya Chauhan,Indian,41-50,A_no_explanation,2,3.3,3.7,9,"Olga S., 38, Full-time",A,True,D,False,False,3,23105
P0307,Jaya Chauhan,Indian,41-50,A_no_explanation,2,3.3,3.7,10,"Chen W., 45, Part-time",A,False,A,True,False,4,13506
P0308,Kiran Reddy,Indian,18-22,C_counterfactual,1,3.2,3.5,1,"Sarah M., 34, Part-time",D,True,D,True,True,5,27272
P0308,Kiran Reddy,Indian,18-22,C_counterfactual,1,3.2,3.5,2,"James K., 28, Full-time",A,True,A,True,True,3,9212
P0308,Kiran Reddy,Indian,18-22,C_counterfactual,1,3.2,3.5,3,"Priya R., 41, Self-employed",D,False,A,False,True,2,18155
P0308,Kiran Reddy,Indian,18-22,C_counterfactual,1,3.2,3.5,4,"Marcus T., 55, Part-time",D,True,A,False,False,3,21438
P0308,Kiran Reddy,Indian,18-22,C_counterfactual,1,3.2,3.5,5,"Anika P., 29, Full-time",D,True,D,True,True,4,17203
P0308,Kiran Reddy,Indian,18-22,C_counterfactual,1,3.2,3.5,6,"David H., 47, Full-time",A,True,A,True,True,2,16133
P0308,Kiran Reddy,Indian,18-22,C_counterfactual,1,3.2,3.5,7,"Fatima A., 33, Contract",D,False,D,True,False,3,11899
P0308,Kiran Reddy,Indian,18-22,C_counterfactual,1,3.2,3.5,8,"Tom B., 22, Full-time",D,True,A,False,False,2,22042
P0308,Kiran Reddy,Indian,18-22,C_counterfactual,1,3.2,3.5,9,"Olga S., 38, Full-time",A,True,D,False,False,3,21876
P0308,Kiran Reddy,Indian,18-22,C_counterfactual,1,3.2,3.5,10,"Chen W., 45, Part-time",A,False,A,True,False,3,12219
P0309,Ajay Chauhan,Indian,28-32,C_counterfactual,0,3.5,3.8,1,"Sarah M., 34, Part-time",D,True,A,False,False,3,27229
P0309,Ajay Chauhan,Indian,28-32,C_counterfactual,0,3.5,3.8,2,"James K., 28, Full-time",A,True,D,False,False,3,28367
P0309,Ajay Chauhan,Indian,28-32,C_counterfactual,0,3.5,3.8,3,"Priya R., 41, Self-employed",D,False,A,False,True,4,25504
P0309,Ajay Chauhan,Indian,28-32,C_counterfactual,0,3.5,3.8,4,"Marcus T., 55, Part-time",D,True,D,True,True,4,15423
P0309,Ajay Chauhan,Indian,28-32,C_counterfactual,0,3.5,3.8,5,"Anika P., 29, Full-time",D,True,D,True,True,4,18285
P0309,Ajay Chauhan,Indian,28-32,C_counterfactual,0,3.5,3.8,6,"David H., 47, Full-time",A,True,A,True,True,3,12845
P0309,Ajay Chauhan,Indian,28-32,C_counterfactual,0,3.5,3.8,7,"Fatima A., 33, Contract",D,False,A,False,True,4,27766
P0309,Ajay Chauhan,Indian,28-32,C_counterfactual,0,3.5,3.8,8,"Tom B., 22, Full-time",D,True,D,True,True,3,13885
P0309,Ajay Chauhan,Indian,28-32,C_counterfactual,0,3.5,3.8,9,"Olga S., 38, Full-time",A,True,D,False,False,4,21843
P0309,Ajay Chauhan,Indian,28-32,C_counterfactual,0,3.5,3.8,10,"Chen W., 45, Part-time",A,False,A,True,False,3,14099
P0310,Mostofa Kamal,Bangladeshi,23-27,C_counterfactual,2,3.1,2.6,1,"Sarah M., 34, Part-time",D,True,A,False,False,4,25806
P0310,Mostofa Kamal,Bangladeshi,23-27,C_counterfactual,2,3.1,2.6,2,"James K., 28, Full-time",A,True,A,True,True,3,16955
P0310,Mostofa Kamal,Bangladeshi,23-27,C_counterfactual,2,3.1,2.6,3,"Priya R., 41, Self-employed",D,False,D,True,False,5,12690
P0310,Mostofa Kamal,Bangladeshi,23-27,C_counterfactual,2,3.1,2.6,4,"Marcus T., 55, Part-time",D,True,A,False,False,2,24625
P0310,Mostofa Kamal,Bangladeshi,23-27,C_counterfactual,2,3.1,2.6,5,"Anika P., 29, Full-time",D,True,D,True,True,3,11251
P0310,Mostofa Kamal,Bangladeshi,23-27,C_counterfactual,2,3.1,2.6,6,"David H., 47, Full-time",A,True,A,True,True,4,15706
P0310,Mostofa Kamal,Bangladeshi,23-27,C_counterfactual,2,3.1,2.6,7,"Fatima A., 33, Contract",D,False,D,True,False,2,13210
P0310,Mostofa Kamal,Bangladeshi,23-27,C_counterfactual,2,3.1,2.6,8,"Tom B., 22, Full-time",D,True,A,False,False,3,21636
P0310,Mostofa Kamal,Bangladeshi,23-27,C_counterfactual,2,3.1,2.6,9,"Olga S., 38, Full-time",A,True,D,False,False,3,24185
P0310,Mostofa Kamal,Bangladeshi,23-27,C_counterfactual,2,3.1,2.6,10,"Chen W., 45, Part-time",A,False,D,False,True,3,27628
P0311,Lu Sun,Chinese,28-32,B_surface,3,2.6,4.6,1,"Sarah M., 34, Part-time",D,True,D,True,True,4,13146
P0311,Lu Sun,Chinese,28-32,B_surface,3,2.6,4.6,2,"James K., 28, Full-time",A,True,A,True,True,3,13041
P0311,Lu Sun,Chinese,28-32,B_surface,3,2.6,4.6,3,"Priya R., 41, Self-employed",D,False,A,False,True,4,22229
P0311,Lu Sun,Chinese,28-32,B_surface,3,2.6,4.6,4,"Marcus T., 55, Part-time",D,True,D,True,True,5,15775
P0311,Lu Sun,Chinese,28-32,B_surface,3,2.6,4.6,5,"Anika P., 29, Full-time",D,True,A,False,False,4,22701
P0311,Lu Sun,Chinese,28-32,B_surface,3,2.6,4.6,6,"David H., 47, Full-time",A,True,D,False,False,4,16428
P0311,Lu Sun,Chinese,28-32,B_surface,3,2.6,4.6,7,"Fatima A., 33, Contract",D,False,A,False,True,2,27415
P0311,Lu Sun,Chinese,28-32,B_surface,3,2.6,4.6,8,"Tom B., 22, Full-time",D,True,D,True,True,2,9581
P0311,Lu Sun,Chinese,28-32,B_surface,3,2.6,4.6,9,"Olga S., 38, Full-time",A,True,A,True,True,3,4525
P0311,Lu Sun,Chinese,28-32,B_surface,3,2.6,4.6,10,"Chen W., 45, Part-time",A,False,A,True,False,3,14892
P0312,Benjamin Clark,British,28-32,A_no_explanation,0,3.8,4.8,1,"Sarah M., 34, Part-time",D,True,D,True,True,4,21594
P0312,Benjamin Clark,British,28-32,A_no_explanation,0,3.8,4.8,2,"James K., 28, Full-time",A,True,A,True,True,3,6786
P0312,Benjamin Clark,British,28-32,A_no_explanation,0,3.8,4.8,3,"Priya R., 41, Self-employed",D,False,A,False,True,4,22151
P0312,Benjamin Clark,British,28-32,A_no_explanation,0,3.8,4.8,4,"Marcus T., 55, Part-time",D,True,D,True,True,3,12273
P0312,Benjamin Clark,British,28-32,A_no_explanation,0,3.8,4.8,5,"Anika P., 29, Full-time",D,True,A,False,False,4,14992
P0312,Benjamin Clark,British,28-32,A_no_explanation,0,3.8,4.8,6,"David H., 47, Full-time",A,True,A,True,True,4,20301
P0312,Benjamin Clark,British,28-32,A_no_explanation,0,3.8,4.8,7,"Fatima A., 33, Contract",D,False,D,True,False,5,15974
P0312,Benjamin Clark,British,28-32,A_no_explanation,0,3.8,4.8,8,"Tom B., 22, Full-time",D,True,D,True,True,2,5129
P0312,Benjamin Clark,British,28-32,A_no_explanation,0,3.8,4.8,9,"Olga S., 38, Full-time",A,True,A,True,True,3,12958
P0312,Benjamin Clark,British,28-32,A_no_explanation,0,3.8,4.8,10,"Chen W., 45, Part-time",A,False,A,True,False,3,7884
P0313,Ripa Akter,Bangladeshi,23-27,A_no_explanation,2,2.1,3.9,1,"Sarah M., 34, Part-time",D,True,D,True,True,3,16521
P0313,Ripa Akter,Bangladeshi,23-27,A_no_explanation,2,2.1,3.9,2,"James K., 28, Full-time",A,True,A,True,True,5,12603
P0313,Ripa Akter,Bangladeshi,23-27,A_no_explanation,2,2.1,3.9,3,"Priya R., 41, Self-employed",D,False,A,False,True,3,17454
P0313,Ripa Akter,Bangladeshi,23-27,A_no_explanation,2,2.1,3.9,4,"Marcus T., 55, Part-time",D,True,D,True,True,2,10163
P0313,Ripa Akter,Bangladeshi,23-27,A_no_explanation,2,2.1,3.9,5,"Anika P., 29, Full-time",D,True,D,True,True,3,12182
P0313,Ripa Akter,Bangladeshi,23-27,A_no_explanation,2,2.1,3.9,6,"David H., 47, Full-time",A,True,D,False,False,2,18774
P0313,Ripa Akter,Bangladeshi,23-27,A_no_explanation,2,2.1,3.9,7,"Fatima A., 33, Contract",D,False,D,True,False,3,10734
P0313,Ripa Akter,Bangladeshi,23-27,A_no_explanation,2,2.1,3.9,8,"Tom B., 22, Full-time",D,True,D,True,True,3,18284
P0313,Ripa Akter,Bangladeshi,23-27,A_no_explanation,2,2.1,3.9,9,"Olga S., 38, Full-time",A,True,A,True,True,3,12647
P0313,Ripa Akter,Bangladeshi,23-27,A_no_explanation,2,2.1,3.9,10,"Chen W., 45, Part-time",A,False,A,True,False,3,13448
P0314,Abigail Robinson,British,23-27,A_no_explanation,3,2.8,4.3,1,"Sarah M., 34, Part-time",D,True,D,True,True,2,19805
P0314,Abigail Robinson,British,23-27,A_no_explanation,3,2.8,4.3,2,"James K., 28, Full-time",A,True,A,True,True,3,13786
P0314,Abigail Robinson,British,23-27,A_no_explanation,3,2.8,4.3,3,"Priya R., 41, Self-employed",D,False,D,True,False,3,19020
P0314,Abigail Robinson,British,23-27,A_no_explanation,3,2.8,4.3,4,"Marcus T., 55, Part-time",D,True,A,False,False,2,18225
P0314,Abigail Robinson,British,23-27,A_no_explanation,3,2.8,4.3,5,"Anika P., 29, Full-time",D,True,D,True,True,3,13227
P0314,Abigail Robinson,British,23-27,A_no_explanation,3,2.8,4.3,6,"David H., 47, Full-time",A,True,D,False,False,3,15989
P0314,Abigail Robinson,British,23-27,A_no_explanation,3,2.8,4.3,7,"Fatima A., 33, Contract",D,False,A,False,True,3,22895
P0314,Abigail Robinson,British,23-27,A_no_explanation,3,2.8,4.3,8,"Tom B., 22, Full-time",D,True,D,True,True,3,11969
P0314,Abigail Robinson,British,23-27,A_no_explanation,3,2.8,4.3,9,"Olga S., 38, Full-time",A,True,A,True,True,5,12934
P0314,Abigail Robinson,British,23-27,A_no_explanation,3,2.8,4.3,10,"Chen W., 45, Part-time",A,False,A,True,False,4,10317
P0315,Anisur Rahman,Bangladeshi,23-27,A_no_explanation,2,1.9,2.9,1,"Sarah M., 34, Part-time",D,True,D,True,True,3,12043
P0315,Anisur Rahman,Bangladeshi,23-27,A_no_explanation,2,1.9,2.9,2,"James K., 28, Full-time",A,True,A,True,True,3,10800
P0315,Anisur Rahman,Bangladeshi,23-27,A_no_explanation,2,1.9,2.9,3,"Priya R., 41, Self-employed",D,False,D,True,False,3,11043
P0315,Anisur Rahman,Bangladeshi,23-27,A_no_explanation,2,1.9,2.9,4,"Marcus T., 55, Part-time",D,True,A,False,False,1,19367
P0315,Anisur Rahman,Bangladeshi,23-27,A_no_explanation,2,1.9,2.9,5,"Anika P., 29, Full-time",D,True,D,True,True,4,4858
P0315,Anisur Rahman,Bangladeshi,23-27,A_no_explanation,2,1.9,2.9,6,"David H., 47, Full-time",A,True,A,True,True,4,11472
P0315,Anisur Rahman,Bangladeshi,23-27,A_no_explanation,2,1.9,2.9,7,"Fatima A., 33, Contract",D,False,D,True,False,2,8688
P0315,Anisur Rahman,Bangladeshi,23-27,A_no_explanation,2,1.9,2.9,8,"Tom B., 22, Full-time",D,True,D,True,True,3,10380
P0315,Anisur Rahman,Bangladeshi,23-27,A_no_explanation,2,1.9,2.9,9,"Olga S., 38, Full-time",A,True,D,False,False,3,15877
P0315,Anisur Rahman,Bangladeshi,23-27,A_no_explanation,2,1.9,2.9,10,"Chen W., 45, Part-time",A,False,A,True,False,3,11278
P0316,Jakir Hossain,Bangladeshi,18-22,C_counterfactual,3,1.2,4.5,1,"Sarah M., 34, Part-time",D,True,D,True,True,5,14576
P0316,Jakir Hossain,Bangladeshi,18-22,C_counterfactual,3,1.2,4.5,2,"James K., 28, Full-time",A,True,A,True,True,4,15681
P0316,Jakir Hossain,Bangladeshi,18-22,C_counterfactual,3,1.2,4.5,3,"Priya R., 41, Self-employed",D,False,A,False,True,3,21207
P0316,Jakir Hossain,Bangladeshi,18-22,C_counterfactual,3,1.2,4.5,4,"Marcus T., 55, Part-time",D,True,D,True,True,4,15430
P0316,Jakir Hossain,Bangladeshi,18-22,C_counterfactual,3,1.2,4.5,5,"Anika P., 29, Full-time",D,True,A,False,False,4,20465
P0316,Jakir Hossain,Bangladeshi,18-22,C_counterfactual,3,1.2,4.5,6,"David H., 47, Full-time",A,True,D,False,False,4,17105
P0316,Jakir Hossain,Bangladeshi,18-22,C_counterfactual,3,1.2,4.5,7,"Fatima A., 33, Contract",D,False,D,True,False,4,15217
P0316,Jakir Hossain,Bangladeshi,18-22,C_counterfactual,3,1.2,4.5,8,"Tom B., 22, Full-time",D,True,D,True,True,2,10650
P0316,Jakir Hossain,Bangladeshi,18-22,C_counterfactual,3,1.2,4.5,9,"Olga S., 38, Full-time",A,True,D,False,False,3,26029
P0316,Jakir Hossain,Bangladeshi,18-22,C_counterfactual,3,1.2,4.5,10,"Chen W., 45, Part-time",A,False,A,True,False,4,11983
P0317,Noah Anderson,British,18-22,B_surface,3,3.7,3.1,1,"Sarah M., 34, Part-time",D,True,A,False,False,3,21454
P0317,Noah Anderson,British,18-22,B_surface,3,3.7,3.1,2,"James K., 28, Full-time",A,True,A,True,True,3,14145
P0317,Noah Anderson,British,18-22,B_surface,3,3.7,3.1,3,"Priya R., 41, Self-employed",D,False,D,True,False,3,12498
P0317,Noah Anderson,British,18-22,B_surface,3,3.7,3.1,4,"Marcus T., 55, Part-time",D,True,A,False,False,2,22979
P0317,Noah Anderson,British,18-22,B_surface,3,3.7,3.1,5,"Anika P., 29, Full-time",D,True,A,False,False,3,18797
P0317,Noah Anderson,British,18-22,B_surface,3,3.7,3.1,6,"David H., 47, Full-time",A,True,A,True,True,4,12842
P0317,Noah Anderson,British,18-22,B_surface,3,3.7,3.1,7,"Fatima A., 33, Contract",D,False,D,True,False,3,11047
P0317,Noah Anderson,British,18-22,B_surface,3,3.7,3.1,8,"Tom B., 22, Full-time",D,True,D,True,True,3,11514
P0317,Noah Anderson,British,18-22,B_surface,3,3.7,3.1,9,"Olga S., 38, Full-time",A,True,A,True,True,5,17529
P0317,Noah Anderson,British,18-22,B_surface,3,3.7,3.1,10,"Chen W., 45, Part-time",A,False,A,True,False,2,5923
P0318,Shariful Islam,Bangladeshi,18-22,C_counterfactual,2,2.9,3.8,1,"Sarah M., 34, Part-time",D,True,A,False,False,2,29009
P0318,Shariful Islam,Bangladeshi,18-22,C_counterfactual,2,2.9,3.8,2,"James K., 28, Full-time",A,True,A,True,True,3,14273
P0318,Shariful Islam,Bangladeshi,18-22,C_counterfactual,2,2.9,3.8,3,"Priya R., 41, Self-employed",D,False,A,False,True,2,18330
P0318,Shariful Islam,Bangladeshi,18-22,C_counterfactual,2,2.9,3.8,4,"Marcus T., 55, Part-time",D,True,A,False,False,4,26973
P0318,Shariful Islam,Bangladeshi,18-22,C_counterfactual,2,2.9,3.8,5,"Anika P., 29, Full-time",D,True,D,True,True,4,15505
P0318,Shariful Islam,Bangladeshi,18-22,C_counterfactual,2,2.9,3.8,6,"David H., 47, Full-time",A,True,D,False,False,3,21188
P0318,Shariful Islam,Bangladeshi,18-22,C_counterfactual,2,2.9,3.8,7,"Fatima A., 33, Contract",D,False,A,False,True,3,28609
P0318,Shariful Islam,Bangladeshi,18-22,C_counterfactual,2,2.9,3.8,8,"Tom B., 22, Full-time",D,True,D,True,True,4,12303
P0318,Shariful Islam,Bangladeshi,18-22,C_counterfactual,2,2.9,3.8,9,"Olga S., 38, Full-time",A,True,D,False,False,3,19954
P0318,Shariful Islam,Bangladeshi,18-22,C_counterfactual,2,2.9,3.8,10,"Chen W., 45, Part-time",A,False,D,False,True,4,23872
P0319,Nazrul Islam,Bangladeshi,18-22,B_surface,1,2.8,2.7,1,"Sarah M., 34, Part-time",D,True,A,False,False,2,27468
P0319,Nazrul Islam,Bangladeshi,18-22,B_surface,1,2.8,2.7,2,"James K., 28, Full-time",A,True,A,True,True,3,10356
P0319,Nazrul Islam,Bangladeshi,18-22,B_surface,1,2.8,2.7,3,"Priya R., 41, Self-employed",D,False,D,True,False,4,8933
P0319,Nazrul Islam,Bangladeshi,18-22,B_surface,1,2.8,2.7,4,"Marcus T., 55, Part-time",D,True,D,True,True,3,11595
P0319,Nazrul Islam,Bangladeshi,18-22,B_surface,1,2.8,2.7,5,"Anika P., 29, Full-time",D,True,D,True,True,2,4103
P0319,Nazrul Islam,Bangladeshi,18-22,B_surface,1,2.8,2.7,6,"David H., 47, Full-time",A,True,D,False,False,4,19100
P0319,Nazrul Islam,Bangladeshi,18-22,B_surface,1,2.8,2.7,7,"Fatima A., 33, Contract",D,False,D,True,False,3,7600
P0319,Nazrul Islam,Bangladeshi,18-22,B_surface,1,2.8,2.7,8,"Tom B., 22, Full-time",D,True,D,True,True,3,17202
P0319,Nazrul Islam,Bangladeshi,18-22,B_surface,1,2.8,2.7,9,"Olga S., 38, Full-time",A,True,A,True,True,2,12091
P0319,Nazrul Islam,Bangladeshi,18-22,B_surface,1,2.8,2.7,10,"Chen W., 45, Part-time",A,False,A,True,False,3,10635
P0320,Isla Young,British,23-27,B_surface,1,3.6,3.2,1,"Sarah M., 34, Part-time",D,True,A,False,False,2,25125
P0320,Isla Young,British,23-27,B_surface,1,3.6,3.2,2,"James K., 28, Full-time",A,True,D,False,False,3,17761
P0320,Isla Young,British,23-27,B_surface,1,3.6,3.2,3,"Priya R., 41, Self-employed",D,False,D,True,False,2,12036
P0320,Isla Young,British,23-27,B_surface,1,3.6,3.2,4,"Marcus T., 55, Part-time",D,True,D,True,True,3,8181
P0320,Isla Young,British,23-27,B_surface,1,3.6,3.2,5,"Anika P., 29, Full-time",D,True,D,True,True,5,18375
P0320,Isla Young,British,23-27,B_surface,1,3.6,3.2,6,"David H., 47, Full-time",A,True,D,False,False,4,17269
P0320,Isla Young,British,23-27,B_surface,1,3.6,3.2,7,"Fatima A., 33, Contract",D,False,A,False,True,2,19548
P0320,Isla Young,British,23-27,B_surface,1,3.6,3.2,8,"Tom B., 22, Full-time",D,True,D,True,True,3,13111
P0320,Isla Young,British,23-27,B_surface,1,3.6,3.2,9,"Olga S., 38, Full-time",A,True,A,True,True,4,13984
P0320,Isla Young,British,23-27,B_surface,1,3.6,3.2,10,"Chen W., 45, Part-time",A,False,A,True,False,4,14728
P0321,Qian Zhao,Chinese,41-50,B_surface,2,2.6,3.6,1,"Sarah M., 34, Part-time",D,True,D,True,True,3,9939
P0321,Qian Zhao,Chinese,41-50,B_surface,2,2.6,3.6,2,"James K., 28, Full-time",A,True,A,True,True,3,10448
P0321,Qian Zhao,Chinese,41-50,B_surface,2,2.6,3.6,3,"Priya R., 41, Self-employed",D,False,D,True,False,4,21819
P0321,Qian Zhao,Chinese,41-50,B_surface,2,2.6,3.6,4,"Marcus T., 55, Part-time",D,True,A,False,False,4,17044
P0321,Qian Zhao,Chinese,41-50,B_surface,2,2.6,3.6,5,"Anika P., 29, Full-time",D,True,D,True,True,3,19103
P0321,Qian Zhao,Chinese,41-50,B_surface,2,2.6,3.6,6,"David H., 47, Full-time",A,True,A,True,True,5,11208
P0321,Qian Zhao,Chinese,41-50,B_surface,2,2.6,3.6,7,"Fatima A., 33, Contract",D,False,A,False,True,2,23223
P0321,Qian Zhao,Chinese,41-50,B_surface,2,2.6,3.6,8,"Tom B., 22, Full-time",D,True,A,False,False,3,14334
P0321,Qian Zhao,Chinese,41-50,B_surface,2,2.6,3.6,9,"Olga S., 38, Full-time",A,True,D,False,False,3,21664
P0321,Qian Zhao,Chinese,41-50,B_surface,2,2.6,3.6,10,"Chen W., 45, Part-time",A,False,A,True,False,3,6140
P0322,Zarif Hossain,Bangladeshi,23-27,C_counterfactual,2,2.3,3.6,1,"Sarah M., 34, Part-time",D,True,A,False,False,4,28526
P0322,Zarif Hossain,Bangladeshi,23-27,C_counterfactual,2,2.3,3.6,2,"James K., 28, Full-time",A,True,A,True,True,5,16752
P0322,Zarif Hossain,Bangladeshi,23-27,C_counterfactual,2,2.3,3.6,3,"Priya R., 41, Self-employed",D,False,D,True,False,4,17264
P0322,Zarif Hossain,Bangladeshi,23-27,C_counterfactual,2,2.3,3.6,4,"Marcus T., 55, Part-time",D,True,A,False,False,3,22667
P0322,Zarif Hossain,Bangladeshi,23-27,C_counterfactual,2,2.3,3.6,5,"Anika P., 29, Full-time",D,True,D,True,True,4,15220
P0322,Zarif Hossain,Bangladeshi,23-27,C_counterfactual,2,2.3,3.6,6,"David H., 47, Full-time",A,True,A,True,True,4,13742
P0322,Zarif Hossain,Bangladeshi,23-27,C_counterfactual,2,2.3,3.6,7,"Fatima A., 33, Contract",D,False,D,True,False,4,17513
P0322,Zarif Hossain,Bangladeshi,23-27,C_counterfactual,2,2.3,3.6,8,"Tom B., 22, Full-time",D,True,D,True,True,4,16215
P0322,Zarif Hossain,Bangladeshi,23-27,C_counterfactual,2,2.3,3.6,9,"Olga S., 38, Full-time",A,True,D,False,False,4,27252
P0322,Zarif Hossain,Bangladeshi,23-27,C_counterfactual,2,2.3,3.6,10,"Chen W., 45, Part-time",A,False,D,False,True,3,27991
P0323,Arafatur Rahman,Bangladeshi,23-27,B_surface,1,3.3,3.4,1,"Sarah M., 34, Part-time",D,True,D,True,True,3,23593
P0323,Arafatur Rahman,Bangladeshi,23-27,B_surface,1,3.3,3.4,2,"James K., 28, Full-time",A,True,A,True,True,3,11374
P0323,Arafatur Rahman,Bangladeshi,23-27,B_surface,1,3.3,3.4,3,"Priya R., 41, Self-employed",D,False,A,False,True,4,19230
P0323,Arafatur Rahman,Bangladeshi,23-27,B_surface,1,3.3,3.4,4,"Marcus T., 55, Part-time",D,True,D,True,True,4,13395
P0323,Arafatur Rahman,Bangladeshi,23-27,B_surface,1,3.3,3.4,5,"Anika P., 29, Full-time",D,True,A,False,False,3,25213
P0323,Arafatur Rahman,Bangladeshi,23-27,B_surface,1,3.3,3.4,6,"David H., 47, Full-time",A,True,A,True,True,2,17794
P0323,Arafatur Rahman,Bangladeshi,23-27,B_surface,1,3.3,3.4,7,"Fatima A., 33, Contract",D,False,D,True,False,3,8606
P0323,Arafatur Rahman,Bangladeshi,23-27,B_surface,1,3.3,3.4,8,"Tom B., 22, Full-time",D,True,D,True,True,2,14661
P0323,Arafatur Rahman,Bangladeshi,23-27,B_surface,1,3.3,3.4,9,"Olga S., 38, Full-time",A,True,A,True,True,3,8546
P0323,Arafatur Rahman,Bangladeshi,23-27,B_surface,1,3.3,3.4,10,"Chen W., 45, Part-time",A,False,A,True,False,4,18116
P0324,Golam Rabbani,Bangladeshi,23-27,B_surface,2,3.0,3.8,1,"Sarah M., 34, Part-time",D,True,D,True,True,3,17830
P0324,Golam Rabbani,Bangladeshi,23-27,B_surface,2,3.0,3.8,2,"James K., 28, Full-time",A,True,A,True,True,4,15830
P0324,Golam Rabbani,Bangladeshi,23-27,B_surface,2,3.0,3.8,3,"Priya R., 41, Self-employed",D,False,D,True,False,3,12772
P0324,Golam Rabbani,Bangladeshi,23-27,B_surface,2,3.0,3.8,4,"Marcus T., 55, Part-time",D,True,D,True,True,2,13447
P0324,Golam Rabbani,Bangladeshi,23-27,B_surface,2,3.0,3.8,5,"Anika P., 29, Full-time",D,True,D,True,True,4,10070
P0324,Golam Rabbani,Bangladeshi,23-27,B_surface,2,3.0,3.8,6,"David H., 47, Full-time",A,True,D,False,False,3,17722
P0324,Golam Rabbani,Bangladeshi,23-27,B_surface,2,3.0,3.8,7,"Fatima A., 33, Contract",D,False,D,True,False,3,20349
P0324,Golam Rabbani,Bangladeshi,23-27,B_surface,2,3.0,3.8,8,"Tom B., 22, Full-time",D,True,D,True,True,1,12540
P0324,Golam Rabbani,Bangladeshi,23-27,B_surface,2,3.0,3.8,9,"Olga S., 38, Full-time",A,True,A,True,True,4,9462
P0324,Golam Rabbani,Bangladeshi,23-27,B_surface,2,3.0,3.8,10,"Chen W., 45, Part-time",A,False,A,True,False,4,18178
P0325,Rekha A. Bose,Indian,23-27,B_surface,0,1.1,4.7,1,"Sarah M., 34, Part-time",D,True,D,True,True,4,17966
P0325,Rekha A. Bose,Indian,23-27,B_surface,0,1.1,4.7,2,"James K., 28, Full-time",A,True,A,True,True,3,14209
P0325,Rekha A. Bose,Indian,23-27,B_surface,0,1.1,4.7,3,"Priya R., 41, Self-employed",D,False,D,True,False,4,12379
P0325,Rekha A. Bose,Indian,23-27,B_surface,0,1.1,4.7,4,"Marcus T., 55, Part-time",D,True,A,False,False,1,27572
P0325,Rekha A. Bose,Indian,23-27,B_surface,0,1.1,4.7,5,"Anika P., 29, Full-time",D,True,D,True,True,4,10091
P0325,Rekha A. Bose,Indian,23-27,B_surface,0,1.1,4.7,6,"David H., 47, Full-time",A,True,D,False,False,3,16619
P0325,Rekha A. Bose,Indian,23-27,B_surface,0,1.1,4.7,7,"Fatima A., 33, Contract",D,False,A,False,True,4,23686
P0325,Rekha A. Bose,Indian,23-27,B_surface,0,1.1,4.7,8,"Tom B., 22, Full-time",D,True,D,True,True,3,10377
P0325,Rekha A. Bose,Indian,23-27,B_surface,0,1.1,4.7,9,"Olga S., 38, Full-time",A,True,A,True,True,3,10777
P0325,Rekha A. Bose,Indian,23-27,B_surface,0,1.1,4.7,10,"Chen W., 45, Part-time",A,False,A,True,False,4,10610
P0326,Farzana Akter,Bangladeshi,33-40,A_no_explanation,1,4.4,4.3,1,"Sarah M., 34, Part-time",D,True,D,True,True,3,21410
P0326,Farzana Akter,Bangladeshi,33-40,A_no_explanation,1,4.4,4.3,2,"James K., 28, Full-time",A,True,D,False,False,2,21350
P0326,Farzana Akter,Bangladeshi,33-40,A_no_explanation,1,4.4,4.3,3,"Priya R., 41, Self-employed",D,False,A,False,True,4,17472
P0326,Farzana Akter,Bangladeshi,33-40,A_no_explanation,1,4.4,4.3,4,"Marcus T., 55, Part-time",D,True,D,True,True,3,11299
P0326,Farzana Akter,Bangladeshi,33-40,A_no_explanation,1,4.4,4.3,5,"Anika P., 29, Full-time",D,True,D,True,True,3,10093
P0326,Farzana Akter,Bangladeshi,33-40,A_no_explanation,1,4.4,4.3,6,"David H., 47, Full-time",A,True,D,False,False,3,13892
P0326,Farzana Akter,Bangladeshi,33-40,A_no_explanation,1,4.4,4.3,7,"Fatima A., 33, Contract",D,False,A,False,True,2,25157
P0326,Farzana Akter,Bangladeshi,33-40,A_no_explanation,1,4.4,4.3,8,"Tom B., 22, Full-time",D,True,A,False,False,3,22588
P0326,Farzana Akter,Bangladeshi,33-40,A_no_explanation,1,4.4,4.3,9,"Olga S., 38, Full-time",A,True,A,True,True,4,11009
P0326,Farzana Akter,Bangladeshi,33-40,A_no_explanation,1,4.4,4.3,10,"Chen W., 45, Part-time",A,False,A,True,False,2,8955
P0327,Amna Siddiqui,Pakistani,23-27,C_counterfactual,2,5.0,3.9,1,"Sarah M., 34, Part-time",D,True,A,False,False,3,21139
P0327,Amna Siddiqui,Pakistani,23-27,C_counterfactual,2,5.0,3.9,2,"James K., 28, Full-time",A,True,A,True,True,4,13499
P0327,Amna Siddiqui,Pakistani,23-27,C_counterfactual,2,5.0,3.9,3,"Priya R., 41, Self-employed",D,False,A,False,True,4,21034
P0327,Amna Siddiqui,Pakistani,23-27,C_counterfactual,2,5.0,3.9,4,"Marcus T., 55, Part-time",D,True,A,False,False,3,19868
P0327,Amna Siddiqui,Pakistani,23-27,C_counterfactual,2,5.0,3.9,5,"Anika P., 29, Full-time",D,True,D,True,True,4,19608
P0327,Amna Siddiqui,Pakistani,23-27,C_counterfactual,2,5.0,3.9,6,"David H., 47, Full-time",A,True,D,False,False,2,20356
P0327,Amna Siddiqui,Pakistani,23-27,C_counterfactual,2,5.0,3.9,7,"Fatima A., 33, Contract",D,False,A,False,True,3,21936
P0327,Amna Siddiqui,Pakistani,23-27,C_counterfactual,2,5.0,3.9,8,"Tom B., 22, Full-time",D,True,A,False,False,5,23217
P0327,Amna Siddiqui,Pakistani,23-27,C_counterfactual,2,5.0,3.9,9,"Olga S., 38, Full-time",A,True,A,True,True,2,11994
P0327,Amna Siddiqui,Pakistani,23-27,C_counterfactual,2,5.0,3.9,10,"Chen W., 45, Part-time",A,False,A,True,False,4,9855
P0328,Grace Wright,British,33-40,B_surface,2,3.0,4.1,1,"Sarah M., 34, Part-time",D,True,A,False,False,4,29056
P0328,Grace Wright,British,33-40,B_surface,2,3.0,4.1,2,"James K., 28, Full-time",A,True,A,True,True,5,9750
P0328,Grace Wright,British,33-40,B_surface,2,3.0,4.1,3,"Priya R., 41, Self-employed",D,False,A,False,True,4,22444
P0328,Grace Wright,British,33-40,B_surface,2,3.0,4.1,4,"Marcus T., 55, Part-time",D,True,A,False,False,1,21579
P0328,Grace Wright,British,33-40,B_surface,2,3.0,4.1,5,"Anika P., 29, Full-time",D,True,D,True,True,1,8126
P0328,Grace Wright,British,33-40,B_surface,2,3.0,4.1,6,"David H., 47, Full-time",A,True,D,False,False,3,25841
P0328,Grace Wright,British,33-40,B_surface,2,3.0,4.1,7,"Fatima A., 33, Contract",D,False,D,True,False,4,17257
P0328,Grace Wright,British,33-40,B_surface,2,3.0,4.1,8,"Tom B., 22, Full-time",D,True,A,False,False,1,23865
P0328,Grace Wright,British,33-40,B_surface,2,3.0,4.1,9,"Olga S., 38, Full-time",A,True,A,True,True,4,16061
P0328,Grace Wright,British,33-40,B_surface,2,3.0,4.1,10,"Chen W., 45, Part-time",A,False,A,True,False,2,11925
P0329,Deepa A. Singh,Indian,18-22,C_counterfactual,2,2.5,3.8,1,"Sarah M., 34, Part-time",D,True,D,True,True,3,19749
P0329,Deepa A. Singh,Indian,18-22,C_counterfactual,2,2.5,3.8,2,"James K., 28, Full-time",A,True,A,True,True,3,17362
P0329,Deepa A. Singh,Indian,18-22,C_counterfactual,2,2.5,3.8,3,"Priya R., 41, Self-employed",D,False,A,False,True,2,28206
P0329,Deepa A. Singh,Indian,18-22,C_counterfactual,2,2.5,3.8,4,"Marcus T., 55, Part-time",D,True,A,False,False,3,27738
P0329,Deepa A. Singh,Indian,18-22,C_counterfactual,2,2.5,3.8,5,"Anika P., 29, Full-time",D,True,D,True,True,3,15913
P0329,Deepa A. Singh,Indian,18-22,C_counterfactual,2,2.5,3.8,6,"David H., 47, Full-time",A,True,D,False,False,4,18763
P0329,Deepa A. Singh,Indian,18-22,C_counterfactual,2,2.5,3.8,7,"Fatima A., 33, Contract",D,False,A,False,True,3,26913
P0329,Deepa A. Singh,Indian,18-22,C_counterfactual,2,2.5,3.8,8,"Tom B., 22, Full-time",D,True,D,True,True,4,16238
P0329,Deepa A. Singh,Indian,18-22,C_counterfactual,2,2.5,3.8,9,"Olga S., 38, Full-time",A,True,D,False,False,2,20614
P0329,Deepa A. Singh,Indian,18-22,C_counterfactual,2,2.5,3.8,10,"Chen W., 45, Part-time",A,False,D,False,True,4,25233
P0330,Mahmuda Khatun,Bangladeshi,23-27,A_no_explanation,3,2.5,3.7,1,"Sarah M., 34, Part-time",D,True,D,True,True,3,17938
P0330,Mahmuda Khatun,Bangladeshi,23-27,A_no_explanation,3,2.5,3.7,2,"James K., 28, Full-time",A,True,D,False,False,2,27872
P0330,Mahmuda Khatun,Bangladeshi,23-27,A_no_explanation,3,2.5,3.7,3,"Priya R., 41, Self-employed",D,False,A,False,True,4,21013
P0330,Mahmuda Khatun,Bangladeshi,23-27,A_no_explanation,3,2.5,3.7,4,"Marcus T., 55, Part-time",D,True,A,False,False,3,31429
P0330,Mahmuda Khatun,Bangladeshi,23-27,A_no_explanation,3,2.5,3.7,5,"Anika P., 29, Full-time",D,True,D,True,True,2,6545
P0330,Mahmuda Khatun,Bangladeshi,23-27,A_no_explanation,3,2.5,3.7,6,"David H., 47, Full-time",A,True,A,True,True,4,10300
P0330,Mahmuda Khatun,Bangladeshi,23-27,A_no_explanation,3,2.5,3.7,7,"Fatima A., 33, Contract",D,False,D,True,False,3,12262
P0330,Mahmuda Khatun,Bangladeshi,23-27,A_no_explanation,3,2.5,3.7,8,"Tom B., 22, Full-time",D,True,D,True,True,3,7075
P0330,Mahmuda Khatun,Bangladeshi,23-27,A_no_explanation,3,2.5,3.7,9,"Olga S., 38, Full-time",A,True,D,False,False,4,18842
P0330,Mahmuda Khatun,Bangladeshi,23-27,A_no_explanation,3,2.5,3.7,10,"Chen W., 45, Part-time",A,False,A,True,False,1,9396
P0331,Arun Krishnan,Indian,41-50,C_counterfactual,0,2.9,3.4,1,"Sarah M., 34, Part-time",D,True,D,True,True,4,26212
P0331,Arun Krishnan,Indian,41-50,C_counterfactual,0,2.9,3.4,2,"James K., 28, Full-time",A,True,A,True,True,2,17353
P0331,Arun Krishnan,Indian,41-50,C_counterfactual,0,2.9,3.4,3,"Priya R., 41, Self-employed",D,False,A,False,True,4,21496
P0331,Arun Krishnan,Indian,41-50,C_counterfactual,0,2.9,3.4,4,"Marcus T., 55, Part-time",D,True,D,True,True,3,17985
P0331,Arun Krishnan,Indian,41-50,C_counterfactual,0,2.9,3.4,5,"Anika P., 29, Full-time",D,True,D,True,True,4,14765
P0331,Arun Krishnan,Indian,41-50,C_counterfactual,0,2.9,3.4,6,"David H., 47, Full-time",A,True,A,True,True,4,15319
P0331,Arun Krishnan,Indian,41-50,C_counterfactual,0,2.9,3.4,7,"Fatima A., 33, Contract",D,False,A,False,True,4,22804
P0331,Arun Krishnan,Indian,41-50,C_counterfactual,0,2.9,3.4,8,"Tom B., 22, Full-time",D,True,D,True,True,4,16050
P0331,Arun Krishnan,Indian,41-50,C_counterfactual,0,2.9,3.4,9,"Olga S., 38, Full-time",A,True,A,True,True,5,11586
P0331,Arun Krishnan,Indian,41-50,C_counterfactual,0,2.9,3.4,10,"Chen W., 45, Part-time",A,False,D,False,True,3,25052
P0332,Sheng Lin,Chinese,18-22,B_surface,2,3.7,3.2,1,"Sarah M., 34, Part-time",D,True,D,True,True,3,16301
P0332,Sheng Lin,Chinese,18-22,B_surface,2,3.7,3.2,2,"James K., 28, Full-time",A,True,A,True,True,4,12858
P0332,Sheng Lin,Chinese,18-22,B_surface,2,3.7,3.2,3,"Priya R., 41, Self-employed",D,False,D,True,False,4,5107
P0332,Sheng Lin,Chinese,18-22,B_surface,2,3.7,3.2,4,"Marcus T., 55, Part-time",D,True,A,False,False,2,17564
P0332,Sheng Lin,Chinese,18-22,B_surface,2,3.7,3.2,5,"Anika P., 29, Full-time",D,True,A,False,False,4,17988
P0332,Sheng Lin,Chinese,18-22,B_surface,2,3.7,3.2,6,"David H., 47, Full-time",A,True,D,False,False,3,17140
P0332,Sheng Lin,Chinese,18-22,B_surface,2,3.7,3.2,7,"Fatima A., 33, Contract",D,False,A,False,True,3,20872
P0332,Sheng Lin,Chinese,18-22,B_surface,2,3.7,3.2,8,"Tom B., 22, Full-time",D,True,A,False,False,3,13952
P0332,Sheng Lin,Chinese,18-22,B_surface,2,3.7,3.2,9,"Olga S., 38, Full-time",A,True,A,True,True,3,11233
P0332,Sheng Lin,Chinese,18-22,B_surface,2,3.7,3.2,10,"Chen W., 45, Part-time",A,False,A,True,False,5,15748
P0333,Phoebe Phillips,British,28-32,A_no_explanation,3,3.5,4.0,1,"Sarah M., 34, Part-time",D,True,D,True,True,4,11454
P0333,Phoebe Phillips,British,28-32,A_no_explanation,3,3.5,4.0,2,"James K., 28, Full-time",A,True,A,True,True,4,10179
P0333,Phoebe Phillips,British,28-32,A_no_explanation,3,3.5,4.0,3,"Priya R., 41, Self-employed",D,False,D,True,False,2,4926
P0333,Phoebe Phillips,British,28-32,A_no_explanation,3,3.5,4.0,4,"Marcus T., 55, Part-time",D,True,D,True,True,1,9574
P0333,Phoebe Phillips,British,28-32,A_no_explanation,3,3.5,4.0,5,"Anika P., 29, Full-time",D,True,A,False,False,2,16396
P0333,Phoebe Phillips,British,28-32,A_no_explanation,3,3.5,4.0,6,"David H., 47, Full-time",A,True,A,True,True,3,11765
P0333,Phoebe Phillips,British,28-32,A_no_explanation,3,3.5,4.0,7,"Fatima A., 33, Contract",D,False,A,False,True,2,18315
P0333,Phoebe Phillips,British,28-32,A_no_explanation,3,3.5,4.0,8,"Tom B., 22, Full-time",D,True,D,True,True,4,14726
P0333,Phoebe Phillips,British,28-32,A_no_explanation,3,3.5,4.0,9,"Olga S., 38, Full-time",A,True,A,True,True,4,11731
P0333,Phoebe Phillips,British,28-32,A_no_explanation,3,3.5,4.0,10,"Chen W., 45, Part-time",A,False,D,False,True,3,16719
P0334,Jun Li,Chinese,28-32,B_surface,2,2.1,3.6,1,"Sarah M., 34, Part-time",D,True,D,True,True,3,16188
P0334,Jun Li,Chinese,28-32,B_surface,2,2.1,3.6,2,"James K., 28, Full-time",A,True,A,True,True,4,9307
P0334,Jun Li,Chinese,28-32,B_surface,2,2.1,3.6,3,"Priya R., 41, Self-employed",D,False,D,True,False,4,11153
P0334,Jun Li,Chinese,28-32,B_surface,2,2.1,3.6,4,"Marcus T., 55, Part-time",D,True,D,True,True,2,8547
P0334,Jun Li,Chinese,28-32,B_surface,2,2.1,3.6,5,"Anika P., 29, Full-time",D,True,A,False,False,4,23182
P0334,Jun Li,Chinese,28-32,B_surface,2,2.1,3.6,6,"David H., 47, Full-time",A,True,A,True,True,4,13500
P0334,Jun Li,Chinese,28-32,B_surface,2,2.1,3.6,7,"Fatima A., 33, Contract",D,False,A,False,True,3,15091
P0334,Jun Li,Chinese,28-32,B_surface,2,2.1,3.6,8,"Tom B., 22, Full-time",D,True,A,False,False,2,20152
P0334,Jun Li,Chinese,28-32,B_surface,2,2.1,3.6,9,"Olga S., 38, Full-time",A,True,A,True,True,3,7750
P0334,Jun Li,Chinese,28-32,B_surface,2,2.1,3.6,10,"Chen W., 45, Part-time",A,False,A,True,False,4,13803
P0335,Forhad Hossain,Bangladeshi,18-22,C_counterfactual,3,2.0,4.6,1,"Sarah M., 34, Part-time",D,True,A,False,False,2,26577
P0335,Forhad Hossain,Bangladeshi,18-22,C_counterfactual,3,2.0,4.6,2,"James K., 28, Full-time",A,True,A,True,True,4,17626
P0335,Forhad Hossain,Bangladeshi,18-22,C_counterfactual,3,2.0,4.6,3,"Priya R., 41, Self-employed",D,False,D,True,False,3,14164
P0335,Forhad Hossain,Bangladeshi,18-22,C_counterfactual,3,2.0,4.6,4,"Marcus T., 55, Part-time",D,True,D,True,True,3,10184
P0335,Forhad Hossain,Bangladeshi,18-22,C_counterfactual,3,2.0,4.6,5,"Anika P., 29, Full-time",D,True,D,True,True,3,20474
P0335,Forhad Hossain,Bangladeshi,18-22,C_counterfactual,3,2.0,4.6,6,"David H., 47, Full-time",A,True,A,True,True,2,20719
P0335,Forhad Hossain,Bangladeshi,18-22,C_counterfactual,3,2.0,4.6,7,"Fatima A., 33, Contract",D,False,A,False,True,3,17883
P0335,Forhad Hossain,Bangladeshi,18-22,C_counterfactual,3,2.0,4.6,8,"Tom B., 22, Full-time",D,True,D,True,True,3,18699
P0335,Forhad Hossain,Bangladeshi,18-22,C_counterfactual,3,2.0,4.6,9,"Olga S., 38, Full-time",A,True,A,True,True,5,15481
P0335,Forhad Hossain,Bangladeshi,18-22,C_counterfactual,3,2.0,4.6,10,"Chen W., 45, Part-time",A,False,A,True,False,4,12621
P0336,Sara Butt,Pakistani,23-27,C_counterfactual,3,5.0,3.4,1,"Sarah M., 34, Part-time",D,True,A,False,False,2,28285
P0336,Sara Butt,Pakistani,23-27,C_counterfactual,3,5.0,3.4,2,"James K., 28, Full-time",A,True,A,True,True,3,14597
P0336,Sara Butt,Pakistani,23-27,C_counterfactual,3,5.0,3.4,3,"Priya R., 41, Self-employed",D,False,A,False,True,4,25738
P0336,Sara Butt,Pakistani,23-27,C_counterfactual,3,5.0,3.4,4,"Marcus T., 55, Part-time",D,True,D,True,True,3,17566
P0336,Sara Butt,Pakistani,23-27,C_counterfactual,3,5.0,3.4,5,"Anika P., 29, Full-time",D,True,D,True,True,4,14723
P0336,Sara Butt,Pakistani,23-27,C_counterfactual,3,5.0,3.4,6,"David H., 47, Full-time",A,True,A,True,True,4,18088
P0336,Sara Butt,Pakistani,23-27,C_counterfactual,3,5.0,3.4,7,"Fatima A., 33, Contract",D,False,A,False,True,2,27753
P0336,Sara Butt,Pakistani,23-27,C_counterfactual,3,5.0,3.4,8,"Tom B., 22, Full-time",D,True,D,True,True,4,12481
P0336,Sara Butt,Pakistani,23-27,C_counterfactual,3,5.0,3.4,9,"Olga S., 38, Full-time",A,True,D,False,False,4,23319
P0336,Sara Butt,Pakistani,23-27,C_counterfactual,3,5.0,3.4,10,"Chen W., 45, Part-time",A,False,A,True,False,1,12737
P0337,Sirajul Islam,Bangladeshi,23-27,C_counterfactual,2,2.2,3.6,1,"Sarah M., 34, Part-time",D,True,A,False,False,3,27675
P0337,Sirajul Islam,Bangladeshi,23-27,C_counterfactual,2,2.2,3.6,2,"James K., 28, Full-time",A,True,A,True,True,3,4039
P0337,Sirajul Islam,Bangladeshi,23-27,C_counterfactual,2,2.2,3.6,3,"Priya R., 41, Self-employed",D,False,D,True,False,4,19793
P0337,Sirajul Islam,Bangladeshi,23-27,C_counterfactual,2,2.2,3.6,4,"Marcus T., 55, Part-time",D,True,D,True,True,4,22204
P0337,Sirajul Islam,Bangladeshi,23-27,C_counterfactual,2,2.2,3.6,5,"Anika P., 29, Full-time",D,True,D,True,True,4,18012
P0337,Sirajul Islam,Bangladeshi,23-27,C_counterfactual,2,2.2,3.6,6,"David H., 47, Full-time",A,True,D,False,False,3,19927
P0337,Sirajul Islam,Bangladeshi,23-27,C_counterfactual,2,2.2,3.6,7,"Fatima A., 33, Contract",D,False,A,False,True,2,20775
P0337,Sirajul Islam,Bangladeshi,23-27,C_counterfactual,2,2.2,3.6,8,"Tom B., 22, Full-time",D,True,A,False,False,2,21619
P0337,Sirajul Islam,Bangladeshi,23-27,C_counterfactual,2,2.2,3.6,9,"Olga S., 38, Full-time",A,True,D,False,False,4,27004
P0337,Sirajul Islam,Bangladeshi,23-27,C_counterfactual,2,2.2,3.6,10,"Chen W., 45, Part-time",A,False,D,False,True,4,19489
P0338,Eduardo Ferreira,Other,28-32,B_surface,1,4.1,5.0,1,"Sarah M., 34, Part-time",D,True,A,False,False,3,29203
P0338,Eduardo Ferreira,Other,28-32,B_surface,1,4.1,5.0,2,"James K., 28, Full-time",A,True,A,True,True,3,14195
P0338,Eduardo Ferreira,Other,28-32,B_surface,1,4.1,5.0,3,"Priya R., 41, Self-employed",D,False,A,False,True,3,21566
P0338,Eduardo Ferreira,Other,28-32,B_surface,1,4.1,5.0,4,"Marcus T., 55, Part-time",D,True,A,False,False,2,24006
P0338,Eduardo Ferreira,Other,28-32,B_surface,1,4.1,5.0,5,"Anika P., 29, Full-time",D,True,D,True,True,4,15538
P0338,Eduardo Ferreira,Other,28-32,B_surface,1,4.1,5.0,6,"David H., 47, Full-time",A,True,D,False,False,3,18025
P0338,Eduardo Ferreira,Other,28-32,B_surface,1,4.1,5.0,7,"Fatima A., 33, Contract",D,False,A,False,True,4,20333
P0338,Eduardo Ferreira,Other,28-32,B_surface,1,4.1,5.0,8,"Tom B., 22, Full-time",D,True,D,True,True,3,12970
P0338,Eduardo Ferreira,Other,28-32,B_surface,1,4.1,5.0,9,"Olga S., 38, Full-time",A,True,D,False,False,3,14063
P0338,Eduardo Ferreira,Other,28-32,B_surface,1,4.1,5.0,10,"Chen W., 45, Part-time",A,False,D,False,True,4,21191
P0339,Emon Hossain,Bangladeshi,28-32,B_surface,0,2.1,2.8,1,"Sarah M., 34, Part-time",D,True,A,False,False,3,21210
P0339,Emon Hossain,Bangladeshi,28-32,B_surface,0,2.1,2.8,2,"James K., 28, Full-time",A,True,D,False,False,1,25514
P0339,Emon Hossain,Bangladeshi,28-32,B_surface,0,2.1,2.8,3,"Priya R., 41, Self-employed",D,False,D,True,False,4,8775
P0339,Emon Hossain,Bangladeshi,28-32,B_surface,0,2.1,2.8,4,"Marcus T., 55, Part-time",D,True,D,True,True,3,13882
P0339,Emon Hossain,Bangladeshi,28-32,B_surface,0,2.1,2.8,5,"Anika P., 29, Full-time",D,True,A,False,False,3,24006
P0339,Emon Hossain,Bangladeshi,28-32,B_surface,0,2.1,2.8,6,"David H., 47, Full-time",A,True,D,False,False,2,22910
P0339,Emon Hossain,Bangladeshi,28-32,B_surface,0,2.1,2.8,7,"Fatima A., 33, Contract",D,False,A,False,True,3,21645
P0339,Emon Hossain,Bangladeshi,28-32,B_surface,0,2.1,2.8,8,"Tom B., 22, Full-time",D,True,D,True,True,4,7849
P0339,Emon Hossain,Bangladeshi,28-32,B_surface,0,2.1,2.8,9,"Olga S., 38, Full-time",A,True,D,False,False,3,21211
P0339,Emon Hossain,Bangladeshi,28-32,B_surface,0,2.1,2.8,10,"Chen W., 45, Part-time",A,False,A,True,False,2,19491
P0340,Sabbir Hossain,Bangladeshi,23-27,B_surface,1,3.7,2.7,1,"Sarah M., 34, Part-time",D,True,A,False,False,2,28236
P0340,Sabbir Hossain,Bangladeshi,23-27,B_surface,1,3.7,2.7,2,"James K., 28, Full-time",A,True,A,True,True,4,9816
P0340,Sabbir Hossain,Bangladeshi,23-27,B_surface,1,3.7,2.7,3,"Priya R., 41, Self-employed",D,False,D,True,False,5,11899
P0340,Sabbir Hossain,Bangladeshi,23-27,B_surface,1,3.7,2.7,4,"Marcus T., 55, Part-time",D,True,A,False,False,3,18889
P0340,Sabbir Hossain,Bangladeshi,23-27,B_surface,1,3.7,2.7,5,"Anika P., 29, Full-time",D,True,A,False,False,4,12893
P0340,Sabbir Hossain,Bangladeshi,23-27,B_surface,1,3.7,2.7,6,"David H., 47, Full-time",A,True,A,True,True,4,14806
P0340,Sabbir Hossain,Bangladeshi,23-27,B_surface,1,3.7,2.7,7,"Fatima A., 33, Contract",D,False,D,True,False,3,14834
P0340,Sabbir Hossain,Bangladeshi,23-27,B_surface,1,3.7,2.7,8,"Tom B., 22, Full-time",D,True,A,False,False,1,17769
P0340,Sabbir Hossain,Bangladeshi,23-27,B_surface,1,3.7,2.7,9,"Olga S., 38, Full-time",A,True,A,True,True,4,14929
P0340,Sabbir Hossain,Bangladeshi,23-27,B_surface,1,3.7,2.7,10,"Chen W., 45, Part-time",A,False,A,True,False,2,6142
P0341,Puja Rani Das,Bangladeshi,23-27,B_surface,0,4.3,2.0,1,"Sarah M., 34, Part-time",D,True,A,False,False,4,26897
P0341,Puja Rani Das,Bangladeshi,23-27,B_surface,0,4.3,2.0,2,"James K., 28, Full-time",A,True,D,False,False,3,24516
P0341,Puja Rani Das,Bangladeshi,23-27,B_surface,0,4.3,2.0,3,"Priya R., 41, Self-employed",D,False,D,True,False,3,10256
P0341,Puja Rani Das,Bangladeshi,23-27,B_surface,0,4.3,2.0,4,"Marcus T., 55, Part-time",D,True,D,True,True,4,10851
P0341,Puja Rani Das,Bangladeshi,23-27,B_surface,0,4.3,2.0,5,"Anika P., 29, Full-time",D,True,A,False,False,4,18860
P0341,Puja Rani Das,Bangladeshi,23-27,B_surface,0,4.3,2.0,6,"David H., 47, Full-time",A,True,A,True,True,3,4635
P0341,Puja Rani Das,Bangladeshi,23-27,B_surface,0,4.3,2.0,7,"Fatima A., 33, Contract",D,False,D,True,False,4,15872
P0341,Puja Rani Das,Bangladeshi,23-27,B_surface,0,4.3,2.0,8,"Tom B., 22, Full-time",D,True,A,False,False,2,20080
P0341,Puja Rani Das,Bangladeshi,23-27,B_surface,0,4.3,2.0,9,"Olga S., 38, Full-time",A,True,D,False,False,3,19952
P0341,Puja Rani Das,Bangladeshi,23-27,B_surface,0,4.3,2.0,10,"Chen W., 45, Part-time",A,False,D,False,True,4,17114
P0342,Hannah A. Green,British,23-27,A_no_explanation,1,3.9,3.9,1,"Sarah M., 34, Part-time",D,True,D,True,True,2,11949
P0342,Hannah A. Green,British,23-27,A_no_explanation,1,3.9,3.9,2,"James K., 28, Full-time",A,True,A,True,True,5,18177
P0342,Hannah A. Green,British,23-27,A_no_explanation,1,3.9,3.9,3,"Priya R., 41, Self-employed",D,False,D,True,False,5,11960
P0342,Hannah A. Green,British,23-27,A_no_explanation,1,3.9,3.9,4,"Marcus T., 55, Part-time",D,True,A,False,False,2,20809
P0342,Hannah A. Green,British,23-27,A_no_explanation,1,3.9,3.9,5,"Anika P., 29, Full-time",D,True,D,True,True,3,12334
P0342,Hannah A. Green,British,23-27,A_no_explanation,1,3.9,3.9,6,"David H., 47, Full-time",A,True,A,True,True,4,12221
P0342,Hannah A. Green,British,23-27,A_no_explanation,1,3.9,3.9,7,"Fatima A., 33, Contract",D,False,D,True,False,2,2800
P0342,Hannah A. Green,British,23-27,A_no_explanation,1,3.9,3.9,8,"Tom B., 22, Full-time",D,True,A,False,False,2,13364
P0342,Hannah A. Green,British,23-27,A_no_explanation,1,3.9,3.9,9,"Olga S., 38, Full-time",A,True,D,False,False,2,16847
P0342,Hannah A. Green,British,23-27,A_no_explanation,1,3.9,3.9,10,"Chen W., 45, Part-time",A,False,A,True,False,4,11011
P0343,Arjun Sharma,Indian,18-22,B_surface,0,4.9,2.5,1,"Sarah M., 34, Part-time",D,True,A,False,False,3,26653
P0343,Arjun Sharma,Indian,18-22,B_surface,0,4.9,2.5,2,"James K., 28, Full-time",A,True,A,True,True,2,5137
P0343,Arjun Sharma,Indian,18-22,B_surface,0,4.9,2.5,3,"Priya R., 41, Self-employed",D,False,D,True,False,4,18496
P0343,Arjun Sharma,Indian,18-22,B_surface,0,4.9,2.5,4,"Marcus T., 55, Part-time",D,True,A,False,False,2,19765
P0343,Arjun Sharma,Indian,18-22,B_surface,0,4.9,2.5,5,"Anika P., 29, Full-time",D,True,A,False,False,2,20149
P0343,Arjun Sharma,Indian,18-22,B_surface,0,4.9,2.5,6,"David H., 47, Full-time",A,True,D,False,False,4,15748
P0343,Arjun Sharma,Indian,18-22,B_surface,0,4.9,2.5,7,"Fatima A., 33, Contract",D,False,D,True,False,2,13266
P0343,Arjun Sharma,Indian,18-22,B_surface,0,4.9,2.5,8,"Tom B., 22, Full-time",D,True,A,False,False,1,21519
P0343,Arjun Sharma,Indian,18-22,B_surface,0,4.9,2.5,9,"Olga S., 38, Full-time",A,True,D,False,False,3,22470
P0343,Arjun Sharma,Indian,18-22,B_surface,0,4.9,2.5,10,"Chen W., 45, Part-time",A,False,A,True,False,3,13214
P0344,Izzatul Nasir,Malaysian,18-22,C_counterfactual,3,2.7,2.6,1,"Sarah M., 34, Part-time",D,True,D,True,True,4,17268
P0344,Izzatul Nasir,Malaysian,18-22,C_counterfactual,3,2.7,2.6,2,"James K., 28, Full-time",A,True,A,True,True,3,20772
P0344,Izzatul Nasir,Malaysian,18-22,C_counterfactual,3,2.7,2.6,3,"Priya R., 41, Self-employed",D,False,A,False,True,3,19227
P0344,Izzatul Nasir,Malaysian,18-22,C_counterfactual,3,2.7,2.6,4,"Marcus T., 55, Part-time",D,True,D,True,True,5,12613
P0344,Izzatul Nasir,Malaysian,18-22,C_counterfactual,3,2.7,2.6,5,"Anika P., 29, Full-time",D,True,D,True,True,5,13510
P0344,Izzatul Nasir,Malaysian,18-22,C_counterfactual,3,2.7,2.6,6,"David H., 47, Full-time",A,True,A,True,True,2,16572
P0344,Izzatul Nasir,Malaysian,18-22,C_counterfactual,3,2.7,2.6,7,"Fatima A., 33, Contract",D,False,A,False,True,3,25955
P0344,Izzatul Nasir,Malaysian,18-22,C_counterfactual,3,2.7,2.6,8,"Tom B., 22, Full-time",D,True,D,True,True,5,25498
P0344,Izzatul Nasir,Malaysian,18-22,C_counterfactual,3,2.7,2.6,9,"Olga S., 38, Full-time",A,True,D,False,False,3,23446
P0344,Izzatul Nasir,Malaysian,18-22,C_counterfactual,3,2.7,2.6,10,"Chen W., 45, Part-time",A,False,A,True,False,2,14586
P0345,George Brown,British,18-22,A_no_explanation,0,4.3,3.0,1,"Sarah M., 34, Part-time",D,True,D,True,True,3,17684
P0345,George Brown,British,18-22,A_no_explanation,0,4.3,3.0,2,"James K., 28, Full-time",A,True,A,True,True,3,10869
P0345,George Brown,British,18-22,A_no_explanation,0,4.3,3.0,3,"Priya R., 41, Self-employed",D,False,D,True,False,3,16334
P0345,George Brown,British,18-22,A_no_explanation,0,4.3,3.0,4,"Marcus T., 55, Part-time",D,True,D,True,True,3,11642
P0345,George Brown,British,18-22,A_no_explanation,0,4.3,3.0,5,"Anika P., 29, Full-time",D,True,D,True,True,4,12369
P0345,George Brown,British,18-22,A_no_explanation,0,4.3,3.0,6,"David H., 47, Full-time",A,True,A,True,True,4,16753
P0345,George Brown,British,18-22,A_no_explanation,0,4.3,3.0,7,"Fatima A., 33, Contract",D,False,A,False,True,2,15678
P0345,George Brown,British,18-22,A_no_explanation,0,4.3,3.0,8,"Tom B., 22, Full-time",D,True,D,True,True,3,16776
P0345,George Brown,British,18-22,A_no_explanation,0,4.3,3.0,9,"Olga S., 38, Full-time",A,True,A,True,True,3,13890
P0345,George Brown,British,18-22,A_no_explanation,0,4.3,3.0,10,"Chen W., 45, Part-time",A,False,A,True,False,5,12362
P0346,Antara Mim,Bangladeshi,18-22,A_no_explanation,0,4.3,3.6,1,"Sarah M., 34, Part-time",D,True,A,False,False,2,18944
P0346,Antara Mim,Bangladeshi,18-22,A_no_explanation,0,4.3,3.6,2,"James K., 28, Full-time",A,True,D,False,False,3,17786
P0346,Antara Mim,Bangladeshi,18-22,A_no_explanation,0,4.3,3.6,3,"Priya R., 41, Self-employed",D,False,A,False,True,4,23633
P0346,Antara Mim,Bangladeshi,18-22,A_no_explanation,0,4.3,3.6,4,"Marcus T., 55, Part-time",D,True,D,True,True,3,13733
P0346,Antara Mim,Bangladeshi,18-22,A_no_explanation,0,4.3,3.6,5,"Anika P., 29, Full-time",D,True,A,False,False,4,21640
P0346,Antara Mim,Bangladeshi,18-22,A_no_explanation,0,4.3,3.6,6,"David H., 47, Full-time",A,True,A,True,True,3,13596
P0346,Antara Mim,Bangladeshi,18-22,A_no_explanation,0,4.3,3.6,7,"Fatima A., 33, Contract",D,False,D,True,False,5,10782
P0346,Antara Mim,Bangladeshi,18-22,A_no_explanation,0,4.3,3.6,8,"Tom B., 22, Full-time",D,True,D,True,True,3,9999
P0346,Antara Mim,Bangladeshi,18-22,A_no_explanation,0,4.3,3.6,9,"Olga S., 38, Full-time",A,True,D,False,False,4,18375
P0346,Antara Mim,Bangladeshi,18-22,A_no_explanation,0,4.3,3.6,10,"Chen W., 45, Part-time",A,False,D,False,True,2,14739
P0347,Mousumi Akter,Bangladeshi,23-27,A_no_explanation,2,2.0,2.8,1,"Sarah M., 34, Part-time",D,True,D,True,True,4,14448
P0347,Mousumi Akter,Bangladeshi,23-27,A_no_explanation,2,2.0,2.8,2,"James K., 28, Full-time",A,True,A,True,True,3,5643
P0347,Mousumi Akter,Bangladeshi,23-27,A_no_explanation,2,2.0,2.8,3,"Priya R., 41, Self-employed",D,False,A,False,True,2,23283
P0347,Mousumi Akter,Bangladeshi,23-27,A_no_explanation,2,2.0,2.8,4,"Marcus T., 55, Part-time",D,True,D,True,True,3,13787
P0347,Mousumi Akter,Bangladeshi,23-27,A_no_explanation,2,2.0,2.8,5,"Anika P., 29, Full-time",D,True,A,False,False,3,20100
P0347,Mousumi Akter,Bangladeshi,23-27,A_no_explanation,2,2.0,2.8,6,"David H., 47, Full-time",A,True,A,True,True,2,10904
P0347,Mousumi Akter,Bangladeshi,23-27,A_no_explanation,2,2.0,2.8,7,"Fatima A., 33, Contract",D,False,D,True,False,3,11214
P0347,Mousumi Akter,Bangladeshi,23-27,A_no_explanation,2,2.0,2.8,8,"Tom B., 22, Full-time",D,True,D,True,True,3,10596
P0347,Mousumi Akter,Bangladeshi,23-27,A_no_explanation,2,2.0,2.8,9,"Olga S., 38, Full-time",A,True,A,True,True,2,11055
P0347,Mousumi Akter,Bangladeshi,23-27,A_no_explanation,2,2.0,2.8,10,"Chen W., 45, Part-time",A,False,D,False,True,4,18886
P0348,Naim Islam,Bangladeshi,18-22,C_counterfactual,3,4.3,4.4,1,"Sarah M., 34, Part-time",D,True,A,False,False,4,25318
P0348,Naim Islam,Bangladeshi,18-22,C_counterfactual,3,4.3,4.4,2,"James K., 28, Full-time",A,True,D,False,False,3,22246
P0348,Naim Islam,Bangladeshi,18-22,C_counterfactual,3,4.3,4.4,3,"Priya R., 41, Self-employed",D,False,D,True,False,3,16742
P0348,Naim Islam,Bangladeshi,18-22,C_counterfactual,3,4.3,4.4,4,"Marcus T., 55, Part-time",D,True,D,True,True,3,14654
P0348,Naim Islam,Bangladeshi,18-22,C_counterfactual,3,4.3,4.4,5,"Anika P., 29, Full-time",D,True,D,True,True,3,11475
P0348,Naim Islam,Bangladeshi,18-22,C_counterfactual,3,4.3,4.4,6,"David H., 47, Full-time",A,True,A,True,True,3,12581
P0348,Naim Islam,Bangladeshi,18-22,C_counterfactual,3,4.3,4.4,7,"Fatima A., 33, Contract",D,False,A,False,True,4,20684
P0348,Naim Islam,Bangladeshi,18-22,C_counterfactual,3,4.3,4.4,8,"Tom B., 22, Full-time",D,True,A,False,False,4,17542
P0348,Naim Islam,Bangladeshi,18-22,C_counterfactual,3,4.3,4.4,9,"Olga S., 38, Full-time",A,True,D,False,False,4,20532
P0348,Naim Islam,Bangladeshi,18-22,C_counterfactual,3,4.3,4.4,10,"Chen W., 45, Part-time",A,False,D,False,True,4,25360
P0349,Feng Wang,Chinese,33-40,B_surface,3,3.0,4.9,1,"Sarah M., 34, Part-time",D,True,D,True,True,3,22068
P0349,Feng Wang,Chinese,33-40,B_surface,3,3.0,4.9,2,"James K., 28, Full-time",A,True,A,True,True,5,12751
P0349,Feng Wang,Chinese,33-40,B_surface,3,3.0,4.9,3,"Priya R., 41, Self-employed",D,False,D,True,False,3,13956
P0349,Feng Wang,Chinese,33-40,B_surface,3,3.0,4.9,4,"Marcus T., 55, Part-time",D,True,D,True,True,4,20577
P0349,Feng Wang,Chinese,33-40,B_surface,3,3.0,4.9,5,"Anika P., 29, Full-time",D,True,A,False,False,2,17952
P0349,Feng Wang,Chinese,33-40,B_surface,3,3.0,4.9,6,"David H., 47, Full-time",A,True,D,False,False,4,15796
P0349,Feng Wang,Chinese,33-40,B_surface,3,3.0,4.9,7,"Fatima A., 33, Contract",D,False,A,False,True,4,21547
P0349,Feng Wang,Chinese,33-40,B_surface,3,3.0,4.9,8,"Tom B., 22, Full-time",D,True,D,True,True,4,17050
P0349,Feng Wang,Chinese,33-40,B_surface,3,3.0,4.9,9,"Olga S., 38, Full-time",A,True,A,True,True,4,18952
P0349,Feng Wang,Chinese,33-40,B_surface,3,3.0,4.9,10,"Chen W., 45, Part-time",A,False,D,False,True,2,16984
P0350,Khorshed Alam,Bangladeshi,33-40,B_surface,2,2.6,3.1,1,"Sarah M., 34, Part-time",D,True,D,True,True,4,12857
P0350,Khorshed Alam,Bangladeshi,33-40,B_surface,2,2.6,3.1,2,"James K., 28, Full-time",A,True,A,True,True,3,8955
P0350,Khorshed Alam,Bangladeshi,33-40,B_surface,2,2.6,3.1,3,"Priya R., 41, Self-employed",D,False,A,False,True,3,25278
P0350,Khorshed Alam,Bangladeshi,33-40,B_surface,2,2.6,3.1,4,"Marcus T., 55, Part-time",D,True,D,True,True,3,15543
P0350,Khorshed Alam,Bangladeshi,33-40,B_surface,2,2.6,3.1,5,"Anika P., 29, Full-time",D,True,A,False,False,4,21785
P0350,Khorshed Alam,Bangladeshi,33-40,B_surface,2,2.6,3.1,6,"David H., 47, Full-time",A,True,A,True,True,3,8667
P0350,Khorshed Alam,Bangladeshi,33-40,B_surface,2,2.6,3.1,7,"Fatima A., 33, Contract",D,False,A,False,True,3,19831
P0350,Khorshed Alam,Bangladeshi,33-40,B_surface,2,2.6,3.1,8,"Tom B., 22, Full-time",D,True,A,False,False,4,22768
P0350,Khorshed Alam,Bangladeshi,33-40,B_surface,2,2.6,3.1,9,"Olga S., 38, Full-time",A,True,A,True,True,4,9066
P0350,Khorshed Alam,Bangladeshi,33-40,B_surface,2,2.6,3.1,10,"Chen W., 45, Part-time",A,False,A,True,False,1,13437
P0351,Maruf Hossain,Bangladeshi,28-32,B_surface,3,3.0,2.1,1,"Sarah M., 34, Part-time",D,True,D,True,True,4,17468
P0351,Maruf Hossain,Bangladeshi,28-32,B_surface,3,3.0,2.1,2,"James K., 28, Full-time",A,True,D,False,False,3,19900
P0351,Maruf Hossain,Bangladeshi,28-32,B_surface,3,3.0,2.1,3,"Priya R., 41, Self-employed",D,False,A,False,True,3,16628
P0351,Maruf Hossain,Bangladeshi,28-32,B_surface,3,3.0,2.1,4,"Marcus T., 55, Part-time",D,True,A,False,False,2,20601
P0351,Maruf Hossain,Bangladeshi,28-32,B_surface,3,3.0,2.1,5,"Anika P., 29, Full-time",D,True,A,False,False,3,19570
P0351,Maruf Hossain,Bangladeshi,28-32,B_surface,3,3.0,2.1,6,"David H., 47, Full-time",A,True,D,False,False,2,18921
P0351,Maruf Hossain,Bangladeshi,28-32,B_surface,3,3.0,2.1,7,"Fatima A., 33, Contract",D,False,D,True,False,4,11895
P0351,Maruf Hossain,Bangladeshi,28-32,B_surface,3,3.0,2.1,8,"Tom B., 22, Full-time",D,True,A,False,False,1,24267
P0351,Maruf Hossain,Bangladeshi,28-32,B_surface,3,3.0,2.1,9,"Olga S., 38, Full-time",A,True,A,True,True,2,12352
P0351,Maruf Hossain,Bangladeshi,28-32,B_surface,3,3.0,2.1,10,"Chen W., 45, Part-time",A,False,A,True,False,2,13829
P0352,Khalilur Rahman,Bangladeshi,23-27,C_counterfactual,3,3.8,4.3,1,"Sarah M., 34, Part-time",D,True,A,False,False,3,25933
P0352,Khalilur Rahman,Bangladeshi,23-27,C_counterfactual,3,3.8,4.3,2,"James K., 28, Full-time",A,True,A,True,True,3,16356
P0352,Khalilur Rahman,Bangladeshi,23-27,C_counterfactual,3,3.8,4.3,3,"Priya R., 41, Self-employed",D,False,D,True,False,2,19957
P0352,Khalilur Rahman,Bangladeshi,23-27,C_counterfactual,3,3.8,4.3,4,"Marcus T., 55, Part-time",D,True,D,True,True,2,18666
P0352,Khalilur Rahman,Bangladeshi,23-27,C_counterfactual,3,3.8,4.3,5,"Anika P., 29, Full-time",D,True,A,False,False,4,20041
P0352,Khalilur Rahman,Bangladeshi,23-27,C_counterfactual,3,3.8,4.3,6,"David H., 47, Full-time",A,True,D,False,False,4,22804
P0352,Khalilur Rahman,Bangladeshi,23-27,C_counterfactual,3,3.8,4.3,7,"Fatima A., 33, Contract",D,False,D,True,False,4,16488
P0352,Khalilur Rahman,Bangladeshi,23-27,C_counterfactual,3,3.8,4.3,8,"Tom B., 22, Full-time",D,True,D,True,True,3,17395
P0352,Khalilur Rahman,Bangladeshi,23-27,C_counterfactual,3,3.8,4.3,9,"Olga S., 38, Full-time",A,True,A,True,True,5,16107
P0352,Khalilur Rahman,Bangladeshi,23-27,C_counterfactual,3,3.8,4.3,10,"Chen W., 45, Part-time",A,False,D,False,True,3,28680
P0353,Rifat Chowdhury,Bangladeshi,33-40,A_no_explanation,1,3.7,4.2,1,"Sarah M., 34, Part-time",D,True,D,True,True,4,15142
P0353,Rifat Chowdhury,Bangladeshi,33-40,A_no_explanation,1,3.7,4.2,2,"James K., 28, Full-time",A,True,A,True,True,4,8619
P0353,Rifat Chowdhury,Bangladeshi,33-40,A_no_explanation,1,3.7,4.2,3,"Priya R., 41, Self-employed",D,False,D,True,False,4,10321
P0353,Rifat Chowdhury,Bangladeshi,33-40,A_no_explanation,1,3.7,4.2,4,"Marcus T., 55, Part-time",D,True,D,True,True,2,6421
P0353,Rifat Chowdhury,Bangladeshi,33-40,A_no_explanation,1,3.7,4.2,5,"Anika P., 29, Full-time",D,True,D,True,True,2,7298
P0353,Rifat Chowdhury,Bangladeshi,33-40,A_no_explanation,1,3.7,4.2,6,"David H., 47, Full-time",A,True,D,False,False,3,20940
P0353,Rifat Chowdhury,Bangladeshi,33-40,A_no_explanation,1,3.7,4.2,7,"Fatima A., 33, Contract",D,False,D,True,False,4,9442
P0353,Rifat Chowdhury,Bangladeshi,33-40,A_no_explanation,1,3.7,4.2,8,"Tom B., 22, Full-time",D,True,D,True,True,3,12112
P0353,Rifat Chowdhury,Bangladeshi,33-40,A_no_explanation,1,3.7,4.2,9,"Olga S., 38, Full-time",A,True,A,True,True,4,5616
P0353,Rifat Chowdhury,Bangladeshi,33-40,A_no_explanation,1,3.7,4.2,10,"Chen W., 45, Part-time",A,False,A,True,False,4,14755
P0354,Tamanna Islam,Bangladeshi,18-22,A_no_explanation,1,4.1,3.0,1,"Sarah M., 34, Part-time",D,True,A,False,False,4,15612
P0354,Tamanna Islam,Bangladeshi,18-22,A_no_explanation,1,4.1,3.0,2,"James K., 28, Full-time",A,True,A,True,True,4,13439
P0354,Tamanna Islam,Bangladeshi,18-22,A_no_explanation,1,4.1,3.0,3,"Priya R., 41, Self-employed",D,False,A,False,True,3,16411
P0354,Tamanna Islam,Bangladeshi,18-22,A_no_explanation,1,4.1,3.0,4,"Marcus T., 55, Part-time",D,True,A,False,False,3,22405
P0354,Tamanna Islam,Bangladeshi,18-22,A_no_explanation,1,4.1,3.0,5,"Anika P., 29, Full-time",D,True,D,True,True,3,5403
P0354,Tamanna Islam,Bangladeshi,18-22,A_no_explanation,1,4.1,3.0,6,"David H., 47, Full-time",A,True,D,False,False,3,22409
P0354,Tamanna Islam,Bangladeshi,18-22,A_no_explanation,1,4.1,3.0,7,"Fatima A., 33, Contract",D,False,D,True,False,3,7247
P0354,Tamanna Islam,Bangladeshi,18-22,A_no_explanation,1,4.1,3.0,8,"Tom B., 22, Full-time",D,True,A,False,False,2,15773
P0354,Tamanna Islam,Bangladeshi,18-22,A_no_explanation,1,4.1,3.0,9,"Olga S., 38, Full-time",A,True,A,True,True,3,7268
P0354,Tamanna Islam,Bangladeshi,18-22,A_no_explanation,1,4.1,3.0,10,"Chen W., 45, Part-time",A,False,D,False,True,3,20684
P0355,Bithi Akter,Bangladeshi,23-27,C_counterfactual,2,2.1,4.5,1,"Sarah M., 34, Part-time",D,True,A,False,False,1,23418
P0355,Bithi Akter,Bangladeshi,23-27,C_counterfactual,2,2.1,4.5,2,"James K., 28, Full-time",A,True,D,False,False,4,26608
P0355,Bithi Akter,Bangladeshi,23-27,C_counterfactual,2,2.1,4.5,3,"Priya R., 41, Self-employed",D,False,D,True,False,5,22187
P0355,Bithi Akter,Bangladeshi,23-27,C_counterfactual,2,2.1,4.5,4,"Marcus T., 55, Part-time",D,True,A,False,False,2,22912
P0355,Bithi Akter,Bangladeshi,23-27,C_counterfactual,2,2.1,4.5,5,"Anika P., 29, Full-time",D,True,D,True,True,2,23652
P0355,Bithi Akter,Bangladeshi,23-27,C_counterfactual,2,2.1,4.5,6,"David H., 47, Full-time",A,True,D,False,False,4,21709
P0355,Bithi Akter,Bangladeshi,23-27,C_counterfactual,2,2.1,4.5,7,"Fatima A., 33, Contract",D,False,A,False,True,2,21201
P0355,Bithi Akter,Bangladeshi,23-27,C_counterfactual,2,2.1,4.5,8,"Tom B., 22, Full-time",D,True,D,True,True,4,13664
P0355,Bithi Akter,Bangladeshi,23-27,C_counterfactual,2,2.1,4.5,9,"Olga S., 38, Full-time",A,True,A,True,True,3,18003
P0355,Bithi Akter,Bangladeshi,23-27,C_counterfactual,2,2.1,4.5,10,"Chen W., 45, Part-time",A,False,A,True,False,3,20817
P0356,Olivia A. Morris,British,33-40,C_counterfactual,1,1.7,3.0,1,"Sarah M., 34, Part-time",D,True,A,False,False,3,28424
P0356,Olivia A. Morris,British,33-40,C_counterfactual,1,1.7,3.0,2,"James K., 28, Full-time",A,True,D,False,False,3,23612
P0356,Olivia A. Morris,British,33-40,C_counterfactual,1,1.7,3.0,3,"Priya R., 41, Self-employed",D,False,A,False,True,3,24127
P0356,Olivia A. Morris,British,33-40,C_counterfactual,1,1.7,3.0,4,"Marcus T., 55, Part-time",D,True,D,True,True,4,14697
P0356,Olivia A. Morris,British,33-40,C_counterfactual,1,1.7,3.0,5,"Anika P., 29, Full-time",D,True,D,True,True,3,12500
P0356,Olivia A. Morris,British,33-40,C_counterfactual,1,1.7,3.0,6,"David H., 47, Full-time",A,True,D,False,False,4,17066
P0356,Olivia A. Morris,British,33-40,C_counterfactual,1,1.7,3.0,7,"Fatima A., 33, Contract",D,False,D,True,False,2,13702
P0356,Olivia A. Morris,British,33-40,C_counterfactual,1,1.7,3.0,8,"Tom B., 22, Full-time",D,True,A,False,False,3,23556
P0356,Olivia A. Morris,British,33-40,C_counterfactual,1,1.7,3.0,9,"Olga S., 38, Full-time",A,True,D,False,False,3,25139
P0356,Olivia A. Morris,British,33-40,C_counterfactual,1,1.7,3.0,10,"Chen W., 45, Part-time",A,False,A,True,False,3,9101
P0357,Sumon Hossain,Bangladeshi,23-27,C_counterfactual,3,4.0,5.0,1,"Sarah M., 34, Part-time",D,True,A,False,False,3,31401
P0357,Sumon Hossain,Bangladeshi,23-27,C_counterfactual,3,4.0,5.0,2,"James K., 28, Full-time",A,True,A,True,True,4,14036
P0357,Sumon Hossain,Bangladeshi,23-27,C_counterfactual,3,4.0,5.0,3,"Priya R., 41, Self-employed",D,False,A,False,True,3,18622
P0357,Sumon Hossain,Bangladeshi,23-27,C_counterfactual,3,4.0,5.0,4,"Marcus T., 55, Part-time",D,True,D,True,True,3,17206
P0357,Sumon Hossain,Bangladeshi,23-27,C_counterfactual,3,4.0,5.0,5,"Anika P., 29, Full-time",D,True,A,False,False,3,20142
P0357,Sumon Hossain,Bangladeshi,23-27,C_counterfactual,3,4.0,5.0,6,"David H., 47, Full-time",A,True,D,False,False,4,20971
P0357,Sumon Hossain,Bangladeshi,23-27,C_counterfactual,3,4.0,5.0,7,"Fatima A., 33, Contract",D,False,A,False,True,4,21157
P0357,Sumon Hossain,Bangladeshi,23-27,C_counterfactual,3,4.0,5.0,8,"Tom B., 22, Full-time",D,True,D,True,True,4,12423
P0357,Sumon Hossain,Bangladeshi,23-27,C_counterfactual,3,4.0,5.0,9,"Olga S., 38, Full-time",A,True,A,True,True,3,19747
P0357,Sumon Hossain,Bangladeshi,23-27,C_counterfactual,3,4.0,5.0,10,"Chen W., 45, Part-time",A,False,A,True,False,4,11727
P0358,Anjali A. Patel,Indian,18-22,B_surface,1,3.9,5.0,1,"Sarah M., 34, Part-time",D,True,A,False,False,2,21349
P0358,Anjali A. Patel,Indian,18-22,B_surface,1,3.9,5.0,2,"James K., 28, Full-time",A,True,D,False,False,3,20221
P0358,Anjali A. Patel,Indian,18-22,B_surface,1,3.9,5.0,3,"Priya R., 41, Self-employed",D,False,A,False,True,5,20973
P0358,Anjali A. Patel,Indian,18-22,B_surface,1,3.9,5.0,4,"Marcus T., 55, Part-time",D,True,D,True,True,3,7883
P0358,Anjali A. Patel,Indian,18-22,B_surface,1,3.9,5.0,5,"Anika P., 29, Full-time",D,True,D,True,True,4,5202
P0358,Anjali A. Patel,Indian,18-22,B_surface,1,3.9,5.0,6,"David H., 47, Full-time",A,True,A,True,True,3,10757
P0358,Anjali A. Patel,Indian,18-22,B_surface,1,3.9,5.0,7,"Fatima A., 33, Contract",D,False,D,True,False,4,14905
P0358,Anjali A. Patel,Indian,18-22,B_surface,1,3.9,5.0,8,"Tom B., 22, Full-time",D,True,A,False,False,2,23744
P0358,Anjali A. Patel,Indian,18-22,B_surface,1,3.9,5.0,9,"Olga S., 38, Full-time",A,True,A,True,True,2,16060
P0358,Anjali A. Patel,Indian,18-22,B_surface,1,3.9,5.0,10,"Chen W., 45, Part-time",A,False,A,True,False,3,16323
P0359,Afsana Islam,Bangladeshi,23-27,A_no_explanation,3,3.4,2.0,1,"Sarah M., 34, Part-time",D,True,D,True,True,4,18083
P0359,Afsana Islam,Bangladeshi,23-27,A_no_explanation,3,3.4,2.0,2,"James K., 28, Full-time",A,True,A,True,True,3,20404
P0359,Afsana Islam,Bangladeshi,23-27,A_no_explanation,3,3.4,2.0,3,"Priya R., 41, Self-employed",D,False,D,True,False,3,11624
P0359,Afsana Islam,Bangladeshi,23-27,A_no_explanation,3,3.4,2.0,4,"Marcus T., 55, Part-time",D,True,D,True,True,1,13632
P0359,Afsana Islam,Bangladeshi,23-27,A_no_explanation,3,3.4,2.0,5,"Anika P., 29, Full-time",D,True,A,False,False,2,16842
P0359,Afsana Islam,Bangladeshi,23-27,A_no_explanation,3,3.4,2.0,6,"David H., 47, Full-time",A,True,D,False,False,3,17710
P0359,Afsana Islam,Bangladeshi,23-27,A_no_explanation,3,3.4,2.0,7,"Fatima A., 33, Contract",D,False,A,False,True,4,25548
P0359,Afsana Islam,Bangladeshi,23-27,A_no_explanation,3,3.4,2.0,8,"Tom B., 22, Full-time",D,True,A,False,False,3,16640
P0359,Afsana Islam,Bangladeshi,23-27,A_no_explanation,3,3.4,2.0,9,"Olga S., 38, Full-time",A,True,A,True,True,2,10393
P0359,Afsana Islam,Bangladeshi,23-27,A_no_explanation,3,3.4,2.0,10,"Chen W., 45, Part-time",A,False,A,True,False,3,13968
P0360,Usman Khan,Pakistani,28-32,C_counterfactual,1,2.1,4.4,1,"Sarah M., 34, Part-time",D,True,D,True,True,2,21406
P0360,Usman Khan,Pakistani,28-32,C_counterfactual,1,2.1,4.4,2,"James K., 28, Full-time",A,True,D,False,False,3,21997
P0360,Usman Khan,Pakistani,28-32,C_counterfactual,1,2.1,4.4,3,"Priya R., 41, Self-employed",D,False,A,False,True,3,23847
P0360,Usman Khan,Pakistani,28-32,C_counterfactual,1,2.1,4.4,4,"Marcus T., 55, Part-time",D,True,D,True,True,3,18751
P0360,Usman Khan,Pakistani,28-32,C_counterfactual,1,2.1,4.4,5,"Anika P., 29, Full-time",D,True,D,True,True,4,15053
P0360,Usman Khan,Pakistani,28-32,C_counterfactual,1,2.1,4.4,6,"David H., 47, Full-time",A,True,A,True,True,3,14318
P0360,Usman Khan,Pakistani,28-32,C_counterfactual,1,2.1,4.4,7,"Fatima A., 33, Contract",D,False,A,False,True,3,23110
P0360,Usman Khan,Pakistani,28-32,C_counterfactual,1,2.1,4.4,8,"Tom B., 22, Full-time",D,True,D,True,True,4,14434
P0360,Usman Khan,Pakistani,28-32,C_counterfactual,1,2.1,4.4,9,"Olga S., 38, Full-time",A,True,A,True,True,5,16917
P0360,Usman Khan,Pakistani,28-32,C_counterfactual,1,2.1,4.4,10,"Chen W., 45, Part-time",A,False,D,False,True,2,15780
P0361,Shafiqul Islam,Bangladeshi,41-50,B_surface,0,4.6,1.0,1,"Sarah M., 34, Part-time",D,True,A,False,False,3,30619
P0361,Shafiqul Islam,Bangladeshi,41-50,B_surface,0,4.6,1.0,2,"James K., 28, Full-time",A,True,A,True,True,3,11900
P0361,Shafiqul Islam,Bangladeshi,41-50,B_surface,0,4.6,1.0,3,"Priya R., 41, Self-employed",D,False,A,False,True,3,22165
P0361,Shafiqul Islam,Bangladeshi,41-50,B_surface,0,4.6,1.0,4,"Marcus T., 55, Part-time",D,True,A,False,False,2,18759
P0361,Shafiqul Islam,Bangladeshi,41-50,B_surface,0,4.6,1.0,5,"Anika P., 29, Full-time",D,True,A,False,False,5,18513
P0361,Shafiqul Islam,Bangladeshi,41-50,B_surface,0,4.6,1.0,6,"David H., 47, Full-time",A,True,A,True,True,4,11799
P0361,Shafiqul Islam,Bangladeshi,41-50,B_surface,0,4.6,1.0,7,"Fatima A., 33, Contract",D,False,A,False,True,2,19120
P0361,Shafiqul Islam,Bangladeshi,41-50,B_surface,0,4.6,1.0,8,"Tom B., 22, Full-time",D,True,D,True,True,3,8003
P0361,Shafiqul Islam,Bangladeshi,41-50,B_surface,0,4.6,1.0,9,"Olga S., 38, Full-time",A,True,D,False,False,4,21034
P0361,Shafiqul Islam,Bangladeshi,41-50,B_surface,0,4.6,1.0,10,"Chen W., 45, Part-time",A,False,A,True,False,3,13483
P0362,Nazim Uddin,Bangladeshi,18-22,A_no_explanation,0,2.7,1.8,1,"Sarah M., 34, Part-time",D,True,D,True,True,3,17548
P0362,Nazim Uddin,Bangladeshi,18-22,A_no_explanation,0,2.7,1.8,2,"James K., 28, Full-time",A,True,A,True,True,3,15030
P0362,Nazim Uddin,Bangladeshi,18-22,A_no_explanation,0,2.7,1.8,3,"Priya R., 41, Self-employed",D,False,A,False,True,4,21960
P0362,Nazim Uddin,Bangladeshi,18-22,A_no_explanation,0,2.7,1.8,4,"Marcus T., 55, Part-time",D,True,D,True,True,4,12972
P0362,Nazim Uddin,Bangladeshi,18-22,A_no_explanation,0,2.7,1.8,5,"Anika P., 29, Full-time",D,True,A,False,False,4,23134
P0362,Nazim Uddin,Bangladeshi,18-22,A_no_explanation,0,2.7,1.8,6,"David H., 47, Full-time",A,True,D,False,False,3,28503
P0362,Nazim Uddin,Bangladeshi,18-22,A_no_explanation,0,2.7,1.8,7,"Fatima A., 33, Contract",D,False,D,True,False,3,8563
P0362,Nazim Uddin,Bangladeshi,18-22,A_no_explanation,0,2.7,1.8,8,"Tom B., 22, Full-time",D,True,D,True,True,4,4876
P0362,Nazim Uddin,Bangladeshi,18-22,A_no_explanation,0,2.7,1.8,9,"Olga S., 38, Full-time",A,True,D,False,False,3,20130
P0362,Nazim Uddin,Bangladeshi,18-22,A_no_explanation,0,2.7,1.8,10,"Chen W., 45, Part-time",A,False,A,True,False,3,11498
P0363,Saidur Rahman,Bangladeshi,18-22,A_no_explanation,3,2.2,4.1,1,"Sarah M., 34, Part-time",D,True,D,True,True,2,12886
P0363,Saidur Rahman,Bangladeshi,18-22,A_no_explanation,3,2.2,4.1,2,"James K., 28, Full-time",A,True,A,True,True,3,11522
P0363,Saidur Rahman,Bangladeshi,18-22,A_no_explanation,3,2.2,4.1,3,"Priya R., 41, Self-employed",D,False,A,False,True,4,21177
P0363,Saidur Rahman,Bangladeshi,18-22,A_no_explanation,3,2.2,4.1,4,"Marcus T., 55, Part-time",D,True,D,True,True,3,6364
P0363,Saidur Rahman,Bangladeshi,18-22,A_no_explanation,3,2.2,4.1,5,"Anika P., 29, Full-time",D,True,D,True,True,4,9366
P0363,Saidur Rahman,Bangladeshi,18-22,A_no_explanation,3,2.2,4.1,6,"David H., 47, Full-time",A,True,D,False,False,3,17613
P0363,Saidur Rahman,Bangladeshi,18-22,A_no_explanation,3,2.2,4.1,7,"Fatima A., 33, Contract",D,False,D,True,False,4,10384
P0363,Saidur Rahman,Bangladeshi,18-22,A_no_explanation,3,2.2,4.1,8,"Tom B., 22, Full-time",D,True,A,False,False,3,21008
P0363,Saidur Rahman,Bangladeshi,18-22,A_no_explanation,3,2.2,4.1,9,"Olga S., 38, Full-time",A,True,A,True,True,3,15523
P0363,Saidur Rahman,Bangladeshi,18-22,A_no_explanation,3,2.2,4.1,10,"Chen W., 45, Part-time",A,False,A,True,False,3,15859
P0364,Rahnuma Islam,Bangladeshi,33-40,C_counterfactual,2,3.5,3.4,1,"Sarah M., 34, Part-time",D,True,A,False,False,4,26328
P0364,Rahnuma Islam,Bangladeshi,33-40,C_counterfactual,2,3.5,3.4,2,"James K., 28, Full-time",A,True,D,False,False,3,19456
P0364,Rahnuma Islam,Bangladeshi,33-40,C_counterfactual,2,3.5,3.4,3,"Priya R., 41, Self-employed",D,False,D,True,False,3,11541
P0364,Rahnuma Islam,Bangladeshi,33-40,C_counterfactual,2,3.5,3.4,4,"Marcus T., 55, Part-time",D,True,D,True,True,2,10556
P0364,Rahnuma Islam,Bangladeshi,33-40,C_counterfactual,2,3.5,3.4,5,"Anika P., 29, Full-time",D,True,D,True,True,4,21402
P0364,Rahnuma Islam,Bangladeshi,33-40,C_counterfactual,2,3.5,3.4,6,"David H., 47, Full-time",A,True,D,False,False,4,27013
P0364,Rahnuma Islam,Bangladeshi,33-40,C_counterfactual,2,3.5,3.4,7,"Fatima A., 33, Contract",D,False,A,False,True,3,22438
P0364,Rahnuma Islam,Bangladeshi,33-40,C_counterfactual,2,3.5,3.4,8,"Tom B., 22, Full-time",D,True,D,True,True,4,8249
P0364,Rahnuma Islam,Bangladeshi,33-40,C_counterfactual,2,3.5,3.4,9,"Olga S., 38, Full-time",A,True,D,False,False,4,31020
P0364,Rahnuma Islam,Bangladeshi,33-40,C_counterfactual,2,3.5,3.4,10,"Chen W., 45, Part-time",A,False,D,False,True,3,26050
P0365,Monowara Begum,Bangladeshi,23-27,A_no_explanation,1,3.3,3.7,1,"Sarah M., 34, Part-time",D,True,A,False,False,4,28434
P0365,Monowara Begum,Bangladeshi,23-27,A_no_explanation,1,3.3,3.7,2,"James K., 28, Full-time",A,True,A,True,True,3,7149
P0365,Monowara Begum,Bangladeshi,23-27,A_no_explanation,1,3.3,3.7,3,"Priya R., 41, Self-employed",D,False,D,True,False,4,10465
P0365,Monowara Begum,Bangladeshi,23-27,A_no_explanation,1,3.3,3.7,4,"Marcus T., 55, Part-time",D,True,A,False,False,2,19895
P0365,Monowara Begum,Bangladeshi,23-27,A_no_explanation,1,3.3,3.7,5,"Anika P., 29, Full-time",D,True,A,False,False,4,15086
P0365,Monowara Begum,Bangladeshi,23-27,A_no_explanation,1,3.3,3.7,6,"David H., 47, Full-time",A,True,D,False,False,1,18981
P0365,Monowara Begum,Bangladeshi,23-27,A_no_explanation,1,3.3,3.7,7,"Fatima A., 33, Contract",D,False,A,False,True,2,17273
P0365,Monowara Begum,Bangladeshi,23-27,A_no_explanation,1,3.3,3.7,8,"Tom B., 22, Full-time",D,True,D,True,True,4,13480
P0365,Monowara Begum,Bangladeshi,23-27,A_no_explanation,1,3.3,3.7,9,"Olga S., 38, Full-time",A,True,A,True,True,3,11188
P0365,Monowara Begum,Bangladeshi,23-27,A_no_explanation,1,3.3,3.7,10,"Chen W., 45, Part-time",A,False,A,True,False,2,11489
P0366,Popy Akter,Bangladeshi,18-22,C_counterfactual,2,1.0,3.4,1,"Sarah M., 34, Part-time",D,True,D,True,True,5,16305
P0366,Popy Akter,Bangladeshi,18-22,C_counterfactual,2,1.0,3.4,2,"James K., 28, Full-time",A,True,A,True,True,4,18237
P0366,Popy Akter,Bangladeshi,18-22,C_counterfactual,2,1.0,3.4,3,"Priya R., 41, Self-employed",D,False,D,True,False,4,10276
P0366,Popy Akter,Bangladeshi,18-22,C_counterfactual,2,1.0,3.4,4,"Marcus T., 55, Part-time",D,True,D,True,True,3,17897
P0366,Popy Akter,Bangladeshi,18-22,C_counterfactual,2,1.0,3.4,5,"Anika P., 29, Full-time",D,True,D,True,True,3,16634
P0366,Popy Akter,Bangladeshi,18-22,C_counterfactual,2,1.0,3.4,6,"David H., 47, Full-time",A,True,A,True,True,3,19739
P0366,Popy Akter,Bangladeshi,18-22,C_counterfactual,2,1.0,3.4,7,"Fatima A., 33, Contract",D,False,A,False,True,3,22121
P0366,Popy Akter,Bangladeshi,18-22,C_counterfactual,2,1.0,3.4,8,"Tom B., 22, Full-time",D,True,D,True,True,4,8420
P0366,Popy Akter,Bangladeshi,18-22,C_counterfactual,2,1.0,3.4,9,"Olga S., 38, Full-time",A,True,A,True,True,3,12606
P0366,Popy Akter,Bangladeshi,18-22,C_counterfactual,2,1.0,3.4,10,"Chen W., 45, Part-time",A,False,A,True,False,2,13618
P0367,Afsana Akter,Bangladeshi,33-40,B_surface,2,3.7,2.8,1,"Sarah M., 34, Part-time",D,True,D,True,True,3,14759
P0367,Afsana Akter,Bangladeshi,33-40,B_surface,2,3.7,2.8,2,"James K., 28, Full-time",A,True,D,False,False,3,20064
P0367,Afsana Akter,Bangladeshi,33-40,B_surface,2,3.7,2.8,3,"Priya R., 41, Self-employed",D,False,A,False,True,3,15514
P0367,Afsana Akter,Bangladeshi,33-40,B_surface,2,3.7,2.8,4,"Marcus T., 55, Part-time",D,True,A,False,False,3,24655
P0367,Afsana Akter,Bangladeshi,33-40,B_surface,2,3.7,2.8,5,"Anika P., 29, Full-time",D,True,D,True,True,4,10457
P0367,Afsana Akter,Bangladeshi,33-40,B_surface,2,3.7,2.8,6,"David H., 47, Full-time",A,True,A,True,True,4,11979
P0367,Afsana Akter,Bangladeshi,33-40,B_surface,2,3.7,2.8,7,"Fatima A., 33, Contract",D,False,D,True,False,4,14434
P0367,Afsana Akter,Bangladeshi,33-40,B_surface,2,3.7,2.8,8,"Tom B., 22, Full-time",D,True,D,True,True,2,8956
P0367,Afsana Akter,Bangladeshi,33-40,B_surface,2,3.7,2.8,9,"Olga S., 38, Full-time",A,True,D,False,False,4,19866
P0367,Afsana Akter,Bangladeshi,33-40,B_surface,2,3.7,2.8,10,"Chen W., 45, Part-time",A,False,A,True,False,3,16900
P0368,Morsheda Begum,Bangladeshi,23-27,C_counterfactual,1,2.7,2.4,1,"Sarah M., 34, Part-time",D,True,D,True,True,3,22556
P0368,Morsheda Begum,Bangladeshi,23-27,C_counterfactual,1,2.7,2.4,2,"James K., 28, Full-time",A,True,A,True,True,3,19664
P0368,Morsheda Begum,Bangladeshi,23-27,C_counterfactual,1,2.7,2.4,3,"Priya R., 41, Self-employed",D,False,A,False,True,3,22589
P0368,Morsheda Begum,Bangladeshi,23-27,C_counterfactual,1,2.7,2.4,4,"Marcus T., 55, Part-time",D,True,A,False,False,2,24818
P0368,Morsheda Begum,Bangladeshi,23-27,C_counterfactual,1,2.7,2.4,5,"Anika P., 29, Full-time",D,True,D,True,True,4,12463
P0368,Morsheda Begum,Bangladeshi,23-27,C_counterfactual,1,2.7,2.4,6,"David H., 47, Full-time",A,True,A,True,True,3,14979
P0368,Morsheda Begum,Bangladeshi,23-27,C_counterfactual,1,2.7,2.4,7,"Fatima A., 33, Contract",D,False,A,False,True,3,25783
P0368,Morsheda Begum,Bangladeshi,23-27,C_counterfactual,1,2.7,2.4,8,"Tom B., 22, Full-time",D,True,A,False,False,4,21204
P0368,Morsheda Begum,Bangladeshi,23-27,C_counterfactual,1,2.7,2.4,9,"Olga S., 38, Full-time",A,True,A,True,True,4,15827
P0368,Morsheda Begum,Bangladeshi,23-27,C_counterfactual,1,2.7,2.4,10,"Chen W., 45, Part-time",A,False,D,False,True,4,24452
P0369,Marufa Begum,Bangladeshi,33-40,A_no_explanation,0,3.8,3.5,1,"Sarah M., 34, Part-time",D,True,D,True,True,4,21479
P0369,Marufa Begum,Bangladeshi,33-40,A_no_explanation,0,3.8,3.5,2,"James K., 28, Full-time",A,True,A,True,True,2,16185
P0369,Marufa Begum,Bangladeshi,33-40,A_no_explanation,0,3.8,3.5,3,"Priya R., 41, Self-employed",D,False,D,True,False,2,12327
P0369,Marufa Begum,Bangladeshi,33-40,A_no_explanation,0,3.8,3.5,4,"Marcus T., 55, Part-time",D,True,D,True,True,3,14891
P0369,Marufa Begum,Bangladeshi,33-40,A_no_explanation,0,3.8,3.5,5,"Anika P., 29, Full-time",D,True,A,False,False,5,23811
P0369,Marufa Begum,Bangladeshi,33-40,A_no_explanation,0,3.8,3.5,6,"David H., 47, Full-time",A,True,A,True,True,4,19852
P0369,Marufa Begum,Bangladeshi,33-40,A_no_explanation,0,3.8,3.5,7,"Fatima A., 33, Contract",D,False,A,False,True,4,18824
P0369,Marufa Begum,Bangladeshi,33-40,A_no_explanation,0,3.8,3.5,8,"Tom B., 22, Full-time",D,True,D,True,True,3,9907
P0369,Marufa Begum,Bangladeshi,33-40,A_no_explanation,0,3.8,3.5,9,"Olga S., 38, Full-time",A,True,D,False,False,2,20311
P0369,Marufa Begum,Bangladeshi,33-40,A_no_explanation,0,3.8,3.5,10,"Chen W., 45, Part-time",A,False,A,True,False,3,13976
P0370,Dele Ogunyemi,Nigerian,33-40,C_counterfactual,0,3.9,3.5,1,"Sarah M., 34, Part-time",D,True,A,False,False,4,26125
P0370,Dele Ogunyemi,Nigerian,33-40,C_counterfactual,0,3.9,3.5,2,"James K., 28, Full-time",A,True,A,True,True,4,10804
P0370,Dele Ogunyemi,Nigerian,33-40,C_counterfactual,0,3.9,3.5,3,"Priya R., 41, Self-employed",D,False,A,False,True,5,27348
P0370,Dele Ogunyemi,Nigerian,33-40,C_counterfactual,0,3.9,3.5,4,"Marcus T., 55, Part-time",D,True,A,False,False,3,19705
P0370,Dele Ogunyemi,Nigerian,33-40,C_counterfactual,0,3.9,3.5,5,"Anika P., 29, Full-time",D,True,A,False,False,4,16268
P0370,Dele Ogunyemi,Nigerian,33-40,C_counterfactual,0,3.9,3.5,6,"David H., 47, Full-time",A,True,A,True,True,3,11690
P0370,Dele Ogunyemi,Nigerian,33-40,C_counterfactual,0,3.9,3.5,7,"Fatima A., 33, Contract",D,False,A,False,True,3,32053
P0370,Dele Ogunyemi,Nigerian,33-40,C_counterfactual,0,3.9,3.5,8,"Tom B., 22, Full-time",D,True,D,True,True,3,8383
P0370,Dele Ogunyemi,Nigerian,33-40,C_counterfactual,0,3.9,3.5,9,"Olga S., 38, Full-time",A,True,A,True,True,3,15064
P0370,Dele Ogunyemi,Nigerian,33-40,C_counterfactual,0,3.9,3.5,10,"Chen W., 45, Part-time",A,False,D,False,True,2,22263
P0371,Kamran Yousaf,Pakistani,33-40,B_surface,3,3.4,4.2,1,"Sarah M., 34, Part-time",D,True,D,True,True,3,12929
P0371,Kamran Yousaf,Pakistani,33-40,B_surface,3,3.4,4.2,2,"James K., 28, Full-time",A,True,D,False,False,2,17329
P0371,Kamran Yousaf,Pakistani,33-40,B_surface,3,3.4,4.2,3,"Priya R., 41, Self-employed",D,False,D,True,False,3,8673
P0371,Kamran Yousaf,Pakistani,33-40,B_surface,3,3.4,4.2,4,"Marcus T., 55, Part-time",D,True,A,False,False,2,20645
P0371,Kamran Yousaf,Pakistani,33-40,B_surface,3,3.4,4.2,5,"Anika P., 29, Full-time",D,True,D,True,True,3,11635
P0371,Kamran Yousaf,Pakistani,33-40,B_surface,3,3.4,4.2,6,"David H., 47, Full-time",A,True,D,False,False,3,15703
P0371,Kamran Yousaf,Pakistani,33-40,B_surface,3,3.4,4.2,7,"Fatima A., 33, Contract",D,False,D,True,False,3,11486
P0371,Kamran Yousaf,Pakistani,33-40,B_surface,3,3.4,4.2,8,"Tom B., 22, Full-time",D,True,D,True,True,3,12683
P0371,Kamran Yousaf,Pakistani,33-40,B_surface,3,3.4,4.2,9,"Olga S., 38, Full-time",A,True,D,False,False,3,15465
P0371,Kamran Yousaf,Pakistani,33-40,B_surface,3,3.4,4.2,10,"Chen W., 45, Part-time",A,False,A,True,False,4,12370
P0372,Lucy A. Turner,British,18-22,C_counterfactual,1,3.9,3.2,1,"Sarah M., 34, Part-time",D,True,D,True,True,3,25292
P0372,Lucy A. Turner,British,18-22,C_counterfactual,1,3.9,3.2,2,"James K., 28, Full-time",A,True,A,True,True,3,16006
P0372,Lucy A. Turner,British,18-22,C_counterfactual,1,3.9,3.2,3,"Priya R., 41, Self-employed",D,False,D,True,False,4,13213
P0372,Lucy A. Turner,British,18-22,C_counterfactual,1,3.9,3.2,4,"Marcus T., 55, Part-time",D,True,D,True,True,2,13962
P0372,Lucy A. Turner,British,18-22,C_counterfactual,1,3.9,3.2,5,"Anika P., 29, Full-time",D,True,D,True,True,4,17625
P0372,Lucy A. Turner,British,18-22,C_counterfactual,1,3.9,3.2,6,"David H., 47, Full-time",A,True,A,True,True,3,16135
P0372,Lucy A. Turner,British,18-22,C_counterfactual,1,3.9,3.2,7,"Fatima A., 33, Contract",D,False,A,False,True,4,23346
P0372,Lucy A. Turner,British,18-22,C_counterfactual,1,3.9,3.2,8,"Tom B., 22, Full-time",D,True,A,False,False,3,17821
P0372,Lucy A. Turner,British,18-22,C_counterfactual,1,3.9,3.2,9,"Olga S., 38, Full-time",A,True,A,True,True,2,15720
P0372,Lucy A. Turner,British,18-22,C_counterfactual,1,3.9,3.2,10,"Chen W., 45, Part-time",A,False,A,True,False,3,13559
P0373,Atiqur Rahman,Bangladeshi,18-22,B_surface,1,4.0,3.4,1,"Sarah M., 34, Part-time",D,True,D,True,True,3,16647
P0373,Atiqur Rahman,Bangladeshi,18-22,B_surface,1,4.0,3.4,2,"James K., 28, Full-time",A,True,A,True,True,3,13398
P0373,Atiqur Rahman,Bangladeshi,18-22,B_surface,1,4.0,3.4,3,"Priya R., 41, Self-employed",D,False,A,False,True,2,16062
P0373,Atiqur Rahman,Bangladeshi,18-22,B_surface,1,4.0,3.4,4,"Marcus T., 55, Part-time",D,True,D,True,True,4,13369
P0373,Atiqur Rahman,Bangladeshi,18-22,B_surface,1,4.0,3.4,5,"Anika P., 29, Full-time",D,True,A,False,False,2,25606
P0373,Atiqur Rahman,Bangladeshi,18-22,B_surface,1,4.0,3.4,6,"David H., 47, Full-time",A,True,D,False,False,4,20620
P0373,Atiqur Rahman,Bangladeshi,18-22,B_surface,1,4.0,3.4,7,"Fatima A., 33, Contract",D,False,D,True,False,4,7602
P0373,Atiqur Rahman,Bangladeshi,18-22,B_surface,1,4.0,3.4,8,"Tom B., 22, Full-time",D,True,D,True,True,3,11145
P0373,Atiqur Rahman,Bangladeshi,18-22,B_surface,1,4.0,3.4,9,"Olga S., 38, Full-time",A,True,D,False,False,4,19480
P0373,Atiqur Rahman,Bangladeshi,18-22,B_surface,1,4.0,3.4,10,"Chen W., 45, Part-time",A,False,A,True,False,4,13760
P0374,Victoria A. Lee,British,23-27,A_no_explanation,1,2.7,2.6,1,"Sarah M., 34, Part-time",D,True,D,True,True,2,18548
P0374,Victoria A. Lee,British,23-27,A_no_explanation,1,2.7,2.6,2,"James K., 28, Full-time",A,True,D,False,False,3,14561
P0374,Victoria A. Lee,British,23-27,A_no_explanation,1,2.7,2.6,3,"Priya R., 41, Self-employed",D,False,D,True,False,3,11946
P0374,Victoria A. Lee,British,23-27,A_no_explanation,1,2.7,2.6,4,"Marcus T., 55, Part-time",D,True,D,True,True,2,11130
P0374,Victoria A. Lee,British,23-27,A_no_explanation,1,2.7,2.6,5,"Anika P., 29, Full-time",D,True,D,True,True,3,12892
P0374,Victoria A. Lee,British,23-27,A_no_explanation,1,2.7,2.6,6,"David H., 47, Full-time",A,True,A,True,True,4,15636
P0374,Victoria A. Lee,British,23-27,A_no_explanation,1,2.7,2.6,7,"Fatima A., 33, Contract",D,False,D,True,False,3,14711
P0374,Victoria A. Lee,British,23-27,A_no_explanation,1,2.7,2.6,8,"Tom B., 22, Full-time",D,True,D,True,True,2,6432
P0374,Victoria A. Lee,British,23-27,A_no_explanation,1,2.7,2.6,9,"Olga S., 38, Full-time",A,True,A,True,True,4,10823
P0374,Victoria A. Lee,British,23-27,A_no_explanation,1,2.7,2.6,10,"Chen W., 45, Part-time",A,False,D,False,True,2,17051
P0375,Ahsan Habib,Bangladeshi,18-22,C_counterfactual,3,3.2,1.9,1,"Sarah M., 34, Part-time",D,True,D,True,True,3,16177
P0375,Ahsan Habib,Bangladeshi,18-22,C_counterfactual,3,3.2,1.9,2,"James K., 28, Full-time",A,True,D,False,False,4,23408
P0375,Ahsan Habib,Bangladeshi,18-22,C_counterfactual,3,3.2,1.9,3,"Priya R., 41, Self-employed",D,False,A,False,True,2,20379
P0375,Ahsan Habib,Bangladeshi,18-22,C_counterfactual,3,3.2,1.9,4,"Marcus T., 55, Part-time",D,True,D,True,True,4,13383
P0375,Ahsan Habib,Bangladeshi,18-22,C_counterfactual,3,3.2,1.9,5,"Anika P., 29, Full-time",D,True,D,True,True,4,15955
P0375,Ahsan Habib,Bangladeshi,18-22,C_counterfactual,3,3.2,1.9,6,"David H., 47, Full-time",A,True,D,False,False,3,19644
P0375,Ahsan Habib,Bangladeshi,18-22,C_counterfactual,3,3.2,1.9,7,"Fatima A., 33, Contract",D,False,A,False,True,2,19382
P0375,Ahsan Habib,Bangladeshi,18-22,C_counterfactual,3,3.2,1.9,8,"Tom B., 22, Full-time",D,True,A,False,False,2,20166
P0375,Ahsan Habib,Bangladeshi,18-22,C_counterfactual,3,3.2,1.9,9,"Olga S., 38, Full-time",A,True,D,False,False,3,21846
P0375,Ahsan Habib,Bangladeshi,18-22,C_counterfactual,3,3.2,1.9,10,"Chen W., 45, Part-time",A,False,D,False,True,3,20106
P0376,Ife Adebisi,Nigerian,28-32,B_surface,2,2.2,2.9,1,"Sarah M., 34, Part-time",D,True,A,False,False,2,26012
P0376,Ife Adebisi,Nigerian,28-32,B_surface,2,2.2,2.9,2,"James K., 28, Full-time",A,True,A,True,True,4,16753
P0376,Ife Adebisi,Nigerian,28-32,B_surface,2,2.2,2.9,3,"Priya R., 41, Self-employed",D,False,A,False,True,2,20448
P0376,Ife Adebisi,Nigerian,28-32,B_surface,2,2.2,2.9,4,"Marcus T., 55, Part-time",D,True,A,False,False,3,22313
P0376,Ife Adebisi,Nigerian,28-32,B_surface,2,2.2,2.9,5,"Anika P., 29, Full-time",D,True,D,True,True,3,16402
P0376,Ife Adebisi,Nigerian,28-32,B_surface,2,2.2,2.9,6,"David H., 47, Full-time",A,True,D,False,False,3,18037
P0376,Ife Adebisi,Nigerian,28-32,B_surface,2,2.2,2.9,7,"Fatima A., 33, Contract",D,False,A,False,True,3,16948
P0376,Ife Adebisi,Nigerian,28-32,B_surface,2,2.2,2.9,8,"Tom B., 22, Full-time",D,True,D,True,True,2,3969
P0376,Ife Adebisi,Nigerian,28-32,B_surface,2,2.2,2.9,9,"Olga S., 38, Full-time",A,True,A,True,True,3,12043
P0376,Ife Adebisi,Nigerian,28-32,B_surface,2,2.2,2.9,10,"Chen W., 45, Part-time",A,False,D,False,True,2,16044
P0377,Fazlul Haque,Bangladeshi,33-40,C_counterfactual,2,2.8,3.7,1,"Sarah M., 34, Part-time",D,True,A,False,False,2,26161
P0377,Fazlul Haque,Bangladeshi,33-40,C_counterfactual,2,2.8,3.7,2,"James K., 28, Full-time",A,True,A,True,True,2,20043
P0377,Fazlul Haque,Bangladeshi,33-40,C_counterfactual,2,2.8,3.7,3,"Priya R., 41, Self-employed",D,False,A,False,True,4,18638
P0377,Fazlul Haque,Bangladeshi,33-40,C_counterfactual,2,2.8,3.7,4,"Marcus T., 55, Part-time",D,True,A,False,False,3,20703
P0377,Fazlul Haque,Bangladeshi,33-40,C_counterfactual,2,2.8,3.7,5,"Anika P., 29, Full-time",D,True,D,True,True,4,6707
P0377,Fazlul Haque,Bangladeshi,33-40,C_counterfactual,2,2.8,3.7,6,"David H., 47, Full-time",A,True,D,False,False,2,23171
P0377,Fazlul Haque,Bangladeshi,33-40,C_counterfactual,2,2.8,3.7,7,"Fatima A., 33, Contract",D,False,D,True,False,3,19151
P0377,Fazlul Haque,Bangladeshi,33-40,C_counterfactual,2,2.8,3.7,8,"Tom B., 22, Full-time",D,True,D,True,True,2,16267
P0377,Fazlul Haque,Bangladeshi,33-40,C_counterfactual,2,2.8,3.7,9,"Olga S., 38, Full-time",A,True,D,False,False,3,25220
P0377,Fazlul Haque,Bangladeshi,33-40,C_counterfactual,2,2.8,3.7,10,"Chen W., 45, Part-time",A,False,D,False,True,2,26108
P0378,Zainab Anwar,Pakistani,18-22,C_counterfactual,3,2.5,3.2,1,"Sarah M., 34, Part-time",D,True,A,False,False,2,27987
P0378,Zainab Anwar,Pakistani,18-22,C_counterfactual,3,2.5,3.2,2,"James K., 28, Full-time",A,True,A,True,True,3,17957
P0378,Zainab Anwar,Pakistani,18-22,C_counterfactual,3,2.5,3.2,3,"Priya R., 41, Self-employed",D,False,D,True,False,3,20374
P0378,Zainab Anwar,Pakistani,18-22,C_counterfactual,3,2.5,3.2,4,"Marcus T., 55, Part-time",D,True,D,True,True,3,11200
P0378,Zainab Anwar,Pakistani,18-22,C_counterfactual,3,2.5,3.2,5,"Anika P., 29, Full-time",D,True,A,False,False,3,22108
P0378,Zainab Anwar,Pakistani,18-22,C_counterfactual,3,2.5,3.2,6,"David H., 47, Full-time",A,True,D,False,False,3,22605
P0378,Zainab Anwar,Pakistani,18-22,C_counterfactual,3,2.5,3.2,7,"Fatima A., 33, Contract",D,False,D,True,False,3,12097
P0378,Zainab Anwar,Pakistani,18-22,C_counterfactual,3,2.5,3.2,8,"Tom B., 22, Full-time",D,True,A,False,False,2,19381
P0378,Zainab Anwar,Pakistani,18-22,C_counterfactual,3,2.5,3.2,9,"Olga S., 38, Full-time",A,True,A,True,True,4,15200
P0378,Zainab Anwar,Pakistani,18-22,C_counterfactual,3,2.5,3.2,10,"Chen W., 45, Part-time",A,False,D,False,True,3,28307
P0379,Bristy Akter,Bangladeshi,18-22,A_no_explanation,3,2.6,3.6,1,"Sarah M., 34, Part-time",D,True,D,True,True,3,13890
P0379,Bristy Akter,Bangladeshi,18-22,A_no_explanation,3,2.6,3.6,2,"James K., 28, Full-time",A,True,D,False,False,4,24285
P0379,Bristy Akter,Bangladeshi,18-22,A_no_explanation,3,2.6,3.6,3,"Priya R., 41, Self-employed",D,False,A,False,True,4,16744
P0379,Bristy Akter,Bangladeshi,18-22,A_no_explanation,3,2.6,3.6,4,"Marcus T., 55, Part-time",D,True,A,False,False,2,17929
P0379,Bristy Akter,Bangladeshi,18-22,A_no_explanation,3,2.6,3.6,5,"Anika P., 29, Full-time",D,True,D,True,True,5,7460
P0379,Bristy Akter,Bangladeshi,18-22,A_no_explanation,3,2.6,3.6,6,"David H., 47, Full-time",A,True,A,True,True,4,9499
P0379,Bristy Akter,Bangladeshi,18-22,A_no_explanation,3,2.6,3.6,7,"Fatima A., 33, Contract",D,False,A,False,True,2,13538
P0379,Bristy Akter,Bangladeshi,18-22,A_no_explanation,3,2.6,3.6,8,"Tom B., 22, Full-time",D,True,D,True,True,5,16156
P0379,Bristy Akter,Bangladeshi,18-22,A_no_explanation,3,2.6,3.6,9,"Olga S., 38, Full-time",A,True,A,True,True,4,11197
P0379,Bristy Akter,Bangladeshi,18-22,A_no_explanation,3,2.6,3.6,10,"Chen W., 45, Part-time",A,False,A,True,False,4,7302
P0380,Lutful Haque,Bangladeshi,18-22,A_no_explanation,3,3.9,3.7,1,"Sarah M., 34, Part-time",D,True,A,False,False,3,23021
P0380,Lutful Haque,Bangladeshi,18-22,A_no_explanation,3,3.9,3.7,2,"James K., 28, Full-time",A,True,A,True,True,3,11091
P0380,Lutful Haque,Bangladeshi,18-22,A_no_explanation,3,3.9,3.7,3,"Priya R., 41, Self-employed",D,False,A,False,True,3,28734
P0380,Lutful Haque,Bangladeshi,18-22,A_no_explanation,3,3.9,3.7,4,"Marcus T., 55, Part-time",D,True,D,True,True,3,10089
P0380,Lutful Haque,Bangladeshi,18-22,A_no_explanation,3,3.9,3.7,5,"Anika P., 29, Full-time",D,True,D,True,True,2,8794
P0380,Lutful Haque,Bangladeshi,18-22,A_no_explanation,3,3.9,3.7,6,"David H., 47, Full-time",A,True,A,True,True,2,2800
P0380,Lutful Haque,Bangladeshi,18-22,A_no_explanation,3,3.9,3.7,7,"Fatima A., 33, Contract",D,False,A,False,True,2,24363
P0380,Lutful Haque,Bangladeshi,18-22,A_no_explanation,3,3.9,3.7,8,"Tom B., 22, Full-time",D,True,A,False,False,2,15016
P0380,Lutful Haque,Bangladeshi,18-22,A_no_explanation,3,3.9,3.7,9,"Olga S., 38, Full-time",A,True,D,False,False,2,18417
P0380,Lutful Haque,Bangladeshi,18-22,A_no_explanation,3,3.9,3.7,10,"Chen W., 45, Part-time",A,False,A,True,False,2,17297
P0381,Halima Begum,Bangladeshi,23-27,A_no_explanation,2,4.6,3.5,1,"Sarah M., 34, Part-time",D,True,D,True,True,4,17158
P0381,Halima Begum,Bangladeshi,23-27,A_no_explanation,2,4.6,3.5,2,"James K., 28, Full-time",A,True,A,True,True,2,7356
P0381,Halima Begum,Bangladeshi,23-27,A_no_explanation,2,4.6,3.5,3,"Priya R., 41, Self-employed",D,False,D,True,False,4,8821
P0381,Halima Begum,Bangladeshi,23-27,A_no_explanation,2,4.6,3.5,4,"Marcus T., 55, Part-time",D,True,A,False,False,3,22471
P0381,Halima Begum,Bangladeshi,23-27,A_no_explanation,2,4.6,3.5,5,"Anika P., 29, Full-time",D,True,D,True,True,3,6859
P0381,Halima Begum,Bangladeshi,23-27,A_no_explanation,2,4.6,3.5,6,"David H., 47, Full-time",A,True,D,False,False,2,18968
P0381,Halima Begum,Bangladeshi,23-27,A_no_explanation,2,4.6,3.5,7,"Fatima A., 33, Contract",D,False,D,True,False,3,7518
P0381,Halima Begum,Bangladeshi,23-27,A_no_explanation,2,4.6,3.5,8,"Tom B., 22, Full-time",D,True,D,True,True,2,7776
P0381,Halima Begum,Bangladeshi,23-27,A_no_explanation,2,4.6,3.5,9,"Olga S., 38, Full-time",A,True,D,False,False,3,15231
P0381,Halima Begum,Bangladeshi,23-27,A_no_explanation,2,4.6,3.5,10,"Chen W., 45, Part-time",A,False,A,True,False,3,9441
P0382,Arash Tehrani,Other,28-32,B_surface,3,2.2,4.1,1,"Sarah M., 34, Part-time",D,True,A,False,False,3,25546
P0382,Arash Tehrani,Other,28-32,B_surface,3,2.2,4.1,2,"James K., 28, Full-time",A,True,A,True,True,3,10118
P0382,Arash Tehrani,Other,28-32,B_surface,3,2.2,4.1,3,"Priya R., 41, Self-employed",D,False,D,True,False,3,10362
P0382,Arash Tehrani,Other,28-32,B_surface,3,2.2,4.1,4,"Marcus T., 55, Part-time",D,True,D,True,True,4,10364
P0382,Arash Tehrani,Other,28-32,B_surface,3,2.2,4.1,5,"Anika P., 29, Full-time",D,True,A,False,False,3,27978
P0382,Arash Tehrani,Other,28-32,B_surface,3,2.2,4.1,6,"David H., 47, Full-time",A,True,A,True,True,5,11843
P0382,Arash Tehrani,Other,28-32,B_surface,3,2.2,4.1,7,"Fatima A., 33, Contract",D,False,D,True,False,4,13761
P0382,Arash Tehrani,Other,28-32,B_surface,3,2.2,4.1,8,"Tom B., 22, Full-time",D,True,D,True,True,2,15604
P0382,Arash Tehrani,Other,28-32,B_surface,3,2.2,4.1,9,"Olga S., 38, Full-time",A,True,A,True,True,5,12561
P0382,Arash Tehrani,Other,28-32,B_surface,3,2.2,4.1,10,"Chen W., 45, Part-time",A,False,D,False,True,3,22331
P0383,Junaid Baig,Pakistani,28-32,C_counterfactual,2,3.1,3.1,1,"Sarah M., 34, Part-time",D,True,D,True,True,3,13179
P0383,Junaid Baig,Pakistani,28-32,C_counterfactual,2,3.1,3.1,2,"James K., 28, Full-time",A,True,D,False,False,2,24614
P0383,Junaid Baig,Pakistani,28-32,C_counterfactual,2,3.1,3.1,3,"Priya R., 41, Self-employed",D,False,A,False,True,3,19602
P0383,Junaid Baig,Pakistani,28-32,C_counterfactual,2,3.1,3.1,4,"Marcus T., 55, Part-time",D,True,D,True,True,5,14468
P0383,Junaid Baig,Pakistani,28-32,C_counterfactual,2,3.1,3.1,5,"Anika P., 29, Full-time",D,True,D,True,True,4,16931
P0383,Junaid Baig,Pakistani,28-32,C_counterfactual,2,3.1,3.1,6,"David H., 47, Full-time",A,True,A,True,True,4,17661
P0383,Junaid Baig,Pakistani,28-32,C_counterfactual,2,3.1,3.1,7,"Fatima A., 33, Contract",D,False,D,True,False,3,14913
P0383,Junaid Baig,Pakistani,28-32,C_counterfactual,2,3.1,3.1,8,"Tom B., 22, Full-time",D,True,D,True,True,3,16573
P0383,Junaid Baig,Pakistani,28-32,C_counterfactual,2,3.1,3.1,9,"Olga S., 38, Full-time",A,True,A,True,True,2,14432
P0383,Junaid Baig,Pakistani,28-32,C_counterfactual,2,3.1,3.1,10,"Chen W., 45, Part-time",A,False,D,False,True,5,14542
P0384,Ayesha Khan,Pakistani,18-22,C_counterfactual,3,2.9,3.9,1,"Sarah M., 34, Part-time",D,True,D,True,True,3,23128
P0384,Ayesha Khan,Pakistani,18-22,C_counterfactual,3,2.9,3.9,2,"James K., 28, Full-time",A,True,D,False,False,3,30472
P0384,Ayesha Khan,Pakistani,18-22,C_counterfactual,3,2.9,3.9,3,"Priya R., 41, Self-employed",D,False,A,False,True,4,21417
P0384,Ayesha Khan,Pakistani,18-22,C_counterfactual,3,2.9,3.9,4,"Marcus T., 55, Part-time",D,True,D,True,True,5,14689
P0384,Ayesha Khan,Pakistani,18-22,C_counterfactual,3,2.9,3.9,5,"Anika P., 29, Full-time",D,True,D,True,True,4,17686
P0384,Ayesha Khan,Pakistani,18-22,C_counterfactual,3,2.9,3.9,6,"David H., 47, Full-time",A,True,A,True,True,2,17682
P0384,Ayesha Khan,Pakistani,18-22,C_counterfactual,3,2.9,3.9,7,"Fatima A., 33, Contract",D,False,A,False,True,4,22847
P0384,Ayesha Khan,Pakistani,18-22,C_counterfactual,3,2.9,3.9,8,"Tom B., 22, Full-time",D,True,D,True,True,4,12857
P0384,Ayesha Khan,Pakistani,18-22,C_counterfactual,3,2.9,3.9,9,"Olga S., 38, Full-time",A,True,A,True,True,4,19085
P0384,Ayesha Khan,Pakistani,18-22,C_counterfactual,3,2.9,3.9,10,"Chen W., 45, Part-time",A,False,A,True,False,4,13720
P0385,Hasina Begum,Bangladeshi,28-32,A_no_explanation,0,2.6,3.6,1,"Sarah M., 34, Part-time",D,True,D,True,True,2,16986
P0385,Hasina Begum,Bangladeshi,28-32,A_no_explanation,0,2.6,3.6,2,"James K., 28, Full-time",A,True,D,False,False,3,23982
P0385,Hasina Begum,Bangladeshi,28-32,A_no_explanation,0,2.6,3.6,3,"Priya R., 41, Self-employed",D,False,D,True,False,3,9935
P0385,Hasina Begum,Bangladeshi,28-32,A_no_explanation,0,2.6,3.6,4,"Marcus T., 55, Part-time",D,True,D,True,True,2,16790
P0385,Hasina Begum,Bangladeshi,28-32,A_no_explanation,0,2.6,3.6,5,"Anika P., 29, Full-time",D,True,D,True,True,5,7561
P0385,Hasina Begum,Bangladeshi,28-32,A_no_explanation,0,2.6,3.6,6,"David H., 47, Full-time",A,True,D,False,False,3,27186
P0385,Hasina Begum,Bangladeshi,28-32,A_no_explanation,0,2.6,3.6,7,"Fatima A., 33, Contract",D,False,D,True,False,4,13669
P0385,Hasina Begum,Bangladeshi,28-32,A_no_explanation,0,2.6,3.6,8,"Tom B., 22, Full-time",D,True,D,True,True,2,10343
P0385,Hasina Begum,Bangladeshi,28-32,A_no_explanation,0,2.6,3.6,9,"Olga S., 38, Full-time",A,True,A,True,True,2,10103
P0385,Hasina Begum,Bangladeshi,28-32,A_no_explanation,0,2.6,3.6,10,"Chen W., 45, Part-time",A,False,D,False,True,3,23300
P0386,Kamrul Hasan,Bangladeshi,28-32,A_no_explanation,0,2.4,4.4,1,"Sarah M., 34, Part-time",D,True,D,True,True,3,8846
P0386,Kamrul Hasan,Bangladeshi,28-32,A_no_explanation,0,2.4,4.4,2,"James K., 28, Full-time",A,True,D,False,False,1,18280
P0386,Kamrul Hasan,Bangladeshi,28-32,A_no_explanation,0,2.4,4.4,3,"Priya R., 41, Self-employed",D,False,D,True,False,3,9681
P0386,Kamrul Hasan,Bangladeshi,28-32,A_no_explanation,0,2.4,4.4,4,"Marcus T., 55, Part-time",D,True,A,False,False,1,21969
P0386,Kamrul Hasan,Bangladeshi,28-32,A_no_explanation,0,2.4,4.4,5,"Anika P., 29, Full-time",D,True,D,True,True,2,14325
P0386,Kamrul Hasan,Bangladeshi,28-32,A_no_explanation,0,2.4,4.4,6,"David H., 47, Full-time",A,True,D,False,False,4,19484
P0386,Kamrul Hasan,Bangladeshi,28-32,A_no_explanation,0,2.4,4.4,7,"Fatima A., 33, Contract",D,False,D,True,False,4,3881
P0386,Kamrul Hasan,Bangladeshi,28-32,A_no_explanation,0,2.4,4.4,8,"Tom B., 22, Full-time",D,True,D,True,True,4,13339
P0386,Kamrul Hasan,Bangladeshi,28-32,A_no_explanation,0,2.4,4.4,9,"Olga S., 38, Full-time",A,True,A,True,True,2,10645
P0386,Kamrul Hasan,Bangladeshi,28-32,A_no_explanation,0,2.4,4.4,10,"Chen W., 45, Part-time",A,False,D,False,True,3,21850
P0387,Abul Bashar,Bangladeshi,23-27,A_no_explanation,3,3.6,3.5,1,"Sarah M., 34, Part-time",D,True,D,True,True,3,11435
P0387,Abul Bashar,Bangladeshi,23-27,A_no_explanation,3,3.6,3.5,2,"James K., 28, Full-time",A,True,D,False,False,1,20998
P0387,Abul Bashar,Bangladeshi,23-27,A_no_explanation,3,3.6,3.5,3,"Priya R., 41, Self-employed",D,False,D,True,False,2,11165
P0387,Abul Bashar,Bangladeshi,23-27,A_no_explanation,3,3.6,3.5,4,"Marcus T., 55, Part-time",D,True,A,False,False,3,21102
P0387,Abul Bashar,Bangladeshi,23-27,A_no_explanation,3,3.6,3.5,5,"Anika P., 29, Full-time",D,True,A,False,False,3,16974
P0387,Abul Bashar,Bangladeshi,23-27,A_no_explanation,3,3.6,3.5,6,"David H., 47, Full-time",A,True,D,False,False,3,20326
P0387,Abul Bashar,Bangladeshi,23-27,A_no_explanation,3,3.6,3.5,7,"Fatima A., 33, Contract",D,False,D,True,False,4,4853
P0387,Abul Bashar,Bangladeshi,23-27,A_no_explanation,3,3.6,3.5,8,"Tom B., 22, Full-time",D,True,A,False,False,3,18547
P0387,Abul Bashar,Bangladeshi,23-27,A_no_explanation,3,3.6,3.5,9,"Olga S., 38, Full-time",A,True,A,True,True,3,7580
P0387,Abul Bashar,Bangladeshi,23-27,A_no_explanation,3,3.6,3.5,10,"Chen W., 45, Part-time",A,False,A,True,False,2,10101
P0388,Faizan Qureshi,Pakistani,18-22,C_counterfactual,2,3.8,2.3,1,"Sarah M., 34, Part-time",D,True,D,True,True,3,16767
P0388,Faizan Qureshi,Pakistani,18-22,C_counterfactual,2,3.8,2.3,2,"James K., 28, Full-time",A,True,D,False,False,3,21472
P0388,Faizan Qureshi,Pakistani,18-22,C_counterfactual,2,3.8,2.3,3,"Priya R., 41, Self-employed",D,False,A,False,True,2,22818
P0388,Faizan Qureshi,Pakistani,18-22,C_counterfactual,2,3.8,2.3,4,"Marcus T., 55, Part-time",D,True,A,False,False,3,23341
P0388,Faizan Qureshi,Pakistani,18-22,C_counterfactual,2,3.8,2.3,5,"Anika P., 29, Full-time",D,True,A,False,False,3,21294
P0388,Faizan Qureshi,Pakistani,18-22,C_counterfactual,2,3.8,2.3,6,"David H., 47, Full-time",A,True,D,False,False,3,15292
P0388,Faizan Qureshi,Pakistani,18-22,C_counterfactual,2,3.8,2.3,7,"Fatima A., 33, Contract",D,False,A,False,True,4,23518
P0388,Faizan Qureshi,Pakistani,18-22,C_counterfactual,2,3.8,2.3,8,"Tom B., 22, Full-time",D,True,D,True,True,3,17437
P0388,Faizan Qureshi,Pakistani,18-22,C_counterfactual,2,3.8,2.3,9,"Olga S., 38, Full-time",A,True,A,True,True,3,14158
P0388,Faizan Qureshi,Pakistani,18-22,C_counterfactual,2,3.8,2.3,10,"Chen W., 45, Part-time",A,False,D,False,True,3,22692
P0389,Siti Hajar,Malaysian,33-40,B_surface,0,2.3,3.3,1,"Sarah M., 34, Part-time",D,True,A,False,False,2,32110
P0389,Siti Hajar,Malaysian,33-40,B_surface,0,2.3,3.3,2,"James K., 28, Full-time",A,True,A,True,True,4,14251
P0389,Siti Hajar,Malaysian,33-40,B_surface,0,2.3,3.3,3,"Priya R., 41, Self-employed",D,False,D,True,False,4,10938
P0389,Siti Hajar,Malaysian,33-40,B_surface,0,2.3,3.3,4,"Marcus T., 55, Part-time",D,True,D,True,True,3,13739
P0389,Siti Hajar,Malaysian,33-40,B_surface,0,2.3,3.3,5,"Anika P., 29, Full-time",D,True,D,True,True,4,11482
P0389,Siti Hajar,Malaysian,33-40,B_surface,0,2.3,3.3,6,"David H., 47, Full-time",A,True,D,False,False,2,16084
P0389,Siti Hajar,Malaysian,33-40,B_surface,0,2.3,3.3,7,"Fatima A., 33, Contract",D,False,D,True,False,5,14912
P0389,Siti Hajar,Malaysian,33-40,B_surface,0,2.3,3.3,8,"Tom B., 22, Full-time",D,True,D,True,True,2,17001
P0389,Siti Hajar,Malaysian,33-40,B_surface,0,2.3,3.3,9,"Olga S., 38, Full-time",A,True,A,True,True,4,13075
P0389,Siti Hajar,Malaysian,33-40,B_surface,0,2.3,3.3,10,"Chen W., 45, Part-time",A,False,A,True,False,3,14341
P0390,Shweta A. Kumar,Indian,23-27,B_surface,2,1.0,4.2,1,"Sarah M., 34, Part-time",D,True,A,False,False,2,24267
P0390,Shweta A. Kumar,Indian,23-27,B_surface,2,1.0,4.2,2,"James K., 28, Full-time",A,True,A,True,True,4,13789
P0390,Shweta A. Kumar,Indian,23-27,B_surface,2,1.0,4.2,3,"Priya R., 41, Self-employed",D,False,D,True,False,2,16244
P0390,Shweta A. Kumar,Indian,23-27,B_surface,2,1.0,4.2,4,"Marcus T., 55, Part-time",D,True,A,False,False,2,18400
P0390,Shweta A. Kumar,Indian,23-27,B_surface,2,1.0,4.2,5,"Anika P., 29, Full-time",D,True,A,False,False,3,17341
P0390,Shweta A. Kumar,Indian,23-27,B_surface,2,1.0,4.2,6,"David H., 47, Full-time",A,True,A,True,True,3,15301
P0390,Shweta A. Kumar,Indian,23-27,B_surface,2,1.0,4.2,7,"Fatima A., 33, Contract",D,False,D,True,False,3,15789
P0390,Shweta A. Kumar,Indian,23-27,B_surface,2,1.0,4.2,8,"Tom B., 22, Full-time",D,True,D,True,True,4,10720
P0390,Shweta A. Kumar,Indian,23-27,B_surface,2,1.0,4.2,9,"Olga S., 38, Full-time",A,True,A,True,True,4,9840
P0390,Shweta A. Kumar,Indian,23-27,B_surface,2,1.0,4.2,10,"Chen W., 45, Part-time",A,False,D,False,True,4,16321
P0391,Mei Li,Chinese,23-27,C_counterfactual,1,2.6,4.9,1,"Sarah M., 34, Part-time",D,True,D,True,True,4,21305
P0391,Mei Li,Chinese,23-27,C_counterfactual,1,2.6,4.9,2,"James K., 28, Full-time",A,True,A,True,True,4,16222
P0391,Mei Li,Chinese,23-27,C_counterfactual,1,2.6,4.9,3,"Priya R., 41, Self-employed",D,False,A,False,True,3,22260
P0391,Mei Li,Chinese,23-27,C_counterfactual,1,2.6,4.9,4,"Marcus T., 55, Part-time",D,True,A,False,False,4,23146
P0391,Mei Li,Chinese,23-27,C_counterfactual,1,2.6,4.9,5,"Anika P., 29, Full-time",D,True,A,False,False,3,25640
P0391,Mei Li,Chinese,23-27,C_counterfactual,1,2.6,4.9,6,"David H., 47, Full-time",A,True,A,True,True,4,19279
P0391,Mei Li,Chinese,23-27,C_counterfactual,1,2.6,4.9,7,"Fatima A., 33, Contract",D,False,D,True,False,4,20440
P0391,Mei Li,Chinese,23-27,C_counterfactual,1,2.6,4.9,8,"Tom B., 22, Full-time",D,True,D,True,True,3,11258
P0391,Mei Li,Chinese,23-27,C_counterfactual,1,2.6,4.9,9,"Olga S., 38, Full-time",A,True,D,False,False,2,24352
P0391,Mei Li,Chinese,23-27,C_counterfactual,1,2.6,4.9,10,"Chen W., 45, Part-time",A,False,D,False,True,3,21299
P0392,Isabella A. White,British,18-22,A_no_explanation,2,1.6,2.9,1,"Sarah M., 34, Part-time",D,True,D,True,True,2,17884
P0392,Isabella A. White,British,18-22,A_no_explanation,2,1.6,2.9,2,"James K., 28, Full-time",A,True,A,True,True,3,11115
P0392,Isabella A. White,British,18-22,A_no_explanation,2,1.6,2.9,3,"Priya R., 41, Self-employed",D,False,A,False,True,3,17241
P0392,Isabella A. White,British,18-22,A_no_explanation,2,1.6,2.9,4,"Marcus T., 55, Part-time",D,True,D,True,True,3,10546
P0392,Isabella A. White,British,18-22,A_no_explanation,2,1.6,2.9,5,"Anika P., 29, Full-time",D,True,D,True,True,4,8189
P0392,Isabella A. White,British,18-22,A_no_explanation,2,1.6,2.9,6,"David H., 47, Full-time",A,True,D,False,False,4,14049
P0392,Isabella A. White,British,18-22,A_no_explanation,2,1.6,2.9,7,"Fatima A., 33, Contract",D,False,A,False,True,4,15252
P0392,Isabella A. White,British,18-22,A_no_explanation,2,1.6,2.9,8,"Tom B., 22, Full-time",D,True,A,False,False,3,17075
P0392,Isabella A. White,British,18-22,A_no_explanation,2,1.6,2.9,9,"Olga S., 38, Full-time",A,True,A,True,True,3,11228
P0392,Isabella A. White,British,18-22,A_no_explanation,2,1.6,2.9,10,"Chen W., 45, Part-time",A,False,A,True,False,2,9518
P0393,Tasfia Islam,Bangladeshi,18-22,C_counterfactual,2,3.7,4.4,1,"Sarah M., 34, Part-time",D,True,A,False,False,4,30297
P0393,Tasfia Islam,Bangladeshi,18-22,C_counterfactual,2,3.7,4.4,2,"James K., 28, Full-time",A,True,A,True,True,2,14232
P0393,Tasfia Islam,Bangladeshi,18-22,C_counterfactual,2,3.7,4.4,3,"Priya R., 41, Self-employed",D,False,D,True,False,3,13540
P0393,Tasfia Islam,Bangladeshi,18-22,C_counterfactual,2,3.7,4.4,4,"Marcus T., 55, Part-time",D,True,A,False,False,3,22576
P0393,Tasfia Islam,Bangladeshi,18-22,C_counterfactual,2,3.7,4.4,5,"Anika P., 29, Full-time",D,True,D,True,True,3,11492
P0393,Tasfia Islam,Bangladeshi,18-22,C_counterfactual,2,3.7,4.4,6,"David H., 47, Full-time",A,True,D,False,False,4,26807
P0393,Tasfia Islam,Bangladeshi,18-22,C_counterfactual,2,3.7,4.4,7,"Fatima A., 33, Contract",D,False,A,False,True,3,21198
P0393,Tasfia Islam,Bangladeshi,18-22,C_counterfactual,2,3.7,4.4,8,"Tom B., 22, Full-time",D,True,A,False,False,4,20945
P0393,Tasfia Islam,Bangladeshi,18-22,C_counterfactual,2,3.7,4.4,9,"Olga S., 38, Full-time",A,True,A,True,True,3,10731
P0393,Tasfia Islam,Bangladeshi,18-22,C_counterfactual,2,3.7,4.4,10,"Chen W., 45, Part-time",A,False,D,False,True,4,24482
P0394,Hafsa Begum,Bangladeshi,28-32,A_no_explanation,2,3.9,4.9,1,"Sarah M., 34, Part-time",D,True,D,True,True,3,12189
P0394,Hafsa Begum,Bangladeshi,28-32,A_no_explanation,2,3.9,4.9,2,"James K., 28, Full-time",A,True,A,True,True,4,14002
P0394,Hafsa Begum,Bangladeshi,28-32,A_no_explanation,2,3.9,4.9,3,"Priya R., 41, Self-employed",D,False,D,True,False,3,8221
P0394,Hafsa Begum,Bangladeshi,28-32,A_no_explanation,2,3.9,4.9,4,"Marcus T., 55, Part-time",D,True,D,True,True,4,18240
P0394,Hafsa Begum,Bangladeshi,28-32,A_no_explanation,2,3.9,4.9,5,"Anika P., 29, Full-time",D,True,D,True,True,3,12855
P0394,Hafsa Begum,Bangladeshi,28-32,A_no_explanation,2,3.9,4.9,6,"David H., 47, Full-time",A,True,D,False,False,2,21811
P0394,Hafsa Begum,Bangladeshi,28-32,A_no_explanation,2,3.9,4.9,7,"Fatima A., 33, Contract",D,False,A,False,True,2,19157
P0394,Hafsa Begum,Bangladeshi,28-32,A_no_explanation,2,3.9,4.9,8,"Tom B., 22, Full-time",D,True,A,False,False,3,21646
P0394,Hafsa Begum,Bangladeshi,28-32,A_no_explanation,2,3.9,4.9,9,"Olga S., 38, Full-time",A,True,A,True,True,3,13849
P0394,Hafsa Begum,Bangladeshi,28-32,A_no_explanation,2,3.9,4.9,10,"Chen W., 45, Part-time",A,False,A,True,False,4,12350
P0395,William Moore,British,33-40,B_surface,2,1.7,4.5,1,"Sarah M., 34, Part-time",D,True,D,True,True,3,16202
P0395,William Moore,British,33-40,B_surface,2,1.7,4.5,2,"James K., 28, Full-time",A,True,A,True,True,3,12256
P0395,William Moore,British,33-40,B_surface,2,1.7,4.5,3,"Priya R., 41, Self-employed",D,False,D,True,False,5,13693
P0395,William Moore,British,33-40,B_surface,2,1.7,4.5,4,"Marcus T., 55, Part-time",D,True,A,False,False,2,19941
P0395,William Moore,British,33-40,B_surface,2,1.7,4.5,5,"Anika P., 29, Full-time",D,True,A,False,False,4,20095
P0395,William Moore,British,33-40,B_surface,2,1.7,4.5,6,"David H., 47, Full-time",A,True,A,True,True,4,16308
P0395,William Moore,British,33-40,B_surface,2,1.7,4.5,7,"Fatima A., 33, Contract",D,False,D,True,False,3,10175
P0395,William Moore,British,33-40,B_surface,2,1.7,4.5,8,"Tom B., 22, Full-time",D,True,D,True,True,4,4371
P0395,William Moore,British,33-40,B_surface,2,1.7,4.5,9,"Olga S., 38, Full-time",A,True,A,True,True,2,14971
P0395,William Moore,British,33-40,B_surface,2,1.7,4.5,10,"Chen W., 45, Part-time",A,False,A,True,False,5,7528
P0396,Musharraf Hossain,Bangladeshi,18-22,A_no_explanation,1,3.7,3.8,1,"Sarah M., 34, Part-time",D,True,D,True,True,4,14641
P0396,Musharraf Hossain,Bangladeshi,18-22,A_no_explanation,1,3.7,3.8,2,"James K., 28, Full-time",A,True,A,True,True,4,18697
P0396,Musharraf Hossain,Bangladeshi,18-22,A_no_explanation,1,3.7,3.8,3,"Priya R., 41, Self-employed",D,False,A,False,True,3,22103
P0396,Musharraf Hossain,Bangladeshi,18-22,A_no_explanation,1,3.7,3.8,4,"Marcus T., 55, Part-time",D,True,D,True,True,3,11424
P0396,Musharraf Hossain,Bangladeshi,18-22,A_no_explanation,1,3.7,3.8,5,"Anika P., 29, Full-time",D,True,D,True,True,3,11216
P0396,Musharraf Hossain,Bangladeshi,18-22,A_no_explanation,1,3.7,3.8,6,"David H., 47, Full-time",A,True,D,False,False,3,20529
P0396,Musharraf Hossain,Bangladeshi,18-22,A_no_explanation,1,3.7,3.8,7,"Fatima A., 33, Contract",D,False,D,True,False,4,9393
P0396,Musharraf Hossain,Bangladeshi,18-22,A_no_explanation,1,3.7,3.8,8,"Tom B., 22, Full-time",D,True,A,False,False,1,17772
P0396,Musharraf Hossain,Bangladeshi,18-22,A_no_explanation,1,3.7,3.8,9,"Olga S., 38, Full-time",A,True,A,True,True,3,9591
P0396,Musharraf Hossain,Bangladeshi,18-22,A_no_explanation,1,3.7,3.8,10,"Chen W., 45, Part-time",A,False,D,False,True,2,20717
P0397,Enamul Haque,Bangladeshi,18-22,A_no_explanation,2,3.8,3.8,1,"Sarah M., 34, Part-time",D,True,A,False,False,4,21048
P0397,Enamul Haque,Bangladeshi,18-22,A_no_explanation,2,3.8,3.8,2,"James K., 28, Full-time",A,True,D,False,False,3,21406
P0397,Enamul Haque,Bangladeshi,18-22,A_no_explanation,2,3.8,3.8,3,"Priya R., 41, Self-employed",D,False,A,False,True,2,17435
P0397,Enamul Haque,Bangladeshi,18-22,A_no_explanation,2,3.8,3.8,4,"Marcus T., 55, Part-time",D,True,D,True,True,3,14760
P0397,Enamul Haque,Bangladeshi,18-22,A_no_explanation,2,3.8,3.8,5,"Anika P., 29, Full-time",D,True,A,False,False,4,21987
P0397,Enamul Haque,Bangladeshi,18-22,A_no_explanation,2,3.8,3.8,6,"David H., 47, Full-time",A,True,A,True,True,3,19448
P0397,Enamul Haque,Bangladeshi,18-22,A_no_explanation,2,3.8,3.8,7,"Fatima A., 33, Contract",D,False,A,False,True,3,20449
P0397,Enamul Haque,Bangladeshi,18-22,A_no_explanation,2,3.8,3.8,8,"Tom B., 22, Full-time",D,True,D,True,True,4,13997
P0397,Enamul Haque,Bangladeshi,18-22,A_no_explanation,2,3.8,3.8,9,"Olga S., 38, Full-time",A,True,D,False,False,2,14012
P0397,Enamul Haque,Bangladeshi,18-22,A_no_explanation,2,3.8,3.8,10,"Chen W., 45, Part-time",A,False,A,True,False,2,11078
P0398,Razia Begum,Bangladeshi,23-27,B_surface,2,3.6,2.9,1,"Sarah M., 34, Part-time",D,True,D,True,True,2,21170
P0398,Razia Begum,Bangladeshi,23-27,B_surface,2,3.6,2.9,2,"James K., 28, Full-time",A,True,A,True,True,3,8507
P0398,Razia Begum,Bangladeshi,23-27,B_surface,2,3.6,2.9,3,"Priya R., 41, Self-employed",D,False,A,False,True,3,18815
P0398,Razia Begum,Bangladeshi,23-27,B_surface,2,3.6,2.9,4,"Marcus T., 55, Part-time",D,True,A,False,False,3,17791
P0398,Razia Begum,Bangladeshi,23-27,B_surface,2,3.6,2.9,5,"Anika P., 29, Full-time",D,True,A,False,False,3,17832
P0398,Razia Begum,Bangladeshi,23-27,B_surface,2,3.6,2.9,6,"David H., 47, Full-time",A,True,A,True,True,5,8444
P0398,Razia Begum,Bangladeshi,23-27,B_surface,2,3.6,2.9,7,"Fatima A., 33, Contract",D,False,A,False,True,3,26266
P0398,Razia Begum,Bangladeshi,23-27,B_surface,2,3.6,2.9,8,"Tom B., 22, Full-time",D,True,A,False,False,3,22108
P0398,Razia Begum,Bangladeshi,23-27,B_surface,2,3.6,2.9,9,"Olga S., 38, Full-time",A,True,D,False,False,3,22764
P0398,Razia Begum,Bangladeshi,23-27,B_surface,2,3.6,2.9,10,"Chen W., 45, Part-time",A,False,A,True,False,4,12505
P0399,Nike Lawal,Nigerian,18-22,C_counterfactual,3,1.9,2.4,1,"Sarah M., 34, Part-time",D,True,D,True,True,4,23338
P0399,Nike Lawal,Nigerian,18-22,C_counterfactual,3,1.9,2.4,2,"James K., 28, Full-time",A,True,A,True,True,5,10953
P0399,Nike Lawal,Nigerian,18-22,C_counterfactual,3,1.9,2.4,3,"Priya R., 41, Self-employed",D,False,A,False,True,3,28330
P0399,Nike Lawal,Nigerian,18-22,C_counterfactual,3,1.9,2.4,4,"Marcus T., 55, Part-time",D,True,D,True,True,4,22841
P0399,Nike Lawal,Nigerian,18-22,C_counterfactual,3,1.9,2.4,5,"Anika P., 29, Full-time",D,True,D,True,True,3,20545
P0399,Nike Lawal,Nigerian,18-22,C_counterfactual,3,1.9,2.4,6,"David H., 47, Full-time",A,True,A,True,True,5,19364
P0399,Nike Lawal,Nigerian,18-22,C_counterfactual,3,1.9,2.4,7,"Fatima A., 33, Contract",D,False,A,False,True,3,27632
P0399,Nike Lawal,Nigerian,18-22,C_counterfactual,3,1.9,2.4,8,"Tom B., 22, Full-time",D,True,A,False,False,5,21278
P0399,Nike Lawal,Nigerian,18-22,C_counterfactual,3,1.9,2.4,9,"Olga S., 38, Full-time",A,True,A,True,True,3,15105
P0399,Nike Lawal,Nigerian,18-22,C_counterfactual,3,1.9,2.4,10,"Chen W., 45, Part-time",A,False,D,False,True,3,22102
P0400,Chioma Nwosu,Nigerian,23-27,A_no_explanation,1,2.4,3.1,1,"Sarah M., 34, Part-time",D,True,D,True,True,3,14031
P0400,Chioma Nwosu,Nigerian,23-27,A_no_explanation,1,2.4,3.1,2,"James K., 28, Full-time",A,True,A,True,True,4,10150
P0400,Chioma Nwosu,Nigerian,23-27,A_no_explanation,1,2.4,3.1,3,"Priya R., 41, Self-employed",D,False,A,False,True,3,18537
P0400,Chioma Nwosu,Nigerian,23-27,A_no_explanation,1,2.4,3.1,4,"Marcus T., 55, Part-time",D,True,D,True,True,3,15134
P0400,Chioma Nwosu,Nigerian,23-27,A_no_explanation,1,2.4,3.1,5,"Anika P., 29, Full-time",D,True,D,True,True,4,14181
P0400,Chioma Nwosu,Nigerian,23-27,A_no_explanation,1,2.4,3.1,6,"David H., 47, Full-time",A,True,D,False,False,4,18789
P0400,Chioma Nwosu,Nigerian,23-27,A_no_explanation,1,2.4,3.1,7,"Fatima A., 33, Contract",D,False,A,False,True,3,15770
P0400,Chioma Nwosu,Nigerian,23-27,A_no_explanation,1,2.4,3.1,8,"Tom B., 22, Full-time",D,True,D,True,True,3,16396
P0400,Chioma Nwosu,Nigerian,23-27,A_no_explanation,1,2.4,3.1,9,"Olga S., 38, Full-time",A,True,A,True,True,4,8397
P0400,Chioma Nwosu,Nigerian,23-27,A_no_explanation,1,2.4,3.1,10,"Chen W., 45, Part-time",A,False,A,True,False,5,13361
P0401,Nur Izzati,Malaysian,23-27,A_no_explanation,2,3.6,2.4,1,"Sarah M., 34, Part-time",D,True,D,True,True,3,12894
P0401,Nur Izzati,Malaysian,23-27,A_no_explanation,2,3.6,2.4,2,"James K., 28, Full-time",A,True,A,True,True,2,15271
P0401,Nur Izzati,Malaysian,23-27,A_no_explanation,2,3.6,2.4,3,"Priya R., 41, Self-employed",D,False,A,False,True,3,21590
P0401,Nur Izzati,Malaysian,23-27,A_no_explanation,2,3.6,2.4,4,"Marcus T., 55, Part-time",D,True,A,False,False,3,20343
P0401,Nur Izzati,Malaysian,23-27,A_no_explanation,2,3.6,2.4,5,"Anika P., 29, Full-time",D,True,A,False,False,3,12548
P0401,Nur Izzati,Malaysian,23-27,A_no_explanation,2,3.6,2.4,6,"David H., 47, Full-time",A,True,A,True,True,3,5392
P0401,Nur Izzati,Malaysian,23-27,A_no_explanation,2,3.6,2.4,7,"Fatima A., 33, Contract",D,False,D,True,False,3,12695
P0401,Nur Izzati,Malaysian,23-27,A_no_explanation,2,3.6,2.4,8,"Tom B., 22, Full-time",D,True,A,False,False,2,19711
P0401,Nur Izzati,Malaysian,23-27,A_no_explanation,2,3.6,2.4,9,"Olga S., 38, Full-time",A,True,D,False,False,2,18519
P0401,Nur Izzati,Malaysian,23-27,A_no_explanation,2,3.6,2.4,10,"Chen W., 45, Part-time",A,False,A,True,False,2,4770
P0402,Lily A. Scott,British,23-27,B_surface,2,3.1,3.3,1,"Sarah M., 34, Part-time",D,True,D,True,True,3,19047
P0402,Lily A. Scott,British,23-27,B_surface,2,3.1,3.3,2,"James K., 28, Full-time",A,True,D,False,False,4,24318
P0402,Lily A. Scott,British,23-27,B_surface,2,3.1,3.3,3,"Priya R., 41, Self-employed",D,False,D,True,False,4,14088
P0402,Lily A. Scott,British,23-27,B_surface,2,3.1,3.3,4,"Marcus T., 55, Part-time",D,True,A,False,False,3,17590
P0402,Lily A. Scott,British,23-27,B_surface,2,3.1,3.3,5,"Anika P., 29, Full-time",D,True,D,True,True,4,13054
P0402,Lily A. Scott,British,23-27,B_surface,2,3.1,3.3,6,"David H., 47, Full-time",A,True,D,False,False,4,20407
P0402,Lily A. Scott,British,23-27,B_surface,2,3.1,3.3,7,"Fatima A., 33, Contract",D,False,A,False,True,3,22730
P0402,Lily A. Scott,British,23-27,B_surface,2,3.1,3.3,8,"Tom B., 22, Full-time",D,True,D,True,True,3,13028
P0402,Lily A. Scott,British,23-27,B_surface,2,3.1,3.3,9,"Olga S., 38, Full-time",A,True,A,True,True,3,13738
P0402,Lily A. Scott,British,23-27,B_surface,2,3.1,3.3,10,"Chen W., 45, Part-time",A,False,A,True,False,3,14146
P0403,Farah Yousaf,Pakistani,23-27,B_surface,1,1.3,4.0,1,"Sarah M., 34, Part-time",D,True,D,True,True,2,15979
P0403,Farah Yousaf,Pakistani,23-27,B_surface,1,1.3,4.0,2,"James K., 28, Full-time",A,True,D,False,False,4,17622
P0403,Farah Yousaf,Pakistani,23-27,B_surface,1,1.3,4.0,3,"Priya R., 41, Self-employed",D,False,D,True,False,2,10503
P0403,Farah Yousaf,Pakistani,23-27,B_surface,1,1.3,4.0,4,"Marcus T., 55, Part-time",D,True,D,True,True,3,9022
P0403,Farah Yousaf,Pakistani,23-27,B_surface,1,1.3,4.0,5,"Anika P., 29, Full-time",D,True,A,False,False,2,28069
P0403,Farah Yousaf,Pakistani,23-27,B_surface,1,1.3,4.0,6,"David H., 47, Full-time",A,True,A,True,True,3,7994
P0403,Farah Yousaf,Pakistani,23-27,B_surface,1,1.3,4.0,7,"Fatima A., 33, Contract",D,False,D,True,False,4,11095
P0403,Farah Yousaf,Pakistani,23-27,B_surface,1,1.3,4.0,8,"Tom B., 22, Full-time",D,True,A,False,False,2,20407
P0403,Farah Yousaf,Pakistani,23-27,B_surface,1,1.3,4.0,9,"Olga S., 38, Full-time",A,True,D,False,False,3,18016
P0403,Farah Yousaf,Pakistani,23-27,B_surface,1,1.3,4.0,10,"Chen W., 45, Part-time",A,False,A,True,False,4,7279
P0404,Iqbal Nasir,Malaysian,33-40,B_surface,0,3.4,4.3,1,"Sarah M., 34, Part-time",D,True,D,True,True,3,15589
P0404,Iqbal Nasir,Malaysian,33-40,B_surface,0,3.4,4.3,2,"James K., 28, Full-time",A,True,A,True,True,2,10218
P0404,Iqbal Nasir,Malaysian,33-40,B_surface,0,3.4,4.3,3,"Priya R., 41, Self-employed",D,False,A,False,True,3,17159
P0404,Iqbal Nasir,Malaysian,33-40,B_surface,0,3.4,4.3,4,"Marcus T., 55, Part-time",D,True,A,False,False,3,17580
P0404,Iqbal Nasir,Malaysian,33-40,B_surface,0,3.4,4.3,5,"Anika P., 29, Full-time",D,True,D,True,True,4,11095
P0404,Iqbal Nasir,Malaysian,33-40,B_surface,0,3.4,4.3,6,"David H., 47, Full-time",A,True,A,True,True,4,16205
P0404,Iqbal Nasir,Malaysian,33-40,B_surface,0,3.4,4.3,7,"Fatima A., 33, Contract",D,False,A,False,True,3,13089
P0404,Iqbal Nasir,Malaysian,33-40,B_surface,0,3.4,4.3,8,"Tom B., 22, Full-time",D,True,A,False,False,3,16243
P0404,Iqbal Nasir,Malaysian,33-40,B_surface,0,3.4,4.3,9,"Olga S., 38, Full-time",A,True,A,True,True,3,7644
P0404,Iqbal Nasir,Malaysian,33-40,B_surface,0,3.4,4.3,10,"Chen W., 45, Part-time",A,False,A,True,False,2,11891
P0405,Emily A. Clarke,British,41-50,B_surface,1,3.9,2.5,1,"Sarah M., 34, Part-time",D,True,A,False,False,3,22012
P0405,Emily A. Clarke,British,41-50,B_surface,1,3.9,2.5,2,"James K., 28, Full-time",A,True,A,True,True,3,10332
P0405,Emily A. Clarke,British,41-50,B_surface,1,3.9,2.5,3,"Priya R., 41, Self-employed",D,False,D,True,False,2,11652
P0405,Emily A. Clarke,British,41-50,B_surface,1,3.9,2.5,4,"Marcus T., 55, Part-time",D,True,A,False,False,3,22785
P0405,Emily A. Clarke,British,41-50,B_surface,1,3.9,2.5,5,"Anika P., 29, Full-time",D,True,D,True,True,3,11482
P0405,Emily A. Clarke,British,41-50,B_surface,1,3.9,2.5,6,"David H., 47, Full-time",A,True,A,True,True,3,10301
P0405,Emily A. Clarke,British,41-50,B_surface,1,3.9,2.5,7,"Fatima A., 33, Contract",D,False,A,False,True,2,18586
P0405,Emily A. Clarke,British,41-50,B_surface,1,3.9,2.5,8,"Tom B., 22, Full-time",D,True,D,True,True,3,7548
P0405,Emily A. Clarke,British,41-50,B_surface,1,3.9,2.5,9,"Olga S., 38, Full-time",A,True,D,False,False,2,19529
P0405,Emily A. Clarke,British,41-50,B_surface,1,3.9,2.5,10,"Chen W., 45, Part-time",A,False,A,True,False,2,11763
P0406,Bazlur Rahman,Bangladeshi,23-27,B_surface,0,3.4,2.2,1,"Sarah M., 34, Part-time",D,True,A,False,False,2,23321
P0406,Bazlur Rahman,Bangladeshi,23-27,B_surface,0,3.4,2.2,2,"James K., 28, Full-time",A,True,A,True,True,3,14378
P0406,Bazlur Rahman,Bangladeshi,23-27,B_surface,0,3.4,2.2,3,"Priya R., 41, Self-employed",D,False,D,True,False,4,7838
P0406,Bazlur Rahman,Bangladeshi,23-27,B_surface,0,3.4,2.2,4,"Marcus T., 55, Part-time",D,True,D,True,True,1,20914
P0406,Bazlur Rahman,Bangladeshi,23-27,B_surface,0,3.4,2.2,5,"Anika P., 29, Full-time",D,True,A,False,False,3,19749
P0406,Bazlur Rahman,Bangladeshi,23-27,B_surface,0,3.4,2.2,6,"David H., 47, Full-time",A,True,A,True,True,4,15595
P0406,Bazlur Rahman,Bangladeshi,23-27,B_surface,0,3.4,2.2,7,"Fatima A., 33, Contract",D,False,A,False,True,2,15854
P0406,Bazlur Rahman,Bangladeshi,23-27,B_surface,0,3.4,2.2,8,"Tom B., 22, Full-time",D,True,A,False,False,3,21780
P0406,Bazlur Rahman,Bangladeshi,23-27,B_surface,0,3.4,2.2,9,"Olga S., 38, Full-time",A,True,A,True,True,2,16147
P0406,Bazlur Rahman,Bangladeshi,23-27,B_surface,0,3.4,2.2,10,"Chen W., 45, Part-time",A,False,D,False,True,3,15790
P0407,Shumi Akter,Bangladeshi,28-32,B_surface,3,3.5,4.5,1,"Sarah M., 34, Part-time",D,True,A,False,False,4,30370
P0407,Shumi Akter,Bangladeshi,28-32,B_surface,3,3.5,4.5,2,"James K., 28, Full-time",A,True,A,True,True,2,14022
P0407,Shumi Akter,Bangladeshi,28-32,B_surface,3,3.5,4.5,3,"Priya R., 41, Self-employed",D,False,D,True,False,4,15588
P0407,Shumi Akter,Bangladeshi,28-32,B_surface,3,3.5,4.5,4,"Marcus T., 55, Part-time",D,True,A,False,False,2,14663
P0407,Shumi Akter,Bangladeshi,28-32,B_surface,3,3.5,4.5,5,"Anika P., 29, Full-time",D,True,A,False,False,3,20885
P0407,Shumi Akter,Bangladeshi,28-32,B_surface,3,3.5,4.5,6,"David H., 47, Full-time",A,True,D,False,False,3,19880
P0407,Shumi Akter,Bangladeshi,28-32,B_surface,3,3.5,4.5,7,"Fatima A., 33, Contract",D,False,A,False,True,2,20665
P0407,Shumi Akter,Bangladeshi,28-32,B_surface,3,3.5,4.5,8,"Tom B., 22, Full-time",D,True,A,False,False,3,20426
P0407,Shumi Akter,Bangladeshi,28-32,B_surface,3,3.5,4.5,9,"Olga S., 38, Full-time",A,True,A,True,True,2,14878
P0407,Shumi Akter,Bangladeshi,28-32,B_surface,3,3.5,4.5,10,"Chen W., 45, Part-time",A,False,A,True,False,3,12031
P0408,Rifat Hasan,Bangladeshi,28-32,B_surface,1,2.8,3.1,1,"Sarah M., 34, Part-time",D,True,D,True,True,4,14802
P0408,Rifat Hasan,Bangladeshi,28-32,B_surface,1,2.8,3.1,2,"James K., 28, Full-time",A,True,A,True,True,4,8685
P0408,Rifat Hasan,Bangladeshi,28-32,B_surface,1,2.8,3.1,3,"Priya R., 41, Self-employed",D,False,D,True,False,2,14783
P0408,Rifat Hasan,Bangladeshi,28-32,B_surface,1,2.8,3.1,4,"Marcus T., 55, Part-time",D,True,D,True,True,3,14716
P0408,Rifat Hasan,Bangladeshi,28-32,B_surface,1,2.8,3.1,5,"Anika P., 29, Full-time",D,True,D,True,True,3,13277
P0408,Rifat Hasan,Bangladeshi,28-32,B_surface,1,2.8,3.1,6,"David H., 47, Full-time",A,True,D,False,False,4,25816
P0408,Rifat Hasan,Bangladeshi,28-32,B_surface,1,2.8,3.1,7,"Fatima A., 33, Contract",D,False,A,False,True,3,15342
P0408,Rifat Hasan,Bangladeshi,28-32,B_surface,1,2.8,3.1,8,"Tom B., 22, Full-time",D,True,D,True,True,3,15145
P0408,Rifat Hasan,Bangladeshi,28-32,B_surface,1,2.8,3.1,9,"Olga S., 38, Full-time",A,True,A,True,True,4,10333
P0408,Rifat Hasan,Bangladeshi,28-32,B_surface,1,2.8,3.1,10,"Chen W., 45, Part-time",A,False,D,False,True,3,17708
P0409,Turjoy Roy,Bangladeshi,18-22,A_no_explanation,0,3.9,3.2,1,"Sarah M., 34, Part-time",D,True,A,False,False,1,16461
P0409,Turjoy Roy,Bangladeshi,18-22,A_no_explanation,0,3.9,3.2,2,"James K., 28, Full-time",A,True,A,True,True,2,14091
P0409,Turjoy Roy,Bangladeshi,18-22,A_no_explanation,0,3.9,3.2,3,"Priya R., 41, Self-employed",D,False,D,True,False,4,16792
P0409,Turjoy Roy,Bangladeshi,18-22,A_no_explanation,0,3.9,3.2,4,"Marcus T., 55, Part-time",D,True,D,True,True,3,8249
P0409,Turjoy Roy,Bangladeshi,18-22,A_no_explanation,0,3.9,3.2,5,"Anika P., 29, Full-time",D,True,D,True,True,3,12184
P0409,Turjoy Roy,Bangladeshi,18-22,A_no_explanation,0,3.9,3.2,6,"David H., 47, Full-time",A,True,A,True,True,2,8132
P0409,Turjoy Roy,Bangladeshi,18-22,A_no_explanation,0,3.9,3.2,7,"Fatima A., 33, Contract",D,False,D,True,False,2,10400
P0409,Turjoy Roy,Bangladeshi,18-22,A_no_explanation,0,3.9,3.2,8,"Tom B., 22, Full-time",D,True,A,False,False,2,14460
P0409,Turjoy Roy,Bangladeshi,18-22,A_no_explanation,0,3.9,3.2,9,"Olga S., 38, Full-time",A,True,D,False,False,3,24688
P0409,Turjoy Roy,Bangladeshi,18-22,A_no_explanation,0,3.9,3.2,10,"Chen W., 45, Part-time",A,False,A,True,False,2,4186
P0410,Imran A. Butt,Pakistani,23-27,A_no_explanation,2,2.8,4.8,1,"Sarah M., 34, Part-time",D,True,D,True,True,4,16760
P0410,Imran A. Butt,Pakistani,23-27,A_no_explanation,2,2.8,4.8,2,"James K., 28, Full-time",A,True,A,True,True,3,13999
P0410,Imran A. Butt,Pakistani,23-27,A_no_explanation,2,2.8,4.8,3,"Priya R., 41, Self-employed",D,False,A,False,True,3,20324
P0410,Imran A. Butt,Pakistani,23-27,A_no_explanation,2,2.8,4.8,4,"Marcus T., 55, Part-time",D,True,D,True,True,2,10107
P0410,Imran A. Butt,Pakistani,23-27,A_no_explanation,2,2.8,4.8,5,"Anika P., 29, Full-time",D,True,D,True,True,4,8320
P0410,Imran A. Butt,Pakistani,23-27,A_no_explanation,2,2.8,4.8,6,"David H., 47, Full-time",A,True,A,True,True,2,7830
P0410,Imran A. Butt,Pakistani,23-27,A_no_explanation,2,2.8,4.8,7,"Fatima A., 33, Contract",D,False,A,False,True,3,20610
P0410,Imran A. Butt,Pakistani,23-27,A_no_explanation,2,2.8,4.8,8,"Tom B., 22, Full-time",D,True,D,True,True,3,12616
P0410,Imran A. Butt,Pakistani,23-27,A_no_explanation,2,2.8,4.8,9,"Olga S., 38, Full-time",A,True,A,True,True,3,17708
P0410,Imran A. Butt,Pakistani,23-27,A_no_explanation,2,2.8,4.8,10,"Chen W., 45, Part-time",A,False,A,True,False,2,12209
P0411,Zain A. Malik,Pakistani,28-32,B_surface,2,2.6,3.9,1,"Sarah M., 34, Part-time",D,True,A,False,False,3,16866
P0411,Zain A. Malik,Pakistani,28-32,B_surface,2,2.6,3.9,2,"James K., 28, Full-time",A,True,D,False,False,3,17598
P0411,Zain A. Malik,Pakistani,28-32,B_surface,2,2.6,3.9,3,"Priya R., 41, Self-employed",D,False,D,True,False,2,9382
P0411,Zain A. Malik,Pakistani,28-32,B_surface,2,2.6,3.9,4,"Marcus T., 55, Part-time",D,True,D,True,True,1,13124
P0411,Zain A. Malik,Pakistani,28-32,B_surface,2,2.6,3.9,5,"Anika P., 29, Full-time",D,True,A,False,False,3,21652
P0411,Zain A. Malik,Pakistani,28-32,B_surface,2,2.6,3.9,6,"David H., 47, Full-time",A,True,A,True,True,4,13639
P0411,Zain A. Malik,Pakistani,28-32,B_surface,2,2.6,3.9,7,"Fatima A., 33, Contract",D,False,A,False,True,3,18744
P0411,Zain A. Malik,Pakistani,28-32,B_surface,2,2.6,3.9,8,"Tom B., 22, Full-time",D,True,D,True,True,3,12066
P0411,Zain A. Malik,Pakistani,28-32,B_surface,2,2.6,3.9,9,"Olga S., 38, Full-time",A,True,A,True,True,4,13534
P0411,Zain A. Malik,Pakistani,28-32,B_surface,2,2.6,3.9,10,"Chen W., 45, Part-time",A,False,A,True,False,4,13919
P0412,Mia A. Adams,British,23-27,B_surface,0,4.5,2.6,1,"Sarah M., 34, Part-time",D,True,D,True,True,2,15864
P0412,Mia A. Adams,British,23-27,B_surface,0,4.5,2.6,2,"James K., 28, Full-time",A,True,A,True,True,2,12787
P0412,Mia A. Adams,British,23-27,B_surface,0,4.5,2.6,3,"Priya R., 41, Self-employed",D,False,D,True,False,4,10757
P0412,Mia A. Adams,British,23-27,B_surface,0,4.5,2.6,4,"Marcus T., 55, Part-time",D,True,D,True,True,2,12500
P0412,Mia A. Adams,British,23-27,B_surface,0,4.5,2.6,5,"Anika P., 29, Full-time",D,True,D,True,True,3,11158
P0412,Mia A. Adams,British,23-27,B_surface,0,4.5,2.6,6,"David H., 47, Full-time",A,True,A,True,True,2,9979
P0412,Mia A. Adams,British,23-27,B_surface,0,4.5,2.6,7,"Fatima A., 33, Contract",D,False,A,False,True,2,19072
P0412,Mia A. Adams,British,23-27,B_surface,0,4.5,2.6,8,"Tom B., 22, Full-time",D,True,D,True,True,4,13678
P0412,Mia A. Adams,British,23-27,B_surface,0,4.5,2.6,9,"Olga S., 38, Full-time",A,True,A,True,True,3,17653
P0412,Mia A. Adams,British,23-27,B_surface,0,4.5,2.6,10,"Chen W., 45, Part-time",A,False,A,True,False,4,13821
P0413,Abdur Rahman,Bangladeshi,28-32,B_surface,1,4.9,5.0,1,"Sarah M., 34, Part-time",D,True,A,False,False,3,24981
P0413,Abdur Rahman,Bangladeshi,28-32,B_surface,1,4.9,5.0,2,"James K., 28, Full-time",A,True,D,False,False,2,21189
P0413,Abdur Rahman,Bangladeshi,28-32,B_surface,1,4.9,5.0,3,"Priya R., 41, Self-employed",D,False,A,False,True,4,22102
P0413,Abdur Rahman,Bangladeshi,28-32,B_surface,1,4.9,5.0,4,"Marcus T., 55, Part-time",D,True,D,True,True,4,9487
P0413,Abdur Rahman,Bangladeshi,28-32,B_surface,1,4.9,5.0,5,"Anika P., 29, Full-time",D,True,D,True,True,4,20572
P0413,Abdur Rahman,Bangladeshi,28-32,B_surface,1,4.9,5.0,6,"David H., 47, Full-time",A,True,A,True,True,2,7110
P0413,Abdur Rahman,Bangladeshi,28-32,B_surface,1,4.9,5.0,7,"Fatima A., 33, Contract",D,False,A,False,True,3,19830
P0413,Abdur Rahman,Bangladeshi,28-32,B_surface,1,4.9,5.0,8,"Tom B., 22, Full-time",D,True,D,True,True,3,10310
P0413,Abdur Rahman,Bangladeshi,28-32,B_surface,1,4.9,5.0,9,"Olga S., 38, Full-time",A,True,D,False,False,2,22175
P0413,Abdur Rahman,Bangladeshi,28-32,B_surface,1,4.9,5.0,10,"Chen W., 45, Part-time",A,False,A,True,False,3,15475
P0414,Sana Malik,Pakistani,28-32,A_no_explanation,3,2.9,3.8,1,"Sarah M., 34, Part-time",D,True,D,True,True,4,17948
P0414,Sana Malik,Pakistani,28-32,A_no_explanation,3,2.9,3.8,2,"James K., 28, Full-time",A,True,A,True,True,3,12637
P0414,Sana Malik,Pakistani,28-32,A_no_explanation,3,2.9,3.8,3,"Priya R., 41, Self-employed",D,False,D,True,False,4,13863
P0414,Sana Malik,Pakistani,28-32,A_no_explanation,3,2.9,3.8,4,"Marcus T., 55, Part-time",D,True,D,True,True,2,7075
P0414,Sana Malik,Pakistani,28-32,A_no_explanation,3,2.9,3.8,5,"Anika P., 29, Full-time",D,True,A,False,False,3,19312
P0414,Sana Malik,Pakistani,28-32,A_no_explanation,3,2.9,3.8,6,"David H., 47, Full-time",A,True,D,False,False,2,19144
P0414,Sana Malik,Pakistani,28-32,A_no_explanation,3,2.9,3.8,7,"Fatima A., 33, Contract",D,False,D,True,False,5,8194
P0414,Sana Malik,Pakistani,28-32,A_no_explanation,3,2.9,3.8,8,"Tom B., 22, Full-time",D,True,D,True,True,3,7786
P0414,Sana Malik,Pakistani,28-32,A_no_explanation,3,2.9,3.8,9,"Olga S., 38, Full-time",A,True,A,True,True,4,14219
P0414,Sana Malik,Pakistani,28-32,A_no_explanation,3,2.9,3.8,10,"Chen W., 45, Part-time",A,False,A,True,False,2,13220
P0415,Chloe A. Martin,British,18-22,C_counterfactual,0,2.9,2.9,1,"Sarah M., 34, Part-time",D,True,D,True,True,5,13412
P0415,Chloe A. Martin,British,18-22,C_counterfactual,0,2.9,2.9,2,"James K., 28, Full-time",A,True,A,True,True,3,9252
P0415,Chloe A. Martin,British,18-22,C_counterfactual,0,2.9,2.9,3,"Priya R., 41, Self-employed",D,False,A,False,True,4,25464
P0415,Chloe A. Martin,British,18-22,C_counterfactual,0,2.9,2.9,4,"Marcus T., 55, Part-time",D,True,D,True,True,3,9660
P0415,Chloe A. Martin,British,18-22,C_counterfactual,0,2.9,2.9,5,"Anika P., 29, Full-time",D,True,D,True,True,4,13959
P0415,Chloe A. Martin,British,18-22,C_counterfactual,0,2.9,2.9,6,"David H., 47, Full-time",A,True,A,True,True,4,17781
P0415,Chloe A. Martin,British,18-22,C_counterfactual,0,2.9,2.9,7,"Fatima A., 33, Contract",D,False,D,True,False,3,16126
P0415,Chloe A. Martin,British,18-22,C_counterfactual,0,2.9,2.9,8,"Tom B., 22, Full-time",D,True,D,True,True,2,10588
P0415,Chloe A. Martin,British,18-22,C_counterfactual,0,2.9,2.9,9,"Olga S., 38, Full-time",A,True,A,True,True,3,16039
P0415,Chloe A. Martin,British,18-22,C_counterfactual,0,2.9,2.9,10,"Chen W., 45, Part-time",A,False,A,True,False,4,22047
P0416,Aiden Young,British,23-27,B_surface,2,2.5,4.3,1,"Sarah M., 34, Part-time",D,True,D,True,True,2,14317
P0416,Aiden Young,British,23-27,B_surface,2,2.5,4.3,2,"James K., 28, Full-time",A,True,D,False,False,4,19358
P0416,Aiden Young,British,23-27,B_surface,2,2.5,4.3,3,"Priya R., 41, Self-employed",D,False,A,False,True,3,22380
P0416,Aiden Young,British,23-27,B_surface,2,2.5,4.3,4,"Marcus T., 55, Part-time",D,True,D,True,True,2,20160
P0416,Aiden Young,British,23-27,B_surface,2,2.5,4.3,5,"Anika P., 29, Full-time",D,True,A,False,False,1,24917
P0416,Aiden Young,British,23-27,B_surface,2,2.5,4.3,6,"David H., 47, Full-time",A,True,D,False,False,3,23965
P0416,Aiden Young,British,23-27,B_surface,2,2.5,4.3,7,"Fatima A., 33, Contract",D,False,D,True,False,3,12505
P0416,Aiden Young,British,23-27,B_surface,2,2.5,4.3,8,"Tom B., 22, Full-time",D,True,D,True,True,3,15726
P0416,Aiden Young,British,23-27,B_surface,2,2.5,4.3,9,"Olga S., 38, Full-time",A,True,D,False,False,3,12646
P0416,Aiden Young,British,23-27,B_surface,2,2.5,4.3,10,"Chen W., 45, Part-time",A,False,D,False,True,4,21935
P0417,Aklima Begum,Bangladeshi,33-40,C_counterfactual,0,2.9,3.3,1,"Sarah M., 34, Part-time",D,True,D,True,True,4,21702
P0417,Aklima Begum,Bangladeshi,33-40,C_counterfactual,0,2.9,3.3,2,"James K., 28, Full-time",A,True,D,False,False,4,30441
P0417,Aklima Begum,Bangladeshi,33-40,C_counterfactual,0,2.9,3.3,3,"Priya R., 41, Self-employed",D,False,A,False,True,3,22600
P0417,Aklima Begum,Bangladeshi,33-40,C_counterfactual,0,2.9,3.3,4,"Marcus T., 55, Part-time",D,True,D,True,True,3,8544
P0417,Aklima Begum,Bangladeshi,33-40,C_counterfactual,0,2.9,3.3,5,"Anika P., 29, Full-time",D,True,D,True,True,4,19693
P0417,Aklima Begum,Bangladeshi,33-40,C_counterfactual,0,2.9,3.3,6,"David H., 47, Full-time",A,True,A,True,True,4,14261
P0417,Aklima Begum,Bangladeshi,33-40,C_counterfactual,0,2.9,3.3,7,"Fatima A., 33, Contract",D,False,D,True,False,4,9019
P0417,Aklima Begum,Bangladeshi,33-40,C_counterfactual,0,2.9,3.3,8,"Tom B., 22, Full-time",D,True,A,False,False,2,23896
P0417,Aklima Begum,Bangladeshi,33-40,C_counterfactual,0,2.9,3.3,9,"Olga S., 38, Full-time",A,True,D,False,False,3,21591
P0417,Aklima Begum,Bangladeshi,33-40,C_counterfactual,0,2.9,3.3,10,"Chen W., 45, Part-time",A,False,D,False,True,4,30717
P0418,Folake Afolabi,Nigerian,18-22,C_counterfactual,1,4.3,3.7,1,"Sarah M., 34, Part-time",D,True,A,False,False,2,21046
P0418,Folake Afolabi,Nigerian,18-22,C_counterfactual,1,4.3,3.7,2,"James K., 28, Full-time",A,True,A,True,True,5,12170
P0418,Folake Afolabi,Nigerian,18-22,C_counterfactual,1,4.3,3.7,3,"Priya R., 41, Self-employed",D,False,A,False,True,4,26243
P0418,Folake Afolabi,Nigerian,18-22,C_counterfactual,1,4.3,3.7,4,"Marcus T., 55, Part-time",D,True,D,True,True,3,23355
P0418,Folake Afolabi,Nigerian,18-22,C_counterfactual,1,4.3,3.7,5,"Anika P., 29, Full-time",D,True,D,True,True,3,13066
P0418,Folake Afolabi,Nigerian,18-22,C_counterfactual,1,4.3,3.7,6,"David H., 47, Full-time",A,True,A,True,True,3,13968
P0418,Folake Afolabi,Nigerian,18-22,C_counterfactual,1,4.3,3.7,7,"Fatima A., 33, Contract",D,False,A,False,True,4,26666
P0418,Folake Afolabi,Nigerian,18-22,C_counterfactual,1,4.3,3.7,8,"Tom B., 22, Full-time",D,True,D,True,True,4,17088
P0418,Folake Afolabi,Nigerian,18-22,C_counterfactual,1,4.3,3.7,9,"Olga S., 38, Full-time",A,True,A,True,True,5,15372
P0418,Folake Afolabi,Nigerian,18-22,C_counterfactual,1,4.3,3.7,10,"Chen W., 45, Part-time",A,False,A,True,False,5,22458
P0419,Rania Al-Rashidi,Other,23-27,C_counterfactual,1,3.4,3.7,1,"Sarah M., 34, Part-time",D,True,D,True,True,2,15218
P0419,Rania Al-Rashidi,Other,23-27,C_counterfactual,1,3.4,3.7,2,"James K., 28, Full-time",A,True,A,True,True,3,15532
P0419,Rania Al-Rashidi,Other,23-27,C_counterfactual,1,3.4,3.7,3,"Priya R., 41, Self-employed",D,False,A,False,True,4,17996
P0419,Rania Al-Rashidi,Other,23-27,C_counterfactual,1,3.4,3.7,4,"Marcus T., 55, Part-time",D,True,D,True,True,2,10176
P0419,Rania Al-Rashidi,Other,23-27,C_counterfactual,1,3.4,3.7,5,"Anika P., 29, Full-time",D,True,A,False,False,2,23756
P0419,Rania Al-Rashidi,Other,23-27,C_counterfactual,1,3.4,3.7,6,"David H., 47, Full-time",A,True,A,True,True,4,17686
P0419,Rania Al-Rashidi,Other,23-27,C_counterfactual,1,3.4,3.7,7,"Fatima A., 33, Contract",D,False,A,False,True,2,20431
P0419,Rania Al-Rashidi,Other,23-27,C_counterfactual,1,3.4,3.7,8,"Tom B., 22, Full-time",D,True,A,False,False,3,21263
P0419,Rania Al-Rashidi,Other,23-27,C_counterfactual,1,3.4,3.7,9,"Olga S., 38, Full-time",A,True,A,True,True,5,13267
P0419,Rania Al-Rashidi,Other,23-27,C_counterfactual,1,3.4,3.7,10,"Chen W., 45, Part-time",A,False,A,True,False,3,13716
P0420,Jahanara Begum,Bangladeshi,28-32,C_counterfactual,1,2.0,4.2,1,"Sarah M., 34, Part-time",D,True,D,True,True,4,16943
P0420,Jahanara Begum,Bangladeshi,28-32,C_counterfactual,1,2.0,4.2,2,"James K., 28, Full-time",A,True,A,True,True,4,20540
P0420,Jahanara Begum,Bangladeshi,28-32,C_counterfactual,1,2.0,4.2,3,"Priya R., 41, Self-employed",D,False,A,False,True,3,23434
P0420,Jahanara Begum,Bangladeshi,28-32,C_counterfactual,1,2.0,4.2,4,"Marcus T., 55, Part-time",D,True,A,False,False,3,20689
P0420,Jahanara Begum,Bangladeshi,28-32,C_counterfactual,1,2.0,4.2,5,"Anika P., 29, Full-time",D,True,A,False,False,2,23501
P0420,Jahanara Begum,Bangladeshi,28-32,C_counterfactual,1,2.0,4.2,6,"David H., 47, Full-time",A,True,A,True,True,5,22258
P0420,Jahanara Begum,Bangladeshi,28-32,C_counterfactual,1,2.0,4.2,7,"Fatima A., 33, Contract",D,False,D,True,False,5,15066
P0420,Jahanara Begum,Bangladeshi,28-32,C_counterfactual,1,2.0,4.2,8,"Tom B., 22, Full-time",D,True,D,True,True,3,16099
P0420,Jahanara Begum,Bangladeshi,28-32,C_counterfactual,1,2.0,4.2,9,"Olga S., 38, Full-time",A,True,D,False,False,3,15198
P0420,Jahanara Begum,Bangladeshi,28-32,C_counterfactual,1,2.0,4.2,10,"Chen W., 45, Part-time",A,False,A,True,False,3,15974
P0421,Shirina Begum,Bangladeshi,23-27,B_surface,0,1.1,3.9,1,"Sarah M., 34, Part-time",D,True,D,True,True,3,15385
P0421,Shirina Begum,Bangladeshi,23-27,B_surface,0,1.1,3.9,2,"James K., 28, Full-time",A,True,A,True,True,4,14002
P0421,Shirina Begum,Bangladeshi,23-27,B_surface,0,1.1,3.9,3,"Priya R., 41, Self-employed",D,False,A,False,True,3,12733
P0421,Shirina Begum,Bangladeshi,23-27,B_surface,0,1.1,3.9,4,"Marcus T., 55, Part-time",D,True,D,True,True,3,10732
P0421,Shirina Begum,Bangladeshi,23-27,B_surface,0,1.1,3.9,5,"Anika P., 29, Full-time",D,True,D,True,True,2,13175
P0421,Shirina Begum,Bangladeshi,23-27,B_surface,0,1.1,3.9,6,"David H., 47, Full-time",A,True,A,True,True,3,7561
P0421,Shirina Begum,Bangladeshi,23-27,B_surface,0,1.1,3.9,7,"Fatima A., 33, Contract",D,False,D,True,False,4,16562
P0421,Shirina Begum,Bangladeshi,23-27,B_surface,0,1.1,3.9,8,"Tom B., 22, Full-time",D,True,D,True,True,3,14749
P0421,Shirina Begum,Bangladeshi,23-27,B_surface,0,1.1,3.9,9,"Olga S., 38, Full-time",A,True,A,True,True,2,14685
P0421,Shirina Begum,Bangladeshi,23-27,B_surface,0,1.1,3.9,10,"Chen W., 45, Part-time",A,False,A,True,False,4,10299
P0422,Akbar Ali,Bangladeshi,28-32,A_no_explanation,0,4.8,2.7,1,"Sarah M., 34, Part-time",D,True,D,True,True,4,15042
P0422,Akbar Ali,Bangladeshi,28-32,A_no_explanation,0,4.8,2.7,2,"James K., 28, Full-time",A,True,D,False,False,3,20363
P0422,Akbar Ali,Bangladeshi,28-32,A_no_explanation,0,4.8,2.7,3,"Priya R., 41, Self-employed",D,False,A,False,True,3,25256
P0422,Akbar Ali,Bangladeshi,28-32,A_no_explanation,0,4.8,2.7,4,"Marcus T., 55, Part-time",D,True,D,True,True,3,11242
P0422,Akbar Ali,Bangladeshi,28-32,A_no_explanation,0,4.8,2.7,5,"Anika P., 29, Full-time",D,True,A,False,False,3,15412
P0422,Akbar Ali,Bangladeshi,28-32,A_no_explanation,0,4.8,2.7,6,"David H., 47, Full-time",A,True,A,True,True,3,11568
P0422,Akbar Ali,Bangladeshi,28-32,A_no_explanation,0,4.8,2.7,7,"Fatima A., 33, Contract",D,False,D,True,False,5,11121
P0422,Akbar Ali,Bangladeshi,28-32,A_no_explanation,0,4.8,2.7,8,"Tom B., 22, Full-time",D,True,A,False,False,3,12306
P0422,Akbar Ali,Bangladeshi,28-32,A_no_explanation,0,4.8,2.7,9,"Olga S., 38, Full-time",A,True,D,False,False,2,24198
P0422,Akbar Ali,Bangladeshi,28-32,A_no_explanation,0,4.8,2.7,10,"Chen W., 45, Part-time",A,False,A,True,False,3,6685
P0423,Shahid A. Hussain,Pakistani,28-32,B_surface,0,2.4,4.6,1,"Sarah M., 34, Part-time",D,True,D,True,True,4,16686
P0423,Shahid A. Hussain,Pakistani,28-32,B_surface,0,2.4,4.6,2,"James K., 28, Full-time",A,True,D,False,False,4,14991
P0423,Shahid A. Hussain,Pakistani,28-32,B_surface,0,2.4,4.6,3,"Priya R., 41, Self-employed",D,False,D,True,False,2,15780
P0423,Shahid A. Hussain,Pakistani,28-32,B_surface,0,2.4,4.6,4,"Marcus T., 55, Part-time",D,True,D,True,True,2,9888
P0423,Shahid A. Hussain,Pakistani,28-32,B_surface,0,2.4,4.6,5,"Anika P., 29, Full-time",D,True,A,False,False,2,14154
P0423,Shahid A. Hussain,Pakistani,28-32,B_surface,0,2.4,4.6,6,"David H., 47, Full-time",A,True,A,True,True,2,10310
P0423,Shahid A. Hussain,Pakistani,28-32,B_surface,0,2.4,4.6,7,"Fatima A., 33, Contract",D,False,D,True,False,4,18681
P0423,Shahid A. Hussain,Pakistani,28-32,B_surface,0,2.4,4.6,8,"Tom B., 22, Full-time",D,True,A,False,False,3,19636
P0423,Shahid A. Hussain,Pakistani,28-32,B_surface,0,2.4,4.6,9,"Olga S., 38, Full-time",A,True,D,False,False,4,18549
P0423,Shahid A. Hussain,Pakistani,28-32,B_surface,0,2.4,4.6,10,"Chen W., 45, Part-time",A,False,A,True,False,3,17381
P0424,Ahmad Razali,Malaysian,18-22,C_counterfactual,2,1.5,3.2,1,"Sarah M., 34, Part-time",D,True,D,True,True,2,14462
P0424,Ahmad Razali,Malaysian,18-22,C_counterfactual,2,1.5,3.2,2,"James K., 28, Full-time",A,True,D,False,False,3,19368
P0424,Ahmad Razali,Malaysian,18-22,C_counterfactual,2,1.5,3.2,3,"Priya R., 41, Self-employed",D,False,A,False,True,3,23115
P0424,Ahmad Razali,Malaysian,18-22,C_counterfactual,2,1.5,3.2,4,"Marcus T., 55, Part-time",D,True,D,True,True,3,22361
P0424,Ahmad Razali,Malaysian,18-22,C_counterfactual,2,1.5,3.2,5,"Anika P., 29, Full-time",D,True,D,True,True,2,15950
P0424,Ahmad Razali,Malaysian,18-22,C_counterfactual,2,1.5,3.2,6,"David H., 47, Full-time",A,True,A,True,True,3,13023
P0424,Ahmad Razali,Malaysian,18-22,C_counterfactual,2,1.5,3.2,7,"Fatima A., 33, Contract",D,False,D,True,False,2,19477
P0424,Ahmad Razali,Malaysian,18-22,C_counterfactual,2,1.5,3.2,8,"Tom B., 22, Full-time",D,True,D,True,True,4,8814
P0424,Ahmad Razali,Malaysian,18-22,C_counterfactual,2,1.5,3.2,9,"Olga S., 38, Full-time",A,True,D,False,False,3,27022
P0424,Ahmad Razali,Malaysian,18-22,C_counterfactual,2,1.5,3.2,10,"Chen W., 45, Part-time",A,False,A,True,False,4,10667
P0425,Golam Mostafa,Bangladeshi,18-22,C_counterfactual,0,3.8,3.4,1,"Sarah M., 34, Part-time",D,True,D,True,True,3,17463
P0425,Golam Mostafa,Bangladeshi,18-22,C_counterfactual,0,3.8,3.4,2,"James K., 28, Full-time",A,True,D,False,False,3,17706
P0425,Golam Mostafa,Bangladeshi,18-22,C_counterfactual,0,3.8,3.4,3,"Priya R., 41, Self-employed",D,False,D,True,False,3,16539
P0425,Golam Mostafa,Bangladeshi,18-22,C_counterfactual,0,3.8,3.4,4,"Marcus T., 55, Part-time",D,True,D,True,True,2,23365
P0425,Golam Mostafa,Bangladeshi,18-22,C_counterfactual,0,3.8,3.4,5,"Anika P., 29, Full-time",D,True,A,False,False,3,24633
P0425,Golam Mostafa,Bangladeshi,18-22,C_counterfactual,0,3.8,3.4,6,"David H., 47, Full-time",A,True,D,False,False,3,21281
P0425,Golam Mostafa,Bangladeshi,18-22,C_counterfactual,0,3.8,3.4,7,"Fatima A., 33, Contract",D,False,A,False,True,3,26419
P0425,Golam Mostafa,Bangladeshi,18-22,C_counterfactual,0,3.8,3.4,8,"Tom B., 22, Full-time",D,True,A,False,False,1,21226
P0425,Golam Mostafa,Bangladeshi,18-22,C_counterfactual,0,3.8,3.4,9,"Olga S., 38, Full-time",A,True,A,True,True,4,18509
P0425,Golam Mostafa,Bangladeshi,18-22,C_counterfactual,0,3.8,3.4,10,"Chen W., 45, Part-time",A,False,A,True,False,4,16389
P0426,Tania Sultana,Bangladeshi,23-27,A_no_explanation,3,2.8,3.0,1,"Sarah M., 34, Part-time",D,True,A,False,False,3,25710
P0426,Tania Sultana,Bangladeshi,23-27,A_no_explanation,3,2.8,3.0,2,"James K., 28, Full-time",A,True,A,True,True,3,7563
P0426,Tania Sultana,Bangladeshi,23-27,A_no_explanation,3,2.8,3.0,3,"Priya R., 41, Self-employed",D,False,A,False,True,2,21060
P0426,Tania Sultana,Bangladeshi,23-27,A_no_explanation,3,2.8,3.0,4,"Marcus T., 55, Part-time",D,True,D,True,True,3,9013
P0426,Tania Sultana,Bangladeshi,23-27,A_no_explanation,3,2.8,3.0,5,"Anika P., 29, Full-time",D,True,D,True,True,2,3155
P0426,Tania Sultana,Bangladeshi,23-27,A_no_explanation,3,2.8,3.0,6,"David H., 47, Full-time",A,True,D,False,False,3,21312
P0426,Tania Sultana,Bangladeshi,23-27,A_no_explanation,3,2.8,3.0,7,"Fatima A., 33, Contract",D,False,D,True,False,5,10847
P0426,Tania Sultana,Bangladeshi,23-27,A_no_explanation,3,2.8,3.0,8,"Tom B., 22, Full-time",D,True,D,True,True,2,16860
P0426,Tania Sultana,Bangladeshi,23-27,A_no_explanation,3,2.8,3.0,9,"Olga S., 38, Full-time",A,True,D,False,False,3,23197
P0426,Tania Sultana,Bangladeshi,23-27,A_no_explanation,3,2.8,3.0,10,"Chen W., 45, Part-time",A,False,D,False,True,3,19802
P0427,Kamal Hossain,Bangladeshi,23-27,B_surface,2,3.6,3.8,1,"Sarah M., 34, Part-time",D,True,D,True,True,3,11436
P0427,Kamal Hossain,Bangladeshi,23-27,B_surface,2,3.6,3.8,2,"James K., 28, Full-time",A,True,A,True,True,2,13168
P0427,Kamal Hossain,Bangladeshi,23-27,B_surface,2,3.6,3.8,3,"Priya R., 41, Self-employed",D,False,A,False,True,3,16410
P0427,Kamal Hossain,Bangladeshi,23-27,B_surface,2,3.6,3.8,4,"Marcus T., 55, Part-time",D,True,D,True,True,3,8750
P0427,Kamal Hossain,Bangladeshi,23-27,B_surface,2,3.6,3.8,5,"Anika P., 29, Full-time",D,True,D,True,True,2,18053
P0427,Kamal Hossain,Bangladeshi,23-27,B_surface,2,3.6,3.8,6,"David H., 47, Full-time",A,True,D,False,False,3,25956
P0427,Kamal Hossain,Bangladeshi,23-27,B_surface,2,3.6,3.8,7,"Fatima A., 33, Contract",D,False,D,True,False,4,13384
P0427,Kamal Hossain,Bangladeshi,23-27,B_surface,2,3.6,3.8,8,"Tom B., 22, Full-time",D,True,A,False,False,2,23410
P0427,Kamal Hossain,Bangladeshi,23-27,B_surface,2,3.6,3.8,9,"Olga S., 38, Full-time",A,True,A,True,True,3,12029
P0427,Kamal Hossain,Bangladeshi,23-27,B_surface,2,3.6,3.8,10,"Chen W., 45, Part-time",A,False,D,False,True,2,18820
P0428,Wasif Hossain,Bangladeshi,23-27,A_no_explanation,1,3.3,3.3,1,"Sarah M., 34, Part-time",D,True,A,False,False,3,24869
P0428,Wasif Hossain,Bangladeshi,23-27,A_no_explanation,1,3.3,3.3,2,"James K., 28, Full-time",A,True,A,True,True,2,13470
P0428,Wasif Hossain,Bangladeshi,23-27,A_no_explanation,1,3.3,3.3,3,"Priya R., 41, Self-employed",D,False,D,True,False,2,4961
P0428,Wasif Hossain,Bangladeshi,23-27,A_no_explanation,1,3.3,3.3,4,"Marcus T., 55, Part-time",D,True,A,False,False,3,17500
P0428,Wasif Hossain,Bangladeshi,23-27,A_no_explanation,1,3.3,3.3,5,"Anika P., 29, Full-time",D,True,D,True,True,3,10312
P0428,Wasif Hossain,Bangladeshi,23-27,A_no_explanation,1,3.3,3.3,6,"David H., 47, Full-time",A,True,D,False,False,2,24301
P0428,Wasif Hossain,Bangladeshi,23-27,A_no_explanation,1,3.3,3.3,7,"Fatima A., 33, Contract",D,False,D,True,False,3,14437
P0428,Wasif Hossain,Bangladeshi,23-27,A_no_explanation,1,3.3,3.3,8,"Tom B., 22, Full-time",D,True,A,False,False,4,21151
P0428,Wasif Hossain,Bangladeshi,23-27,A_no_explanation,1,3.3,3.3,9,"Olga S., 38, Full-time",A,True,A,True,True,4,10092
P0428,Wasif Hossain,Bangladeshi,23-27,A_no_explanation,1,3.3,3.3,10,"Chen W., 45, Part-time",A,False,A,True,False,3,13905
P0429,Touhidul Islam,Bangladeshi,23-27,B_surface,1,2.1,2.8,1,"Sarah M., 34, Part-time",D,True,A,False,False,3,24659
P0429,Touhidul Islam,Bangladeshi,23-27,B_surface,1,2.1,2.8,2,"James K., 28, Full-time",A,True,D,False,False,3,18519
P0429,Touhidul Islam,Bangladeshi,23-27,B_surface,1,2.1,2.8,3,"Priya R., 41, Self-employed",D,False,A,False,True,3,19335
P0429,Touhidul Islam,Bangladeshi,23-27,B_surface,1,2.1,2.8,4,"Marcus T., 55, Part-time",D,True,A,False,False,4,15423
P0429,Touhidul Islam,Bangladeshi,23-27,B_surface,1,2.1,2.8,5,"Anika P., 29, Full-time",D,True,A,False,False,4,20785
P0429,Touhidul Islam,Bangladeshi,23-27,B_surface,1,2.1,2.8,6,"David H., 47, Full-time",A,True,A,True,True,3,8213
P0429,Touhidul Islam,Bangladeshi,23-27,B_surface,1,2.1,2.8,7,"Fatima A., 33, Contract",D,False,A,False,True,4,22199
P0429,Touhidul Islam,Bangladeshi,23-27,B_surface,1,2.1,2.8,8,"Tom B., 22, Full-time",D,True,D,True,True,3,10434
P0429,Touhidul Islam,Bangladeshi,23-27,B_surface,1,2.1,2.8,9,"Olga S., 38, Full-time",A,True,D,False,False,4,16706
P0429,Touhidul Islam,Bangladeshi,23-27,B_surface,1,2.1,2.8,10,"Chen W., 45, Part-time",A,False,A,True,False,4,7250
P0430,Reshma Begum,Bangladeshi,18-22,B_surface,0,2.1,3.8,1,"Sarah M., 34, Part-time",D,True,D,True,True,3,18528
P0430,Reshma Begum,Bangladeshi,18-22,B_surface,0,2.1,3.8,2,"James K., 28, Full-time",A,True,A,True,True,3,14457
P0430,Reshma Begum,Bangladeshi,18-22,B_surface,0,2.1,3.8,3,"Priya R., 41, Self-employed",D,False,D,True,False,2,16420
P0430,Reshma Begum,Bangladeshi,18-22,B_surface,0,2.1,3.8,4,"Marcus T., 55, Part-time",D,True,A,False,False,3,17998
P0430,Reshma Begum,Bangladeshi,18-22,B_surface,0,2.1,3.8,5,"Anika P., 29, Full-time",D,True,D,True,True,3,9606
P0430,Reshma Begum,Bangladeshi,18-22,B_surface,0,2.1,3.8,6,"David H., 47, Full-time",A,True,A,True,True,4,18411
P0430,Reshma Begum,Bangladeshi,18-22,B_surface,0,2.1,3.8,7,"Fatima A., 33, Contract",D,False,A,False,True,4,19810
P0430,Reshma Begum,Bangladeshi,18-22,B_surface,0,2.1,3.8,8,"Tom B., 22, Full-time",D,True,D,True,True,4,10257
P0430,Reshma Begum,Bangladeshi,18-22,B_surface,0,2.1,3.8,9,"Olga S., 38, Full-time",A,True,D,False,False,3,20996
P0430,Reshma Begum,Bangladeshi,18-22,B_surface,0,2.1,3.8,10,"Chen W., 45, Part-time",A,False,A,True,False,2,13081
P0431,Suresh Yadav,Indian,18-22,B_surface,2,3.2,2.2,1,"Sarah M., 34, Part-time",D,True,D,True,True,5,19376
P0431,Suresh Yadav,Indian,18-22,B_surface,2,3.2,2.2,2,"James K., 28, Full-time",A,True,A,True,True,3,15024
P0431,Suresh Yadav,Indian,18-22,B_surface,2,3.2,2.2,3,"Priya R., 41, Self-employed",D,False,A,False,True,3,19028
P0431,Suresh Yadav,Indian,18-22,B_surface,2,3.2,2.2,4,"Marcus T., 55, Part-time",D,True,A,False,False,2,17957
P0431,Suresh Yadav,Indian,18-22,B_surface,2,3.2,2.2,5,"Anika P., 29, Full-time",D,True,A,False,False,2,24169
P0431,Suresh Yadav,Indian,18-22,B_surface,2,3.2,2.2,6,"David H., 47, Full-time",A,True,D,False,False,2,21506
P0431,Suresh Yadav,Indian,18-22,B_surface,2,3.2,2.2,7,"Fatima A., 33, Contract",D,False,A,False,True,3,21997
P0431,Suresh Yadav,Indian,18-22,B_surface,2,3.2,2.2,8,"Tom B., 22, Full-time",D,True,D,True,True,3,16829
P0431,Suresh Yadav,Indian,18-22,B_surface,2,3.2,2.2,9,"Olga S., 38, Full-time",A,True,A,True,True,3,13034
P0431,Suresh Yadav,Indian,18-22,B_surface,2,3.2,2.2,10,"Chen W., 45, Part-time",A,False,D,False,True,4,15731
P0432,Tasnia Rahman,Bangladeshi,23-27,A_no_explanation,1,1.7,3.3,1,"Sarah M., 34, Part-time",D,True,D,True,True,3,22902
P0432,Tasnia Rahman,Bangladeshi,23-27,A_no_explanation,1,1.7,3.3,2,"James K., 28, Full-time",A,True,A,True,True,3,10479
P0432,Tasnia Rahman,Bangladeshi,23-27,A_no_explanation,1,1.7,3.3,3,"Priya R., 41, Self-employed",D,False,D,True,False,4,14294
P0432,Tasnia Rahman,Bangladeshi,23-27,A_no_explanation,1,1.7,3.3,4,"Marcus T., 55, Part-time",D,True,D,True,True,3,14978
P0432,Tasnia Rahman,Bangladeshi,23-27,A_no_explanation,1,1.7,3.3,5,"Anika P., 29, Full-time",D,True,D,True,True,3,6067
P0432,Tasnia Rahman,Bangladeshi,23-27,A_no_explanation,1,1.7,3.3,6,"David H., 47, Full-time",A,True,A,True,True,3,10868
P0432,Tasnia Rahman,Bangladeshi,23-27,A_no_explanation,1,1.7,3.3,7,"Fatima A., 33, Contract",D,False,D,True,False,5,15879
P0432,Tasnia Rahman,Bangladeshi,23-27,A_no_explanation,1,1.7,3.3,8,"Tom B., 22, Full-time",D,True,D,True,True,3,9082
P0432,Tasnia Rahman,Bangladeshi,23-27,A_no_explanation,1,1.7,3.3,9,"Olga S., 38, Full-time",A,True,A,True,True,4,12542
P0432,Tasnia Rahman,Bangladeshi,23-27,A_no_explanation,1,1.7,3.3,10,"Chen W., 45, Part-time",A,False,A,True,False,3,12893
P0433,Sumaiya Islam,Bangladeshi,23-27,C_counterfactual,2,3.2,2.5,1,"Sarah M., 34, Part-time",D,True,A,False,False,2,32341
P0433,Sumaiya Islam,Bangladeshi,23-27,C_counterfactual,2,3.2,2.5,2,"James K., 28, Full-time",A,True,D,False,False,4,21631
P0433,Sumaiya Islam,Bangladeshi,23-27,C_counterfactual,2,3.2,2.5,3,"Priya R., 41, Self-employed",D,False,A,False,True,3,17847
P0433,Sumaiya Islam,Bangladeshi,23-27,C_counterfactual,2,3.2,2.5,4,"Marcus T., 55, Part-time",D,True,A,False,False,3,27518
P0433,Sumaiya Islam,Bangladeshi,23-27,C_counterfactual,2,3.2,2.5,5,"Anika P., 29, Full-time",D,True,A,False,False,3,25370
P0433,Sumaiya Islam,Bangladeshi,23-27,C_counterfactual,2,3.2,2.5,6,"David H., 47, Full-time",A,True,D,False,False,4,17454
P0433,Sumaiya Islam,Bangladeshi,23-27,C_counterfactual,2,3.2,2.5,7,"Fatima A., 33, Contract",D,False,D,True,False,2,17837
P0433,Sumaiya Islam,Bangladeshi,23-27,C_counterfactual,2,3.2,2.5,8,"Tom B., 22, Full-time",D,True,A,False,False,3,28963
P0433,Sumaiya Islam,Bangladeshi,23-27,C_counterfactual,2,3.2,2.5,9,"Olga S., 38, Full-time",A,True,A,True,True,4,9176
P0433,Sumaiya Islam,Bangladeshi,23-27,C_counterfactual,2,3.2,2.5,10,"Chen W., 45, Part-time",A,False,D,False,True,2,22073
P0434,Nasrin Akter,Bangladeshi,18-22,B_surface,1,3.8,1.3,1,"Sarah M., 34, Part-time",D,True,D,True,True,4,17522
P0434,Nasrin Akter,Bangladeshi,18-22,B_surface,1,3.8,1.3,2,"James K., 28, Full-time",A,True,D,False,False,3,18057
P0434,Nasrin Akter,Bangladeshi,18-22,B_surface,1,3.8,1.3,3,"Priya R., 41, Self-employed",D,False,A,False,True,3,20124
P0434,Nasrin Akter,Bangladeshi,18-22,B_surface,1,3.8,1.3,4,"Marcus T., 55, Part-time",D,True,D,True,True,2,8083
P0434,Nasrin Akter,Bangladeshi,18-22,B_surface,1,3.8,1.3,5,"Anika P., 29, Full-time",D,True,D,True,True,5,12154
P0434,Nasrin Akter,Bangladeshi,18-22,B_surface,1,3.8,1.3,6,"David H., 47, Full-time",A,True,D,False,False,4,18856
P0434,Nasrin Akter,Bangladeshi,18-22,B_surface,1,3.8,1.3,7,"Fatima A., 33, Contract",D,False,D,True,False,4,14939
P0434,Nasrin Akter,Bangladeshi,18-22,B_surface,1,3.8,1.3,8,"Tom B., 22, Full-time",D,True,A,False,False,3,17413
P0434,Nasrin Akter,Bangladeshi,18-22,B_surface,1,3.8,1.3,9,"Olga S., 38, Full-time",A,True,D,False,False,2,22905
P0434,Nasrin Akter,Bangladeshi,18-22,B_surface,1,3.8,1.3,10,"Chen W., 45, Part-time",A,False,D,False,True,2,22427
P0435,Ella A. Hall,British,18-22,B_surface,3,3.7,3.0,1,"Sarah M., 34, Part-time",D,True,D,True,True,2,20849
P0435,Ella A. Hall,British,18-22,B_surface,3,3.7,3.0,2,"James K., 28, Full-time",A,True,D,False,False,3,18698
P0435,Ella A. Hall,British,18-22,B_surface,3,3.7,3.0,3,"Priya R., 41, Self-employed",D,False,A,False,True,3,21536
P0435,Ella A. Hall,British,18-22,B_surface,3,3.7,3.0,4,"Marcus T., 55, Part-time",D,True,A,False,False,3,23674
P0435,Ella A. Hall,British,18-22,B_surface,3,3.7,3.0,5,"Anika P., 29, Full-time",D,True,A,False,False,3,20843
P0435,Ella A. Hall,British,18-22,B_surface,3,3.7,3.0,6,"David H., 47, Full-time",A,True,D,False,False,4,18156
P0435,Ella A. Hall,British,18-22,B_surface,3,3.7,3.0,7,"Fatima A., 33, Contract",D,False,D,True,False,4,17901
P0435,Ella A. Hall,British,18-22,B_surface,3,3.7,3.0,8,"Tom B., 22, Full-time",D,True,A,False,False,1,22081
P0435,Ella A. Hall,British,18-22,B_surface,3,3.7,3.0,9,"Olga S., 38, Full-time",A,True,D,False,False,3,18332
P0435,Ella A. Hall,British,18-22,B_surface,3,3.7,3.0,10,"Chen W., 45, Part-time",A,False,D,False,True,2,21873
P0436,Geeta A. Mishra,Indian,33-40,A_no_explanation,3,2.9,5.0,1,"Sarah M., 34, Part-time",D,True,D,True,True,4,14628
P0436,Geeta A. Mishra,Indian,33-40,A_no_explanation,3,2.9,5.0,2,"James K., 28, Full-time",A,True,A,True,True,3,17522
P0436,Geeta A. Mishra,Indian,33-40,A_no_explanation,3,2.9,5.0,3,"Priya R., 41, Self-employed",D,False,D,True,False,4,13483
P0436,Geeta A. Mishra,Indian,33-40,A_no_explanation,3,2.9,5.0,4,"Marcus T., 55, Part-time",D,True,D,True,True,3,8111
P0436,Geeta A. Mishra,Indian,33-40,A_no_explanation,3,2.9,5.0,5,"Anika P., 29, Full-time",D,True,A,False,False,3,12669
P0436,Geeta A. Mishra,Indian,33-40,A_no_explanation,3,2.9,5.0,6,"David H., 47, Full-time",A,True,A,True,True,3,7021
P0436,Geeta A. Mishra,Indian,33-40,A_no_explanation,3,2.9,5.0,7,"Fatima A., 33, Contract",D,False,A,False,True,3,25691
P0436,Geeta A. Mishra,Indian,33-40,A_no_explanation,3,2.9,5.0,8,"Tom B., 22, Full-time",D,True,D,True,True,4,13574
P0436,Geeta A. Mishra,Indian,33-40,A_no_explanation,3,2.9,5.0,9,"Olga S., 38, Full-time",A,True,A,True,True,4,14979
P0436,Geeta A. Mishra,Indian,33-40,A_no_explanation,3,2.9,5.0,10,"Chen W., 45, Part-time",A,False,A,True,False,3,13919
P0437,Masum Billah,Bangladeshi,33-40,C_counterfactual,2,1.3,4.9,1,"Sarah M., 34, Part-time",D,True,D,True,True,4,23387
P0437,Masum Billah,Bangladeshi,33-40,C_counterfactual,2,1.3,4.9,2,"James K., 28, Full-time",A,True,D,False,False,5,19791
P0437,Masum Billah,Bangladeshi,33-40,C_counterfactual,2,1.3,4.9,3,"Priya R., 41, Self-employed",D,False,D,True,False,4,18705
P0437,Masum Billah,Bangladeshi,33-40,C_counterfactual,2,1.3,4.9,4,"Marcus T., 55, Part-time",D,True,D,True,True,3,14805
P0437,Masum Billah,Bangladeshi,33-40,C_counterfactual,2,1.3,4.9,5,"Anika P., 29, Full-time",D,True,D,True,True,3,14549
P0437,Masum Billah,Bangladeshi,33-40,C_counterfactual,2,1.3,4.9,6,"David H., 47, Full-time",A,True,D,False,False,2,28212
P0437,Masum Billah,Bangladeshi,33-40,C_counterfactual,2,1.3,4.9,7,"Fatima A., 33, Contract",D,False,D,True,False,2,11139
P0437,Masum Billah,Bangladeshi,33-40,C_counterfactual,2,1.3,4.9,8,"Tom B., 22, Full-time",D,True,A,False,False,3,19621
P0437,Masum Billah,Bangladeshi,33-40,C_counterfactual,2,1.3,4.9,9,"Olga S., 38, Full-time",A,True,D,False,False,3,18845
P0437,Masum Billah,Bangladeshi,33-40,C_counterfactual,2,1.3,4.9,10,"Chen W., 45, Part-time",A,False,D,False,True,2,19238
P0438,Amit Kumar,Indian,28-32,B_surface,2,2.6,3.6,1,"Sarah M., 34, Part-time",D,True,D,True,True,4,11186
P0438,Amit Kumar,Indian,28-32,B_surface,2,2.6,3.6,2,"James K., 28, Full-time",A,True,D,False,False,2,15429
P0438,Amit Kumar,Indian,28-32,B_surface,2,2.6,3.6,3,"Priya R., 41, Self-employed",D,False,D,True,False,4,10543
P0438,Amit Kumar,Indian,28-32,B_surface,2,2.6,3.6,4,"Marcus T., 55, Part-time",D,True,A,False,False,3,21731
P0438,Amit Kumar,Indian,28-32,B_surface,2,2.6,3.6,5,"Anika P., 29, Full-time",D,True,D,True,True,2,12720
P0438,Amit Kumar,Indian,28-32,B_surface,2,2.6,3.6,6,"David H., 47, Full-time",A,True,A,True,True,5,15774
P0438,Amit Kumar,Indian,28-32,B_surface,2,2.6,3.6,7,"Fatima A., 33, Contract",D,False,D,True,False,3,10216
P0438,Amit Kumar,Indian,28-32,B_surface,2,2.6,3.6,8,"Tom B., 22, Full-time",D,True,A,False,False,3,22960
P0438,Amit Kumar,Indian,28-32,B_surface,2,2.6,3.6,9,"Olga S., 38, Full-time",A,True,D,False,False,3,25460
P0438,Amit Kumar,Indian,28-32,B_surface,2,2.6,3.6,10,"Chen W., 45, Part-time",A,False,D,False,True,4,21916
P0439,Sophia A. Harris,British,28-32,B_surface,1,3.3,1.9,1,"Sarah M., 34, Part-time",D,True,A,False,False,2,22810
P0439,Sophia A. Harris,British,28-32,B_surface,1,3.3,1.9,2,"James K., 28, Full-time",A,True,D,False,False,3,17082
P0439,Sophia A. Harris,British,28-32,B_surface,1,3.3,1.9,3,"Priya R., 41, Self-employed",D,False,A,False,True,3,20731
P0439,Sophia A. Harris,British,28-32,B_surface,1,3.3,1.9,4,"Marcus T., 55, Part-time",D,True,D,True,True,3,12704
P0439,Sophia A. Harris,British,28-32,B_surface,1,3.3,1.9,5,"Anika P., 29, Full-time",D,True,D,True,True,2,13481
P0439,Sophia A. Harris,British,28-32,B_surface,1,3.3,1.9,6,"David H., 47, Full-time",A,True,A,True,True,4,14637
P0439,Sophia A. Harris,British,28-32,B_surface,1,3.3,1.9,7,"Fatima A., 33, Contract",D,False,D,True,False,3,11069
P0439,Sophia A. Harris,British,28-32,B_surface,1,3.3,1.9,8,"Tom B., 22, Full-time",D,True,A,False,False,2,15043
P0439,Sophia A. Harris,British,28-32,B_surface,1,3.3,1.9,9,"Olga S., 38, Full-time",A,True,A,True,True,3,12794
P0439,Sophia A. Harris,British,28-32,B_surface,1,3.3,1.9,10,"Chen W., 45, Part-time",A,False,A,True,False,3,19187
P0440,Morium Begum,Bangladeshi,23-27,B_surface,0,4.0,2.1,1,"Sarah M., 34, Part-time",D,True,D,True,True,4,24746
P0440,Morium Begum,Bangladeshi,23-27,B_surface,0,4.0,2.1,2,"James K., 28, Full-time",A,True,A,True,True,3,13488
P0440,Morium Begum,Bangladeshi,23-27,B_surface,0,4.0,2.1,3,"Priya R., 41, Self-employed",D,False,A,False,True,3,17391
P0440,Morium Begum,Bangladeshi,23-27,B_surface,0,4.0,2.1,4,"Marcus T., 55, Part-time",D,True,D,True,True,3,15306
P0440,Morium Begum,Bangladeshi,23-27,B_surface,0,4.0,2.1,5,"Anika P., 29, Full-time",D,True,D,True,True,4,4272
P0440,Morium Begum,Bangladeshi,23-27,B_surface,0,4.0,2.1,6,"David H., 47, Full-time",A,True,A,True,True,3,11133
P0440,Morium Begum,Bangladeshi,23-27,B_surface,0,4.0,2.1,7,"Fatima A., 33, Contract",D,False,A,False,True,4,22408
P0440,Morium Begum,Bangladeshi,23-27,B_surface,0,4.0,2.1,8,"Tom B., 22, Full-time",D,True,A,False,False,3,24430
P0440,Morium Begum,Bangladeshi,23-27,B_surface,0,4.0,2.1,9,"Olga S., 38, Full-time",A,True,A,True,True,3,16302
P0440,Morium Begum,Bangladeshi,23-27,B_surface,0,4.0,2.1,10,"Chen W., 45, Part-time",A,False,A,True,False,4,15270
P0441,Maryam Ali,Pakistani,23-27,B_surface,1,1.6,3.9,1,"Sarah M., 34, Part-time",D,True,D,True,True,4,15951
P0441,Maryam Ali,Pakistani,23-27,B_surface,1,1.6,3.9,2,"James K., 28, Full-time",A,True,A,True,True,5,9055
P0441,Maryam Ali,Pakistani,23-27,B_surface,1,1.6,3.9,3,"Priya R., 41, Self-employed",D,False,A,False,True,2,21089
P0441,Maryam Ali,Pakistani,23-27,B_surface,1,1.6,3.9,4,"Marcus T., 55, Part-time",D,True,D,True,True,3,18736
P0441,Maryam Ali,Pakistani,23-27,B_surface,1,1.6,3.9,5,"Anika P., 29, Full-time",D,True,D,True,True,4,12502
P0441,Maryam Ali,Pakistani,23-27,B_surface,1,1.6,3.9,6,"David H., 47, Full-time",A,True,A,True,True,3,11793
P0441,Maryam Ali,Pakistani,23-27,B_surface,1,1.6,3.9,7,"Fatima A., 33, Contract",D,False,A,False,True,4,21047
P0441,Maryam Ali,Pakistani,23-27,B_surface,1,1.6,3.9,8,"Tom B., 22, Full-time",D,True,D,True,True,4,13007
P0441,Maryam Ali,Pakistani,23-27,B_surface,1,1.6,3.9,9,"Olga S., 38, Full-time",A,True,D,False,False,2,18456
P0441,Maryam Ali,Pakistani,23-27,B_surface,1,1.6,3.9,10,"Chen W., 45, Part-time",A,False,A,True,False,3,12952
P0442,Emma A. Campbell,British,23-27,B_surface,1,3.3,3.8,1,"Sarah M., 34, Part-time",D,True,D,True,True,4,20196
P0442,Emma A. Campbell,British,23-27,B_surface,1,3.3,3.8,2,"James K., 28, Full-time",A,True,D,False,False,2,19871
P0442,Emma A. Campbell,British,23-27,B_surface,1,3.3,3.8,3,"Priya R., 41, Self-employed",D,False,D,True,False,4,12552
P0442,Emma A. Campbell,British,23-27,B_surface,1,3.3,3.8,4,"Marcus T., 55, Part-time",D,True,D,True,True,2,11224
P0442,Emma A. Campbell,British,23-27,B_surface,1,3.3,3.8,5,"Anika P., 29, Full-time",D,True,D,True,True,3,13666
P0442,Emma A. Campbell,British,23-27,B_surface,1,3.3,3.8,6,"David H., 47, Full-time",A,True,D,False,False,3,25721
P0442,Emma A. Campbell,British,23-27,B_surface,1,3.3,3.8,7,"Fatima A., 33, Contract",D,False,A,False,True,2,18776
P0442,Emma A. Campbell,British,23-27,B_surface,1,3.3,3.8,8,"Tom B., 22, Full-time",D,True,D,True,True,4,14757
P0442,Emma A. Campbell,British,23-27,B_surface,1,3.3,3.8,9,"Olga S., 38, Full-time",A,True,D,False,False,3,20371
P0442,Emma A. Campbell,British,23-27,B_surface,1,3.3,3.8,10,"Chen W., 45, Part-time",A,False,D,False,True,3,23519
P0443,Amirul Fikri,Malaysian,18-22,A_no_explanation,3,3.8,1.6,1,"Sarah M., 34, Part-time",D,True,A,False,False,3,24505
P0443,Amirul Fikri,Malaysian,18-22,A_no_explanation,3,3.8,1.6,2,"James K., 28, Full-time",A,True,D,False,False,2,14271
P0443,Amirul Fikri,Malaysian,18-22,A_no_explanation,3,3.8,1.6,3,"Priya R., 41, Self-employed",D,False,D,True,False,3,7208
P0443,Amirul Fikri,Malaysian,18-22,A_no_explanation,3,3.8,1.6,4,"Marcus T., 55, Part-time",D,True,D,True,True,2,20051
P0443,Amirul Fikri,Malaysian,18-22,A_no_explanation,3,3.8,1.6,5,"Anika P., 29, Full-time",D,True,D,True,True,3,9969
P0443,Amirul Fikri,Malaysian,18-22,A_no_explanation,3,3.8,1.6,6,"David H., 47, Full-time",A,True,D,False,False,3,18358
P0443,Amirul Fikri,Malaysian,18-22,A_no_explanation,3,3.8,1.6,7,"Fatima A., 33, Contract",D,False,A,False,True,3,15555
P0443,Amirul Fikri,Malaysian,18-22,A_no_explanation,3,3.8,1.6,8,"Tom B., 22, Full-time",D,True,D,True,True,3,9903
P0443,Amirul Fikri,Malaysian,18-22,A_no_explanation,3,3.8,1.6,9,"Olga S., 38, Full-time",A,True,A,True,True,3,7827
P0443,Amirul Fikri,Malaysian,18-22,A_no_explanation,3,3.8,1.6,10,"Chen W., 45, Part-time",A,False,A,True,False,4,3206
P0444,Zoe A. Thompson,British,23-27,B_surface,2,4.2,4.0,1,"Sarah M., 34, Part-time",D,True,A,False,False,2,33365
P0444,Zoe A. Thompson,British,23-27,B_surface,2,4.2,4.0,2,"James K., 28, Full-time",A,True,D,False,False,2,17918
P0444,Zoe A. Thompson,British,23-27,B_surface,2,4.2,4.0,3,"Priya R., 41, Self-employed",D,False,A,False,True,3,21477
P0444,Zoe A. Thompson,British,23-27,B_surface,2,4.2,4.0,4,"Marcus T., 55, Part-time",D,True,D,True,True,5,17457
P0444,Zoe A. Thompson,British,23-27,B_surface,2,4.2,4.0,5,"Anika P., 29, Full-time",D,True,A,False,False,3,24277
P0444,Zoe A. Thompson,British,23-27,B_surface,2,4.2,4.0,6,"David H., 47, Full-time",A,True,A,True,True,3,14589
P0444,Zoe A. Thompson,British,23-27,B_surface,2,4.2,4.0,7,"Fatima A., 33, Contract",D,False,A,False,True,3,20832
P0444,Zoe A. Thompson,British,23-27,B_surface,2,4.2,4.0,8,"Tom B., 22, Full-time",D,True,D,True,True,3,4290
P0444,Zoe A. Thompson,British,23-27,B_surface,2,4.2,4.0,9,"Olga S., 38, Full-time",A,True,A,True,True,3,13407
P0444,Zoe A. Thompson,British,23-27,B_surface,2,4.2,4.0,10,"Chen W., 45, Part-time",A,False,D,False,True,2,21718
P0445,Jahidul Islam,Bangladeshi,28-32,B_surface,3,3.1,4.8,1,"Sarah M., 34, Part-time",D,True,A,False,False,4,26406
P0445,Jahidul Islam,Bangladeshi,28-32,B_surface,3,3.1,4.8,2,"James K., 28, Full-time",A,True,D,False,False,2,21885
P0445,Jahidul Islam,Bangladeshi,28-32,B_surface,3,3.1,4.8,3,"Priya R., 41, Self-employed",D,False,A,False,True,2,20383
P0445,Jahidul Islam,Bangladeshi,28-32,B_surface,3,3.1,4.8,4,"Marcus T., 55, Part-time",D,True,D,True,True,3,16455
P0445,Jahidul Islam,Bangladeshi,28-32,B_surface,3,3.1,4.8,5,"Anika P., 29, Full-time",D,True,A,False,False,2,22526
P0445,Jahidul Islam,Bangladeshi,28-32,B_surface,3,3.1,4.8,6,"David H., 47, Full-time",A,True,A,True,True,3,15031
P0445,Jahidul Islam,Bangladeshi,28-32,B_surface,3,3.1,4.8,7,"Fatima A., 33, Contract",D,False,D,True,False,3,15869
P0445,Jahidul Islam,Bangladeshi,28-32,B_surface,3,3.1,4.8,8,"Tom B., 22, Full-time",D,True,A,False,False,2,20067
P0445,Jahidul Islam,Bangladeshi,28-32,B_surface,3,3.1,4.8,9,"Olga S., 38, Full-time",A,True,A,True,True,3,11074
P0445,Jahidul Islam,Bangladeshi,28-32,B_surface,3,3.1,4.8,10,"Chen W., 45, Part-time",A,False,A,True,False,5,13831
P0446,Raisuddin Ahmed,Bangladeshi,18-22,C_counterfactual,0,2.8,3.2,1,"Sarah M., 34, Part-time",D,True,D,True,True,4,15913
P0446,Raisuddin Ahmed,Bangladeshi,18-22,C_counterfactual,0,2.8,3.2,2,"James K., 28, Full-time",A,True,A,True,True,4,12169
P0446,Raisuddin Ahmed,Bangladeshi,18-22,C_counterfactual,0,2.8,3.2,3,"Priya R., 41, Self-employed",D,False,D,True,False,3,9771
P0446,Raisuddin Ahmed,Bangladeshi,18-22,C_counterfactual,0,2.8,3.2,4,"Marcus T., 55, Part-time",D,True,D,True,True,3,17839
P0446,Raisuddin Ahmed,Bangladeshi,18-22,C_counterfactual,0,2.8,3.2,5,"Anika P., 29, Full-time",D,True,A,False,False,3,22212
P0446,Raisuddin Ahmed,Bangladeshi,18-22,C_counterfactual,0,2.8,3.2,6,"David H., 47, Full-time",A,True,A,True,True,4,16414
P0446,Raisuddin Ahmed,Bangladeshi,18-22,C_counterfactual,0,2.8,3.2,7,"Fatima A., 33, Contract",D,False,A,False,True,2,21443
P0446,Raisuddin Ahmed,Bangladeshi,18-22,C_counterfactual,0,2.8,3.2,8,"Tom B., 22, Full-time",D,True,D,True,True,3,16052
P0446,Raisuddin Ahmed,Bangladeshi,18-22,C_counterfactual,0,2.8,3.2,9,"Olga S., 38, Full-time",A,True,A,True,True,4,20613
P0446,Raisuddin Ahmed,Bangladeshi,18-22,C_counterfactual,0,2.8,3.2,10,"Chen W., 45, Part-time",A,False,A,True,False,4,16467
P0447,Mosharraf Hossain,Bangladeshi,23-27,C_counterfactual,1,3.5,2.5,1,"Sarah M., 34, Part-time",D,True,D,True,True,3,21645
P0447,Mosharraf Hossain,Bangladeshi,23-27,C_counterfactual,1,3.5,2.5,2,"James K., 28, Full-time",A,True,A,True,True,2,10435
P0447,Mosharraf Hossain,Bangladeshi,23-27,C_counterfactual,1,3.5,2.5,3,"Priya R., 41, Self-employed",D,False,A,False,True,2,19237
P0447,Mosharraf Hossain,Bangladeshi,23-27,C_counterfactual,1,3.5,2.5,4,"Marcus T., 55, Part-time",D,True,D,True,True,3,14020
P0447,Mosharraf Hossain,Bangladeshi,23-27,C_counterfactual,1,3.5,2.5,5,"Anika P., 29, Full-time",D,True,A,False,False,3,25010
P0447,Mosharraf Hossain,Bangladeshi,23-27,C_counterfactual,1,3.5,2.5,6,"David H., 47, Full-time",A,True,A,True,True,3,14014
P0447,Mosharraf Hossain,Bangladeshi,23-27,C_counterfactual,1,3.5,2.5,7,"Fatima A., 33, Contract",D,False,D,True,False,3,15261
P0447,Mosharraf Hossain,Bangladeshi,23-27,C_counterfactual,1,3.5,2.5,8,"Tom B., 22, Full-time",D,True,D,True,True,4,24210
P0447,Mosharraf Hossain,Bangladeshi,23-27,C_counterfactual,1,3.5,2.5,9,"Olga S., 38, Full-time",A,True,A,True,True,4,14117
P0447,Mosharraf Hossain,Bangladeshi,23-27,C_counterfactual,1,3.5,2.5,10,"Chen W., 45, Part-time",A,False,D,False,True,3,22876
P0448,Anna Mueller,Other,33-40,A_no_explanation,1,3.8,2.2,1,"Sarah M., 34, Part-time",D,True,A,False,False,2,24592
P0448,Anna Mueller,Other,33-40,A_no_explanation,1,3.8,2.2,2,"James K., 28, Full-time",A,True,A,True,True,3,14980
P0448,Anna Mueller,Other,33-40,A_no_explanation,1,3.8,2.2,3,"Priya R., 41, Self-employed",D,False,D,True,False,4,8848
P0448,Anna Mueller,Other,33-40,A_no_explanation,1,3.8,2.2,4,"Marcus T., 55, Part-time",D,True,D,True,True,2,8586
P0448,Anna Mueller,Other,33-40,A_no_explanation,1,3.8,2.2,5,"Anika P., 29, Full-time",D,True,D,True,True,2,8594
P0448,Anna Mueller,Other,33-40,A_no_explanation,1,3.8,2.2,6,"David H., 47, Full-time",A,True,D,False,False,2,17962
P0448,Anna Mueller,Other,33-40,A_no_explanation,1,3.8,2.2,7,"Fatima A., 33, Contract",D,False,D,True,False,3,8654
P0448,Anna Mueller,Other,33-40,A_no_explanation,1,3.8,2.2,8,"Tom B., 22, Full-time",D,True,D,True,True,2,15832
P0448,Anna Mueller,Other,33-40,A_no_explanation,1,3.8,2.2,9,"Olga S., 38, Full-time",A,True,D,False,False,2,16348
P0448,Anna Mueller,Other,33-40,A_no_explanation,1,3.8,2.2,10,"Chen W., 45, Part-time",A,False,D,False,True,2,18299
P0449,Chao Zhao,Chinese,41-50,A_no_explanation,3,1.8,3.4,1,"Sarah M., 34, Part-time",D,True,D,True,True,4,20767
P0449,Chao Zhao,Chinese,41-50,A_no_explanation,3,1.8,3.4,2,"James K., 28, Full-time",A,True,A,True,True,2,11646
P0449,Chao Zhao,Chinese,41-50,A_no_explanation,3,1.8,3.4,3,"Priya R., 41, Self-employed",D,False,D,True,False,3,15121
P0449,Chao Zhao,Chinese,41-50,A_no_explanation,3,1.8,3.4,4,"Marcus T., 55, Part-time",D,True,D,True,True,3,12163
P0449,Chao Zhao,Chinese,41-50,A_no_explanation,3,1.8,3.4,5,"Anika P., 29, Full-time",D,True,A,False,False,3,19434
P0449,Chao Zhao,Chinese,41-50,A_no_explanation,3,1.8,3.4,6,"David H., 47, Full-time",A,True,D,False,False,2,21875
P0449,Chao Zhao,Chinese,41-50,A_no_explanation,3,1.8,3.4,7,"Fatima A., 33, Contract",D,False,D,True,False,4,8924
P0449,Chao Zhao,Chinese,41-50,A_no_explanation,3,1.8,3.4,8,"Tom B., 22, Full-time",D,True,D,True,True,3,14412
P0449,Chao Zhao,Chinese,41-50,A_no_explanation,3,1.8,3.4,9,"Olga S., 38, Full-time",A,True,A,True,True,5,18096
P0449,Chao Zhao,Chinese,41-50,A_no_explanation,3,1.8,3.4,10,"Chen W., 45, Part-time",A,False,D,False,True,4,12816
P0450,Natalia Petrov,Other,18-22,C_counterfactual,3,1.3,2.8,1,"Sarah M., 34, Part-time",D,True,D,True,True,3,22501
P0450,Natalia Petrov,Other,18-22,C_counterfactual,3,1.3,2.8,2,"James K., 28, Full-time",A,True,D,False,False,2,23641
P0450,Natalia Petrov,Other,18-22,C_counterfactual,3,1.3,2.8,3,"Priya R., 41, Self-employed",D,False,A,False,True,3,19804
P0450,Natalia Petrov,Other,18-22,C_counterfactual,3,1.3,2.8,4,"Marcus T., 55, Part-time",D,True,D,True,True,3,14031
P0450,Natalia Petrov,Other,18-22,C_counterfactual,3,1.3,2.8,5,"Anika P., 29, Full-time",D,True,A,False,False,3,28913
P0450,Natalia Petrov,Other,18-22,C_counterfactual,3,1.3,2.8,6,"David H., 47, Full-time",A,True,A,True,True,3,14521
P0450,Natalia Petrov,Other,18-22,C_counterfactual,3,1.3,2.8,7,"Fatima A., 33, Contract",D,False,D,True,False,3,13781
P0450,Natalia Petrov,Other,18-22,C_counterfactual,3,1.3,2.8,8,"Tom B., 22, Full-time",D,True,A,False,False,3,29219
P0450,Natalia Petrov,Other,18-22,C_counterfactual,3,1.3,2.8,9,"Olga S., 38, Full-time",A,True,D,False,False,2,25032
P0450,Natalia Petrov,Other,18-22,C_counterfactual,3,1.3,2.8,10,"Chen W., 45, Part-time",A,False,A,True,False,4,14206
P0451,Nipa Akter,Bangladeshi,23-27,B_surface,2,3.7,2.8,1,"Sarah M., 34, Part-time",D,True,D,True,True,3,14245
P0451,Nipa Akter,Bangladeshi,23-27,B_surface,2,3.7,2.8,2,"James K., 28, Full-time",A,True,D,False,False,2,28402
P0451,Nipa Akter,Bangladeshi,23-27,B_surface,2,3.7,2.8,3,"Priya R., 41, Self-employed",D,False,D,True,False,2,10739
P0451,Nipa Akter,Bangladeshi,23-27,B_surface,2,3.7,2.8,4,"Marcus T., 55, Part-time",D,True,A,False,False,2,27203
P0451,Nipa Akter,Bangladeshi,23-27,B_surface,2,3.7,2.8,5,"Anika P., 29, Full-time",D,True,D,True,True,3,17910
P0451,Nipa Akter,Bangladeshi,23-27,B_surface,2,3.7,2.8,6,"David H., 47, Full-time",A,True,D,False,False,2,17373
P0451,Nipa Akter,Bangladeshi,23-27,B_surface,2,3.7,2.8,7,"Fatima A., 33, Contract",D,False,D,True,False,4,5619
P0451,Nipa Akter,Bangladeshi,23-27,B_surface,2,3.7,2.8,8,"Tom B., 22, Full-time",D,True,D,True,True,3,16200
P0451,Nipa Akter,Bangladeshi,23-27,B_surface,2,3.7,2.8,9,"Olga S., 38, Full-time",A,True,A,True,True,3,16202
P0451,Nipa Akter,Bangladeshi,23-27,B_surface,2,3.7,2.8,10,"Chen W., 45, Part-time",A,False,A,True,False,2,10432
P0452,Poppy A. Baker,British,18-22,B_surface,1,2.8,4.8,1,"Sarah M., 34, Part-time",D,True,D,True,True,4,17180
P0452,Poppy A. Baker,British,18-22,B_surface,1,2.8,4.8,2,"James K., 28, Full-time",A,True,A,True,True,4,10789
P0452,Poppy A. Baker,British,18-22,B_surface,1,2.8,4.8,3,"Priya R., 41, Self-employed",D,False,D,True,False,2,14895
P0452,Poppy A. Baker,British,18-22,B_surface,1,2.8,4.8,4,"Marcus T., 55, Part-time",D,True,A,False,False,1,18667
P0452,Poppy A. Baker,British,18-22,B_surface,1,2.8,4.8,5,"Anika P., 29, Full-time",D,True,D,True,True,2,5368
P0452,Poppy A. Baker,British,18-22,B_surface,1,2.8,4.8,6,"David H., 47, Full-time",A,True,A,True,True,3,10762
P0452,Poppy A. Baker,British,18-22,B_surface,1,2.8,4.8,7,"Fatima A., 33, Contract",D,False,D,True,False,4,12964
P0452,Poppy A. Baker,British,18-22,B_surface,1,2.8,4.8,8,"Tom B., 22, Full-time",D,True,D,True,True,3,9848
P0452,Poppy A. Baker,British,18-22,B_surface,1,2.8,4.8,9,"Olga S., 38, Full-time",A,True,A,True,True,3,11499
P0452,Poppy A. Baker,British,18-22,B_surface,1,2.8,4.8,10,"Chen W., 45, Part-time",A,False,D,False,True,3,19049
P0453,Pooja A. Yadav,Indian,23-27,C_counterfactual,1,3.5,3.1,1,"Sarah M., 34, Part-time",D,True,A,False,False,3,27370
P0453,Pooja A. Yadav,Indian,23-27,C_counterfactual,1,3.5,3.1,2,"James K., 28, Full-time",A,True,D,False,False,3,22057
P0453,Pooja A. Yadav,Indian,23-27,C_counterfactual,1,3.5,3.1,3,"Priya R., 41, Self-employed",D,False,A,False,True,4,25121
P0453,Pooja A. Yadav,Indian,23-27,C_counterfactual,1,3.5,3.1,4,"Marcus T., 55, Part-time",D,True,D,True,True,2,19285
P0453,Pooja A. Yadav,Indian,23-27,C_counterfactual,1,3.5,3.1,5,"Anika P., 29, Full-time",D,True,A,False,False,3,22363
P0453,Pooja A. Yadav,Indian,23-27,C_counterfactual,1,3.5,3.1,6,"David H., 47, Full-time",A,True,D,False,False,3,18730
P0453,Pooja A. Yadav,Indian,23-27,C_counterfactual,1,3.5,3.1,7,"Fatima A., 33, Contract",D,False,A,False,True,3,19533
P0453,Pooja A. Yadav,Indian,23-27,C_counterfactual,1,3.5,3.1,8,"Tom B., 22, Full-time",D,True,D,True,True,3,18254
P0453,Pooja A. Yadav,Indian,23-27,C_counterfactual,1,3.5,3.1,9,"Olga S., 38, Full-time",A,True,A,True,True,4,14893
P0453,Pooja A. Yadav,Indian,23-27,C_counterfactual,1,3.5,3.1,10,"Chen W., 45, Part-time",A,False,D,False,True,4,18214
P0454,Hira Ahmed,Pakistani,28-32,A_no_explanation,1,3.4,4.3,1,"Sarah M., 34, Part-time",D,True,D,True,True,4,19095
P0454,Hira Ahmed,Pakistani,28-32,A_no_explanation,1,3.4,4.3,2,"James K., 28, Full-time",A,True,A,True,True,2,10412
P0454,Hira Ahmed,Pakistani,28-32,A_no_explanation,1,3.4,4.3,3,"Priya R., 41, Self-employed",D,False,D,True,False,3,15341
P0454,Hira Ahmed,Pakistani,28-32,A_no_explanation,1,3.4,4.3,4,"Marcus T., 55, Part-time",D,True,D,True,True,2,13545
P0454,Hira Ahmed,Pakistani,28-32,A_no_explanation,1,3.4,4.3,5,"Anika P., 29, Full-time",D,True,D,True,True,4,9336
P0454,Hira Ahmed,Pakistani,28-32,A_no_explanation,1,3.4,4.3,6,"David H., 47, Full-time",A,True,A,True,True,2,6755
P0454,Hira Ahmed,Pakistani,28-32,A_no_explanation,1,3.4,4.3,7,"Fatima A., 33, Contract",D,False,D,True,False,3,9748
P0454,Hira Ahmed,Pakistani,28-32,A_no_explanation,1,3.4,4.3,8,"Tom B., 22, Full-time",D,True,D,True,True,2,8382
P0454,Hira Ahmed,Pakistani,28-32,A_no_explanation,1,3.4,4.3,9,"Olga S., 38, Full-time",A,True,D,False,False,3,15870
P0454,Hira Ahmed,Pakistani,28-32,A_no_explanation,1,3.4,4.3,10,"Chen W., 45, Part-time",A,False,A,True,False,3,10353
P0455,Humaira Begum,Bangladeshi,23-27,B_surface,1,3.0,3.0,1,"Sarah M., 34, Part-time",D,True,D,True,True,3,15713
P0455,Humaira Begum,Bangladeshi,23-27,B_surface,1,3.0,3.0,2,"James K., 28, Full-time",A,True,A,True,True,4,12771
P0455,Humaira Begum,Bangladeshi,23-27,B_surface,1,3.0,3.0,3,"Priya R., 41, Self-employed",D,False,A,False,True,2,15510
P0455,Humaira Begum,Bangladeshi,23-27,B_surface,1,3.0,3.0,4,"Marcus T., 55, Part-time",D,True,D,True,True,2,11448
P0455,Humaira Begum,Bangladeshi,23-27,B_surface,1,3.0,3.0,5,"Anika P., 29, Full-time",D,True,D,True,True,3,11230
P0455,Humaira Begum,Bangladeshi,23-27,B_surface,1,3.0,3.0,6,"David H., 47, Full-time",A,True,D,False,False,4,20327
P0455,Humaira Begum,Bangladeshi,23-27,B_surface,1,3.0,3.0,7,"Fatima A., 33, Contract",D,False,D,True,False,3,14988
P0455,Humaira Begum,Bangladeshi,23-27,B_surface,1,3.0,3.0,8,"Tom B., 22, Full-time",D,True,A,False,False,2,26821
P0455,Humaira Begum,Bangladeshi,23-27,B_surface,1,3.0,3.0,9,"Olga S., 38, Full-time",A,True,A,True,True,5,12411
P0455,Humaira Begum,Bangladeshi,23-27,B_surface,1,3.0,3.0,10,"Chen W., 45, Part-time",A,False,D,False,True,3,17854
P0456,Obaidul Haque,Bangladeshi,23-27,C_counterfactual,1,4.5,3.6,1,"Sarah M., 34, Part-time",D,True,A,False,False,4,30203
P0456,Obaidul Haque,Bangladeshi,23-27,C_counterfactual,1,4.5,3.6,2,"James K., 28, Full-time",A,True,D,False,False,3,22582
P0456,Obaidul Haque,Bangladeshi,23-27,C_counterfactual,1,4.5,3.6,3,"Priya R., 41, Self-employed",D,False,A,False,True,3,20145
P0456,Obaidul Haque,Bangladeshi,23-27,C_counterfactual,1,4.5,3.6,4,"Marcus T., 55, Part-time",D,True,D,True,True,4,15000
P0456,Obaidul Haque,Bangladeshi,23-27,C_counterfactual,1,4.5,3.6,5,"Anika P., 29, Full-time",D,True,A,False,False,3,28630
P0456,Obaidul Haque,Bangladeshi,23-27,C_counterfactual,1,4.5,3.6,6,"David H., 47, Full-time",A,True,D,False,False,2,25593
P0456,Obaidul Haque,Bangladeshi,23-27,C_counterfactual,1,4.5,3.6,7,"Fatima A., 33, Contract",D,False,D,True,False,3,14563
P0456,Obaidul Haque,Bangladeshi,23-27,C_counterfactual,1,4.5,3.6,8,"Tom B., 22, Full-time",D,True,D,True,True,2,22446
P0456,Obaidul Haque,Bangladeshi,23-27,C_counterfactual,1,4.5,3.6,9,"Olga S., 38, Full-time",A,True,A,True,True,4,18753
P0456,Obaidul Haque,Bangladeshi,23-27,C_counterfactual,1,4.5,3.6,10,"Chen W., 45, Part-time",A,False,D,False,True,3,23306
P0457,Rekha Begum,Bangladeshi,28-32,C_counterfactual,1,3.2,5.0,1,"Sarah M., 34, Part-time",D,True,D,True,True,4,22929
P0457,Rekha Begum,Bangladeshi,28-32,C_counterfactual,1,3.2,5.0,2,"James K., 28, Full-time",A,True,A,True,True,2,16702
P0457,Rekha Begum,Bangladeshi,28-32,C_counterfactual,1,3.2,5.0,3,"Priya R., 41, Self-employed",D,False,D,True,False,4,8772
P0457,Rekha Begum,Bangladeshi,28-32,C_counterfactual,1,3.2,5.0,4,"Marcus T., 55, Part-time",D,True,D,True,True,4,17859
P0457,Rekha Begum,Bangladeshi,28-32,C_counterfactual,1,3.2,5.0,5,"Anika P., 29, Full-time",D,True,A,False,False,3,15887
P0457,Rekha Begum,Bangladeshi,28-32,C_counterfactual,1,3.2,5.0,6,"David H., 47, Full-time",A,True,D,False,False,3,23204
P0457,Rekha Begum,Bangladeshi,28-32,C_counterfactual,1,3.2,5.0,7,"Fatima A., 33, Contract",D,False,A,False,True,3,26116
P0457,Rekha Begum,Bangladeshi,28-32,C_counterfactual,1,3.2,5.0,8,"Tom B., 22, Full-time",D,True,A,False,False,2,17107
P0457,Rekha Begum,Bangladeshi,28-32,C_counterfactual,1,3.2,5.0,9,"Olga S., 38, Full-time",A,True,D,False,False,4,16992
P0457,Rekha Begum,Bangladeshi,28-32,C_counterfactual,1,3.2,5.0,10,"Chen W., 45, Part-time",A,False,A,True,False,4,14712
P0458,Amelia A. King,British,18-22,A_no_explanation,2,2.8,3.5,1,"Sarah M., 34, Part-time",D,True,D,True,True,4,20560
P0458,Amelia A. King,British,18-22,A_no_explanation,2,2.8,3.5,2,"James K., 28, Full-time",A,True,A,True,True,4,16920
P0458,Amelia A. King,British,18-22,A_no_explanation,2,2.8,3.5,3,"Priya R., 41, Self-employed",D,False,A,False,True,3,15977
P0458,Amelia A. King,British,18-22,A_no_explanation,2,2.8,3.5,4,"Marcus T., 55, Part-time",D,True,D,True,True,4,10220
P0458,Amelia A. King,British,18-22,A_no_explanation,2,2.8,3.5,5,"Anika P., 29, Full-time",D,True,D,True,True,3,14717
P0458,Amelia A. King,British,18-22,A_no_explanation,2,2.8,3.5,6,"David H., 47, Full-time",A,True,A,True,True,2,8814
P0458,Amelia A. King,British,18-22,A_no_explanation,2,2.8,3.5,7,"Fatima A., 33, Contract",D,False,D,True,False,4,11144
P0458,Amelia A. King,British,18-22,A_no_explanation,2,2.8,3.5,8,"Tom B., 22, Full-time",D,True,D,True,True,4,17948
P0458,Amelia A. King,British,18-22,A_no_explanation,2,2.8,3.5,9,"Olga S., 38, Full-time",A,True,A,True,True,3,9204
P0458,Amelia A. King,British,18-22,A_no_explanation,2,2.8,3.5,10,"Chen W., 45, Part-time",A,False,A,True,False,4,10381
P0459,Muhammad Faiz,Malaysian,23-27,A_no_explanation,1,3.0,2.8,1,"Sarah M., 34, Part-time",D,True,D,True,True,2,16501
P0459,Muhammad Faiz,Malaysian,23-27,A_no_explanation,1,3.0,2.8,2,"James K., 28, Full-time",A,True,A,True,True,3,7160
P0459,Muhammad Faiz,Malaysian,23-27,A_no_explanation,1,3.0,2.8,3,"Priya R., 41, Self-employed",D,False,D,True,False,2,10489
P0459,Muhammad Faiz,Malaysian,23-27,A_no_explanation,1,3.0,2.8,4,"Marcus T., 55, Part-time",D,True,D,True,True,1,13737
P0459,Muhammad Faiz,Malaysian,23-27,A_no_explanation,1,3.0,2.8,5,"Anika P., 29, Full-time",D,True,D,True,True,3,15609
P0459,Muhammad Faiz,Malaysian,23-27,A_no_explanation,1,3.0,2.8,6,"David H., 47, Full-time",A,True,A,True,True,3,14941
P0459,Muhammad Faiz,Malaysian,23-27,A_no_explanation,1,3.0,2.8,7,"Fatima A., 33, Contract",D,False,D,True,False,3,14461
P0459,Muhammad Faiz,Malaysian,23-27,A_no_explanation,1,3.0,2.8,8,"Tom B., 22, Full-time",D,True,D,True,True,2,5346
P0459,Muhammad Faiz,Malaysian,23-27,A_no_explanation,1,3.0,2.8,9,"Olga S., 38, Full-time",A,True,A,True,True,4,16452
P0459,Muhammad Faiz,Malaysian,23-27,A_no_explanation,1,3.0,2.8,10,"Chen W., 45, Part-time",A,False,A,True,False,2,12812
P0460,Rohit Patel,Indian,41-50,C_counterfactual,1,1.1,3.3,1,"Sarah M., 34, Part-time",D,True,D,True,True,2,13807
P0460,Rohit Patel,Indian,41-50,C_counterfactual,1,1.1,3.3,2,"James K., 28, Full-time",A,True,A,True,True,3,16620
P0460,Rohit Patel,Indian,41-50,C_counterfactual,1,1.1,3.3,3,"Priya R., 41, Self-employed",D,False,A,False,True,3,27160
P0460,Rohit Patel,Indian,41-50,C_counterfactual,1,1.1,3.3,4,"Marcus T., 55, Part-time",D,True,A,False,False,2,22837
P0460,Rohit Patel,Indian,41-50,C_counterfactual,1,1.1,3.3,5,"Anika P., 29, Full-time",D,True,D,True,True,2,20064
P0460,Rohit Patel,Indian,41-50,C_counterfactual,1,1.1,3.3,6,"David H., 47, Full-time",A,True,A,True,True,4,13376
P0460,Rohit Patel,Indian,41-50,C_counterfactual,1,1.1,3.3,7,"Fatima A., 33, Contract",D,False,A,False,True,3,14514
P0460,Rohit Patel,Indian,41-50,C_counterfactual,1,1.1,3.3,8,"Tom B., 22, Full-time",D,True,A,False,False,3,26535
P0460,Rohit Patel,Indian,41-50,C_counterfactual,1,1.1,3.3,9,"Olga S., 38, Full-time",A,True,A,True,True,4,20881
P0460,Rohit Patel,Indian,41-50,C_counterfactual,1,1.1,3.3,10,"Chen W., 45, Part-time",A,False,A,True,False,3,15065
P0461,Arifa Begum,Bangladeshi,23-27,C_counterfactual,0,3.3,3.6,1,"Sarah M., 34, Part-time",D,True,A,False,False,3,25499
P0461,Arifa Begum,Bangladeshi,23-27,C_counterfactual,0,3.3,3.6,2,"James K., 28, Full-time",A,True,D,False,False,4,18515
P0461,Arifa Begum,Bangladeshi,23-27,C_counterfactual,0,3.3,3.6,3,"Priya R., 41, Self-employed",D,False,A,False,True,4,28351
P0461,Arifa Begum,Bangladeshi,23-27,C_counterfactual,0,3.3,3.6,4,"Marcus T., 55, Part-time",D,True,A,False,False,3,25087
P0461,Arifa Begum,Bangladeshi,23-27,C_counterfactual,0,3.3,3.6,5,"Anika P., 29, Full-time",D,True,A,False,False,3,28965
P0461,Arifa Begum,Bangladeshi,23-27,C_counterfactual,0,3.3,3.6,6,"David H., 47, Full-time",A,True,A,True,True,4,13363
P0461,Arifa Begum,Bangladeshi,23-27,C_counterfactual,0,3.3,3.6,7,"Fatima A., 33, Contract",D,False,A,False,True,3,15725
P0461,Arifa Begum,Bangladeshi,23-27,C_counterfactual,0,3.3,3.6,8,"Tom B., 22, Full-time",D,True,D,True,True,4,8137
P0461,Arifa Begum,Bangladeshi,23-27,C_counterfactual,0,3.3,3.6,9,"Olga S., 38, Full-time",A,True,A,True,True,4,18654
P0461,Arifa Begum,Bangladeshi,23-27,C_counterfactual,0,3.3,3.6,10,"Chen W., 45, Part-time",A,False,A,True,False,4,12646
P0462,Fatima A. Mahmood,Pakistani,18-22,C_counterfactual,1,2.6,2.9,1,"Sarah M., 34, Part-time",D,True,A,False,False,1,27128
P0462,Fatima A. Mahmood,Pakistani,18-22,C_counterfactual,1,2.6,2.9,2,"James K., 28, Full-time",A,True,D,False,False,3,18517
P0462,Fatima A. Mahmood,Pakistani,18-22,C_counterfactual,1,2.6,2.9,3,"Priya R., 41, Self-employed",D,False,A,False,True,3,20810
P0462,Fatima A. Mahmood,Pakistani,18-22,C_counterfactual,1,2.6,2.9,4,"Marcus T., 55, Part-time",D,True,D,True,True,3,15577
P0462,Fatima A. Mahmood,Pakistani,18-22,C_counterfactual,1,2.6,2.9,5,"Anika P., 29, Full-time",D,True,A,False,False,3,14462
P0462,Fatima A. Mahmood,Pakistani,18-22,C_counterfactual,1,2.6,2.9,6,"David H., 47, Full-time",A,True,D,False,False,3,28494
P0462,Fatima A. Mahmood,Pakistani,18-22,C_counterfactual,1,2.6,2.9,7,"Fatima A., 33, Contract",D,False,A,False,True,2,28932
P0462,Fatima A. Mahmood,Pakistani,18-22,C_counterfactual,1,2.6,2.9,8,"Tom B., 22, Full-time",D,True,A,False,False,3,18460
P0462,Fatima A. Mahmood,Pakistani,18-22,C_counterfactual,1,2.6,2.9,9,"Olga S., 38, Full-time",A,True,D,False,False,3,21154
P0462,Fatima A. Mahmood,Pakistani,18-22,C_counterfactual,1,2.6,2.9,10,"Chen W., 45, Part-time",A,False,D,False,True,2,20672
P0463,Christopher Walker,British,23-27,A_no_explanation,3,3.2,4.7,1,"Sarah M., 34, Part-time",D,True,A,False,False,3,24062
P0463,Christopher Walker,British,23-27,A_no_explanation,3,3.2,4.7,2,"James K., 28, Full-time",A,True,A,True,True,3,10089
P0463,Christopher Walker,British,23-27,A_no_explanation,3,3.2,4.7,3,"Priya R., 41, Self-employed",D,False,D,True,False,3,8779
P0463,Christopher Walker,British,23-27,A_no_explanation,3,3.2,4.7,4,"Marcus T., 55, Part-time",D,True,D,True,True,3,10030
P0463,Christopher Walker,British,23-27,A_no_explanation,3,3.2,4.7,5,"Anika P., 29, Full-time",D,True,D,True,True,3,7019
P0463,Christopher Walker,British,23-27,A_no_explanation,3,3.2,4.7,6,"David H., 47, Full-time",A,True,D,False,False,3,16789
P0463,Christopher Walker,British,23-27,A_no_explanation,3,3.2,4.7,7,"Fatima A., 33, Contract",D,False,A,False,True,2,16180
P0463,Christopher Walker,British,23-27,A_no_explanation,3,3.2,4.7,8,"Tom B., 22, Full-time",D,True,D,True,True,3,11662
P0463,Christopher Walker,British,23-27,A_no_explanation,3,3.2,4.7,9,"Olga S., 38, Full-time",A,True,D,False,False,1,19369
P0463,Christopher Walker,British,23-27,A_no_explanation,3,3.2,4.7,10,"Chen W., 45, Part-time",A,False,D,False,True,2,16715
P0464,Tariqul Islam,Bangladeshi,41-50,C_counterfactual,0,3.1,3.0,1,"Sarah M., 34, Part-time",D,True,D,True,True,4,21313
P0464,Tariqul Islam,Bangladeshi,41-50,C_counterfactual,0,3.1,3.0,2,"James K., 28, Full-time",A,True,A,True,True,3,13545
P0464,Tariqul Islam,Bangladeshi,41-50,C_counterfactual,0,3.1,3.0,3,"Priya R., 41, Self-employed",D,False,A,False,True,2,18555
P0464,Tariqul Islam,Bangladeshi,41-50,C_counterfactual,0,3.1,3.0,4,"Marcus T., 55, Part-time",D,True,D,True,True,5,16920
P0464,Tariqul Islam,Bangladeshi,41-50,C_counterfactual,0,3.1,3.0,5,"Anika P., 29, Full-time",D,True,D,True,True,3,13078
P0464,Tariqul Islam,Bangladeshi,41-50,C_counterfactual,0,3.1,3.0,6,"David H., 47, Full-time",A,True,D,False,False,3,21690
P0464,Tariqul Islam,Bangladeshi,41-50,C_counterfactual,0,3.1,3.0,7,"Fatima A., 33, Contract",D,False,A,False,True,3,23908
P0464,Tariqul Islam,Bangladeshi,41-50,C_counterfactual,0,3.1,3.0,8,"Tom B., 22, Full-time",D,True,A,False,False,4,23998
P0464,Tariqul Islam,Bangladeshi,41-50,C_counterfactual,0,3.1,3.0,9,"Olga S., 38, Full-time",A,True,A,True,True,5,13698
P0464,Tariqul Islam,Bangladeshi,41-50,C_counterfactual,0,3.1,3.0,10,"Chen W., 45, Part-time",A,False,D,False,True,3,25889
P0465,Moshiur Rahman,Bangladeshi,18-22,C_counterfactual,1,1.9,3.1,1,"Sarah M., 34, Part-time",D,True,D,True,True,3,18014
P0465,Moshiur Rahman,Bangladeshi,18-22,C_counterfactual,1,1.9,3.1,2,"James K., 28, Full-time",A,True,D,False,False,3,20813
P0465,Moshiur Rahman,Bangladeshi,18-22,C_counterfactual,1,1.9,3.1,3,"Priya R., 41, Self-employed",D,False,A,False,True,3,24343
P0465,Moshiur Rahman,Bangladeshi,18-22,C_counterfactual,1,1.9,3.1,4,"Marcus T., 55, Part-time",D,True,A,False,False,4,24983
P0465,Moshiur Rahman,Bangladeshi,18-22,C_counterfactual,1,1.9,3.1,5,"Anika P., 29, Full-time",D,True,A,False,False,4,27663
P0465,Moshiur Rahman,Bangladeshi,18-22,C_counterfactual,1,1.9,3.1,6,"David H., 47, Full-time",A,True,D,False,False,3,25643
P0465,Moshiur Rahman,Bangladeshi,18-22,C_counterfactual,1,1.9,3.1,7,"Fatima A., 33, Contract",D,False,A,False,True,5,19204
P0465,Moshiur Rahman,Bangladeshi,18-22,C_counterfactual,1,1.9,3.1,8,"Tom B., 22, Full-time",D,True,D,True,True,3,16573
P0465,Moshiur Rahman,Bangladeshi,18-22,C_counterfactual,1,1.9,3.1,9,"Olga S., 38, Full-time",A,True,D,False,False,4,27347
P0465,Moshiur Rahman,Bangladeshi,18-22,C_counterfactual,1,1.9,3.1,10,"Chen W., 45, Part-time",A,False,D,False,True,4,25848
P0466,Najma Begum,Bangladeshi,23-27,A_no_explanation,1,4.0,4.4,1,"Sarah M., 34, Part-time",D,True,D,True,True,3,9954
P0466,Najma Begum,Bangladeshi,23-27,A_no_explanation,1,4.0,4.4,2,"James K., 28, Full-time",A,True,D,False,False,2,14984
P0466,Najma Begum,Bangladeshi,23-27,A_no_explanation,1,4.0,4.4,3,"Priya R., 41, Self-employed",D,False,D,True,False,3,12001
P0466,Najma Begum,Bangladeshi,23-27,A_no_explanation,1,4.0,4.4,4,"Marcus T., 55, Part-time",D,True,D,True,True,3,23018
P0466,Najma Begum,Bangladeshi,23-27,A_no_explanation,1,4.0,4.4,5,"Anika P., 29, Full-time",D,True,D,True,True,2,11329
P0466,Najma Begum,Bangladeshi,23-27,A_no_explanation,1,4.0,4.4,6,"David H., 47, Full-time",A,True,A,True,True,4,10330
P0466,Najma Begum,Bangladeshi,23-27,A_no_explanation,1,4.0,4.4,7,"Fatima A., 33, Contract",D,False,D,True,False,2,16353
P0466,Najma Begum,Bangladeshi,23-27,A_no_explanation,1,4.0,4.4,8,"Tom B., 22, Full-time",D,True,D,True,True,3,11971
P0466,Najma Begum,Bangladeshi,23-27,A_no_explanation,1,4.0,4.4,9,"Olga S., 38, Full-time",A,True,A,True,True,3,12948
P0466,Najma Begum,Bangladeshi,23-27,A_no_explanation,1,4.0,4.4,10,"Chen W., 45, Part-time",A,False,A,True,False,3,7851
P0467,Sinthia Islam,Bangladeshi,23-27,C_counterfactual,3,4.9,3.5,1,"Sarah M., 34, Part-time",D,True,D,True,True,5,19646
P0467,Sinthia Islam,Bangladeshi,23-27,C_counterfactual,3,4.9,3.5,2,"James K., 28, Full-time",A,True,D,False,False,4,18950
P0467,Sinthia Islam,Bangladeshi,23-27,C_counterfactual,3,4.9,3.5,3,"Priya R., 41, Self-employed",D,False,A,False,True,3,22416
P0467,Sinthia Islam,Bangladeshi,23-27,C_counterfactual,3,4.9,3.5,4,"Marcus T., 55, Part-time",D,True,A,False,False,2,22684
P0467,Sinthia Islam,Bangladeshi,23-27,C_counterfactual,3,4.9,3.5,5,"Anika P., 29, Full-time",D,True,D,True,True,3,8399
P0467,Sinthia Islam,Bangladeshi,23-27,C_counterfactual,3,4.9,3.5,6,"David H., 47, Full-time",A,True,D,False,False,3,19920
P0467,Sinthia Islam,Bangladeshi,23-27,C_counterfactual,3,4.9,3.5,7,"Fatima A., 33, Contract",D,False,A,False,True,4,22465
P0467,Sinthia Islam,Bangladeshi,23-27,C_counterfactual,3,4.9,3.5,8,"Tom B., 22, Full-time",D,True,D,True,True,3,17912
P0467,Sinthia Islam,Bangladeshi,23-27,C_counterfactual,3,4.9,3.5,9,"Olga S., 38, Full-time",A,True,A,True,True,3,12938
P0467,Sinthia Islam,Bangladeshi,23-27,C_counterfactual,3,4.9,3.5,10,"Chen W., 45, Part-time",A,False,D,False,True,4,14997
P0468,Moklesur Rahman,Bangladeshi,23-27,C_counterfactual,1,5.0,1.8,1,"Sarah M., 34, Part-time",D,True,A,False,False,3,26305
P0468,Moklesur Rahman,Bangladeshi,23-27,C_counterfactual,1,5.0,1.8,2,"James K., 28, Full-time",A,True,D,False,False,2,22931
P0468,Moklesur Rahman,Bangladeshi,23-27,C_counterfactual,1,5.0,1.8,3,"Priya R., 41, Self-employed",D,False,A,False,True,3,21957
P0468,Moklesur Rahman,Bangladeshi,23-27,C_counterfactual,1,5.0,1.8,4,"Marcus T., 55, Part-time",D,True,A,False,False,4,23360
P0468,Moklesur Rahman,Bangladeshi,23-27,C_counterfactual,1,5.0,1.8,5,"Anika P., 29, Full-time",D,True,A,False,False,3,18010
P0468,Moklesur Rahman,Bangladeshi,23-27,C_counterfactual,1,5.0,1.8,6,"David H., 47, Full-time",A,True,A,True,True,4,15382
P0468,Moklesur Rahman,Bangladeshi,23-27,C_counterfactual,1,5.0,1.8,7,"Fatima A., 33, Contract",D,False,D,True,False,2,12271
P0468,Moklesur Rahman,Bangladeshi,23-27,C_counterfactual,1,5.0,1.8,8,"Tom B., 22, Full-time",D,True,A,False,False,3,30058
P0468,Moklesur Rahman,Bangladeshi,23-27,C_counterfactual,1,5.0,1.8,9,"Olga S., 38, Full-time",A,True,A,True,True,4,21366
P0468,Moklesur Rahman,Bangladeshi,23-27,C_counterfactual,1,5.0,1.8,10,"Chen W., 45, Part-time",A,False,D,False,True,3,22752
P0469,Kulsum Begum,Bangladeshi,18-22,A_no_explanation,3,2.9,3.5,1,"Sarah M., 34, Part-time",D,True,D,True,True,3,13974
P0469,Kulsum Begum,Bangladeshi,18-22,A_no_explanation,3,2.9,3.5,2,"James K., 28, Full-time",A,True,D,False,False,4,15524
P0469,Kulsum Begum,Bangladeshi,18-22,A_no_explanation,3,2.9,3.5,3,"Priya R., 41, Self-employed",D,False,A,False,True,3,17063
P0469,Kulsum Begum,Bangladeshi,18-22,A_no_explanation,3,2.9,3.5,4,"Marcus T., 55, Part-time",D,True,D,True,True,3,16233
P0469,Kulsum Begum,Bangladeshi,18-22,A_no_explanation,3,2.9,3.5,5,"Anika P., 29, Full-time",D,True,A,False,False,2,22733
P0469,Kulsum Begum,Bangladeshi,18-22,A_no_explanation,3,2.9,3.5,6,"David H., 47, Full-time",A,True,A,True,True,5,12353
P0469,Kulsum Begum,Bangladeshi,18-22,A_no_explanation,3,2.9,3.5,7,"Fatima A., 33, Contract",D,False,A,False,True,3,22791
P0469,Kulsum Begum,Bangladeshi,18-22,A_no_explanation,3,2.9,3.5,8,"Tom B., 22, Full-time",D,True,D,True,True,3,13438
P0469,Kulsum Begum,Bangladeshi,18-22,A_no_explanation,3,2.9,3.5,9,"Olga S., 38, Full-time",A,True,A,True,True,3,15190
P0469,Kulsum Begum,Bangladeshi,18-22,A_no_explanation,3,2.9,3.5,10,"Chen W., 45, Part-time",A,False,D,False,True,1,21658
P0470,Nabiha Islam,Bangladeshi,18-22,C_counterfactual,3,2.4,3.8,1,"Sarah M., 34, Part-time",D,True,A,False,False,3,23694
P0470,Nabiha Islam,Bangladeshi,18-22,C_counterfactual,3,2.4,3.8,2,"James K., 28, Full-time",A,True,D,False,False,2,22895
P0470,Nabiha Islam,Bangladeshi,18-22,C_counterfactual,3,2.4,3.8,3,"Priya R., 41, Self-employed",D,False,A,False,True,2,26457
P0470,Nabiha Islam,Bangladeshi,18-22,C_counterfactual,3,2.4,3.8,4,"Marcus T., 55, Part-time",D,True,A,False,False,4,23332
P0470,Nabiha Islam,Bangladeshi,18-22,C_counterfactual,3,2.4,3.8,5,"Anika P., 29, Full-time",D,True,A,False,False,1,21803
P0470,Nabiha Islam,Bangladeshi,18-22,C_counterfactual,3,2.4,3.8,6,"David H., 47, Full-time",A,True,D,False,False,3,17275
P0470,Nabiha Islam,Bangladeshi,18-22,C_counterfactual,3,2.4,3.8,7,"Fatima A., 33, Contract",D,False,D,True,False,4,14809
P0470,Nabiha Islam,Bangladeshi,18-22,C_counterfactual,3,2.4,3.8,8,"Tom B., 22, Full-time",D,True,D,True,True,4,9413
P0470,Nabiha Islam,Bangladeshi,18-22,C_counterfactual,3,2.4,3.8,9,"Olga S., 38, Full-time",A,True,A,True,True,4,12722
P0470,Nabiha Islam,Bangladeshi,18-22,C_counterfactual,3,2.4,3.8,10,"Chen W., 45, Part-time",A,False,D,False,True,3,21833
P0471,Rony Hossain,Bangladeshi,18-22,C_counterfactual,3,4.4,3.4,1,"Sarah M., 34, Part-time",D,True,D,True,True,4,23423
P0471,Rony Hossain,Bangladeshi,18-22,C_counterfactual,3,4.4,3.4,2,"James K., 28, Full-time",A,True,D,False,False,3,24636
P0471,Rony Hossain,Bangladeshi,18-22,C_counterfactual,3,4.4,3.4,3,"Priya R., 41, Self-employed",D,False,D,True,False,4,14227
P0471,Rony Hossain,Bangladeshi,18-22,C_counterfactual,3,4.4,3.4,4,"Marcus T., 55, Part-time",D,True,A,False,False,2,19492
P0471,Rony Hossain,Bangladeshi,18-22,C_counterfactual,3,4.4,3.4,5,"Anika P., 29, Full-time",D,True,A,False,False,1,24876
P0471,Rony Hossain,Bangladeshi,18-22,C_counterfactual,3,4.4,3.4,6,"David H., 47, Full-time",A,True,D,False,False,3,18803
P0471,Rony Hossain,Bangladeshi,18-22,C_counterfactual,3,4.4,3.4,7,"Fatima A., 33, Contract",D,False,A,False,True,4,19424
P0471,Rony Hossain,Bangladeshi,18-22,C_counterfactual,3,4.4,3.4,8,"Tom B., 22, Full-time",D,True,A,False,False,2,29125
P0471,Rony Hossain,Bangladeshi,18-22,C_counterfactual,3,4.4,3.4,9,"Olga S., 38, Full-time",A,True,A,True,True,2,17635
P0471,Rony Hossain,Bangladeshi,18-22,C_counterfactual,3,4.4,3.4,10,"Chen W., 45, Part-time",A,False,A,True,False,4,11842
P0472,Ishrat Jahan,Bangladeshi,23-27,A_no_explanation,3,2.7,2.6,1,"Sarah M., 34, Part-time",D,True,A,False,False,3,24801
P0472,Ishrat Jahan,Bangladeshi,23-27,A_no_explanation,3,2.7,2.6,2,"James K., 28, Full-time",A,True,A,True,True,3,7493
P0472,Ishrat Jahan,Bangladeshi,23-27,A_no_explanation,3,2.7,2.6,3,"Priya R., 41, Self-employed",D,False,D,True,False,3,9931
P0472,Ishrat Jahan,Bangladeshi,23-27,A_no_explanation,3,2.7,2.6,4,"Marcus T., 55, Part-time",D,True,D,True,True,2,10931
P0472,Ishrat Jahan,Bangladeshi,23-27,A_no_explanation,3,2.7,2.6,5,"Anika P., 29, Full-time",D,True,D,True,True,2,11641
P0472,Ishrat Jahan,Bangladeshi,23-27,A_no_explanation,3,2.7,2.6,6,"David H., 47, Full-time",A,True,D,False,False,3,18828
P0472,Ishrat Jahan,Bangladeshi,23-27,A_no_explanation,3,2.7,2.6,7,"Fatima A., 33, Contract",D,False,D,True,False,3,12069
P0472,Ishrat Jahan,Bangladeshi,23-27,A_no_explanation,3,2.7,2.6,8,"Tom B., 22, Full-time",D,True,A,False,False,2,19517
P0472,Ishrat Jahan,Bangladeshi,23-27,A_no_explanation,3,2.7,2.6,9,"Olga S., 38, Full-time",A,True,A,True,True,3,15567
P0472,Ishrat Jahan,Bangladeshi,23-27,A_no_explanation,3,2.7,2.6,10,"Chen W., 45, Part-time",A,False,D,False,True,4,17498
P0473,Zara A. Qureshi,Pakistani,41-50,C_counterfactual,0,3.5,3.4,1,"Sarah M., 34, Part-time",D,True,D,True,True,4,21828
P0473,Zara A. Qureshi,Pakistani,41-50,C_counterfactual,0,3.5,3.4,2,"James K., 28, Full-time",A,True,A,True,True,3,17620
P0473,Zara A. Qureshi,Pakistani,41-50,C_counterfactual,0,3.5,3.4,3,"Priya R., 41, Self-employed",D,False,A,False,True,3,22452
P0473,Zara A. Qureshi,Pakistani,41-50,C_counterfactual,0,3.5,3.4,4,"Marcus T., 55, Part-time",D,True,D,True,True,4,17265
P0473,Zara A. Qureshi,Pakistani,41-50,C_counterfactual,0,3.5,3.4,5,"Anika P., 29, Full-time",D,True,D,True,True,3,14413
P0473,Zara A. Qureshi,Pakistani,41-50,C_counterfactual,0,3.5,3.4,6,"David H., 47, Full-time",A,True,A,True,True,4,11679
P0473,Zara A. Qureshi,Pakistani,41-50,C_counterfactual,0,3.5,3.4,7,"Fatima A., 33, Contract",D,False,A,False,True,2,19767
P0473,Zara A. Qureshi,Pakistani,41-50,C_counterfactual,0,3.5,3.4,8,"Tom B., 22, Full-time",D,True,D,True,True,4,11185
P0473,Zara A. Qureshi,Pakistani,41-50,C_counterfactual,0,3.5,3.4,9,"Olga S., 38, Full-time",A,True,D,False,False,2,24121
P0473,Zara A. Qureshi,Pakistani,41-50,C_counterfactual,0,3.5,3.4,10,"Chen W., 45, Part-time",A,False,D,False,True,3,28322
P0474,Biplab Das,Bangladeshi,18-22,C_counterfactual,2,2.0,3.9,1,"Sarah M., 34, Part-time",D,True,D,True,True,2,25482
P0474,Biplab Das,Bangladeshi,18-22,C_counterfactual,2,2.0,3.9,2,"James K., 28, Full-time",A,True,A,True,True,3,9802
P0474,Biplab Das,Bangladeshi,18-22,C_counterfactual,2,2.0,3.9,3,"Priya R., 41, Self-employed",D,False,D,True,False,3,16676
P0474,Biplab Das,Bangladeshi,18-22,C_counterfactual,2,2.0,3.9,4,"Marcus T., 55, Part-time",D,True,A,False,False,2,21745
P0474,Biplab Das,Bangladeshi,18-22,C_counterfactual,2,2.0,3.9,5,"Anika P., 29, Full-time",D,True,D,True,True,4,17383
P0474,Biplab Das,Bangladeshi,18-22,C_counterfactual,2,2.0,3.9,6,"David H., 47, Full-time",A,True,A,True,True,4,14937
P0474,Biplab Das,Bangladeshi,18-22,C_counterfactual,2,2.0,3.9,7,"Fatima A., 33, Contract",D,False,A,False,True,3,20658
P0474,Biplab Das,Bangladeshi,18-22,C_counterfactual,2,2.0,3.9,8,"Tom B., 22, Full-time",D,True,D,True,True,3,15735
P0474,Biplab Das,Bangladeshi,18-22,C_counterfactual,2,2.0,3.9,9,"Olga S., 38, Full-time",A,True,A,True,True,3,14065
P0474,Biplab Das,Bangladeshi,18-22,C_counterfactual,2,2.0,3.9,10,"Chen W., 45, Part-time",A,False,A,True,False,3,15638
P0475,Charlotte A. Carter,British,23-27,C_counterfactual,3,4.3,3.5,1,"Sarah M., 34, Part-time",D,True,A,False,False,3,28437
P0475,Charlotte A. Carter,British,23-27,C_counterfactual,3,4.3,3.5,2,"James K., 28, Full-time",A,True,D,False,False,3,22808
P0475,Charlotte A. Carter,British,23-27,C_counterfactual,3,4.3,3.5,3,"Priya R., 41, Self-employed",D,False,A,False,True,4,21025
P0475,Charlotte A. Carter,British,23-27,C_counterfactual,3,4.3,3.5,4,"Marcus T., 55, Part-time",D,True,D,True,True,3,11820
P0475,Charlotte A. Carter,British,23-27,C_counterfactual,3,4.3,3.5,5,"Anika P., 29, Full-time",D,True,D,True,True,4,14885
P0475,Charlotte A. Carter,British,23-27,C_counterfactual,3,4.3,3.5,6,"David H., 47, Full-time",A,True,D,False,False,2,26978
P0475,Charlotte A. Carter,British,23-27,C_counterfactual,3,4.3,3.5,7,"Fatima A., 33, Contract",D,False,D,True,False,4,17104
P0475,Charlotte A. Carter,British,23-27,C_counterfactual,3,4.3,3.5,8,"Tom B., 22, Full-time",D,True,A,False,False,2,18203
P0475,Charlotte A. Carter,British,23-27,C_counterfactual,3,4.3,3.5,9,"Olga S., 38, Full-time",A,True,D,False,False,3,25713
P0475,Charlotte A. Carter,British,23-27,C_counterfactual,3,4.3,3.5,10,"Chen W., 45, Part-time",A,False,A,True,False,3,5425
P0476,Nurul Ain,Malaysian,18-22,A_no_explanation,1,4.5,4.3,1,"Sarah M., 34, Part-time",D,True,D,True,True,3,10040
P0476,Nurul Ain,Malaysian,18-22,A_no_explanation,1,4.5,4.3,2,"James K., 28, Full-time",A,True,D,False,False,3,14630
P0476,Nurul Ain,Malaysian,18-22,A_no_explanation,1,4.5,4.3,3,"Priya R., 41, Self-employed",D,False,A,False,True,3,20239
P0476,Nurul Ain,Malaysian,18-22,A_no_explanation,1,4.5,4.3,4,"Marcus T., 55, Part-time",D,True,D,True,True,3,9756
P0476,Nurul Ain,Malaysian,18-22,A_no_explanation,1,4.5,4.3,5,"Anika P., 29, Full-time",D,True,D,True,True,5,17243
P0476,Nurul Ain,Malaysian,18-22,A_no_explanation,1,4.5,4.3,6,"David H., 47, Full-time",A,True,A,True,True,3,9932
P0476,Nurul Ain,Malaysian,18-22,A_no_explanation,1,4.5,4.3,7,"Fatima A., 33, Contract",D,False,D,True,False,4,8725
P0476,Nurul Ain,Malaysian,18-22,A_no_explanation,1,4.5,4.3,8,"Tom B., 22, Full-time",D,True,A,False,False,1,18339
P0476,Nurul Ain,Malaysian,18-22,A_no_explanation,1,4.5,4.3,9,"Olga S., 38, Full-time",A,True,A,True,True,3,9482
P0476,Nurul Ain,Malaysian,18-22,A_no_explanation,1,4.5,4.3,10,"Chen W., 45, Part-time",A,False,A,True,False,4,13031
P0477,Rayhan Ahmed,Bangladeshi,33-40,B_surface,3,3.6,3.0,1,"Sarah M., 34, Part-time",D,True,A,False,False,4,24256
P0477,Rayhan Ahmed,Bangladeshi,33-40,B_surface,3,3.6,3.0,2,"James K., 28, Full-time",A,True,A,True,True,3,9219
P0477,Rayhan Ahmed,Bangladeshi,33-40,B_surface,3,3.6,3.0,3,"Priya R., 41, Self-employed",D,False,A,False,True,2,18208
P0477,Rayhan Ahmed,Bangladeshi,33-40,B_surface,3,3.6,3.0,4,"Marcus T., 55, Part-time",D,True,D,True,True,3,9973
P0477,Rayhan Ahmed,Bangladeshi,33-40,B_surface,3,3.6,3.0,5,"Anika P., 29, Full-time",D,True,D,True,True,4,7679
P0477,Rayhan Ahmed,Bangladeshi,33-40,B_surface,3,3.6,3.0,6,"David H., 47, Full-time",A,True,D,False,False,3,21106
P0477,Rayhan Ahmed,Bangladeshi,33-40,B_surface,3,3.6,3.0,7,"Fatima A., 33, Contract",D,False,D,True,False,4,6781
P0477,Rayhan Ahmed,Bangladeshi,33-40,B_surface,3,3.6,3.0,8,"Tom B., 22, Full-time",D,True,D,True,True,3,8399
P0477,Rayhan Ahmed,Bangladeshi,33-40,B_surface,3,3.6,3.0,9,"Olga S., 38, Full-time",A,True,D,False,False,3,16002
P0477,Rayhan Ahmed,Bangladeshi,33-40,B_surface,3,3.6,3.0,10,"Chen W., 45, Part-time",A,False,D,False,True,2,26029
P0478,Tao Zhou,Chinese,18-22,C_counterfactual,2,2.6,3.7,1,"Sarah M., 34, Part-time",D,True,D,True,True,3,21360
P0478,Tao Zhou,Chinese,18-22,C_counterfactual,2,2.6,3.7,2,"James K., 28, Full-time",A,True,D,False,False,4,17924
P0478,Tao Zhou,Chinese,18-22,C_counterfactual,2,2.6,3.7,3,"Priya R., 41, Self-employed",D,False,A,False,True,3,24309
P0478,Tao Zhou,Chinese,18-22,C_counterfactual,2,2.6,3.7,4,"Marcus T., 55, Part-time",D,True,A,False,False,3,23383
P0478,Tao Zhou,Chinese,18-22,C_counterfactual,2,2.6,3.7,5,"Anika P., 29, Full-time",D,True,A,False,False,2,13720
P0478,Tao Zhou,Chinese,18-22,C_counterfactual,2,2.6,3.7,6,"David H., 47, Full-time",A,True,D,False,False,2,23482
P0478,Tao Zhou,Chinese,18-22,C_counterfactual,2,2.6,3.7,7,"Fatima A., 33, Contract",D,False,A,False,True,3,19629
P0478,Tao Zhou,Chinese,18-22,C_counterfactual,2,2.6,3.7,8,"Tom B., 22, Full-time",D,True,A,False,False,3,22644
P0478,Tao Zhou,Chinese,18-22,C_counterfactual,2,2.6,3.7,9,"Olga S., 38, Full-time",A,True,A,True,True,4,17780
P0478,Tao Zhou,Chinese,18-22,C_counterfactual,2,2.6,3.7,10,"Chen W., 45, Part-time",A,False,D,False,True,2,24582
P0479,Funke Ogunyemi,Nigerian,33-40,C_counterfactual,2,3.5,1.8,1,"Sarah M., 34, Part-time",D,True,D,True,True,3,15122
P0479,Funke Ogunyemi,Nigerian,33-40,C_counterfactual,2,3.5,1.8,2,"James K., 28, Full-time",A,True,A,True,True,3,12368
P0479,Funke Ogunyemi,Nigerian,33-40,C_counterfactual,2,3.5,1.8,3,"Priya R., 41, Self-employed",D,False,A,False,True,4,24415
P0479,Funke Ogunyemi,Nigerian,33-40,C_counterfactual,2,3.5,1.8,4,"Marcus T., 55, Part-time",D,True,A,False,False,3,24853
P0479,Funke Ogunyemi,Nigerian,33-40,C_counterfactual,2,3.5,1.8,5,"Anika P., 29, Full-time",D,True,A,False,False,3,20998
P0479,Funke Ogunyemi,Nigerian,33-40,C_counterfactual,2,3.5,1.8,6,"David H., 47, Full-time",A,True,A,True,True,3,15167
P0479,Funke Ogunyemi,Nigerian,33-40,C_counterfactual,2,3.5,1.8,7,"Fatima A., 33, Contract",D,False,A,False,True,4,20551
P0479,Funke Ogunyemi,Nigerian,33-40,C_counterfactual,2,3.5,1.8,8,"Tom B., 22, Full-time",D,True,A,False,False,2,24273
P0479,Funke Ogunyemi,Nigerian,33-40,C_counterfactual,2,3.5,1.8,9,"Olga S., 38, Full-time",A,True,D,False,False,2,23465
P0479,Funke Ogunyemi,Nigerian,33-40,C_counterfactual,2,3.5,1.8,10,"Chen W., 45, Part-time",A,False,A,True,False,3,9689
P0480,Ramisa Rahman,Bangladeshi,33-40,A_no_explanation,0,1.9,3.5,1,"Sarah M., 34, Part-time",D,True,D,True,True,4,20474
P0480,Ramisa Rahman,Bangladeshi,33-40,A_no_explanation,0,1.9,3.5,2,"James K., 28, Full-time",A,True,A,True,True,4,12378
P0480,Ramisa Rahman,Bangladeshi,33-40,A_no_explanation,0,1.9,3.5,3,"Priya R., 41, Self-employed",D,False,D,True,False,5,11146
P0480,Ramisa Rahman,Bangladeshi,33-40,A_no_explanation,0,1.9,3.5,4,"Marcus T., 55, Part-time",D,True,D,True,True,3,12222
P0480,Ramisa Rahman,Bangladeshi,33-40,A_no_explanation,0,1.9,3.5,5,"Anika P., 29, Full-time",D,True,A,False,False,2,20987
P0480,Ramisa Rahman,Bangladeshi,33-40,A_no_explanation,0,1.9,3.5,6,"David H., 47, Full-time",A,True,A,True,True,3,17619
P0480,Ramisa Rahman,Bangladeshi,33-40,A_no_explanation,0,1.9,3.5,7,"Fatima A., 33, Contract",D,False,A,False,True,2,14186
P0480,Ramisa Rahman,Bangladeshi,33-40,A_no_explanation,0,1.9,3.5,8,"Tom B., 22, Full-time",D,True,D,True,True,3,11146
P0480,Ramisa Rahman,Bangladeshi,33-40,A_no_explanation,0,1.9,3.5,9,"Olga S., 38, Full-time",A,True,D,False,False,3,20800
P0480,Ramisa Rahman,Bangladeshi,33-40,A_no_explanation,0,1.9,3.5,10,"Chen W., 45, Part-time",A,False,A,True,False,3,13090
P0481,Rakibul Islam,Bangladeshi,23-27,C_counterfactual,1,1.5,2.4,1,"Sarah M., 34, Part-time",D,True,D,True,True,2,19679
P0481,Rakibul Islam,Bangladeshi,23-27,C_counterfactual,1,1.5,2.4,2,"James K., 28, Full-time",A,True,A,True,True,2,14593
P0481,Rakibul Islam,Bangladeshi,23-27,C_counterfactual,1,1.5,2.4,3,"Priya R., 41, Self-employed",D,False,D,True,False,4,17622
P0481,Rakibul Islam,Bangladeshi,23-27,C_counterfactual,1,1.5,2.4,4,"Marcus T., 55, Part-time",D,True,A,False,False,3,29102
P0481,Rakibul Islam,Bangladeshi,23-27,C_counterfactual,1,1.5,2.4,5,"Anika P., 29, Full-time",D,True,D,True,True,4,10351
P0481,Rakibul Islam,Bangladeshi,23-27,C_counterfactual,1,1.5,2.4,6,"David H., 47, Full-time",A,True,A,True,True,3,15462
P0481,Rakibul Islam,Bangladeshi,23-27,C_counterfactual,1,1.5,2.4,7,"Fatima A., 33, Contract",D,False,D,True,False,3,19220
P0481,Rakibul Islam,Bangladeshi,23-27,C_counterfactual,1,1.5,2.4,8,"Tom B., 22, Full-time",D,True,A,False,False,3,29166
P0481,Rakibul Islam,Bangladeshi,23-27,C_counterfactual,1,1.5,2.4,9,"Olga S., 38, Full-time",A,True,A,True,True,2,7244
P0481,Rakibul Islam,Bangladeshi,23-27,C_counterfactual,1,1.5,2.4,10,"Chen W., 45, Part-time",A,False,D,False,True,4,24908
P0482,Alexander Lee,British,18-22,C_counterfactual,2,3.7,4.3,1,"Sarah M., 34, Part-time",D,True,D,True,True,3,17282
P0482,Alexander Lee,British,18-22,C_counterfactual,2,3.7,4.3,2,"James K., 28, Full-time",A,True,A,True,True,3,15903
P0482,Alexander Lee,British,18-22,C_counterfactual,2,3.7,4.3,3,"Priya R., 41, Self-employed",D,False,A,False,True,2,18675
P0482,Alexander Lee,British,18-22,C_counterfactual,2,3.7,4.3,4,"Marcus T., 55, Part-time",D,True,A,False,False,3,22728
P0482,Alexander Lee,British,18-22,C_counterfactual,2,3.7,4.3,5,"Anika P., 29, Full-time",D,True,A,False,False,3,22668
P0482,Alexander Lee,British,18-22,C_counterfactual,2,3.7,4.3,6,"David H., 47, Full-time",A,True,A,True,True,4,16946
P0482,Alexander Lee,British,18-22,C_counterfactual,2,3.7,4.3,7,"Fatima A., 33, Contract",D,False,D,True,False,4,10710
P0482,Alexander Lee,British,18-22,C_counterfactual,2,3.7,4.3,8,"Tom B., 22, Full-time",D,True,D,True,True,3,17500
P0482,Alexander Lee,British,18-22,C_counterfactual,2,3.7,4.3,9,"Olga S., 38, Full-time",A,True,D,False,False,3,24672
P0482,Alexander Lee,British,18-22,C_counterfactual,2,3.7,4.3,10,"Chen W., 45, Part-time",A,False,D,False,True,3,30762
P0483,Shahidul Alam,Bangladeshi,33-40,A_no_explanation,1,4.1,3.5,1,"Sarah M., 34, Part-time",D,True,A,False,False,3,20011
P0483,Shahidul Alam,Bangladeshi,33-40,A_no_explanation,1,4.1,3.5,2,"James K., 28, Full-time",A,True,A,True,True,3,9329
P0483,Shahidul Alam,Bangladeshi,33-40,A_no_explanation,1,4.1,3.5,3,"Priya R., 41, Self-employed",D,False,A,False,True,3,23628
P0483,Shahidul Alam,Bangladeshi,33-40,A_no_explanation,1,4.1,3.5,4,"Marcus T., 55, Part-time",D,True,D,True,True,4,15482
P0483,Shahidul Alam,Bangladeshi,33-40,A_no_explanation,1,4.1,3.5,5,"Anika P., 29, Full-time",D,True,D,True,True,3,14274
P0483,Shahidul Alam,Bangladeshi,33-40,A_no_explanation,1,4.1,3.5,6,"David H., 47, Full-time",A,True,A,True,True,3,7829
P0483,Shahidul Alam,Bangladeshi,33-40,A_no_explanation,1,4.1,3.5,7,"Fatima A., 33, Contract",D,False,D,True,False,4,8197
P0483,Shahidul Alam,Bangladeshi,33-40,A_no_explanation,1,4.1,3.5,8,"Tom B., 22, Full-time",D,True,D,True,True,4,18481
P0483,Shahidul Alam,Bangladeshi,33-40,A_no_explanation,1,4.1,3.5,9,"Olga S., 38, Full-time",A,True,A,True,True,3,14924
P0483,Shahidul Alam,Bangladeshi,33-40,A_no_explanation,1,4.1,3.5,10,"Chen W., 45, Part-time",A,False,A,True,False,4,9290
P0484,Delwar Hossain,Bangladeshi,28-32,A_no_explanation,2,3.0,1.9,1,"Sarah M., 34, Part-time",D,True,D,True,True,4,13285
P0484,Delwar Hossain,Bangladeshi,28-32,A_no_explanation,2,3.0,1.9,2,"James K., 28, Full-time",A,True,D,False,False,3,21331
P0484,Delwar Hossain,Bangladeshi,28-32,A_no_explanation,2,3.0,1.9,3,"Priya R., 41, Self-employed",D,False,D,True,False,2,11202
P0484,Delwar Hossain,Bangladeshi,28-32,A_no_explanation,2,3.0,1.9,4,"Marcus T., 55, Part-time",D,True,D,True,True,2,17819
P0484,Delwar Hossain,Bangladeshi,28-32,A_no_explanation,2,3.0,1.9,5,"Anika P., 29, Full-time",D,True,D,True,True,3,13001
P0484,Delwar Hossain,Bangladeshi,28-32,A_no_explanation,2,3.0,1.9,6,"David H., 47, Full-time",A,True,A,True,True,3,8724
P0484,Delwar Hossain,Bangladeshi,28-32,A_no_explanation,2,3.0,1.9,7,"Fatima A., 33, Contract",D,False,D,True,False,3,12511
P0484,Delwar Hossain,Bangladeshi,28-32,A_no_explanation,2,3.0,1.9,8,"Tom B., 22, Full-time",D,True,A,False,False,1,20568
P0484,Delwar Hossain,Bangladeshi,28-32,A_no_explanation,2,3.0,1.9,9,"Olga S., 38, Full-time",A,True,A,True,True,4,12322
P0484,Delwar Hossain,Bangladeshi,28-32,A_no_explanation,2,3.0,1.9,10,"Chen W., 45, Part-time",A,False,A,True,False,2,11617
P0485,Hasan Mahmud,Bangladeshi,28-32,C_counterfactual,1,2.0,2.7,1,"Sarah M., 34, Part-time",D,True,A,False,False,3,31097
P0485,Hasan Mahmud,Bangladeshi,28-32,C_counterfactual,1,2.0,2.7,2,"James K., 28, Full-time",A,True,D,False,False,4,23600
P0485,Hasan Mahmud,Bangladeshi,28-32,C_counterfactual,1,2.0,2.7,3,"Priya R., 41, Self-employed",D,False,A,False,True,3,21374
P0485,Hasan Mahmud,Bangladeshi,28-32,C_counterfactual,1,2.0,2.7,4,"Marcus T., 55, Part-time",D,True,D,True,True,3,13232
P0485,Hasan Mahmud,Bangladeshi,28-32,C_counterfactual,1,2.0,2.7,5,"Anika P., 29, Full-time",D,True,D,True,True,5,17218
P0485,Hasan Mahmud,Bangladeshi,28-32,C_counterfactual,1,2.0,2.7,6,"David H., 47, Full-time",A,True,D,False,False,4,15902
P0485,Hasan Mahmud,Bangladeshi,28-32,C_counterfactual,1,2.0,2.7,7,"Fatima A., 33, Contract",D,False,A,False,True,4,20112
P0485,Hasan Mahmud,Bangladeshi,28-32,C_counterfactual,1,2.0,2.7,8,"Tom B., 22, Full-time",D,True,A,False,False,4,20019
P0485,Hasan Mahmud,Bangladeshi,28-32,C_counterfactual,1,2.0,2.7,9,"Olga S., 38, Full-time",A,True,A,True,True,3,18003
P0485,Hasan Mahmud,Bangladeshi,28-32,C_counterfactual,1,2.0,2.7,10,"Chen W., 45, Part-time",A,False,A,True,False,5,11584
P0486,Kawsar Ahmed,Bangladeshi,33-40,A_no_explanation,2,3.1,3.4,1,"Sarah M., 34, Part-time",D,True,A,False,False,2,23815
P0486,Kawsar Ahmed,Bangladeshi,33-40,A_no_explanation,2,3.1,3.4,2,"James K., 28, Full-time",A,True,A,True,True,3,5336
P0486,Kawsar Ahmed,Bangladeshi,33-40,A_no_explanation,2,3.1,3.4,3,"Priya R., 41, Self-employed",D,False,A,False,True,2,22191
P0486,Kawsar Ahmed,Bangladeshi,33-40,A_no_explanation,2,3.1,3.4,4,"Marcus T., 55, Part-time",D,True,A,False,False,3,15457
P0486,Kawsar Ahmed,Bangladeshi,33-40,A_no_explanation,2,3.1,3.4,5,"Anika P., 29, Full-time",D,True,A,False,False,4,13820
P0486,Kawsar Ahmed,Bangladeshi,33-40,A_no_explanation,2,3.1,3.4,6,"David H., 47, Full-time",A,True,A,True,True,3,11078
P0486,Kawsar Ahmed,Bangladeshi,33-40,A_no_explanation,2,3.1,3.4,7,"Fatima A., 33, Contract",D,False,D,True,False,3,13279
P0486,Kawsar Ahmed,Bangladeshi,33-40,A_no_explanation,2,3.1,3.4,8,"Tom B., 22, Full-time",D,True,A,False,False,3,24462
P0486,Kawsar Ahmed,Bangladeshi,33-40,A_no_explanation,2,3.1,3.4,9,"Olga S., 38, Full-time",A,True,A,True,True,3,14004
P0486,Kawsar Ahmed,Bangladeshi,33-40,A_no_explanation,2,3.1,3.4,10,"Chen W., 45, Part-time",A,False,A,True,False,3,9955
P0487,Priya A. Sharma,Indian,28-32,C_counterfactual,2,2.8,2.6,1,"Sarah M., 34, Part-time",D,True,A,False,False,3,27810
P0487,Priya A. Sharma,Indian,28-32,C_counterfactual,2,2.8,2.6,2,"James K., 28, Full-time",A,True,D,False,False,2,24919
P0487,Priya A. Sharma,Indian,28-32,C_counterfactual,2,2.8,2.6,3,"Priya R., 41, Self-employed",D,False,A,False,True,3,21334
P0487,Priya A. Sharma,Indian,28-32,C_counterfactual,2,2.8,2.6,4,"Marcus T., 55, Part-time",D,True,D,True,True,4,14222
P0487,Priya A. Sharma,Indian,28-32,C_counterfactual,2,2.8,2.6,5,"Anika P., 29, Full-time",D,True,A,False,False,4,22160
P0487,Priya A. Sharma,Indian,28-32,C_counterfactual,2,2.8,2.6,6,"David H., 47, Full-time",A,True,A,True,True,3,18035
P0487,Priya A. Sharma,Indian,28-32,C_counterfactual,2,2.8,2.6,7,"Fatima A., 33, Contract",D,False,A,False,True,3,20896
P0487,Priya A. Sharma,Indian,28-32,C_counterfactual,2,2.8,2.6,8,"Tom B., 22, Full-time",D,True,A,False,False,4,23624
P0487,Priya A. Sharma,Indian,28-32,C_counterfactual,2,2.8,2.6,9,"Olga S., 38, Full-time",A,True,D,False,False,1,20357
P0487,Priya A. Sharma,Indian,28-32,C_counterfactual,2,2.8,2.6,10,"Chen W., 45, Part-time",A,False,D,False,True,4,22316
P0488,Nazmul Huda,Bangladeshi,33-40,B_surface,1,4.8,3.5,1,"Sarah M., 34, Part-time",D,True,A,False,False,2,28909
P0488,Nazmul Huda,Bangladeshi,33-40,B_surface,1,4.8,3.5,2,"James K., 28, Full-time",A,True,D,False,False,4,21106
P0488,Nazmul Huda,Bangladeshi,33-40,B_surface,1,4.8,3.5,3,"Priya R., 41, Self-employed",D,False,A,False,True,3,18997
P0488,Nazmul Huda,Bangladeshi,33-40,B_surface,1,4.8,3.5,4,"Marcus T., 55, Part-time",D,True,D,True,True,4,11848
P0488,Nazmul Huda,Bangladeshi,33-40,B_surface,1,4.8,3.5,5,"Anika P., 29, Full-time",D,True,D,True,True,4,15644
P0488,Nazmul Huda,Bangladeshi,33-40,B_surface,1,4.8,3.5,6,"David H., 47, Full-time",A,True,D,False,False,2,19920
P0488,Nazmul Huda,Bangladeshi,33-40,B_surface,1,4.8,3.5,7,"Fatima A., 33, Contract",D,False,A,False,True,4,20012
P0488,Nazmul Huda,Bangladeshi,33-40,B_surface,1,4.8,3.5,8,"Tom B., 22, Full-time",D,True,D,True,True,3,14443
P0488,Nazmul Huda,Bangladeshi,33-40,B_surface,1,4.8,3.5,9,"Olga S., 38, Full-time",A,True,A,True,True,4,14328
P0488,Nazmul Huda,Bangladeshi,33-40,B_surface,1,4.8,3.5,10,"Chen W., 45, Part-time",A,False,D,False,True,4,25578
P0489,Tariq A. Mahmood,Pakistani,28-32,A_no_explanation,2,2.6,2.7,1,"Sarah M., 34, Part-time",D,True,A,False,False,1,29526
P0489,Tariq A. Mahmood,Pakistani,28-32,A_no_explanation,2,2.6,2.7,2,"James K., 28, Full-time",A,True,D,False,False,3,17442
P0489,Tariq A. Mahmood,Pakistani,28-32,A_no_explanation,2,2.6,2.7,3,"Priya R., 41, Self-employed",D,False,A,False,True,2,13366
P0489,Tariq A. Mahmood,Pakistani,28-32,A_no_explanation,2,2.6,2.7,4,"Marcus T., 55, Part-time",D,True,A,False,False,3,17231
P0489,Tariq A. Mahmood,Pakistani,28-32,A_no_explanation,2,2.6,2.7,5,"Anika P., 29, Full-time",D,True,D,True,True,3,7639
P0489,Tariq A. Mahmood,Pakistani,28-32,A_no_explanation,2,2.6,2.7,6,"David H., 47, Full-time",A,True,A,True,True,4,11667
P0489,Tariq A. Mahmood,Pakistani,28-32,A_no_explanation,2,2.6,2.7,7,"Fatima A., 33, Contract",D,False,D,True,False,4,8450
P0489,Tariq A. Mahmood,Pakistani,28-32,A_no_explanation,2,2.6,2.7,8,"Tom B., 22, Full-time",D,True,D,True,True,2,11660
P0489,Tariq A. Mahmood,Pakistani,28-32,A_no_explanation,2,2.6,2.7,9,"Olga S., 38, Full-time",A,True,D,False,False,2,16026
P0489,Tariq A. Mahmood,Pakistani,28-32,A_no_explanation,2,2.6,2.7,10,"Chen W., 45, Part-time",A,False,A,True,False,2,11621
P0490,Seema A. Tiwari,Indian,18-22,B_surface,2,2.5,1.9,1,"Sarah M., 34, Part-time",D,True,A,False,False,3,27587
P0490,Seema A. Tiwari,Indian,18-22,B_surface,2,2.5,1.9,2,"James K., 28, Full-time",A,True,A,True,True,4,12735
P0490,Seema A. Tiwari,Indian,18-22,B_surface,2,2.5,1.9,3,"Priya R., 41, Self-employed",D,False,D,True,False,3,10062
P0490,Seema A. Tiwari,Indian,18-22,B_surface,2,2.5,1.9,4,"Marcus T., 55, Part-time",D,True,D,True,True,4,10669
P0490,Seema A. Tiwari,Indian,18-22,B_surface,2,2.5,1.9,5,"Anika P., 29, Full-time",D,True,D,True,True,3,8229
P0490,Seema A. Tiwari,Indian,18-22,B_surface,2,2.5,1.9,6,"David H., 47, Full-time",A,True,A,True,True,3,9049
P0490,Seema A. Tiwari,Indian,18-22,B_surface,2,2.5,1.9,7,"Fatima A., 33, Contract",D,False,D,True,False,3,12239
P0490,Seema A. Tiwari,Indian,18-22,B_surface,2,2.5,1.9,8,"Tom B., 22, Full-time",D,True,D,True,True,3,10786
P0490,Seema A. Tiwari,Indian,18-22,B_surface,2,2.5,1.9,9,"Olga S., 38, Full-time",A,True,A,True,True,3,12019
P0490,Seema A. Tiwari,Indian,18-22,B_surface,2,2.5,1.9,10,"Chen W., 45, Part-time",A,False,D,False,True,4,22730
P0491,Hafiz Jaafar,Malaysian,23-27,C_counterfactual,3,3.7,2.6,1,"Sarah M., 34, Part-time",D,True,D,True,True,4,18112
P0491,Hafiz Jaafar,Malaysian,23-27,C_counterfactual,3,3.7,2.6,2,"James K., 28, Full-time",A,True,A,True,True,3,17124
P0491,Hafiz Jaafar,Malaysian,23-27,C_counterfactual,3,3.7,2.6,3,"Priya R., 41, Self-employed",D,False,A,False,True,2,17687
P0491,Hafiz Jaafar,Malaysian,23-27,C_counterfactual,3,3.7,2.6,4,"Marcus T., 55, Part-time",D,True,A,False,False,4,20484
P0491,Hafiz Jaafar,Malaysian,23-27,C_counterfactual,3,3.7,2.6,5,"Anika P., 29, Full-time",D,True,D,True,True,3,18872
P0491,Hafiz Jaafar,Malaysian,23-27,C_counterfactual,3,3.7,2.6,6,"David H., 47, Full-time",A,True,A,True,True,3,16501
P0491,Hafiz Jaafar,Malaysian,23-27,C_counterfactual,3,3.7,2.6,7,"Fatima A., 33, Contract",D,False,A,False,True,4,22589
P0491,Hafiz Jaafar,Malaysian,23-27,C_counterfactual,3,3.7,2.6,8,"Tom B., 22, Full-time",D,True,A,False,False,3,24976
P0491,Hafiz Jaafar,Malaysian,23-27,C_counterfactual,3,3.7,2.6,9,"Olga S., 38, Full-time",A,True,A,True,True,3,13781
P0491,Hafiz Jaafar,Malaysian,23-27,C_counterfactual,3,3.7,2.6,10,"Chen W., 45, Part-time",A,False,D,False,True,3,18695
P0492,Afroza Begum,Bangladeshi,18-22,B_surface,2,2.9,3.6,1,"Sarah M., 34, Part-time",D,True,A,False,False,3,29942
P0492,Afroza Begum,Bangladeshi,18-22,B_surface,2,2.9,3.6,2,"James K., 28, Full-time",A,True,D,False,False,2,20896
P0492,Afroza Begum,Bangladeshi,18-22,B_surface,2,2.9,3.6,3,"Priya R., 41, Self-employed",D,False,A,False,True,2,22825
P0492,Afroza Begum,Bangladeshi,18-22,B_surface,2,2.9,3.6,4,"Marcus T., 55, Part-time",D,True,A,False,False,3,20012
P0492,Afroza Begum,Bangladeshi,18-22,B_surface,2,2.9,3.6,5,"Anika P., 29, Full-time",D,True,D,True,True,3,15710
P0492,Afroza Begum,Bangladeshi,18-22,B_surface,2,2.9,3.6,6,"David H., 47, Full-time",A,True,A,True,True,4,13868
P0492,Afroza Begum,Bangladeshi,18-22,B_surface,2,2.9,3.6,7,"Fatima A., 33, Contract",D,False,D,True,False,4,14641
P0492,Afroza Begum,Bangladeshi,18-22,B_surface,2,2.9,3.6,8,"Tom B., 22, Full-time",D,True,A,False,False,3,20302
P0492,Afroza Begum,Bangladeshi,18-22,B_surface,2,2.9,3.6,9,"Olga S., 38, Full-time",A,True,A,True,True,3,10701
P0492,Afroza Begum,Bangladeshi,18-22,B_surface,2,2.9,3.6,10,"Chen W., 45, Part-time",A,False,A,True,False,3,5611
P0493,Salma Begum,Bangladeshi,18-22,B_surface,1,2.2,3.9,1,"Sarah M., 34, Part-time",D,True,D,True,True,3,14161
P0493,Salma Begum,Bangladeshi,18-22,B_surface,1,2.2,3.9,2,"James K., 28, Full-time",A,True,A,True,True,5,16499
P0493,Salma Begum,Bangladeshi,18-22,B_surface,1,2.2,3.9,3,"Priya R., 41, Self-employed",D,False,D,True,False,3,10175
P0493,Salma Begum,Bangladeshi,18-22,B_surface,1,2.2,3.9,4,"Marcus T., 55, Part-time",D,True,D,True,True,3,14677
P0493,Salma Begum,Bangladeshi,18-22,B_surface,1,2.2,3.9,5,"Anika P., 29, Full-time",D,True,A,False,False,3,28836
P0493,Salma Begum,Bangladeshi,18-22,B_surface,1,2.2,3.9,6,"David H., 47, Full-time",A,True,A,True,True,5,9016
P0493,Salma Begum,Bangladeshi,18-22,B_surface,1,2.2,3.9,7,"Fatima A., 33, Contract",D,False,A,False,True,2,18904
P0493,Salma Begum,Bangladeshi,18-22,B_surface,1,2.2,3.9,8,"Tom B., 22, Full-time",D,True,A,False,False,3,15813
P0493,Salma Begum,Bangladeshi,18-22,B_surface,1,2.2,3.9,9,"Olga S., 38, Full-time",A,True,D,False,False,3,20138
P0493,Salma Begum,Bangladeshi,18-22,B_surface,1,2.2,3.9,10,"Chen W., 45, Part-time",A,False,A,True,False,3,14275
P0494,Nisha A. Iyer,Indian,41-50,B_surface,0,2.3,2.6,1,"Sarah M., 34, Part-time",D,True,A,False,False,3,25048
P0494,Nisha A. Iyer,Indian,41-50,B_surface,0,2.3,2.6,2,"James K., 28, Full-time",A,True,D,False,False,4,15479
P0494,Nisha A. Iyer,Indian,41-50,B_surface,0,2.3,2.6,3,"Priya R., 41, Self-employed",D,False,D,True,False,3,8356
P0494,Nisha A. Iyer,Indian,41-50,B_surface,0,2.3,2.6,4,"Marcus T., 55, Part-time",D,True,D,True,True,3,12461
P0494,Nisha A. Iyer,Indian,41-50,B_surface,0,2.3,2.6,5,"Anika P., 29, Full-time",D,True,A,False,False,4,15105
P0494,Nisha A. Iyer,Indian,41-50,B_surface,0,2.3,2.6,6,"David H., 47, Full-time",A,True,D,False,False,3,20958
P0494,Nisha A. Iyer,Indian,41-50,B_surface,0,2.3,2.6,7,"Fatima A., 33, Contract",D,False,A,False,True,2,17524
P0494,Nisha A. Iyer,Indian,41-50,B_surface,0,2.3,2.6,8,"Tom B., 22, Full-time",D,True,D,True,True,3,18909
P0494,Nisha A. Iyer,Indian,41-50,B_surface,0,2.3,2.6,9,"Olga S., 38, Full-time",A,True,A,True,True,3,14243
P0494,Nisha A. Iyer,Indian,41-50,B_surface,0,2.3,2.6,10,"Chen W., 45, Part-time",A,False,A,True,False,3,14987
P0495,Ashik Hossain,Bangladeshi,18-22,B_surface,0,3.5,3.7,1,"Sarah M., 34, Part-time",D,True,D,True,True,4,22410
P0495,Ashik Hossain,Bangladeshi,18-22,B_surface,0,3.5,3.7,2,"James K., 28, Full-time",A,True,A,True,True,3,9019
P0495,Ashik Hossain,Bangladeshi,18-22,B_surface,0,3.5,3.7,3,"Priya R., 41, Self-employed",D,False,A,False,True,3,14082
P0495,Ashik Hossain,Bangladeshi,18-22,B_surface,0,3.5,3.7,4,"Marcus T., 55, Part-time",D,True,D,True,True,4,10537
P0495,Ashik Hossain,Bangladeshi,18-22,B_surface,0,3.5,3.7,5,"Anika P., 29, Full-time",D,True,D,True,True,4,19640
P0495,Ashik Hossain,Bangladeshi,18-22,B_surface,0,3.5,3.7,6,"David H., 47, Full-time",A,True,D,False,False,3,17231
P0495,Ashik Hossain,Bangladeshi,18-22,B_surface,0,3.5,3.7,7,"Fatima A., 33, Contract",D,False,D,True,False,4,13214
P0495,Ashik Hossain,Bangladeshi,18-22,B_surface,0,3.5,3.7,8,"Tom B., 22, Full-time",D,True,D,True,True,2,15320
P0495,Ashik Hossain,Bangladeshi,18-22,B_surface,0,3.5,3.7,9,"Olga S., 38, Full-time",A,True,A,True,True,4,18655
P0495,Ashik Hossain,Bangladeshi,18-22,B_surface,0,3.5,3.7,10,"Chen W., 45, Part-time",A,False,A,True,False,3,12719
P0496,Jonathan Scott,British,28-32,B_surface,3,3.9,2.5,1,"Sarah M., 34, Part-time",D,True,D,True,True,3,14949
P0496,Jonathan Scott,British,28-32,B_surface,3,3.9,2.5,2,"James K., 28, Full-time",A,True,A,True,True,3,11987
P0496,Jonathan Scott,British,28-32,B_surface,3,3.9,2.5,3,"Priya R., 41, Self-employed",D,False,D,True,False,4,20420
P0496,Jonathan Scott,British,28-32,B_surface,3,3.9,2.5,4,"Marcus T., 55, Part-time",D,True,A,False,False,3,16325
P0496,Jonathan Scott,British,28-32,B_surface,3,3.9,2.5,5,"Anika P., 29, Full-time",D,True,A,False,False,3,24662
P0496,Jonathan Scott,British,28-32,B_surface,3,3.9,2.5,6,"David H., 47, Full-time",A,True,D,False,False,2,17583
P0496,Jonathan Scott,British,28-32,B_surface,3,3.9,2.5,7,"Fatima A., 33, Contract",D,False,A,False,True,3,23579
P0496,Jonathan Scott,British,28-32,B_surface,3,3.9,2.5,8,"Tom B., 22, Full-time",D,True,A,False,False,3,23319
P0496,Jonathan Scott,British,28-32,B_surface,3,3.9,2.5,9,"Olga S., 38, Full-time",A,True,A,True,True,4,7290
P0496,Jonathan Scott,British,28-32,B_surface,3,3.9,2.5,10,"Chen W., 45, Part-time",A,False,A,True,False,2,19297
P0497,Haziq Azmi,Malaysian,23-27,C_counterfactual,2,3.8,3.2,1,"Sarah M., 34, Part-time",D,True,A,False,False,3,24291
P0497,Haziq Azmi,Malaysian,23-27,C_counterfactual,2,3.8,3.2,2,"James K., 28, Full-time",A,True,D,False,False,2,26239
P0497,Haziq Azmi,Malaysian,23-27,C_counterfactual,2,3.8,3.2,3,"Priya R., 41, Self-employed",D,False,A,False,True,3,23897
P0497,Haziq Azmi,Malaysian,23-27,C_counterfactual,2,3.8,3.2,4,"Marcus T., 55, Part-time",D,True,A,False,False,5,19718
P0497,Haziq Azmi,Malaysian,23-27,C_counterfactual,2,3.8,3.2,5,"Anika P., 29, Full-time",D,True,D,True,True,4,14068
P0497,Haziq Azmi,Malaysian,23-27,C_counterfactual,2,3.8,3.2,6,"David H., 47, Full-time",A,True,A,True,True,4,14630
P0497,Haziq Azmi,Malaysian,23-27,C_counterfactual,2,3.8,3.2,7,"Fatima A., 33, Contract",D,False,A,False,True,3,23049
P0497,Haziq Azmi,Malaysian,23-27,C_counterfactual,2,3.8,3.2,8,"Tom B., 22, Full-time",D,True,D,True,True,3,16701
P0497,Haziq Azmi,Malaysian,23-27,C_counterfactual,2,3.8,3.2,9,"Olga S., 38, Full-time",A,True,A,True,True,4,15874
P0497,Haziq Azmi,Malaysian,23-27,C_counterfactual,2,3.8,3.2,10,"Chen W., 45, Part-time",A,False,A,True,False,2,13047
P0498,Md. Abdulla Al Noman,Bangladeshi,23-27,A_no_explanation,3,3.3,2.8,1,"Sarah M., 34, Part-time",D,True,A,False,False,4,30992
P0498,Md. Abdulla Al Noman,Bangladeshi,23-27,A_no_explanation,3,3.3,2.8,2,"James K., 28, Full-time",A,True,A,True,True,4,8871
P0498,Md. Abdulla Al Noman,Bangladeshi,23-27,A_no_explanation,3,3.3,2.8,3,"Priya R., 41, Self-employed",D,False,A,False,True,3,14341
P0498,Md. Abdulla Al Noman,Bangladeshi,23-27,A_no_explanation,3,3.3,2.8,4,"Marcus T., 55, Part-time",D,True,D,True,True,3,12281
P0498,Md. Abdulla Al Noman,Bangladeshi,23-27,A_no_explanation,3,3.3,2.8,5,"Anika P., 29, Full-time",D,True,D,True,True,4,11036
P0498,Md. Abdulla Al Noman,Bangladeshi,23-27,A_no_explanation,3,3.3,2.8,6,"David H., 47, Full-time",A,True,D,False,False,3,16770
P0498,Md. Abdulla Al Noman,Bangladeshi,23-27,A_no_explanation,3,3.3,2.8,7,"Fatima A., 33, Contract",D,False,D,True,False,2,10532
P0498,Md. Abdulla Al Noman,Bangladeshi,23-27,A_no_explanation,3,3.3,2.8,8,"Tom B., 22, Full-time",D,True,D,True,True,3,12513
P0498,Md. Abdulla Al Noman,Bangladeshi,23-27,A_no_explanation,3,3.3,2.8,9,"Olga S., 38, Full-time",A,True,D,False,False,4,23840
P0498,Md. Abdulla Al Noman,Bangladeshi,23-27,A_no_explanation,3,3.3,2.8,10,"Chen W., 45, Part-time",A,False,A,True,False,3,8052
P0499,Riyadh Hossain,Bangladeshi,23-27,B_surface,2,3.4,4.5,1,"Sarah M., 34, Part-time",D,True,D,True,True,3,13783
P0499,Riyadh Hossain,Bangladeshi,23-27,B_surface,2,3.4,4.5,2,"James K., 28, Full-time",A,True,A,True,True,4,11558
P0499,Riyadh Hossain,Bangladeshi,23-27,B_surface,2,3.4,4.5,3,"Priya R., 41, Self-employed",D,False,D,True,False,3,8846
P0499,Riyadh Hossain,Bangladeshi,23-27,B_surface,2,3.4,4.5,4,"Marcus T., 55, Part-time",D,True,D,True,True,4,6717
P0499,Riyadh Hossain,Bangladeshi,23-27,B_surface,2,3.4,4.5,5,"Anika P., 29, Full-time",D,True,A,False,False,3,22684
P0499,Riyadh Hossain,Bangladeshi,23-27,B_surface,2,3.4,4.5,6,"David H., 47, Full-time",A,True,A,True,True,3,15958
P0499,Riyadh Hossain,Bangladeshi,23-27,B_surface,2,3.4,4.5,7,"Fatima A., 33, Contract",D,False,D,True,False,3,11725
P0499,Riyadh Hossain,Bangladeshi,23-27,B_surface,2,3.4,4.5,8,"Tom B., 22, Full-time",D,True,D,True,True,4,10535
P0499,Riyadh Hossain,Bangladeshi,23-27,B_surface,2,3.4,4.5,9,"Olga S., 38, Full-time",A,True,D,False,False,2,17281
P0499,Riyadh Hossain,Bangladeshi,23-27,B_surface,2,3.4,4.5,10,"Chen W., 45, Part-time",A,False,A,True,False,3,9121
P0500,Elena Popescu,Other,33-40,A_no_explanation,3,1.6,3.2,1,"Sarah M., 34, Part-time",D,True,D,True,True,3,13381
P0500,Elena Popescu,Other,33-40,A_no_explanation,3,1.6,3.2,2,"James K., 28, Full-time",A,True,A,True,True,2,11636
P0500,Elena Popescu,Other,33-40,A_no_explanation,3,1.6,3.2,3,"Priya R., 41, Self-employed",D,False,D,True,False,3,16389
P0500,Elena Popescu,Other,33-40,A_no_explanation,3,1.6,3.2,4,"Marcus T., 55, Part-time",D,True,A,False,False,2,16309
P0500,Elena Popescu,Other,33-40,A_no_explanation,3,1.6,3.2,5,"Anika P., 29, Full-time",D,True,A,False,False,2,23149
P0500,Elena Popescu,Other,33-40,A_no_explanation,3,1.6,3.2,6,"David H., 47, Full-time",A,True,A,True,True,2,10419
P0500,Elena Popescu,Other,33-40,A_no_explanation,3,1.6,3.2,7,"Fatima A., 33, Contract",D,False,D,True,False,3,15885
P0500,Elena Popescu,Other,33-40,A_no_explanation,3,1.6,3.2,8,"Tom B., 22, Full-time",D,True,D,True,True,2,10472
P0500,Elena Popescu,Other,33-40,A_no_explanation,3,1.6,3.2,9,"Olga S., 38, Full-time",A,True,A,True,True,5,11721
P0500,Elena Popescu,Other,33-40,A_no_explanation,3,1.6,3.2,10,"Chen W., 45, Part-time",A,False,D,False,True,3,22069
P0501,Noor A. Baig,Pakistani,18-22,B_surface,3,4.7,3.1,1,"Sarah M., 34, Part-time",D,True,D,True,True,3,17313
P0501,Noor A. Baig,Pakistani,18-22,B_surface,3,4.7,3.1,2,"James K., 28, Full-time",A,True,D,False,False,3,16137
P0501,Noor A. Baig,Pakistani,18-22,B_surface,3,4.7,3.1,3,"Priya R., 41, Self-employed",D,False,A,False,True,5,19893
P0501,Noor A. Baig,Pakistani,18-22,B_surface,3,4.7,3.1,4,"Marcus T., 55, Part-time",D,True,D,True,True,3,12104
P0501,Noor A. Baig,Pakistani,18-22,B_surface,3,4.7,3.1,5,"Anika P., 29, Full-time",D,True,D,True,True,3,9319
P0501,Noor A. Baig,Pakistani,18-22,B_surface,3,4.7,3.1,6,"David H., 47, Full-time",A,True,D,False,False,4,24205
P0501,Noor A. Baig,Pakistani,18-22,B_surface,3,4.7,3.1,7,"Fatima A., 33, Contract",D,False,A,False,True,3,16683
P0501,Noor A. Baig,Pakistani,18-22,B_surface,3,4.7,3.1,8,"Tom B., 22, Full-time",D,True,D,True,True,3,14004
P0501,Noor A. Baig,Pakistani,18-22,B_surface,3,4.7,3.1,9,"Olga S., 38, Full-time",A,True,D,False,False,2,16465
P0501,Noor A. Baig,Pakistani,18-22,B_surface,3,4.7,3.1,10,"Chen W., 45, Part-time",A,False,D,False,True,3,19918
P0502,Ramesh A. Dubey,Indian,23-27,A_no_explanation,3,1.5,3.9,1,"Sarah M., 34, Part-time",D,True,A,False,False,1,24103
P0502,Ramesh A. Dubey,Indian,23-27,A_no_explanation,3,1.5,3.9,2,"James K., 28, Full-time",A,True,A,True,True,4,13343
P0502,Ramesh A. Dubey,Indian,23-27,A_no_explanation,3,1.5,3.9,3,"Priya R., 41, Self-employed",D,False,D,True,False,4,10126
P0502,Ramesh A. Dubey,Indian,23-27,A_no_explanation,3,1.5,3.9,4,"Marcus T., 55, Part-time",D,True,A,False,False,3,13878
P0502,Ramesh A. Dubey,Indian,23-27,A_no_explanation,3,1.5,3.9,5,"Anika P., 29, Full-time",D,True,D,True,True,3,16725
P0502,Ramesh A. Dubey,Indian,23-27,A_no_explanation,3,1.5,3.9,6,"David H., 47, Full-time",A,True,D,False,False,3,21340
P0502,Ramesh A. Dubey,Indian,23-27,A_no_explanation,3,1.5,3.9,7,"Fatima A., 33, Contract",D,False,D,True,False,4,11860
P0502,Ramesh A. Dubey,Indian,23-27,A_no_explanation,3,1.5,3.9,8,"Tom B., 22, Full-time",D,True,D,True,True,2,15812
P0502,Ramesh A. Dubey,Indian,23-27,A_no_explanation,3,1.5,3.9,9,"Olga S., 38, Full-time",A,True,A,True,True,5,7738
P0502,Ramesh A. Dubey,Indian,23-27,A_no_explanation,3,1.5,3.9,10,"Chen W., 45, Part-time",A,False,D,False,True,2,14682
P0503,Urmila A. Dubey,Indian,23-27,B_surface,2,3.6,3.5,1,"Sarah M., 34, Part-time",D,True,D,True,True,3,12865
P0503,Urmila A. Dubey,Indian,23-27,B_surface,2,3.6,3.5,2,"James K., 28, Full-time",A,True,A,True,True,3,18602
P0503,Urmila A. Dubey,Indian,23-27,B_surface,2,3.6,3.5,3,"Priya R., 41, Self-employed",D,False,D,True,False,3,9201
P0503,Urmila A. Dubey,Indian,23-27,B_surface,2,3.6,3.5,4,"Marcus T., 55, Part-time",D,True,A,False,False,3,17607
P0503,Urmila A. Dubey,Indian,23-27,B_surface,2,3.6,3.5,5,"Anika P., 29, Full-time",D,True,D,True,True,2,17943
P0503,Urmila A. Dubey,Indian,23-27,B_surface,2,3.6,3.5,6,"David H., 47, Full-time",A,True,D,False,False,2,16803
P0503,Urmila A. Dubey,Indian,23-27,B_surface,2,3.6,3.5,7,"Fatima A., 33, Contract",D,False,D,True,False,3,16231
P0503,Urmila A. Dubey,Indian,23-27,B_surface,2,3.6,3.5,8,"Tom B., 22, Full-time",D,True,D,True,True,3,15931
P0503,Urmila A. Dubey,Indian,23-27,B_surface,2,3.6,3.5,9,"Olga S., 38, Full-time",A,True,A,True,True,3,8859
P0503,Urmila A. Dubey,Indian,23-27,B_surface,2,3.6,3.5,10,"Chen W., 45, Part-time",A,False,A,True,False,3,14740
P0504,Vikram A. Singh,Indian,18-22,B_surface,0,4.6,3.3,1,"Sarah M., 34, Part-time",D,True,D,True,True,3,12763
P0504,Vikram A. Singh,Indian,18-22,B_surface,0,4.6,3.3,2,"James K., 28, Full-time",A,True,A,True,True,4,10373
P0504,Vikram A. Singh,Indian,18-22,B_surface,0,4.6,3.3,3,"Priya R., 41, Self-employed",D,False,D,True,False,3,5098
P0504,Vikram A. Singh,Indian,18-22,B_surface,0,4.6,3.3,4,"Marcus T., 55, Part-time",D,True,D,True,True,4,11667
P0504,Vikram A. Singh,Indian,18-22,B_surface,0,4.6,3.3,5,"Anika P., 29, Full-time",D,True,A,False,False,4,23329
P0504,Vikram A. Singh,Indian,18-22,B_surface,0,4.6,3.3,6,"David H., 47, Full-time",A,True,D,False,False,2,23257
P0504,Vikram A. Singh,Indian,18-22,B_surface,0,4.6,3.3,7,"Fatima A., 33, Contract",D,False,A,False,True,4,20061
P0504,Vikram A. Singh,Indian,18-22,B_surface,0,4.6,3.3,8,"Tom B., 22, Full-time",D,True,A,False,False,2,27501
P0504,Vikram A. Singh,Indian,18-22,B_surface,0,4.6,3.3,9,"Olga S., 38, Full-time",A,True,A,True,True,4,15803
P0504,Vikram A. Singh,Indian,18-22,B_surface,0,4.6,3.3,10,"Chen W., 45, Part-time",A,False,A,True,False,4,7907
P0505,Uche Nnaji,Nigerian,23-27,C_counterfactual,3,2.4,4.2,1,"Sarah M., 34, Part-time",D,True,A,False,False,3,32136
P0505,Uche Nnaji,Nigerian,23-27,C_counterfactual,3,2.4,4.2,2,"James K., 28, Full-time",A,True,D,False,False,3,21972
P0505,Uche Nnaji,Nigerian,23-27,C_counterfactual,3,2.4,4.2,3,"Priya R., 41, Self-employed",D,False,A,False,True,4,27910
P0505,Uche Nnaji,Nigerian,23-27,C_counterfactual,3,2.4,4.2,4,"Marcus T., 55, Part-time",D,True,D,True,True,4,15140
P0505,Uche Nnaji,Nigerian,23-27,C_counterfactual,3,2.4,4.2,5,"Anika P., 29, Full-time",D,True,A,False,False,2,25166
P0505,Uche Nnaji,Nigerian,23-27,C_counterfactual,3,2.4,4.2,6,"David H., 47, Full-time",A,True,A,True,True,5,17991
P0505,Uche Nnaji,Nigerian,23-27,C_counterfactual,3,2.4,4.2,7,"Fatima A., 33, Contract",D,False,A,False,True,2,18225
P0505,Uche Nnaji,Nigerian,23-27,C_counterfactual,3,2.4,4.2,8,"Tom B., 22, Full-time",D,True,D,True,True,3,7328
P0505,Uche Nnaji,Nigerian,23-27,C_counterfactual,3,2.4,4.2,9,"Olga S., 38, Full-time",A,True,A,True,True,4,16780
P0505,Uche Nnaji,Nigerian,23-27,C_counterfactual,3,2.4,4.2,10,"Chen W., 45, Part-time",A,False,D,False,True,4,23027
P0506,Jasim Uddin,Bangladeshi,18-22,C_counterfactual,0,2.2,3.8,1,"Sarah M., 34, Part-time",D,True,D,True,True,3,25327
P0506,Jasim Uddin,Bangladeshi,18-22,C_counterfactual,0,2.2,3.8,2,"James K., 28, Full-time",A,True,D,False,False,2,28330
P0506,Jasim Uddin,Bangladeshi,18-22,C_counterfactual,0,2.2,3.8,3,"Priya R., 41, Self-employed",D,False,D,True,False,2,13138
P0506,Jasim Uddin,Bangladeshi,18-22,C_counterfactual,0,2.2,3.8,4,"Marcus T., 55, Part-time",D,True,D,True,True,2,12413
P0506,Jasim Uddin,Bangladeshi,18-22,C_counterfactual,0,2.2,3.8,5,"Anika P., 29, Full-time",D,True,A,False,False,3,18976
P0506,Jasim Uddin,Bangladeshi,18-22,C_counterfactual,0,2.2,3.8,6,"David H., 47, Full-time",A,True,D,False,False,2,23449
P0506,Jasim Uddin,Bangladeshi,18-22,C_counterfactual,0,2.2,3.8,7,"Fatima A., 33, Contract",D,False,D,True,False,5,16584
P0506,Jasim Uddin,Bangladeshi,18-22,C_counterfactual,0,2.2,3.8,8,"Tom B., 22, Full-time",D,True,D,True,True,2,15756
P0506,Jasim Uddin,Bangladeshi,18-22,C_counterfactual,0,2.2,3.8,9,"Olga S., 38, Full-time",A,True,A,True,True,3,9168
P0506,Jasim Uddin,Bangladeshi,18-22,C_counterfactual,0,2.2,3.8,10,"Chen W., 45, Part-time",A,False,A,True,False,4,7910
P0507,Sazzad Hossain,Bangladeshi,23-27,C_counterfactual,0,1.7,1.3,1,"Sarah M., 34, Part-time",D,True,D,True,True,3,23863
P0507,Sazzad Hossain,Bangladeshi,23-27,C_counterfactual,0,1.7,1.3,2,"James K., 28, Full-time",A,True,D,False,False,4,21938
P0507,Sazzad Hossain,Bangladeshi,23-27,C_counterfactual,0,1.7,1.3,3,"Priya R., 41, Self-employed",D,False,A,False,True,4,21824
P0507,Sazzad Hossain,Bangladeshi,23-27,C_counterfactual,0,1.7,1.3,4,"Marcus T., 55, Part-time",D,True,D,True,True,4,15480
P0507,Sazzad Hossain,Bangladeshi,23-27,C_counterfactual,0,1.7,1.3,5,"Anika P., 29, Full-time",D,True,A,False,False,3,27714
P0507,Sazzad Hossain,Bangladeshi,23-27,C_counterfactual,0,1.7,1.3,6,"David H., 47, Full-time",A,True,A,True,True,3,13416
P0507,Sazzad Hossain,Bangladeshi,23-27,C_counterfactual,0,1.7,1.3,7,"Fatima A., 33, Contract",D,False,A,False,True,3,24204
P0507,Sazzad Hossain,Bangladeshi,23-27,C_counterfactual,0,1.7,1.3,8,"Tom B., 22, Full-time",D,True,D,True,True,3,16227
P0507,Sazzad Hossain,Bangladeshi,23-27,C_counterfactual,0,1.7,1.3,9,"Olga S., 38, Full-time",A,True,D,False,False,3,16977
P0507,Sazzad Hossain,Bangladeshi,23-27,C_counterfactual,0,1.7,1.3,10,"Chen W., 45, Part-time",A,False,D,False,True,3,17864
P0508,Tahmina Akter,Bangladeshi,23-27,C_counterfactual,3,2.9,2.8,1,"Sarah M., 34, Part-time",D,True,A,False,False,4,26153
P0508,Tahmina Akter,Bangladeshi,23-27,C_counterfactual,3,2.9,2.8,2,"James K., 28, Full-time",A,True,D,False,False,4,27615
P0508,Tahmina Akter,Bangladeshi,23-27,C_counterfactual,3,2.9,2.8,3,"Priya R., 41, Self-employed",D,False,D,True,False,3,15017
P0508,Tahmina Akter,Bangladeshi,23-27,C_counterfactual,3,2.9,2.8,4,"Marcus T., 55, Part-time",D,True,A,False,False,2,24756
P0508,Tahmina Akter,Bangladeshi,23-27,C_counterfactual,3,2.9,2.8,5,"Anika P., 29, Full-time",D,True,D,True,True,4,15364
P0508,Tahmina Akter,Bangladeshi,23-27,C_counterfactual,3,2.9,2.8,6,"David H., 47, Full-time",A,True,A,True,True,2,13534
P0508,Tahmina Akter,Bangladeshi,23-27,C_counterfactual,3,2.9,2.8,7,"Fatima A., 33, Contract",D,False,D,True,False,4,20059
P0508,Tahmina Akter,Bangladeshi,23-27,C_counterfactual,3,2.9,2.8,8,"Tom B., 22, Full-time",D,True,A,False,False,2,26765
P0508,Tahmina Akter,Bangladeshi,23-27,C_counterfactual,3,2.9,2.8,9,"Olga S., 38, Full-time",A,True,D,False,False,2,21156
P0508,Tahmina Akter,Bangladeshi,23-27,C_counterfactual,3,2.9,2.8,10,"Chen W., 45, Part-time",A,False,D,False,True,3,18444
P0509,Thomas Evans,British,18-22,C_counterfactual,3,3.2,4.8,1,"Sarah M., 34, Part-time",D,True,D,True,True,3,18578
P0509,Thomas Evans,British,18-22,C_counterfactual,3,3.2,4.8,2,"James K., 28, Full-time",A,True,D,False,False,3,17997
P0509,Thomas Evans,British,18-22,C_counterfactual,3,3.2,4.8,3,"Priya R., 41, Self-employed",D,False,A,False,True,3,19488
P0509,Thomas Evans,British,18-22,C_counterfactual,3,3.2,4.8,4,"Marcus T., 55, Part-time",D,True,A,False,False,2,20280
P0509,Thomas Evans,British,18-22,C_counterfactual,3,3.2,4.8,5,"Anika P., 29, Full-time",D,True,A,False,False,3,22430
P0509,Thomas Evans,British,18-22,C_counterfactual,3,3.2,4.8,6,"David H., 47, Full-time",A,True,D,False,False,4,21142
P0509,Thomas Evans,British,18-22,C_counterfactual,3,3.2,4.8,7,"Fatima A., 33, Contract",D,False,D,True,False,4,4385
P0509,Thomas Evans,British,18-22,C_counterfactual,3,3.2,4.8,8,"Tom B., 22, Full-time",D,True,A,False,False,1,25224
P0509,Thomas Evans,British,18-22,C_counterfactual,3,3.2,4.8,9,"Olga S., 38, Full-time",A,True,D,False,False,3,14879
P0509,Thomas Evans,British,18-22,C_counterfactual,3,3.2,4.8,10,"Chen W., 45, Part-time",A,False,D,False,True,3,17379
P0510,Ava A. Jackson,British,23-27,A_no_explanation,1,4.6,2.5,1,"Sarah M., 34, Part-time",D,True,D,True,True,5,18889
P0510,Ava A. Jackson,British,23-27,A_no_explanation,1,4.6,2.5,2,"James K., 28, Full-time",A,True,A,True,True,3,11884
P0510,Ava A. Jackson,British,23-27,A_no_explanation,1,4.6,2.5,3,"Priya R., 41, Self-employed",D,False,D,True,False,4,6797
P0510,Ava A. Jackson,British,23-27,A_no_explanation,1,4.6,2.5,4,"Marcus T., 55, Part-time",D,True,D,True,True,2,20719
P0510,Ava A. Jackson,British,23-27,A_no_explanation,1,4.6,2.5,5,"Anika P., 29, Full-time",D,True,A,False,False,3,15411
P0510,Ava A. Jackson,British,23-27,A_no_explanation,1,4.6,2.5,6,"David H., 47, Full-time",A,True,A,True,True,3,11861
P0510,Ava A. Jackson,British,23-27,A_no_explanation,1,4.6,2.5,7,"Fatima A., 33, Contract",D,False,D,True,False,2,17754
P0510,Ava A. Jackson,British,23-27,A_no_explanation,1,4.6,2.5,8,"Tom B., 22, Full-time",D,True,A,False,False,2,18758
P0510,Ava A. Jackson,British,23-27,A_no_explanation,1,4.6,2.5,9,"Olga S., 38, Full-time",A,True,A,True,True,3,2800
P0510,Ava A. Jackson,British,23-27,A_no_explanation,1,4.6,2.5,10,"Chen W., 45, Part-time",A,False,A,True,False,3,11848
P0511,Bin Luo,Chinese,23-27,B_surface,1,4.3,4.7,1,"Sarah M., 34, Part-time",D,True,D,True,True,3,11843
P0511,Bin Luo,Chinese,23-27,B_surface,1,4.3,4.7,2,"James K., 28, Full-time",A,True,A,True,True,2,14984
P0511,Bin Luo,Chinese,23-27,B_surface,1,4.3,4.7,3,"Priya R., 41, Self-employed",D,False,D,True,False,4,11508
P0511,Bin Luo,Chinese,23-27,B_surface,1,4.3,4.7,4,"Marcus T., 55, Part-time",D,True,A,False,False,2,19590
P0511,Bin Luo,Chinese,23-27,B_surface,1,4.3,4.7,5,"Anika P., 29, Full-time",D,True,D,True,True,3,11952
P0511,Bin Luo,Chinese,23-27,B_surface,1,4.3,4.7,6,"David H., 47, Full-time",A,True,D,False,False,4,17336
P0511,Bin Luo,Chinese,23-27,B_surface,1,4.3,4.7,7,"Fatima A., 33, Contract",D,False,D,True,False,3,12961
P0511,Bin Luo,Chinese,23-27,B_surface,1,4.3,4.7,8,"Tom B., 22, Full-time",D,True,A,False,False,2,24130
P0511,Bin Luo,Chinese,23-27,B_surface,1,4.3,4.7,9,"Olga S., 38, Full-time",A,True,D,False,False,3,18674
P0511,Bin Luo,Chinese,23-27,B_surface,1,4.3,4.7,10,"Chen W., 45, Part-time",A,False,D,False,True,3,15850
P0512,Asma A. Mirza,Pakistani,23-27,C_counterfactual,1,2.2,3.4,1,"Sarah M., 34, Part-time",D,True,A,False,False,3,28910
P0512,Asma A. Mirza,Pakistani,23-27,C_counterfactual,1,2.2,3.4,2,"James K., 28, Full-time",A,True,A,True,True,4,15856
P0512,Asma A. Mirza,Pakistani,23-27,C_counterfactual,1,2.2,3.4,3,"Priya R., 41, Self-employed",D,False,D,True,False,3,18043
P0512,Asma A. Mirza,Pakistani,23-27,C_counterfactual,1,2.2,3.4,4,"Marcus T., 55, Part-time",D,True,D,True,True,2,13793
P0512,Asma A. Mirza,Pakistani,23-27,C_counterfactual,1,2.2,3.4,5,"Anika P., 29, Full-time",D,True,A,False,False,4,19291
P0512,Asma A. Mirza,Pakistani,23-27,C_counterfactual,1,2.2,3.4,6,"David H., 47, Full-time",A,True,D,False,False,2,25305
P0512,Asma A. Mirza,Pakistani,23-27,C_counterfactual,1,2.2,3.4,7,"Fatima A., 33, Contract",D,False,D,True,False,4,7798
P0512,Asma A. Mirza,Pakistani,23-27,C_counterfactual,1,2.2,3.4,8,"Tom B., 22, Full-time",D,True,A,False,False,2,25111
P0512,Asma A. Mirza,Pakistani,23-27,C_counterfactual,1,2.2,3.4,9,"Olga S., 38, Full-time",A,True,A,True,True,3,12929
P0512,Asma A. Mirza,Pakistani,23-27,C_counterfactual,1,2.2,3.4,10,"Chen W., 45, Part-time",A,False,D,False,True,3,17077
P0513,Mushfiqur Rahman,Bangladeshi,23-27,B_surface,1,3.5,4.2,1,"Sarah M., 34, Part-time",D,True,D,True,True,2,14593
P0513,Mushfiqur Rahman,Bangladeshi,23-27,B_surface,1,3.5,4.2,2,"James K., 28, Full-time",A,True,A,True,True,4,18538
P0513,Mushfiqur Rahman,Bangladeshi,23-27,B_surface,1,3.5,4.2,3,"Priya R., 41, Self-employed",D,False,D,True,False,3,10983
P0513,Mushfiqur Rahman,Bangladeshi,23-27,B_surface,1,3.5,4.2,4,"Marcus T., 55, Part-time",D,True,D,True,True,2,11140
P0513,Mushfiqur Rahman,Bangladeshi,23-27,B_surface,1,3.5,4.2,5,"Anika P., 29, Full-time",D,True,A,False,False,1,18487
P0513,Mushfiqur Rahman,Bangladeshi,23-27,B_surface,1,3.5,4.2,6,"David H., 47, Full-time",A,True,A,True,True,3,16815
P0513,Mushfiqur Rahman,Bangladeshi,23-27,B_surface,1,3.5,4.2,7,"Fatima A., 33, Contract",D,False,A,False,True,1,18381
P0513,Mushfiqur Rahman,Bangladeshi,23-27,B_surface,1,3.5,4.2,8,"Tom B., 22, Full-time",D,True,D,True,True,3,10184
P0513,Mushfiqur Rahman,Bangladeshi,23-27,B_surface,1,3.5,4.2,9,"Olga S., 38, Full-time",A,True,A,True,True,2,19607
P0513,Mushfiqur Rahman,Bangladeshi,23-27,B_surface,1,3.5,4.2,10,"Chen W., 45, Part-time",A,False,A,True,False,3,11973
P0514,Sanjida Islam,Bangladeshi,23-27,A_no_explanation,2,4.1,3.7,1,"Sarah M., 34, Part-time",D,True,D,True,True,4,18231
P0514,Sanjida Islam,Bangladeshi,23-27,A_no_explanation,2,4.1,3.7,2,"James K., 28, Full-time",A,True,A,True,True,4,16431
P0514,Sanjida Islam,Bangladeshi,23-27,A_no_explanation,2,4.1,3.7,3,"Priya R., 41, Self-employed",D,False,D,True,False,2,11386
P0514,Sanjida Islam,Bangladeshi,23-27,A_no_explanation,2,4.1,3.7,4,"Marcus T., 55, Part-time",D,True,D,True,True,2,11936
P0514,Sanjida Islam,Bangladeshi,23-27,A_no_explanation,2,4.1,3.7,5,"Anika P., 29, Full-time",D,True,A,False,False,4,14988
P0514,Sanjida Islam,Bangladeshi,23-27,A_no_explanation,2,4.1,3.7,6,"David H., 47, Full-time",A,True,D,False,False,3,24686
P0514,Sanjida Islam,Bangladeshi,23-27,A_no_explanation,2,4.1,3.7,7,"Fatima A., 33, Contract",D,False,A,False,True,3,19951
P0514,Sanjida Islam,Bangladeshi,23-27,A_no_explanation,2,4.1,3.7,8,"Tom B., 22, Full-time",D,True,A,False,False,3,16410
P0514,Sanjida Islam,Bangladeshi,23-27,A_no_explanation,2,4.1,3.7,9,"Olga S., 38, Full-time",A,True,A,True,True,3,11810
P0514,Sanjida Islam,Bangladeshi,23-27,A_no_explanation,2,4.1,3.7,10,"Chen W., 45, Part-time",A,False,D,False,True,1,18398
P0515,Jobayer Hossain,Bangladeshi,18-22,C_counterfactual,1,5.0,2.6,1,"Sarah M., 34, Part-time",D,True,A,False,False,3,26429
P0515,Jobayer Hossain,Bangladeshi,18-22,C_counterfactual,1,5.0,2.6,2,"James K., 28, Full-time",A,True,A,True,True,2,18990
P0515,Jobayer Hossain,Bangladeshi,18-22,C_counterfactual,1,5.0,2.6,3,"Priya R., 41, Self-employed",D,False,D,True,False,3,15230
P0515,Jobayer Hossain,Bangladeshi,18-22,C_counterfactual,1,5.0,2.6,4,"Marcus T., 55, Part-time",D,True,A,False,False,1,23513
P0515,Jobayer Hossain,Bangladeshi,18-22,C_counterfactual,1,5.0,2.6,5,"Anika P., 29, Full-time",D,True,A,False,False,2,25789
P0515,Jobayer Hossain,Bangladeshi,18-22,C_counterfactual,1,5.0,2.6,6,"David H., 47, Full-time",A,True,A,True,True,4,18116
P0515,Jobayer Hossain,Bangladeshi,18-22,C_counterfactual,1,5.0,2.6,7,"Fatima A., 33, Contract",D,False,A,False,True,4,27534
P0515,Jobayer Hossain,Bangladeshi,18-22,C_counterfactual,1,5.0,2.6,8,"Tom B., 22, Full-time",D,True,A,False,False,3,19122
P0515,Jobayer Hossain,Bangladeshi,18-22,C_counterfactual,1,5.0,2.6,9,"Olga S., 38, Full-time",A,True,D,False,False,3,34209
P0515,Jobayer Hossain,Bangladeshi,18-22,C_counterfactual,1,5.0,2.6,10,"Chen W., 45, Part-time",A,False,A,True,False,3,17207
P0516,Karim Mansour,Other,23-27,B_surface,0,3.4,3.4,1,"Sarah M., 34, Part-time",D,True,D,True,True,2,14466
P0516,Karim Mansour,Other,23-27,B_surface,0,3.4,3.4,2,"James K., 28, Full-time",A,True,D,False,False,2,21612
P0516,Karim Mansour,Other,23-27,B_surface,0,3.4,3.4,3,"Priya R., 41, Self-employed",D,False,D,True,False,3,15950
P0516,Karim Mansour,Other,23-27,B_surface,0,3.4,3.4,4,"Marcus T., 55, Part-time",D,True,D,True,True,3,10854
P0516,Karim Mansour,Other,23-27,B_surface,0,3.4,3.4,5,"Anika P., 29, Full-time",D,True,A,False,False,2,15213
P0516,Karim Mansour,Other,23-27,B_surface,0,3.4,3.4,6,"David H., 47, Full-time",A,True,A,True,True,4,15432
P0516,Karim Mansour,Other,23-27,B_surface,0,3.4,3.4,7,"Fatima A., 33, Contract",D,False,A,False,True,2,12827
P0516,Karim Mansour,Other,23-27,B_surface,0,3.4,3.4,8,"Tom B., 22, Full-time",D,True,D,True,True,3,9194
P0516,Karim Mansour,Other,23-27,B_surface,0,3.4,3.4,9,"Olga S., 38, Full-time",A,True,A,True,True,2,15448
P0516,Karim Mansour,Other,23-27,B_surface,0,3.4,3.4,10,"Chen W., 45, Part-time",A,False,A,True,False,3,15406
P0517,Shamima Akter,Bangladeshi,23-27,A_no_explanation,2,3.6,4.2,1,"Sarah M., 34, Part-time",D,True,D,True,True,3,9173
P0517,Shamima Akter,Bangladeshi,23-27,A_no_explanation,2,3.6,4.2,2,"James K., 28, Full-time",A,True,A,True,True,2,14973
P0517,Shamima Akter,Bangladeshi,23-27,A_no_explanation,2,3.6,4.2,3,"Priya R., 41, Self-employed",D,False,D,True,False,2,11526
P0517,Shamima Akter,Bangladeshi,23-27,A_no_explanation,2,3.6,4.2,4,"Marcus T., 55, Part-time",D,True,D,True,True,3,14126
P0517,Shamima Akter,Bangladeshi,23-27,A_no_explanation,2,3.6,4.2,5,"Anika P., 29, Full-time",D,True,D,True,True,4,19278
P0517,Shamima Akter,Bangladeshi,23-27,A_no_explanation,2,3.6,4.2,6,"David H., 47, Full-time",A,True,D,False,False,3,19210
P0517,Shamima Akter,Bangladeshi,23-27,A_no_explanation,2,3.6,4.2,7,"Fatima A., 33, Contract",D,False,D,True,False,3,21426
P0517,Shamima Akter,Bangladeshi,23-27,A_no_explanation,2,3.6,4.2,8,"Tom B., 22, Full-time",D,True,D,True,True,2,10870
P0517,Shamima Akter,Bangladeshi,23-27,A_no_explanation,2,3.6,4.2,9,"Olga S., 38, Full-time",A,True,A,True,True,3,9205
P0517,Shamima Akter,Bangladeshi,23-27,A_no_explanation,2,3.6,4.2,10,"Chen W., 45, Part-time",A,False,A,True,False,3,7561
P0518,Rokeya Begum,Bangladeshi,51+,B_surface,0,2.6,3.9,1,"Sarah M., 34, Part-time",D,True,A,False,False,4,23899
P0518,Rokeya Begum,Bangladeshi,51+,B_surface,0,2.6,3.9,2,"James K., 28, Full-time",A,True,D,False,False,4,21667
P0518,Rokeya Begum,Bangladeshi,51+,B_surface,0,2.6,3.9,3,"Priya R., 41, Self-employed",D,False,D,True,False,2,16378
P0518,Rokeya Begum,Bangladeshi,51+,B_surface,0,2.6,3.9,4,"Marcus T., 55, Part-time",D,True,D,True,True,3,11724
P0518,Rokeya Begum,Bangladeshi,51+,B_surface,0,2.6,3.9,5,"Anika P., 29, Full-time",D,True,A,False,False,4,21162
P0518,Rokeya Begum,Bangladeshi,51+,B_surface,0,2.6,3.9,6,"David H., 47, Full-time",A,True,D,False,False,4,23871
P0518,Rokeya Begum,Bangladeshi,51+,B_surface,0,2.6,3.9,7,"Fatima A., 33, Contract",D,False,D,True,False,3,14160
P0518,Rokeya Begum,Bangladeshi,51+,B_surface,0,2.6,3.9,8,"Tom B., 22, Full-time",D,True,D,True,True,1,9668
P0518,Rokeya Begum,Bangladeshi,51+,B_surface,0,2.6,3.9,9,"Olga S., 38, Full-time",A,True,A,True,True,3,7471
P0518,Rokeya Begum,Bangladeshi,51+,B_surface,0,2.6,3.9,10,"Chen W., 45, Part-time",A,False,D,False,True,3,20205
P0519,Kai Xu,Chinese,28-32,A_no_explanation,3,2.0,4.1,1,"Sarah M., 34, Part-time",D,True,D,True,True,3,18382
P0519,Kai Xu,Chinese,28-32,A_no_explanation,3,2.0,4.1,2,"James K., 28, Full-time",A,True,D,False,False,3,13432
P0519,Kai Xu,Chinese,28-32,A_no_explanation,3,2.0,4.1,3,"Priya R., 41, Self-employed",D,False,D,True,False,5,8245
P0519,Kai Xu,Chinese,28-32,A_no_explanation,3,2.0,4.1,4,"Marcus T., 55, Part-time",D,True,A,False,False,2,21695
P0519,Kai Xu,Chinese,28-32,A_no_explanation,3,2.0,4.1,5,"Anika P., 29, Full-time",D,True,D,True,True,2,15835
P0519,Kai Xu,Chinese,28-32,A_no_explanation,3,2.0,4.1,6,"David H., 47, Full-time",A,True,A,True,True,3,12957
P0519,Kai Xu,Chinese,28-32,A_no_explanation,3,2.0,4.1,7,"Fatima A., 33, Contract",D,False,D,True,False,4,11389
P0519,Kai Xu,Chinese,28-32,A_no_explanation,3,2.0,4.1,8,"Tom B., 22, Full-time",D,True,D,True,True,3,11639
P0519,Kai Xu,Chinese,28-32,A_no_explanation,3,2.0,4.1,9,"Olga S., 38, Full-time",A,True,A,True,True,3,12404
P0519,Kai Xu,Chinese,28-32,A_no_explanation,3,2.0,4.1,10,"Chen W., 45, Part-time",A,False,A,True,False,2,10445
P0520,Madison A. Clark,British,18-22,B_surface,3,3.9,4.9,1,"Sarah M., 34, Part-time",D,True,D,True,True,4,19327
P0520,Madison A. Clark,British,18-22,B_surface,3,3.9,4.9,2,"James K., 28, Full-time",A,True,A,True,True,3,8431
P0520,Madison A. Clark,British,18-22,B_surface,3,3.9,4.9,3,"Priya R., 41, Self-employed",D,False,D,True,False,3,16849
P0520,Madison A. Clark,British,18-22,B_surface,3,3.9,4.9,4,"Marcus T., 55, Part-time",D,True,A,False,False,2,19083
P0520,Madison A. Clark,British,18-22,B_surface,3,3.9,4.9,5,"Anika P., 29, Full-time",D,True,D,True,True,4,12622
P0520,Madison A. Clark,British,18-22,B_surface,3,3.9,4.9,6,"David H., 47, Full-time",A,True,A,True,True,3,12946
P0520,Madison A. Clark,British,18-22,B_surface,3,3.9,4.9,7,"Fatima A., 33, Contract",D,False,D,True,False,4,12873
P0520,Madison A. Clark,British,18-22,B_surface,3,3.9,4.9,8,"Tom B., 22, Full-time",D,True,D,True,True,1,15927
P0520,Madison A. Clark,British,18-22,B_surface,3,3.9,4.9,9,"Olga S., 38, Full-time",A,True,D,False,False,3,19863
P0520,Madison A. Clark,British,18-22,B_surface,3,3.9,4.9,10,"Chen W., 45, Part-time",A,False,A,True,False,2,9918
P0521,Izzat Hamdan,Malaysian,33-40,A_no_explanation,2,3.2,4.3,1,"Sarah M., 34, Part-time",D,True,D,True,True,3,16413
P0521,Izzat Hamdan,Malaysian,33-40,A_no_explanation,2,3.2,4.3,2,"James K., 28, Full-time",A,True,D,False,False,3,13976
P0521,Izzat Hamdan,Malaysian,33-40,A_no_explanation,2,3.2,4.3,3,"Priya R., 41, Self-employed",D,False,A,False,True,2,18914
P0521,Izzat Hamdan,Malaysian,33-40,A_no_explanation,2,3.2,4.3,4,"Marcus T., 55, Part-time",D,True,D,True,True,3,6664
P0521,Izzat Hamdan,Malaysian,33-40,A_no_explanation,2,3.2,4.3,5,"Anika P., 29, Full-time",D,True,D,True,True,2,9616
P0521,Izzat Hamdan,Malaysian,33-40,A_no_explanation,2,3.2,4.3,6,"David H., 47, Full-time",A,True,A,True,True,4,10155
P0521,Izzat Hamdan,Malaysian,33-40,A_no_explanation,2,3.2,4.3,7,"Fatima A., 33, Contract",D,False,D,True,False,4,2800
P0521,Izzat Hamdan,Malaysian,33-40,A_no_explanation,2,3.2,4.3,8,"Tom B., 22, Full-time",D,True,D,True,True,3,13587
P0521,Izzat Hamdan,Malaysian,33-40,A_no_explanation,2,3.2,4.3,9,"Olga S., 38, Full-time",A,True,A,True,True,5,14283
P0521,Izzat Hamdan,Malaysian,33-40,A_no_explanation,2,3.2,4.3,10,"Chen W., 45, Part-time",A,False,D,False,True,3,21111
P0522,Sadman Sakib,Bangladeshi,18-22,B_surface,3,3.7,3.3,1,"Sarah M., 34, Part-time",D,True,D,True,True,4,12785
P0522,Sadman Sakib,Bangladeshi,18-22,B_surface,3,3.7,3.3,2,"James K., 28, Full-time",A,True,A,True,True,3,16151
P0522,Sadman Sakib,Bangladeshi,18-22,B_surface,3,3.7,3.3,3,"Priya R., 41, Self-employed",D,False,A,False,True,3,18878
P0522,Sadman Sakib,Bangladeshi,18-22,B_surface,3,3.7,3.3,4,"Marcus T., 55, Part-time",D,True,D,True,True,4,9092
P0522,Sadman Sakib,Bangladeshi,18-22,B_surface,3,3.7,3.3,5,"Anika P., 29, Full-time",D,True,A,False,False,4,22628
P0522,Sadman Sakib,Bangladeshi,18-22,B_surface,3,3.7,3.3,6,"David H., 47, Full-time",A,True,D,False,False,3,18315
P0522,Sadman Sakib,Bangladeshi,18-22,B_surface,3,3.7,3.3,7,"Fatima A., 33, Contract",D,False,D,True,False,4,15788
P0522,Sadman Sakib,Bangladeshi,18-22,B_surface,3,3.7,3.3,8,"Tom B., 22, Full-time",D,True,D,True,True,2,12531
P0522,Sadman Sakib,Bangladeshi,18-22,B_surface,3,3.7,3.3,9,"Olga S., 38, Full-time",A,True,A,True,True,2,10661
P0522,Sadman Sakib,Bangladeshi,18-22,B_surface,3,3.7,3.3,10,"Chen W., 45, Part-time",A,False,D,False,True,3,19662
P0523,Farhan A. Zulkifli,Malaysian,18-22,C_counterfactual,3,3.1,2.3,1,"Sarah M., 34, Part-time",D,True,D,True,True,3,12627
P0523,Farhan A. Zulkifli,Malaysian,18-22,C_counterfactual,3,3.1,2.3,2,"James K., 28, Full-time",A,True,D,False,False,4,25901
P0523,Farhan A. Zulkifli,Malaysian,18-22,C_counterfactual,3,3.1,2.3,3,"Priya R., 41, Self-employed",D,False,A,False,True,3,24523
P0523,Farhan A. Zulkifli,Malaysian,18-22,C_counterfactual,3,3.1,2.3,4,"Marcus T., 55, Part-time",D,True,D,True,True,3,13644
P0523,Farhan A. Zulkifli,Malaysian,18-22,C_counterfactual,3,3.1,2.3,5,"Anika P., 29, Full-time",D,True,A,False,False,2,21102
P0523,Farhan A. Zulkifli,Malaysian,18-22,C_counterfactual,3,3.1,2.3,6,"David H., 47, Full-time",A,True,A,True,True,3,22540
P0523,Farhan A. Zulkifli,Malaysian,18-22,C_counterfactual,3,3.1,2.3,7,"Fatima A., 33, Contract",D,False,D,True,False,4,14975
P0523,Farhan A. Zulkifli,Malaysian,18-22,C_counterfactual,3,3.1,2.3,8,"Tom B., 22, Full-time",D,True,D,True,True,4,11272
P0523,Farhan A. Zulkifli,Malaysian,18-22,C_counterfactual,3,3.1,2.3,9,"Olga S., 38, Full-time",A,True,D,False,False,4,27611
P0523,Farhan A. Zulkifli,Malaysian,18-22,C_counterfactual,3,3.1,2.3,10,"Chen W., 45, Part-time",A,False,D,False,True,3,23735
P0524,Shahida Begum,Bangladeshi,41-50,B_surface,3,1.9,3.8,1,"Sarah M., 34, Part-time",D,True,A,False,False,3,29423
P0524,Shahida Begum,Bangladeshi,41-50,B_surface,3,1.9,3.8,2,"James K., 28, Full-time",A,True,A,True,True,3,7263
P0524,Shahida Begum,Bangladeshi,41-50,B_surface,3,1.9,3.8,3,"Priya R., 41, Self-employed",D,False,D,True,False,4,7021
P0524,Shahida Begum,Bangladeshi,41-50,B_surface,3,1.9,3.8,4,"Marcus T., 55, Part-time",D,True,D,True,True,3,15593
P0524,Shahida Begum,Bangladeshi,41-50,B_surface,3,1.9,3.8,5,"Anika P., 29, Full-time",D,True,D,True,True,3,16897
P0524,Shahida Begum,Bangladeshi,41-50,B_surface,3,1.9,3.8,6,"David H., 47, Full-time",A,True,A,True,True,4,9963
P0524,Shahida Begum,Bangladeshi,41-50,B_surface,3,1.9,3.8,7,"Fatima A., 33, Contract",D,False,A,False,True,1,24930
P0524,Shahida Begum,Bangladeshi,41-50,B_surface,3,1.9,3.8,8,"Tom B., 22, Full-time",D,True,D,True,True,5,16021
P0524,Shahida Begum,Bangladeshi,41-50,B_surface,3,1.9,3.8,9,"Olga S., 38, Full-time",A,True,A,True,True,3,11847
P0524,Shahida Begum,Bangladeshi,41-50,B_surface,3,1.9,3.8,10,"Chen W., 45, Part-time",A,False,D,False,True,3,17903
P0525,Mahbubur Rahman,Bangladeshi,23-27,A_no_explanation,2,2.7,3.3,1,"Sarah M., 34, Part-time",D,True,A,False,False,2,30017
P0525,Mahbubur Rahman,Bangladeshi,23-27,A_no_explanation,2,2.7,3.3,2,"James K., 28, Full-time",A,True,A,True,True,3,10140
P0525,Mahbubur Rahman,Bangladeshi,23-27,A_no_explanation,2,2.7,3.3,3,"Priya R., 41, Self-employed",D,False,D,True,False,4,10304
P0525,Mahbubur Rahman,Bangladeshi,23-27,A_no_explanation,2,2.7,3.3,4,"Marcus T., 55, Part-time",D,True,D,True,True,4,13532
P0525,Mahbubur Rahman,Bangladeshi,23-27,A_no_explanation,2,2.7,3.3,5,"Anika P., 29, Full-time",D,True,D,True,True,4,14192
P0525,Mahbubur Rahman,Bangladeshi,23-27,A_no_explanation,2,2.7,3.3,6,"David H., 47, Full-time",A,True,A,True,True,2,6998
P0525,Mahbubur Rahman,Bangladeshi,23-27,A_no_explanation,2,2.7,3.3,7,"Fatima A., 33, Contract",D,False,D,True,False,4,12067
P0525,Mahbubur Rahman,Bangladeshi,23-27,A_no_explanation,2,2.7,3.3,8,"Tom B., 22, Full-time",D,True,A,False,False,2,24441
P0525,Mahbubur Rahman,Bangladeshi,23-27,A_no_explanation,2,2.7,3.3,9,"Olga S., 38, Full-time",A,True,A,True,True,3,12930
P0525,Mahbubur Rahman,Bangladeshi,23-27,A_no_explanation,2,2.7,3.3,10,"Chen W., 45, Part-time",A,False,A,True,False,4,19159
P0526,Manoj A. Joshi,Indian,18-22,A_no_explanation,0,4.4,3.2,1,"Sarah M., 34, Part-time",D,True,D,True,True,3,12721
P0526,Manoj A. Joshi,Indian,18-22,A_no_explanation,0,4.4,3.2,2,"James K., 28, Full-time",A,True,D,False,False,3,20212
P0526,Manoj A. Joshi,Indian,18-22,A_no_explanation,0,4.4,3.2,3,"Priya R., 41, Self-employed",D,False,D,True,False,3,10792
P0526,Manoj A. Joshi,Indian,18-22,A_no_explanation,0,4.4,3.2,4,"Marcus T., 55, Part-time",D,True,D,True,True,3,12597
P0526,Manoj A. Joshi,Indian,18-22,A_no_explanation,0,4.4,3.2,5,"Anika P., 29, Full-time",D,True,A,False,False,3,25143
P0526,Manoj A. Joshi,Indian,18-22,A_no_explanation,0,4.4,3.2,6,"David H., 47, Full-time",A,True,A,True,True,4,13436
P0526,Manoj A. Joshi,Indian,18-22,A_no_explanation,0,4.4,3.2,7,"Fatima A., 33, Contract",D,False,A,False,True,3,16968
P0526,Manoj A. Joshi,Indian,18-22,A_no_explanation,0,4.4,3.2,8,"Tom B., 22, Full-time",D,True,D,True,True,3,14493
P0526,Manoj A. Joshi,Indian,18-22,A_no_explanation,0,4.4,3.2,9,"Olga S., 38, Full-time",A,True,D,False,False,3,24967
P0526,Manoj A. Joshi,Indian,18-22,A_no_explanation,0,4.4,3.2,10,"Chen W., 45, Part-time",A,False,A,True,False,3,15036
P0527,Daniel Harris,British,33-40,A_no_explanation,3,1.1,2.2,1,"Sarah M., 34, Part-time",D,True,D,True,True,2,13207
P0527,Daniel Harris,British,33-40,A_no_explanation,3,1.1,2.2,2,"James K., 28, Full-time",A,True,A,True,True,4,15941
P0527,Daniel Harris,British,33-40,A_no_explanation,3,1.1,2.2,3,"Priya R., 41, Self-employed",D,False,D,True,False,3,17388
P0527,Daniel Harris,British,33-40,A_no_explanation,3,1.1,2.2,4,"Marcus T., 55, Part-time",D,True,D,True,True,3,9665
P0527,Daniel Harris,British,33-40,A_no_explanation,3,1.1,2.2,5,"Anika P., 29, Full-time",D,True,D,True,True,2,2800
P0527,Daniel Harris,British,33-40,A_no_explanation,3,1.1,2.2,6,"David H., 47, Full-time",A,True,A,True,True,4,10469
P0527,Daniel Harris,British,33-40,A_no_explanation,3,1.1,2.2,7,"Fatima A., 33, Contract",D,False,D,True,False,2,10223
P0527,Daniel Harris,British,33-40,A_no_explanation,3,1.1,2.2,8,"Tom B., 22, Full-time",D,True,D,True,True,4,6971
P0527,Daniel Harris,British,33-40,A_no_explanation,3,1.1,2.2,9,"Olga S., 38, Full-time",A,True,D,False,False,2,17669
P0527,Daniel Harris,British,33-40,A_no_explanation,3,1.1,2.2,10,"Chen W., 45, Part-time",A,False,D,False,True,4,24253
P0528,Rahima Begum,Bangladeshi,28-32,C_counterfactual,3,3.3,2.5,1,"Sarah M., 34, Part-time",D,True,D,True,True,3,19339
P0528,Rahima Begum,Bangladeshi,28-32,C_counterfactual,3,3.3,2.5,2,"James K., 28, Full-time",A,True,D,False,False,3,28680
P0528,Rahima Begum,Bangladeshi,28-32,C_counterfactual,3,3.3,2.5,3,"Priya R., 41, Self-employed",D,False,A,False,True,4,19772
P0528,Rahima Begum,Bangladeshi,28-32,C_counterfactual,3,3.3,2.5,4,"Marcus T., 55, Part-time",D,True,A,False,False,4,15767
P0528,Rahima Begum,Bangladeshi,28-32,C_counterfactual,3,3.3,2.5,5,"Anika P., 29, Full-time",D,True,D,True,True,4,18321
P0528,Rahima Begum,Bangladeshi,28-32,C_counterfactual,3,3.3,2.5,6,"David H., 47, Full-time",A,True,D,False,False,3,28078
P0528,Rahima Begum,Bangladeshi,28-32,C_counterfactual,3,3.3,2.5,7,"Fatima A., 33, Contract",D,False,A,False,True,4,19622
P0528,Rahima Begum,Bangladeshi,28-32,C_counterfactual,3,3.3,2.5,8,"Tom B., 22, Full-time",D,True,D,True,True,3,17708
P0528,Rahima Begum,Bangladeshi,28-32,C_counterfactual,3,3.3,2.5,9,"Olga S., 38, Full-time",A,True,D,False,False,3,22457
P0528,Rahima Begum,Bangladeshi,28-32,C_counterfactual,3,3.3,2.5,10,"Chen W., 45, Part-time",A,False,A,True,False,4,21555
P0529,Sunita A. Mehta,Indian,18-22,B_surface,2,2.4,1.9,1,"Sarah M., 34, Part-time",D,True,A,False,False,3,29119
P0529,Sunita A. Mehta,Indian,18-22,B_surface,2,2.4,1.9,2,"James K., 28, Full-time",A,True,A,True,True,4,13138
P0529,Sunita A. Mehta,Indian,18-22,B_surface,2,2.4,1.9,3,"Priya R., 41, Self-employed",D,False,D,True,False,4,9653
P0529,Sunita A. Mehta,Indian,18-22,B_surface,2,2.4,1.9,4,"Marcus T., 55, Part-time",D,True,D,True,True,4,11801
P0529,Sunita A. Mehta,Indian,18-22,B_surface,2,2.4,1.9,5,"Anika P., 29, Full-time",D,True,A,False,False,3,21239
P0529,Sunita A. Mehta,Indian,18-22,B_surface,2,2.4,1.9,6,"David H., 47, Full-time",A,True,A,True,True,4,8785
P0529,Sunita A. Mehta,Indian,18-22,B_surface,2,2.4,1.9,7,"Fatima A., 33, Contract",D,False,D,True,False,2,8585
P0529,Sunita A. Mehta,Indian,18-22,B_surface,2,2.4,1.9,8,"Tom B., 22, Full-time",D,True,D,True,True,4,15342
P0529,Sunita A. Mehta,Indian,18-22,B_surface,2,2.4,1.9,9,"Olga S., 38, Full-time",A,True,A,True,True,5,6362
P0529,Sunita A. Mehta,Indian,18-22,B_surface,2,2.4,1.9,10,"Chen W., 45, Part-time",A,False,D,False,True,3,22329
P0530,Natalie A. Lewis,British,23-27,C_counterfactual,2,3.9,4.8,1,"Sarah M., 34, Part-time",D,True,A,False,False,3,31590
P0530,Natalie A. Lewis,British,23-27,C_counterfactual,2,3.9,4.8,2,"James K., 28, Full-time",A,True,A,True,True,3,11093
P0530,Natalie A. Lewis,British,23-27,C_counterfactual,2,3.9,4.8,3,"Priya R., 41, Self-employed",D,False,A,False,True,4,20813
P0530,Natalie A. Lewis,British,23-27,C_counterfactual,2,3.9,4.8,4,"Marcus T., 55, Part-time",D,True,D,True,True,4,13529
P0530,Natalie A. Lewis,British,23-27,C_counterfactual,2,3.9,4.8,5,"Anika P., 29, Full-time",D,True,A,False,False,3,21770
P0530,Natalie A. Lewis,British,23-27,C_counterfactual,2,3.9,4.8,6,"David H., 47, Full-time",A,True,A,True,True,4,15770
P0530,Natalie A. Lewis,British,23-27,C_counterfactual,2,3.9,4.8,7,"Fatima A., 33, Contract",D,False,D,True,False,3,27361
P0530,Natalie A. Lewis,British,23-27,C_counterfactual,2,3.9,4.8,8,"Tom B., 22, Full-time",D,True,D,True,True,3,10862
P0530,Natalie A. Lewis,British,23-27,C_counterfactual,2,3.9,4.8,9,"Olga S., 38, Full-time",A,True,D,False,False,3,21116
P0530,Natalie A. Lewis,British,23-27,C_counterfactual,2,3.9,4.8,10,"Chen W., 45, Part-time",A,False,D,False,True,3,19710
P0531,Asma Begum,Bangladeshi,23-27,A_no_explanation,2,2.5,4.2,1,"Sarah M., 34, Part-time",D,True,D,True,True,2,12799
P0531,Asma Begum,Bangladeshi,23-27,A_no_explanation,2,2.5,4.2,2,"James K., 28, Full-time",A,True,D,False,False,4,14889
P0531,Asma Begum,Bangladeshi,23-27,A_no_explanation,2,2.5,4.2,3,"Priya R., 41, Self-employed",D,False,D,True,False,5,7053
P0531,Asma Begum,Bangladeshi,23-27,A_no_explanation,2,2.5,4.2,4,"Marcus T., 55, Part-time",D,True,D,True,True,3,11022
P0531,Asma Begum,Bangladeshi,23-27,A_no_explanation,2,2.5,4.2,5,"Anika P., 29, Full-time",D,True,A,False,False,1,29005
P0531,Asma Begum,Bangladeshi,23-27,A_no_explanation,2,2.5,4.2,6,"David H., 47, Full-time",A,True,D,False,False,3,21469
P0531,Asma Begum,Bangladeshi,23-27,A_no_explanation,2,2.5,4.2,7,"Fatima A., 33, Contract",D,False,A,False,True,2,18047
P0531,Asma Begum,Bangladeshi,23-27,A_no_explanation,2,2.5,4.2,8,"Tom B., 22, Full-time",D,True,D,True,True,3,14505
P0531,Asma Begum,Bangladeshi,23-27,A_no_explanation,2,2.5,4.2,9,"Olga S., 38, Full-time",A,True,A,True,True,5,13468
P0531,Asma Begum,Bangladeshi,23-27,A_no_explanation,2,2.5,4.2,10,"Chen W., 45, Part-time",A,False,A,True,False,4,7124
P0532,Mahir Hossain,Bangladeshi,18-22,C_counterfactual,3,3.6,3.3,1,"Sarah M., 34, Part-time",D,True,D,True,True,2,14671
P0532,Mahir Hossain,Bangladeshi,18-22,C_counterfactual,3,3.6,3.3,2,"James K., 28, Full-time",A,True,D,False,False,3,23156
P0532,Mahir Hossain,Bangladeshi,18-22,C_counterfactual,3,3.6,3.3,3,"Priya R., 41, Self-employed",D,False,A,False,True,4,25289
P0532,Mahir Hossain,Bangladeshi,18-22,C_counterfactual,3,3.6,3.3,4,"Marcus T., 55, Part-time",D,True,A,False,False,2,20204
P0532,Mahir Hossain,Bangladeshi,18-22,C_counterfactual,3,3.6,3.3,5,"Anika P., 29, Full-time",D,True,D,True,True,4,12771
P0532,Mahir Hossain,Bangladeshi,18-22,C_counterfactual,3,3.6,3.3,6,"David H., 47, Full-time",A,True,D,False,False,3,21502
P0532,Mahir Hossain,Bangladeshi,18-22,C_counterfactual,3,3.6,3.3,7,"Fatima A., 33, Contract",D,False,A,False,True,1,30294
P0532,Mahir Hossain,Bangladeshi,18-22,C_counterfactual,3,3.6,3.3,8,"Tom B., 22, Full-time",D,True,D,True,True,1,20139
P0532,Mahir Hossain,Bangladeshi,18-22,C_counterfactual,3,3.6,3.3,9,"Olga S., 38, Full-time",A,True,D,False,False,4,23800
P0532,Mahir Hossain,Bangladeshi,18-22,C_counterfactual,3,3.6,3.3,10,"Chen W., 45, Part-time",A,False,A,True,False,4,16683
P0533,Hosne Ara,Bangladeshi,18-22,B_surface,1,2.8,2.6,1,"Sarah M., 34, Part-time",D,True,D,True,True,4,17633
P0533,Hosne Ara,Bangladeshi,18-22,B_surface,1,2.8,2.6,2,"James K., 28, Full-time",A,True,A,True,True,3,12552
P0533,Hosne Ara,Bangladeshi,18-22,B_surface,1,2.8,2.6,3,"Priya R., 41, Self-employed",D,False,A,False,True,3,16373
P0533,Hosne Ara,Bangladeshi,18-22,B_surface,1,2.8,2.6,4,"Marcus T., 55, Part-time",D,True,D,True,True,2,17782
P0533,Hosne Ara,Bangladeshi,18-22,B_surface,1,2.8,2.6,5,"Anika P., 29, Full-time",D,True,A,False,False,4,16501
P0533,Hosne Ara,Bangladeshi,18-22,B_surface,1,2.8,2.6,6,"David H., 47, Full-time",A,True,A,True,True,3,12198
P0533,Hosne Ara,Bangladeshi,18-22,B_surface,1,2.8,2.6,7,"Fatima A., 33, Contract",D,False,D,True,False,4,10641
P0533,Hosne Ara,Bangladeshi,18-22,B_surface,1,2.8,2.6,8,"Tom B., 22, Full-time",D,True,D,True,True,3,16363
P0533,Hosne Ara,Bangladeshi,18-22,B_surface,1,2.8,2.6,9,"Olga S., 38, Full-time",A,True,D,False,False,2,18877
P0533,Hosne Ara,Bangladeshi,18-22,B_surface,1,2.8,2.6,10,"Chen W., 45, Part-time",A,False,A,True,False,4,12673
P0534,Rabeya Begum,Bangladeshi,18-22,C_counterfactual,3,3.1,3.1,1,"Sarah M., 34, Part-time",D,True,A,False,False,3,23470
P0534,Rabeya Begum,Bangladeshi,18-22,C_counterfactual,3,3.1,3.1,2,"James K., 28, Full-time",A,True,A,True,True,3,14515
P0534,Rabeya Begum,Bangladeshi,18-22,C_counterfactual,3,3.1,3.1,3,"Priya R., 41, Self-employed",D,False,A,False,True,4,24544
P0534,Rabeya Begum,Bangladeshi,18-22,C_counterfactual,3,3.1,3.1,4,"Marcus T., 55, Part-time",D,True,D,True,True,4,13156
P0534,Rabeya Begum,Bangladeshi,18-22,C_counterfactual,3,3.1,3.1,5,"Anika P., 29, Full-time",D,True,D,True,True,4,16170
P0534,Rabeya Begum,Bangladeshi,18-22,C_counterfactual,3,3.1,3.1,6,"David H., 47, Full-time",A,True,D,False,False,3,23466
P0534,Rabeya Begum,Bangladeshi,18-22,C_counterfactual,3,3.1,3.1,7,"Fatima A., 33, Contract",D,False,A,False,True,3,26111
P0534,Rabeya Begum,Bangladeshi,18-22,C_counterfactual,3,3.1,3.1,8,"Tom B., 22, Full-time",D,True,D,True,True,1,9606
P0534,Rabeya Begum,Bangladeshi,18-22,C_counterfactual,3,3.1,3.1,9,"Olga S., 38, Full-time",A,True,A,True,True,4,15065
P0534,Rabeya Begum,Bangladeshi,18-22,C_counterfactual,3,3.1,3.1,10,"Chen W., 45, Part-time",A,False,A,True,False,4,15393
P0535,Imtiaz Ahmed,Bangladeshi,23-27,C_counterfactual,3,2.0,4.0,1,"Sarah M., 34, Part-time",D,True,D,True,True,3,16791
P0535,Imtiaz Ahmed,Bangladeshi,23-27,C_counterfactual,3,2.0,4.0,2,"James K., 28, Full-time",A,True,D,False,False,3,18672
P0535,Imtiaz Ahmed,Bangladeshi,23-27,C_counterfactual,3,2.0,4.0,3,"Priya R., 41, Self-employed",D,False,A,False,True,4,21713
P0535,Imtiaz Ahmed,Bangladeshi,23-27,C_counterfactual,3,2.0,4.0,4,"Marcus T., 55, Part-time",D,True,D,True,True,4,12942
P0535,Imtiaz Ahmed,Bangladeshi,23-27,C_counterfactual,3,2.0,4.0,5,"Anika P., 29, Full-time",D,True,A,False,False,3,20903
P0535,Imtiaz Ahmed,Bangladeshi,23-27,C_counterfactual,3,2.0,4.0,6,"David H., 47, Full-time",A,True,A,True,True,4,15867
P0535,Imtiaz Ahmed,Bangladeshi,23-27,C_counterfactual,3,2.0,4.0,7,"Fatima A., 33, Contract",D,False,A,False,True,4,24168
P0535,Imtiaz Ahmed,Bangladeshi,23-27,C_counterfactual,3,2.0,4.0,8,"Tom B., 22, Full-time",D,True,A,False,False,1,21812
P0535,Imtiaz Ahmed,Bangladeshi,23-27,C_counterfactual,3,2.0,4.0,9,"Olga S., 38, Full-time",A,True,A,True,True,3,18659
P0535,Imtiaz Ahmed,Bangladeshi,23-27,C_counterfactual,3,2.0,4.0,10,"Chen W., 45, Part-time",A,False,D,False,True,4,25561
P0536,Saifur Rahman,Bangladeshi,28-32,B_surface,1,2.4,2.5,1,"Sarah M., 34, Part-time",D,True,D,True,True,3,19846
P0536,Saifur Rahman,Bangladeshi,28-32,B_surface,1,2.4,2.5,2,"James K., 28, Full-time",A,True,D,False,False,2,18373
P0536,Saifur Rahman,Bangladeshi,28-32,B_surface,1,2.4,2.5,3,"Priya R., 41, Self-employed",D,False,D,True,False,3,12852
P0536,Saifur Rahman,Bangladeshi,28-32,B_surface,1,2.4,2.5,4,"Marcus T., 55, Part-time",D,True,A,False,False,1,25493
P0536,Saifur Rahman,Bangladeshi,28-32,B_surface,1,2.4,2.5,5,"Anika P., 29, Full-time",D,True,D,True,True,4,13586
P0536,Saifur Rahman,Bangladeshi,28-32,B_surface,1,2.4,2.5,6,"David H., 47, Full-time",A,True,A,True,True,4,9833
P0536,Saifur Rahman,Bangladeshi,28-32,B_surface,1,2.4,2.5,7,"Fatima A., 33, Contract",D,False,A,False,True,3,22203
P0536,Saifur Rahman,Bangladeshi,28-32,B_surface,1,2.4,2.5,8,"Tom B., 22, Full-time",D,True,D,True,True,3,12979
P0536,Saifur Rahman,Bangladeshi,28-32,B_surface,1,2.4,2.5,9,"Olga S., 38, Full-time",A,True,D,False,False,3,17014
P0536,Saifur Rahman,Bangladeshi,28-32,B_surface,1,2.4,2.5,10,"Chen W., 45, Part-time",A,False,A,True,False,4,15151
P0537,James Wilson,British,23-27,B_surface,3,2.8,2.1,1,"Sarah M., 34, Part-time",D,True,D,True,True,4,19339
P0537,James Wilson,British,23-27,B_surface,3,2.8,2.1,2,"James K., 28, Full-time",A,True,A,True,True,4,17993
P0537,James Wilson,British,23-27,B_surface,3,2.8,2.1,3,"Priya R., 41, Self-employed",D,False,D,True,False,3,13872
P0537,James Wilson,British,23-27,B_surface,3,2.8,2.1,4,"Marcus T., 55, Part-time",D,True,A,False,False,1,20200
P0537,James Wilson,British,23-27,B_surface,3,2.8,2.1,5,"Anika P., 29, Full-time",D,True,D,True,True,4,14148
P0537,James Wilson,British,23-27,B_surface,3,2.8,2.1,6,"David H., 47, Full-time",A,True,A,True,True,4,20201
P0537,James Wilson,British,23-27,B_surface,3,2.8,2.1,7,"Fatima A., 33, Contract",D,False,D,True,False,3,16440
P0537,James Wilson,British,23-27,B_surface,3,2.8,2.1,8,"Tom B., 22, Full-time",D,True,D,True,True,2,13929
P0537,James Wilson,British,23-27,B_surface,3,2.8,2.1,9,"Olga S., 38, Full-time",A,True,D,False,False,3,14911
P0537,James Wilson,British,23-27,B_surface,3,2.8,2.1,10,"Chen W., 45, Part-time",A,False,D,False,True,2,13709
P0538,Radha A. Pandey,Indian,23-27,A_no_explanation,1,4.3,2.3,1,"Sarah M., 34, Part-time",D,True,A,False,False,3,25734
P0538,Radha A. Pandey,Indian,23-27,A_no_explanation,1,4.3,2.3,2,"James K., 28, Full-time",A,True,D,False,False,2,14012
P0538,Radha A. Pandey,Indian,23-27,A_no_explanation,1,4.3,2.3,3,"Priya R., 41, Self-employed",D,False,D,True,False,3,9804
P0538,Radha A. Pandey,Indian,23-27,A_no_explanation,1,4.3,2.3,4,"Marcus T., 55, Part-time",D,True,A,False,False,2,23926
P0538,Radha A. Pandey,Indian,23-27,A_no_explanation,1,4.3,2.3,5,"Anika P., 29, Full-time",D,True,A,False,False,3,24617
P0538,Radha A. Pandey,Indian,23-27,A_no_explanation,1,4.3,2.3,6,"David H., 47, Full-time",A,True,A,True,True,3,11304
P0538,Radha A. Pandey,Indian,23-27,A_no_explanation,1,4.3,2.3,7,"Fatima A., 33, Contract",D,False,D,True,False,4,8129
P0538,Radha A. Pandey,Indian,23-27,A_no_explanation,1,4.3,2.3,8,"Tom B., 22, Full-time",D,True,D,True,True,2,9930
P0538,Radha A. Pandey,Indian,23-27,A_no_explanation,1,4.3,2.3,9,"Olga S., 38, Full-time",A,True,A,True,True,4,14259
P0538,Radha A. Pandey,Indian,23-27,A_no_explanation,1,4.3,2.3,10,"Chen W., 45, Part-time",A,False,A,True,False,3,12477
P0539,Laila A. Chaudhry,Pakistani,18-22,B_surface,1,2.6,4.9,1,"Sarah M., 34, Part-time",D,True,D,True,True,2,22921
P0539,Laila A. Chaudhry,Pakistani,18-22,B_surface,1,2.6,4.9,2,"James K., 28, Full-time",A,True,A,True,True,3,14405
P0539,Laila A. Chaudhry,Pakistani,18-22,B_surface,1,2.6,4.9,3,"Priya R., 41, Self-employed",D,False,D,True,False,4,8833
P0539,Laila A. Chaudhry,Pakistani,18-22,B_surface,1,2.6,4.9,4,"Marcus T., 55, Part-time",D,True,D,True,True,4,14074
P0539,Laila A. Chaudhry,Pakistani,18-22,B_surface,1,2.6,4.9,5,"Anika P., 29, Full-time",D,True,A,False,False,3,26564
P0539,Laila A. Chaudhry,Pakistani,18-22,B_surface,1,2.6,4.9,6,"David H., 47, Full-time",A,True,D,False,False,3,18611
P0539,Laila A. Chaudhry,Pakistani,18-22,B_surface,1,2.6,4.9,7,"Fatima A., 33, Contract",D,False,D,True,False,4,16801
P0539,Laila A. Chaudhry,Pakistani,18-22,B_surface,1,2.6,4.9,8,"Tom B., 22, Full-time",D,True,A,False,False,2,15935
P0539,Laila A. Chaudhry,Pakistani,18-22,B_surface,1,2.6,4.9,9,"Olga S., 38, Full-time",A,True,D,False,False,2,20322
P0539,Laila A. Chaudhry,Pakistani,18-22,B_surface,1,2.6,4.9,10,"Chen W., 45, Part-time",A,False,A,True,False,3,12737
P0540,Jessica A. Mitchell,British,28-32,B_surface,2,1.6,2.8,1,"Sarah M., 34, Part-time",D,True,D,True,True,2,12249
P0540,Jessica A. Mitchell,British,28-32,B_surface,2,1.6,2.8,2,"James K., 28, Full-time",A,True,D,False,False,3,16556
P0540,Jessica A. Mitchell,British,28-32,B_surface,2,1.6,2.8,3,"Priya R., 41, Self-employed",D,False,A,False,True,3,24215
P0540,Jessica A. Mitchell,British,28-32,B_surface,2,1.6,2.8,4,"Marcus T., 55, Part-time",D,True,A,False,False,3,21564
P0540,Jessica A. Mitchell,British,28-32,B_surface,2,1.6,2.8,5,"Anika P., 29, Full-time",D,True,A,False,False,3,23595
P0540,Jessica A. Mitchell,British,28-32,B_surface,2,1.6,2.8,6,"David H., 47, Full-time",A,True,A,True,True,4,8975
P0540,Jessica A. Mitchell,British,28-32,B_surface,2,1.6,2.8,7,"Fatima A., 33, Contract",D,False,D,True,False,2,12083
P0540,Jessica A. Mitchell,British,28-32,B_surface,2,1.6,2.8,8,"Tom B., 22, Full-time",D,True,D,True,True,2,16624
P0540,Jessica A. Mitchell,British,28-32,B_surface,2,1.6,2.8,9,"Olga S., 38, Full-time",A,True,A,True,True,3,13587
P0540,Jessica A. Mitchell,British,28-32,B_surface,2,1.6,2.8,10,"Chen W., 45, Part-time",A,False,D,False,True,3,19861
P0541,Hui Yang,Chinese,23-27,C_counterfactual,1,3.8,3.9,1,"Sarah M., 34, Part-time",D,True,D,True,True,4,17296
P0541,Hui Yang,Chinese,23-27,C_counterfactual,1,3.8,3.9,2,"James K., 28, Full-time",A,True,A,True,True,2,14645
P0541,Hui Yang,Chinese,23-27,C_counterfactual,1,3.8,3.9,3,"Priya R., 41, Self-employed",D,False,A,False,True,3,23113
P0541,Hui Yang,Chinese,23-27,C_counterfactual,1,3.8,3.9,4,"Marcus T., 55, Part-time",D,True,D,True,True,4,18341
P0541,Hui Yang,Chinese,23-27,C_counterfactual,1,3.8,3.9,5,"Anika P., 29, Full-time",D,True,D,True,True,5,14458
P0541,Hui Yang,Chinese,23-27,C_counterfactual,1,3.8,3.9,6,"David H., 47, Full-time",A,True,D,False,False,2,23489
P0541,Hui Yang,Chinese,23-27,C_counterfactual,1,3.8,3.9,7,"Fatima A., 33, Contract",D,False,D,True,False,4,14921
P0541,Hui Yang,Chinese,23-27,C_counterfactual,1,3.8,3.9,8,"Tom B., 22, Full-time",D,True,D,True,True,4,17036
P0541,Hui Yang,Chinese,23-27,C_counterfactual,1,3.8,3.9,9,"Olga S., 38, Full-time",A,True,A,True,True,3,3214
P0541,Hui Yang,Chinese,23-27,C_counterfactual,1,3.8,3.9,10,"Chen W., 45, Part-time",A,False,D,False,True,2,27987
P0542,Shayla Akter,Bangladeshi,18-22,A_no_explanation,3,4.2,2.5,1,"Sarah M., 34, Part-time",D,True,D,True,True,3,15881
P0542,Shayla Akter,Bangladeshi,18-22,A_no_explanation,3,4.2,2.5,2,"James K., 28, Full-time",A,True,D,False,False,2,17705
P0542,Shayla Akter,Bangladeshi,18-22,A_no_explanation,3,4.2,2.5,3,"Priya R., 41, Self-employed",D,False,A,False,True,4,21700
P0542,Shayla Akter,Bangladeshi,18-22,A_no_explanation,3,4.2,2.5,4,"Marcus T., 55, Part-time",D,True,D,True,True,3,10215
P0542,Shayla Akter,Bangladeshi,18-22,A_no_explanation,3,4.2,2.5,5,"Anika P., 29, Full-time",D,True,D,True,True,2,14087
P0542,Shayla Akter,Bangladeshi,18-22,A_no_explanation,3,4.2,2.5,6,"David H., 47, Full-time",A,True,A,True,True,4,15770
P0542,Shayla Akter,Bangladeshi,18-22,A_no_explanation,3,4.2,2.5,7,"Fatima A., 33, Contract",D,False,A,False,True,3,19205
P0542,Shayla Akter,Bangladeshi,18-22,A_no_explanation,3,4.2,2.5,8,"Tom B., 22, Full-time",D,True,A,False,False,2,22218
P0542,Shayla Akter,Bangladeshi,18-22,A_no_explanation,3,4.2,2.5,9,"Olga S., 38, Full-time",A,True,D,False,False,3,17255
P0542,Shayla Akter,Bangladeshi,18-22,A_no_explanation,3,4.2,2.5,10,"Chen W., 45, Part-time",A,False,A,True,False,5,4249
P0543,Syafiq A. Ramli,Malaysian,23-27,C_counterfactual,0,2.7,3.3,1,"Sarah M., 34, Part-time",D,True,D,True,True,4,20112
P0543,Syafiq A. Ramli,Malaysian,23-27,C_counterfactual,0,2.7,3.3,2,"James K., 28, Full-time",A,True,D,False,False,4,22215
P0543,Syafiq A. Ramli,Malaysian,23-27,C_counterfactual,0,2.7,3.3,3,"Priya R., 41, Self-employed",D,False,A,False,True,3,24156
P0543,Syafiq A. Ramli,Malaysian,23-27,C_counterfactual,0,2.7,3.3,4,"Marcus T., 55, Part-time",D,True,D,True,True,3,18601
P0543,Syafiq A. Ramli,Malaysian,23-27,C_counterfactual,0,2.7,3.3,5,"Anika P., 29, Full-time",D,True,D,True,True,2,15317
P0543,Syafiq A. Ramli,Malaysian,23-27,C_counterfactual,0,2.7,3.3,6,"David H., 47, Full-time",A,True,A,True,True,3,9948
P0543,Syafiq A. Ramli,Malaysian,23-27,C_counterfactual,0,2.7,3.3,7,"Fatima A., 33, Contract",D,False,A,False,True,3,16728
P0543,Syafiq A. Ramli,Malaysian,23-27,C_counterfactual,0,2.7,3.3,8,"Tom B., 22, Full-time",D,True,A,False,False,3,22565
P0543,Syafiq A. Ramli,Malaysian,23-27,C_counterfactual,0,2.7,3.3,9,"Olga S., 38, Full-time",A,True,A,True,True,3,23624
P0543,Syafiq A. Ramli,Malaysian,23-27,C_counterfactual,0,2.7,3.3,10,"Chen W., 45, Part-time",A,False,D,False,True,4,19998
P0544,Harry A. Johnson,British,33-40,C_counterfactual,1,3.1,4.5,1,"Sarah M., 34, Part-time",D,True,D,True,True,4,16492
P0544,Harry A. Johnson,British,33-40,C_counterfactual,1,3.1,4.5,2,"James K., 28, Full-time",A,True,D,False,False,3,20128
P0544,Harry A. Johnson,British,33-40,C_counterfactual,1,3.1,4.5,3,"Priya R., 41, Self-employed",D,False,A,False,True,3,21421
P0544,Harry A. Johnson,British,33-40,C_counterfactual,1,3.1,4.5,4,"Marcus T., 55, Part-time",D,True,D,True,True,3,16718
P0544,Harry A. Johnson,British,33-40,C_counterfactual,1,3.1,4.5,5,"Anika P., 29, Full-time",D,True,A,False,False,5,23580
P0544,Harry A. Johnson,British,33-40,C_counterfactual,1,3.1,4.5,6,"David H., 47, Full-time",A,True,A,True,True,3,9073
P0544,Harry A. Johnson,British,33-40,C_counterfactual,1,3.1,4.5,7,"Fatima A., 33, Contract",D,False,A,False,True,3,26292
P0544,Harry A. Johnson,British,33-40,C_counterfactual,1,3.1,4.5,8,"Tom B., 22, Full-time",D,True,A,False,False,3,23433
P0544,Harry A. Johnson,British,33-40,C_counterfactual,1,3.1,4.5,9,"Olga S., 38, Full-time",A,True,A,True,True,3,16255
P0544,Harry A. Johnson,British,33-40,C_counterfactual,1,3.1,4.5,10,"Chen W., 45, Part-time",A,False,D,False,True,3,19191
P0545,Lima Akter,Bangladeshi,18-22,C_counterfactual,2,3.4,2.2,1,"Sarah M., 34, Part-time",D,True,D,True,True,3,18610
P0545,Lima Akter,Bangladeshi,18-22,C_counterfactual,2,3.4,2.2,2,"James K., 28, Full-time",A,True,A,True,True,3,14659
P0545,Lima Akter,Bangladeshi,18-22,C_counterfactual,2,3.4,2.2,3,"Priya R., 41, Self-employed",D,False,A,False,True,3,26472
P0545,Lima Akter,Bangladeshi,18-22,C_counterfactual,2,3.4,2.2,4,"Marcus T., 55, Part-time",D,True,D,True,True,3,16710
P0545,Lima Akter,Bangladeshi,18-22,C_counterfactual,2,3.4,2.2,5,"Anika P., 29, Full-time",D,True,A,False,False,4,24947
P0545,Lima Akter,Bangladeshi,18-22,C_counterfactual,2,3.4,2.2,6,"David H., 47, Full-time",A,True,D,False,False,4,26301
P0545,Lima Akter,Bangladeshi,18-22,C_counterfactual,2,3.4,2.2,7,"Fatima A., 33, Contract",D,False,D,True,False,4,21871
P0545,Lima Akter,Bangladeshi,18-22,C_counterfactual,2,3.4,2.2,8,"Tom B., 22, Full-time",D,True,D,True,True,2,16488
P0545,Lima Akter,Bangladeshi,18-22,C_counterfactual,2,3.4,2.2,9,"Olga S., 38, Full-time",A,True,D,False,False,3,25767
P0545,Lima Akter,Bangladeshi,18-22,C_counterfactual,2,3.4,2.2,10,"Chen W., 45, Part-time",A,False,D,False,True,3,22136
P0546,Camila Ferreira,Other,23-27,A_no_explanation,1,1.6,4.3,1,"Sarah M., 34, Part-time",D,True,D,True,True,4,18440
P0546,Camila Ferreira,Other,23-27,A_no_explanation,1,1.6,4.3,2,"James K., 28, Full-time",A,True,D,False,False,3,16070
P0546,Camila Ferreira,Other,23-27,A_no_explanation,1,1.6,4.3,3,"Priya R., 41, Self-employed",D,False,A,False,True,2,17543
P0546,Camila Ferreira,Other,23-27,A_no_explanation,1,1.6,4.3,4,"Marcus T., 55, Part-time",D,True,A,False,False,3,17567
P0546,Camila Ferreira,Other,23-27,A_no_explanation,1,1.6,4.3,5,"Anika P., 29, Full-time",D,True,D,True,True,4,12358
P0546,Camila Ferreira,Other,23-27,A_no_explanation,1,1.6,4.3,6,"David H., 47, Full-time",A,True,D,False,False,4,23802
P0546,Camila Ferreira,Other,23-27,A_no_explanation,1,1.6,4.3,7,"Fatima A., 33, Contract",D,False,D,True,False,4,12362
P0546,Camila Ferreira,Other,23-27,A_no_explanation,1,1.6,4.3,8,"Tom B., 22, Full-time",D,True,D,True,True,2,7533
P0546,Camila Ferreira,Other,23-27,A_no_explanation,1,1.6,4.3,9,"Olga S., 38, Full-time",A,True,D,False,False,3,16883
P0546,Camila Ferreira,Other,23-27,A_no_explanation,1,1.6,4.3,10,"Chen W., 45, Part-time",A,False,D,False,True,3,22863
P0547,Sarwar Hossain,Bangladeshi,23-27,B_surface,3,2.7,2.3,1,"Sarah M., 34, Part-time",D,True,D,True,True,3,15445
P0547,Sarwar Hossain,Bangladeshi,23-27,B_surface,3,2.7,2.3,2,"James K., 28, Full-time",A,True,A,True,True,4,14124
P0547,Sarwar Hossain,Bangladeshi,23-27,B_surface,3,2.7,2.3,3,"Priya R., 41, Self-employed",D,False,D,True,False,3,15910
P0547,Sarwar Hossain,Bangladeshi,23-27,B_surface,3,2.7,2.3,4,"Marcus T., 55, Part-time",D,True,A,False,False,3,21543
P0547,Sarwar Hossain,Bangladeshi,23-27,B_surface,3,2.7,2.3,5,"Anika P., 29, Full-time",D,True,A,False,False,3,19128
P0547,Sarwar Hossain,Bangladeshi,23-27,B_surface,3,2.7,2.3,6,"David H., 47, Full-time",A,True,D,False,False,2,15568
P0547,Sarwar Hossain,Bangladeshi,23-27,B_surface,3,2.7,2.3,7,"Fatima A., 33, Contract",D,False,A,False,True,2,16755
P0547,Sarwar Hossain,Bangladeshi,23-27,B_surface,3,2.7,2.3,8,"Tom B., 22, Full-time",D,True,A,False,False,3,21358
P0547,Sarwar Hossain,Bangladeshi,23-27,B_surface,3,2.7,2.3,9,"Olga S., 38, Full-time",A,True,A,True,True,4,14409
P0547,Sarwar Hossain,Bangladeshi,23-27,B_surface,3,2.7,2.3,10,"Chen W., 45, Part-time",A,False,A,True,False,3,16155
P0548,Kohinoor Begum,Bangladeshi,18-22,A_no_explanation,3,2.9,3.9,1,"Sarah M., 34, Part-time",D,True,A,False,False,2,26631
P0548,Kohinoor Begum,Bangladeshi,18-22,A_no_explanation,3,2.9,3.9,2,"James K., 28, Full-time",A,True,A,True,True,5,14859
P0548,Kohinoor Begum,Bangladeshi,18-22,A_no_explanation,3,2.9,3.9,3,"Priya R., 41, Self-employed",D,False,A,False,True,1,13106
P0548,Kohinoor Begum,Bangladeshi,18-22,A_no_explanation,3,2.9,3.9,4,"Marcus T., 55, Part-time",D,True,A,False,False,2,20212
P0548,Kohinoor Begum,Bangladeshi,18-22,A_no_explanation,3,2.9,3.9,5,"Anika P., 29, Full-time",D,True,D,True,True,4,7638
P0548,Kohinoor Begum,Bangladeshi,18-22,A_no_explanation,3,2.9,3.9,6,"David H., 47, Full-time",A,True,A,True,True,4,4898
P0548,Kohinoor Begum,Bangladeshi,18-22,A_no_explanation,3,2.9,3.9,7,"Fatima A., 33, Contract",D,False,D,True,False,5,19040
P0548,Kohinoor Begum,Bangladeshi,18-22,A_no_explanation,3,2.9,3.9,8,"Tom B., 22, Full-time",D,True,D,True,True,3,12835
P0548,Kohinoor Begum,Bangladeshi,18-22,A_no_explanation,3,2.9,3.9,9,"Olga S., 38, Full-time",A,True,D,False,False,3,19438
P0548,Kohinoor Begum,Bangladeshi,18-22,A_no_explanation,3,2.9,3.9,10,"Chen W., 45, Part-time",A,False,A,True,False,3,14113
P0549,Masud Rana,Bangladeshi,23-27,C_counterfactual,1,4.3,2.8,1,"Sarah M., 34, Part-time",D,True,A,False,False,3,18604
P0549,Masud Rana,Bangladeshi,23-27,C_counterfactual,1,4.3,2.8,2,"James K., 28, Full-time",A,True,A,True,True,4,19005
P0549,Masud Rana,Bangladeshi,23-27,C_counterfactual,1,4.3,2.8,3,"Priya R., 41, Self-employed",D,False,D,True,False,3,11661
P0549,Masud Rana,Bangladeshi,23-27,C_counterfactual,1,4.3,2.8,4,"Marcus T., 55, Part-time",D,True,D,True,True,2,21275
P0549,Masud Rana,Bangladeshi,23-27,C_counterfactual,1,4.3,2.8,5,"Anika P., 29, Full-time",D,True,A,False,False,3,20481
P0549,Masud Rana,Bangladeshi,23-27,C_counterfactual,1,4.3,2.8,6,"David H., 47, Full-time",A,True,D,False,False,3,22625
P0549,Masud Rana,Bangladeshi,23-27,C_counterfactual,1,4.3,2.8,7,"Fatima A., 33, Contract",D,False,A,False,True,3,16552
P0549,Masud Rana,Bangladeshi,23-27,C_counterfactual,1,4.3,2.8,8,"Tom B., 22, Full-time",D,True,A,False,False,4,20033
P0549,Masud Rana,Bangladeshi,23-27,C_counterfactual,1,4.3,2.8,9,"Olga S., 38, Full-time",A,True,A,True,True,3,16981
P0549,Masud Rana,Bangladeshi,23-27,C_counterfactual,1,4.3,2.8,10,"Chen W., 45, Part-time",A,False,D,False,True,4,25064
P0550,Meera A. Verma,Indian,23-27,B_surface,1,3.5,4.4,1,"Sarah M., 34, Part-time",D,True,D,True,True,4,12145
P0550,Meera A. Verma,Indian,23-27,B_surface,1,3.5,4.4,2,"James K., 28, Full-time",A,True,A,True,True,2,10941
P0550,Meera A. Verma,Indian,23-27,B_surface,1,3.5,4.4,3,"Priya R., 41, Self-employed",D,False,D,True,False,4,12356
P0550,Meera A. Verma,Indian,23-27,B_surface,1,3.5,4.4,4,"Marcus T., 55, Part-time",D,True,D,True,True,3,12928
P0550,Meera A. Verma,Indian,23-27,B_surface,1,3.5,4.4,5,"Anika P., 29, Full-time",D,True,A,False,False,3,21947
P0550,Meera A. Verma,Indian,23-27,B_surface,1,3.5,4.4,6,"David H., 47, Full-time",A,True,A,True,True,4,11827
P0550,Meera A. Verma,Indian,23-27,B_surface,1,3.5,4.4,7,"Fatima A., 33, Contract",D,False,D,True,False,4,11940
P0550,Meera A. Verma,Indian,23-27,B_surface,1,3.5,4.4,8,"Tom B., 22, Full-time",D,True,D,True,True,3,7995
P0550,Meera A. Verma,Indian,23-27,B_surface,1,3.5,4.4,9,"Olga S., 38, Full-time",A,True,A,True,True,3,13879
P0550,Meera A. Verma,Indian,23-27,B_surface,1,3.5,4.4,10,"Chen W., 45, Part-time",A,False,D,False,True,4,18112
P0551,Naimul Islam,Bangladeshi,23-27,B_surface,2,4.5,3.3,1,"Sarah M., 34, Part-time",D,True,D,True,True,2,9505
P0551,Naimul Islam,Bangladeshi,23-27,B_surface,2,4.5,3.3,2,"James K., 28, Full-time",A,True,A,True,True,3,9995
P0551,Naimul Islam,Bangladeshi,23-27,B_surface,2,4.5,3.3,3,"Priya R., 41, Self-employed",D,False,A,False,True,4,16316
P0551,Naimul Islam,Bangladeshi,23-27,B_surface,2,4.5,3.3,4,"Marcus T., 55, Part-time",D,True,D,True,True,2,12449
P0551,Naimul Islam,Bangladeshi,23-27,B_surface,2,4.5,3.3,5,"Anika P., 29, Full-time",D,True,D,True,True,3,11480
P0551,Naimul Islam,Bangladeshi,23-27,B_surface,2,4.5,3.3,6,"David H., 47, Full-time",A,True,A,True,True,3,7381
P0551,Naimul Islam,Bangladeshi,23-27,B_surface,2,4.5,3.3,7,"Fatima A., 33, Contract",D,False,A,False,True,3,18586
P0551,Naimul Islam,Bangladeshi,23-27,B_surface,2,4.5,3.3,8,"Tom B., 22, Full-time",D,True,D,True,True,3,12749
P0551,Naimul Islam,Bangladeshi,23-27,B_surface,2,4.5,3.3,9,"Olga S., 38, Full-time",A,True,A,True,True,4,12947
P0551,Naimul Islam,Bangladeshi,23-27,B_surface,2,4.5,3.3,10,"Chen W., 45, Part-time",A,False,A,True,False,3,12610
P0552,Rubayat Ahmed,Bangladeshi,23-27,A_no_explanation,2,3.2,1.7,1,"Sarah M., 34, Part-time",D,True,D,True,True,3,15700
P0552,Rubayat Ahmed,Bangladeshi,23-27,A_no_explanation,2,3.2,1.7,2,"James K., 28, Full-time",A,True,A,True,True,3,11749
P0552,Rubayat Ahmed,Bangladeshi,23-27,A_no_explanation,2,3.2,1.7,3,"Priya R., 41, Self-employed",D,False,D,True,False,3,12888
P0552,Rubayat Ahmed,Bangladeshi,23-27,A_no_explanation,2,3.2,1.7,4,"Marcus T., 55, Part-time",D,True,A,False,False,3,17746
P0552,Rubayat Ahmed,Bangladeshi,23-27,A_no_explanation,2,3.2,1.7,5,"Anika P., 29, Full-time",D,True,D,True,True,3,9573
P0552,Rubayat Ahmed,Bangladeshi,23-27,A_no_explanation,2,3.2,1.7,6,"David H., 47, Full-time",A,True,D,False,False,3,20829
P0552,Rubayat Ahmed,Bangladeshi,23-27,A_no_explanation,2,3.2,1.7,7,"Fatima A., 33, Contract",D,False,D,True,False,3,16063
P0552,Rubayat Ahmed,Bangladeshi,23-27,A_no_explanation,2,3.2,1.7,8,"Tom B., 22, Full-time",D,True,A,False,False,2,20607
P0552,Rubayat Ahmed,Bangladeshi,23-27,A_no_explanation,2,3.2,1.7,9,"Olga S., 38, Full-time",A,True,D,False,False,2,12182
P0552,Rubayat Ahmed,Bangladeshi,23-27,A_no_explanation,2,3.2,1.7,10,"Chen W., 45, Part-time",A,False,D,False,True,3,19205
P0553,Kavitha A. Nair,Indian,23-27,A_no_explanation,3,4.3,3.0,1,"Sarah M., 34, Part-time",D,True,D,True,True,4,13482
P0553,Kavitha A. Nair,Indian,23-27,A_no_explanation,3,4.3,3.0,2,"James K., 28, Full-time",A,True,A,True,True,3,9764
P0553,Kavitha A. Nair,Indian,23-27,A_no_explanation,3,4.3,3.0,3,"Priya R., 41, Self-employed",D,False,A,False,True,2,19277
P0553,Kavitha A. Nair,Indian,23-27,A_no_explanation,3,4.3,3.0,4,"Marcus T., 55, Part-time",D,True,D,True,True,3,10081
P0553,Kavitha A. Nair,Indian,23-27,A_no_explanation,3,4.3,3.0,5,"Anika P., 29, Full-time",D,True,D,True,True,3,7488
P0553,Kavitha A. Nair,Indian,23-27,A_no_explanation,3,4.3,3.0,6,"David H., 47, Full-time",A,True,A,True,True,4,13826
P0553,Kavitha A. Nair,Indian,23-27,A_no_explanation,3,4.3,3.0,7,"Fatima A., 33, Contract",D,False,D,True,False,3,10757
P0553,Kavitha A. Nair,Indian,23-27,A_no_explanation,3,4.3,3.0,8,"Tom B., 22, Full-time",D,True,D,True,True,3,15081
P0553,Kavitha A. Nair,Indian,23-27,A_no_explanation,3,4.3,3.0,9,"Olga S., 38, Full-time",A,True,A,True,True,3,11988
P0553,Kavitha A. Nair,Indian,23-27,A_no_explanation,3,4.3,3.0,10,"Chen W., 45, Part-time",A,False,D,False,True,2,23713
P0554,Yetunde Akinwale,Nigerian,23-27,B_surface,3,3.4,4.0,1,"Sarah M., 34, Part-time",D,True,D,True,True,3,18450
P0554,Yetunde Akinwale,Nigerian,23-27,B_surface,3,3.4,4.0,2,"James K., 28, Full-time",A,True,A,True,True,4,16610
P0554,Yetunde Akinwale,Nigerian,23-27,B_surface,3,3.4,4.0,3,"Priya R., 41, Self-employed",D,False,A,False,True,2,22210
P0554,Yetunde Akinwale,Nigerian,23-27,B_surface,3,3.4,4.0,4,"Marcus T., 55, Part-time",D,True,D,True,True,2,12761
P0554,Yetunde Akinwale,Nigerian,23-27,B_surface,3,3.4,4.0,5,"Anika P., 29, Full-time",D,True,D,True,True,3,8989
P0554,Yetunde Akinwale,Nigerian,23-27,B_surface,3,3.4,4.0,6,"David H., 47, Full-time",A,True,A,True,True,5,17516
P0554,Yetunde Akinwale,Nigerian,23-27,B_surface,3,3.4,4.0,7,"Fatima A., 33, Contract",D,False,A,False,True,3,19474
P0554,Yetunde Akinwale,Nigerian,23-27,B_surface,3,3.4,4.0,8,"Tom B., 22, Full-time",D,True,A,False,False,4,16037
P0554,Yetunde Akinwale,Nigerian,23-27,B_surface,3,3.4,4.0,9,"Olga S., 38, Full-time",A,True,A,True,True,3,13085
P0554,Yetunde Akinwale,Nigerian,23-27,B_surface,3,3.4,4.0,10,"Chen W., 45, Part-time",A,False,A,True,False,4,5763
P0555,Divya A. Pillai,Indian,23-27,B_surface,1,2.4,2.6,1,"Sarah M., 34, Part-time",D,True,D,True,True,4,19583
P0555,Divya A. Pillai,Indian,23-27,B_surface,1,2.4,2.6,2,"James K., 28, Full-time",A,True,A,True,True,4,12075
P0555,Divya A. Pillai,Indian,23-27,B_surface,1,2.4,2.6,3,"Priya R., 41, Self-employed",D,False,A,False,True,2,25115
P0555,Divya A. Pillai,Indian,23-27,B_surface,1,2.4,2.6,4,"Marcus T., 55, Part-time",D,True,D,True,True,3,11289
P0555,Divya A. Pillai,Indian,23-27,B_surface,1,2.4,2.6,5,"Anika P., 29, Full-time",D,True,D,True,True,2,18439
P0555,Divya A. Pillai,Indian,23-27,B_surface,1,2.4,2.6,6,"David H., 47, Full-time",A,True,D,False,False,2,20632
P0555,Divya A. Pillai,Indian,23-27,B_surface,1,2.4,2.6,7,"Fatima A., 33, Contract",D,False,D,True,False,5,6544
P0555,Divya A. Pillai,Indian,23-27,B_surface,1,2.4,2.6,8,"Tom B., 22, Full-time",D,True,A,False,False,2,18739
P0555,Divya A. Pillai,Indian,23-27,B_surface,1,2.4,2.6,9,"Olga S., 38, Full-time",A,True,D,False,False,4,15269
P0555,Divya A. Pillai,Indian,23-27,B_surface,1,2.4,2.6,10,"Chen W., 45, Part-time",A,False,D,False,True,4,19432
P0556,Rabia A. Hussain,Pakistani,33-40,B_surface,3,3.3,3.7,1,"Sarah M., 34, Part-time",D,True,D,True,True,5,18323
P0556,Rabia A. Hussain,Pakistani,33-40,B_surface,3,3.3,3.7,2,"James K., 28, Full-time",A,True,A,True,True,3,12928
P0556,Rabia A. Hussain,Pakistani,33-40,B_surface,3,3.3,3.7,3,"Priya R., 41, Self-employed",D,False,A,False,True,3,15669
P0556,Rabia A. Hussain,Pakistani,33-40,B_surface,3,3.3,3.7,4,"Marcus T., 55, Part-time",D,True,D,True,True,4,8687
P0556,Rabia A. Hussain,Pakistani,33-40,B_surface,3,3.3,3.7,5,"Anika P., 29, Full-time",D,True,D,True,True,3,10911
P0556,Rabia A. Hussain,Pakistani,33-40,B_surface,3,3.3,3.7,6,"David H., 47, Full-time",A,True,D,False,False,2,18875
P0556,Rabia A. Hussain,Pakistani,33-40,B_surface,3,3.3,3.7,7,"Fatima A., 33, Contract",D,False,D,True,False,3,9887
P0556,Rabia A. Hussain,Pakistani,33-40,B_surface,3,3.3,3.7,8,"Tom B., 22, Full-time",D,True,D,True,True,2,8703
P0556,Rabia A. Hussain,Pakistani,33-40,B_surface,3,3.3,3.7,9,"Olga S., 38, Full-time",A,True,A,True,True,3,13586
P0556,Rabia A. Hussain,Pakistani,33-40,B_surface,3,3.3,3.7,10,"Chen W., 45, Part-time",A,False,A,True,False,4,16150
P0557,Ahmed Hassan,Other,23-27,C_counterfactual,0,3.2,4.1,1,"Sarah M., 34, Part-time",D,True,A,False,False,3,29211
P0557,Ahmed Hassan,Other,23-27,C_counterfactual,0,3.2,4.1,2,"James K., 28, Full-time",A,True,A,True,True,4,16183
P0557,Ahmed Hassan,Other,23-27,C_counterfactual,0,3.2,4.1,3,"Priya R., 41, Self-employed",D,False,D,True,False,4,15528
P0557,Ahmed Hassan,Other,23-27,C_counterfactual,0,3.2,4.1,4,"Marcus T., 55, Part-time",D,True,A,False,False,3,25084
P0557,Ahmed Hassan,Other,23-27,C_counterfactual,0,3.2,4.1,5,"Anika P., 29, Full-time",D,True,D,True,True,3,13163
P0557,Ahmed Hassan,Other,23-27,C_counterfactual,0,3.2,4.1,6,"David H., 47, Full-time",A,True,D,False,False,4,24198
P0557,Ahmed Hassan,Other,23-27,C_counterfactual,0,3.2,4.1,7,"Fatima A., 33, Contract",D,False,A,False,True,4,25756
P0557,Ahmed Hassan,Other,23-27,C_counterfactual,0,3.2,4.1,8,"Tom B., 22, Full-time",D,True,A,False,False,3,25942
P0557,Ahmed Hassan,Other,23-27,C_counterfactual,0,3.2,4.1,9,"Olga S., 38, Full-time",A,True,D,False,False,3,28025
P0557,Ahmed Hassan,Other,23-27,C_counterfactual,0,3.2,4.1,10,"Chen W., 45, Part-time",A,False,A,True,False,5,15723
P0558,Shahid Ullah,Bangladeshi,23-27,B_surface,2,3.5,3.3,1,"Sarah M., 34, Part-time",D,True,A,False,False,4,25411
P0558,Shahid Ullah,Bangladeshi,23-27,B_surface,2,3.5,3.3,2,"James K., 28, Full-time",A,True,D,False,False,3,20599
P0558,Shahid Ullah,Bangladeshi,23-27,B_surface,2,3.5,3.3,3,"Priya R., 41, Self-employed",D,False,A,False,True,2,19564
P0558,Shahid Ullah,Bangladeshi,23-27,B_surface,2,3.5,3.3,4,"Marcus T., 55, Part-time",D,True,D,True,True,3,12976
P0558,Shahid Ullah,Bangladeshi,23-27,B_surface,2,3.5,3.3,5,"Anika P., 29, Full-time",D,True,A,False,False,3,24015
P0558,Shahid Ullah,Bangladeshi,23-27,B_surface,2,3.5,3.3,6,"David H., 47, Full-time",A,True,A,True,True,3,10844
P0558,Shahid Ullah,Bangladeshi,23-27,B_surface,2,3.5,3.3,7,"Fatima A., 33, Contract",D,False,A,False,True,4,25175
P0558,Shahid Ullah,Bangladeshi,23-27,B_surface,2,3.5,3.3,8,"Tom B., 22, Full-time",D,True,D,True,True,4,6045
P0558,Shahid Ullah,Bangladeshi,23-27,B_surface,2,3.5,3.3,9,"Olga S., 38, Full-time",A,True,A,True,True,3,8599
P0558,Shahid Ullah,Bangladeshi,23-27,B_surface,2,3.5,3.3,10,"Chen W., 45, Part-time",A,False,D,False,True,2,18717
P0559,Sujon Ahmed,Bangladeshi,23-27,B_surface,2,5.0,2.6,1,"Sarah M., 34, Part-time",D,True,A,False,False,3,25170
P0559,Sujon Ahmed,Bangladeshi,23-27,B_surface,2,5.0,2.6,2,"James K., 28, Full-time",A,True,A,True,True,3,12046
P0559,Sujon Ahmed,Bangladeshi,23-27,B_surface,2,5.0,2.6,3,"Priya R., 41, Self-employed",D,False,A,False,True,4,21794
P0559,Sujon Ahmed,Bangladeshi,23-27,B_surface,2,5.0,2.6,4,"Marcus T., 55, Part-time",D,True,D,True,True,4,9113
P0559,Sujon Ahmed,Bangladeshi,23-27,B_surface,2,5.0,2.6,5,"Anika P., 29, Full-time",D,True,D,True,True,2,10423
P0559,Sujon Ahmed,Bangladeshi,23-27,B_surface,2,5.0,2.6,6,"David H., 47, Full-time",A,True,A,True,True,4,6465
P0559,Sujon Ahmed,Bangladeshi,23-27,B_surface,2,5.0,2.6,7,"Fatima A., 33, Contract",D,False,D,True,False,4,10337
P0559,Sujon Ahmed,Bangladeshi,23-27,B_surface,2,5.0,2.6,8,"Tom B., 22, Full-time",D,True,D,True,True,3,15851
P0559,Sujon Ahmed,Bangladeshi,23-27,B_surface,2,5.0,2.6,9,"Olga S., 38, Full-time",A,True,A,True,True,2,8867
P0559,Sujon Ahmed,Bangladeshi,23-27,B_surface,2,5.0,2.6,10,"Chen W., 45, Part-time",A,False,D,False,True,3,23576
P0560,Ritu A. Gupta,Indian,23-27,C_counterfactual,1,4.5,2.8,1,"Sarah M., 34, Part-time",D,True,D,True,True,3,14213
P0560,Ritu A. Gupta,Indian,23-27,C_counterfactual,1,4.5,2.8,2,"James K., 28, Full-time",A,True,A,True,True,5,11264
P0560,Ritu A. Gupta,Indian,23-27,C_counterfactual,1,4.5,2.8,3,"Priya R., 41, Self-employed",D,False,A,False,True,3,19499
P0560,Ritu A. Gupta,Indian,23-27,C_counterfactual,1,4.5,2.8,4,"Marcus T., 55, Part-time",D,True,A,False,False,4,30461
P0560,Ritu A. Gupta,Indian,23-27,C_counterfactual,1,4.5,2.8,5,"Anika P., 29, Full-time",D,True,D,True,True,4,17461
P0560,Ritu A. Gupta,Indian,23-27,C_counterfactual,1,4.5,2.8,6,"David H., 47, Full-time",A,True,A,True,True,4,17019
P0560,Ritu A. Gupta,Indian,23-27,C_counterfactual,1,4.5,2.8,7,"Fatima A., 33, Contract",D,False,A,False,True,3,20332
P0560,Ritu A. Gupta,Indian,23-27,C_counterfactual,1,4.5,2.8,8,"Tom B., 22, Full-time",D,True,D,True,True,4,13432
P0560,Ritu A. Gupta,Indian,23-27,C_counterfactual,1,4.5,2.8,9,"Olga S., 38, Full-time",A,True,A,True,True,5,17844
P0560,Ritu A. Gupta,Indian,23-27,C_counterfactual,1,4.5,2.8,10,"Chen W., 45, Part-time",A,False,A,True,False,3,13374
P0561,Habibur Rahman,Bangladeshi,28-32,B_surface,1,4.6,3.0,1,"Sarah M., 34, Part-time",D,True,D,True,True,4,13860
P0561,Habibur Rahman,Bangladeshi,28-32,B_surface,1,4.6,3.0,2,"James K., 28, Full-time",A,True,D,False,False,3,23774
P0561,Habibur Rahman,Bangladeshi,28-32,B_surface,1,4.6,3.0,3,"Priya R., 41, Self-employed",D,False,D,True,False,3,14638
P0561,Habibur Rahman,Bangladeshi,28-32,B_surface,1,4.6,3.0,4,"Marcus T., 55, Part-time",D,True,D,True,True,2,16176
P0561,Habibur Rahman,Bangladeshi,28-32,B_surface,1,4.6,3.0,5,"Anika P., 29, Full-time",D,True,A,False,False,5,20235
P0561,Habibur Rahman,Bangladeshi,28-32,B_surface,1,4.6,3.0,6,"David H., 47, Full-time",A,True,D,False,False,3,19678
P0561,Habibur Rahman,Bangladeshi,28-32,B_surface,1,4.6,3.0,7,"Fatima A., 33, Contract",D,False,D,True,False,4,15294
P0561,Habibur Rahman,Bangladeshi,28-32,B_surface,1,4.6,3.0,8,"Tom B., 22, Full-time",D,True,A,False,False,2,20204
P0561,Habibur Rahman,Bangladeshi,28-32,B_surface,1,4.6,3.0,9,"Olga S., 38, Full-time",A,True,D,False,False,2,21540
P0561,Habibur Rahman,Bangladeshi,28-32,B_surface,1,4.6,3.0,10,"Chen W., 45, Part-time",A,False,D,False,True,3,17052
P0562,Leila Reza,Other,41-50,A_no_explanation,1,2.8,5.0,1,"Sarah M., 34, Part-time",D,True,D,True,True,3,17194
P0562,Leila Reza,Other,41-50,A_no_explanation,1,2.8,5.0,2,"James K., 28, Full-time",A,True,A,True,True,4,13401
P0562,Leila Reza,Other,41-50,A_no_explanation,1,2.8,5.0,3,"Priya R., 41, Self-employed",D,False,D,True,False,3,17630
P0562,Leila Reza,Other,41-50,A_no_explanation,1,2.8,5.0,4,"Marcus T., 55, Part-time",D,True,D,True,True,1,11044
P0562,Leila Reza,Other,41-50,A_no_explanation,1,2.8,5.0,5,"Anika P., 29, Full-time",D,True,D,True,True,3,8204
P0562,Leila Reza,Other,41-50,A_no_explanation,1,2.8,5.0,6,"David H., 47, Full-time",A,True,A,True,True,3,7010
P0562,Leila Reza,Other,41-50,A_no_explanation,1,2.8,5.0,7,"Fatima A., 33, Contract",D,False,D,True,False,2,12312
P0562,Leila Reza,Other,41-50,A_no_explanation,1,2.8,5.0,8,"Tom B., 22, Full-time",D,True,D,True,True,2,12518
P0562,Leila Reza,Other,41-50,A_no_explanation,1,2.8,5.0,9,"Olga S., 38, Full-time",A,True,D,False,False,2,15396
P0562,Leila Reza,Other,41-50,A_no_explanation,1,2.8,5.0,10,"Chen W., 45, Part-time",A,False,D,False,True,3,22276
P0563,Sophie A. Walker,British,33-40,A_no_explanation,2,1.0,3.9,1,"Sarah M., 34, Part-time",D,True,D,True,True,3,21196
P0563,Sophie A. Walker,British,33-40,A_no_explanation,2,1.0,3.9,2,"James K., 28, Full-time",A,True,A,True,True,3,12866
P0563,Sophie A. Walker,British,33-40,A_no_explanation,2,1.0,3.9,3,"Priya R., 41, Self-employed",D,False,A,False,True,2,23086
P0563,Sophie A. Walker,British,33-40,A_no_explanation,2,1.0,3.9,4,"Marcus T., 55, Part-time",D,True,D,True,True,4,13756
P0563,Sophie A. Walker,British,33-40,A_no_explanation,2,1.0,3.9,5,"Anika P., 29, Full-time",D,True,D,True,True,4,9994
P0563,Sophie A. Walker,British,33-40,A_no_explanation,2,1.0,3.9,6,"David H., 47, Full-time",A,True,A,True,True,3,7791
P0563,Sophie A. Walker,British,33-40,A_no_explanation,2,1.0,3.9,7,"Fatima A., 33, Contract",D,False,D,True,False,3,11196
P0563,Sophie A. Walker,British,33-40,A_no_explanation,2,1.0,3.9,8,"Tom B., 22, Full-time",D,True,D,True,True,3,15785
P0563,Sophie A. Walker,British,33-40,A_no_explanation,2,1.0,3.9,9,"Olga S., 38, Full-time",A,True,A,True,True,3,15594
P0563,Sophie A. Walker,British,33-40,A_no_explanation,2,1.0,3.9,10,"Chen W., 45, Part-time",A,False,D,False,True,4,15459
P0564,Jing Zheng,Chinese,18-22,A_no_explanation,3,4.3,2.6,1,"Sarah M., 34, Part-time",D,True,D,True,True,3,13660
P0564,Jing Zheng,Chinese,18-22,A_no_explanation,3,4.3,2.6,2,"James K., 28, Full-time",A,True,D,False,False,3,17024
P0564,Jing Zheng,Chinese,18-22,A_no_explanation,3,4.3,2.6,3,"Priya R., 41, Self-employed",D,False,A,False,True,3,19431
P0564,Jing Zheng,Chinese,18-22,A_no_explanation,3,4.3,2.6,4,"Marcus T., 55, Part-time",D,True,A,False,False,3,20472
P0564,Jing Zheng,Chinese,18-22,A_no_explanation,3,4.3,2.6,5,"Anika P., 29, Full-time",D,True,A,False,False,1,16811
P0564,Jing Zheng,Chinese,18-22,A_no_explanation,3,4.3,2.6,6,"David H., 47, Full-time",A,True,A,True,True,4,14907
P0564,Jing Zheng,Chinese,18-22,A_no_explanation,3,4.3,2.6,7,"Fatima A., 33, Contract",D,False,D,True,False,4,8107
P0564,Jing Zheng,Chinese,18-22,A_no_explanation,3,4.3,2.6,8,"Tom B., 22, Full-time",D,True,D,True,True,3,9546
P0564,Jing Zheng,Chinese,18-22,A_no_explanation,3,4.3,2.6,9,"Olga S., 38, Full-time",A,True,A,True,True,3,7100
P0564,Jing Zheng,Chinese,18-22,A_no_explanation,3,4.3,2.6,10,"Chen W., 45, Part-time",A,False,A,True,False,3,9459
P0565,Shakibul A. Hasan,Bangladeshi,18-22,A_no_explanation,2,3.7,3.3,1,"Sarah M., 34, Part-time",D,True,D,True,True,3,14979
P0565,Shakibul A. Hasan,Bangladeshi,18-22,A_no_explanation,2,3.7,3.3,2,"James K., 28, Full-time",A,True,A,True,True,3,9594
P0565,Shakibul A. Hasan,Bangladeshi,18-22,A_no_explanation,2,3.7,3.3,3,"Priya R., 41, Self-employed",D,False,D,True,False,4,17202
P0565,Shakibul A. Hasan,Bangladeshi,18-22,A_no_explanation,2,3.7,3.3,4,"Marcus T., 55, Part-time",D,True,A,False,False,1,14107
P0565,Shakibul A. Hasan,Bangladeshi,18-22,A_no_explanation,2,3.7,3.3,5,"Anika P., 29, Full-time",D,True,D,True,True,2,18272
P0565,Shakibul A. Hasan,Bangladeshi,18-22,A_no_explanation,2,3.7,3.3,6,"David H., 47, Full-time",A,True,A,True,True,3,8220
P0565,Shakibul A. Hasan,Bangladeshi,18-22,A_no_explanation,2,3.7,3.3,7,"Fatima A., 33, Contract",D,False,A,False,True,2,27527
P0565,Shakibul A. Hasan,Bangladeshi,18-22,A_no_explanation,2,3.7,3.3,8,"Tom B., 22, Full-time",D,True,D,True,True,4,10632
P0565,Shakibul A. Hasan,Bangladeshi,18-22,A_no_explanation,2,3.7,3.3,9,"Olga S., 38, Full-time",A,True,A,True,True,4,12979
P0565,Shakibul A. Hasan,Bangladeshi,18-22,A_no_explanation,2,3.7,3.3,10,"Chen W., 45, Part-time",A,False,A,True,False,3,11293
P0566,Abigail A. Robinson,British,23-27,A_no_explanation,1,1.0,2.5,1,"Sarah M., 34, Part-time",D,True,D,True,True,3,11686
P0566,Abigail A. Robinson,British,23-27,A_no_explanation,1,1.0,2.5,2,"James K., 28, Full-time",A,True,A,True,True,4,13292
P0566,Abigail A. Robinson,British,23-27,A_no_explanation,1,1.0,2.5,3,"Priya R., 41, Self-employed",D,False,D,True,False,3,11285
P0566,Abigail A. Robinson,British,23-27,A_no_explanation,1,1.0,2.5,4,"Marcus T., 55, Part-time",D,True,A,False,False,3,24664
P0566,Abigail A. Robinson,British,23-27,A_no_explanation,1,1.0,2.5,5,"Anika P., 29, Full-time",D,True,D,True,True,2,8266
P0566,Abigail A. Robinson,British,23-27,A_no_explanation,1,1.0,2.5,6,"David H., 47, Full-time",A,True,A,True,True,4,7711
P0566,Abigail A. Robinson,British,23-27,A_no_explanation,1,1.0,2.5,7,"Fatima A., 33, Contract",D,False,D,True,False,2,15637
P0566,Abigail A. Robinson,British,23-27,A_no_explanation,1,1.0,2.5,8,"Tom B., 22, Full-time",D,True,A,False,False,2,16303
P0566,Abigail A. Robinson,British,23-27,A_no_explanation,1,1.0,2.5,9,"Olga S., 38, Full-time",A,True,A,True,True,1,15130
P0566,Abigail A. Robinson,British,23-27,A_no_explanation,1,1.0,2.5,10,"Chen W., 45, Part-time",A,False,A,True,False,4,13732
P0567,Lutfa A. Begum,Bangladeshi,18-22,A_no_explanation,3,3.9,5.0,1,"Sarah M., 34, Part-time",D,True,D,True,True,2,18544
P0567,Lutfa A. Begum,Bangladeshi,18-22,A_no_explanation,3,3.9,5.0,2,"James K., 28, Full-time",A,True,A,True,True,2,11118
P0567,Lutfa A. Begum,Bangladeshi,18-22,A_no_explanation,3,3.9,5.0,3,"Priya R., 41, Self-employed",D,False,A,False,True,3,16300
P0567,Lutfa A. Begum,Bangladeshi,18-22,A_no_explanation,3,3.9,5.0,4,"Marcus T., 55, Part-time",D,True,D,True,True,3,9364
P0567,Lutfa A. Begum,Bangladeshi,18-22,A_no_explanation,3,3.9,5.0,5,"Anika P., 29, Full-time",D,True,D,True,True,3,15309
P0567,Lutfa A. Begum,Bangladeshi,18-22,A_no_explanation,3,3.9,5.0,6,"David H., 47, Full-time",A,True,A,True,True,3,11367
P0567,Lutfa A. Begum,Bangladeshi,18-22,A_no_explanation,3,3.9,5.0,7,"Fatima A., 33, Contract",D,False,A,False,True,2,23645
P0567,Lutfa A. Begum,Bangladeshi,18-22,A_no_explanation,3,3.9,5.0,8,"Tom B., 22, Full-time",D,True,A,False,False,3,16295
P0567,Lutfa A. Begum,Bangladeshi,18-22,A_no_explanation,3,3.9,5.0,9,"Olga S., 38, Full-time",A,True,D,False,False,3,17828
P0567,Lutfa A. Begum,Bangladeshi,18-22,A_no_explanation,3,3.9,5.0,10,"Chen W., 45, Part-time",A,False,A,True,False,4,14826
P0568,Syafiqah A. Ramli,Malaysian,18-22,B_surface,1,3.0,3.9,1,"Sarah M., 34, Part-time",D,True,D,True,True,3,15095
P0568,Syafiqah A. Ramli,Malaysian,18-22,B_surface,1,3.0,3.9,2,"James K., 28, Full-time",A,True,A,True,True,3,7718
P0568,Syafiqah A. Ramli,Malaysian,18-22,B_surface,1,3.0,3.9,3,"Priya R., 41, Self-employed",D,False,A,False,True,4,16012
P0568,Syafiqah A. Ramli,Malaysian,18-22,B_surface,1,3.0,3.9,4,"Marcus T., 55, Part-time",D,True,D,True,True,4,20095
P0568,Syafiqah A. Ramli,Malaysian,18-22,B_surface,1,3.0,3.9,5,"Anika P., 29, Full-time",D,True,D,True,True,3,9087
P0568,Syafiqah A. Ramli,Malaysian,18-22,B_surface,1,3.0,3.9,6,"David H., 47, Full-time",A,True,D,False,False,4,20448
P0568,Syafiqah A. Ramli,Malaysian,18-22,B_surface,1,3.0,3.9,7,"Fatima A., 33, Contract",D,False,A,False,True,4,17239
P0568,Syafiqah A. Ramli,Malaysian,18-22,B_surface,1,3.0,3.9,8,"Tom B., 22, Full-time",D,True,A,False,False,4,24028
P0568,Syafiqah A. Ramli,Malaysian,18-22,B_surface,1,3.0,3.9,9,"Olga S., 38, Full-time",A,True,D,False,False,2,16929
P0568,Syafiqah A. Ramli,Malaysian,18-22,B_surface,1,3.0,3.9,10,"Chen W., 45, Part-time",A,False,A,True,False,3,13181
P0569,Isla A. Young,British,28-32,B_surface,1,2.6,2.9,1,"Sarah M., 34, Part-time",D,True,D,True,True,3,21296
P0569,Isla A. Young,British,28-32,B_surface,1,2.6,2.9,2,"James K., 28, Full-time",A,True,D,False,False,4,24294
P0569,Isla A. Young,British,28-32,B_surface,1,2.6,2.9,3,"Priya R., 41, Self-employed",D,False,D,True,False,3,10403
P0569,Isla A. Young,British,28-32,B_surface,1,2.6,2.9,4,"Marcus T., 55, Part-time",D,True,A,False,False,2,14391
P0569,Isla A. Young,British,28-32,B_surface,1,2.6,2.9,5,"Anika P., 29, Full-time",D,True,A,False,False,3,23933
P0569,Isla A. Young,British,28-32,B_surface,1,2.6,2.9,6,"David H., 47, Full-time",A,True,A,True,True,2,13521
P0569,Isla A. Young,British,28-32,B_surface,1,2.6,2.9,7,"Fatima A., 33, Contract",D,False,D,True,False,3,16844
P0569,Isla A. Young,British,28-32,B_surface,1,2.6,2.9,8,"Tom B., 22, Full-time",D,True,A,False,False,2,23385
P0569,Isla A. Young,British,28-32,B_surface,1,2.6,2.9,9,"Olga S., 38, Full-time",A,True,A,True,True,4,16037
P0569,Isla A. Young,British,28-32,B_surface,1,2.6,2.9,10,"Chen W., 45, Part-time",A,False,D,False,True,2,18886
P0570,Hasna A. Begum,Bangladeshi,23-27,C_counterfactual,2,4.0,3.9,1,"Sarah M., 34, Part-time",D,True,D,True,True,3,22160
P0570,Hasna A. Begum,Bangladeshi,23-27,C_counterfactual,2,4.0,3.9,2,"James K., 28, Full-time",A,True,A,True,True,4,11541
P0570,Hasna A. Begum,Bangladeshi,23-27,C_counterfactual,2,4.0,3.9,3,"Priya R., 41, Self-employed",D,False,A,False,True,3,27823
P0570,Hasna A. Begum,Bangladeshi,23-27,C_counterfactual,2,4.0,3.9,4,"Marcus T., 55, Part-time",D,True,D,True,True,4,18246
P0570,Hasna A. Begum,Bangladeshi,23-27,C_counterfactual,2,4.0,3.9,5,"Anika P., 29, Full-time",D,True,D,True,True,3,18140
P0570,Hasna A. Begum,Bangladeshi,23-27,C_counterfactual,2,4.0,3.9,6,"David H., 47, Full-time",A,True,A,True,True,3,12091
P0570,Hasna A. Begum,Bangladeshi,23-27,C_counterfactual,2,4.0,3.9,7,"Fatima A., 33, Contract",D,False,A,False,True,1,25994
P0570,Hasna A. Begum,Bangladeshi,23-27,C_counterfactual,2,4.0,3.9,8,"Tom B., 22, Full-time",D,True,A,False,False,3,17672
P0570,Hasna A. Begum,Bangladeshi,23-27,C_counterfactual,2,4.0,3.9,9,"Olga S., 38, Full-time",A,True,A,True,True,3,20817
P0570,Hasna A. Begum,Bangladeshi,23-27,C_counterfactual,2,4.0,3.9,10,"Chen W., 45, Part-time",A,False,D,False,True,4,28583
P0571,Ethan A. White,British,28-32,C_counterfactual,3,1.6,5.0,1,"Sarah M., 34, Part-time",D,True,A,False,False,3,28647
P0571,Ethan A. White,British,28-32,C_counterfactual,3,1.6,5.0,2,"James K., 28, Full-time",A,True,A,True,True,3,22430
P0571,Ethan A. White,British,28-32,C_counterfactual,3,1.6,5.0,3,"Priya R., 41, Self-employed",D,False,D,True,False,3,16522
P0571,Ethan A. White,British,28-32,C_counterfactual,3,1.6,5.0,4,"Marcus T., 55, Part-time",D,True,D,True,True,2,19911
P0571,Ethan A. White,British,28-32,C_counterfactual,3,1.6,5.0,5,"Anika P., 29, Full-time",D,True,A,False,False,4,23514
P0571,Ethan A. White,British,28-32,C_counterfactual,3,1.6,5.0,6,"David H., 47, Full-time",A,True,A,True,True,2,13645
P0571,Ethan A. White,British,28-32,C_counterfactual,3,1.6,5.0,7,"Fatima A., 33, Contract",D,False,A,False,True,1,19611
P0571,Ethan A. White,British,28-32,C_counterfactual,3,1.6,5.0,8,"Tom B., 22, Full-time",D,True,D,True,True,4,18386
P0571,Ethan A. White,British,28-32,C_counterfactual,3,1.6,5.0,9,"Olga S., 38, Full-time",A,True,D,False,False,4,25032
P0571,Ethan A. White,British,28-32,C_counterfactual,3,1.6,5.0,10,"Chen W., 45, Part-time",A,False,A,True,False,5,15190
P0572,Noor A. Islam,Bangladeshi,18-22,B_surface,3,3.9,2.9,1,"Sarah M., 34, Part-time",D,True,A,False,False,3,28395
P0572,Noor A. Islam,Bangladeshi,18-22,B_surface,3,3.9,2.9,2,"James K., 28, Full-time",A,True,D,False,False,3,13606
P0572,Noor A. Islam,Bangladeshi,18-22,B_surface,3,3.9,2.9,3,"Priya R., 41, Self-employed",D,False,D,True,False,3,15771
P0572,Noor A. Islam,Bangladeshi,18-22,B_surface,3,3.9,2.9,4,"Marcus T., 55, Part-time",D,True,D,True,True,3,15894
P0572,Noor A. Islam,Bangladeshi,18-22,B_surface,3,3.9,2.9,5,"Anika P., 29, Full-time",D,True,A,False,False,3,19309
P0572,Noor A. Islam,Bangladeshi,18-22,B_surface,3,3.9,2.9,6,"David H., 47, Full-time",A,True,A,True,True,3,12595
P0572,Noor A. Islam,Bangladeshi,18-22,B_surface,3,3.9,2.9,7,"Fatima A., 33, Contract",D,False,D,True,False,4,14088
P0572,Noor A. Islam,Bangladeshi,18-22,B_surface,3,3.9,2.9,8,"Tom B., 22, Full-time",D,True,A,False,False,2,24905
P0572,Noor A. Islam,Bangladeshi,18-22,B_surface,3,3.9,2.9,9,"Olga S., 38, Full-time",A,True,D,False,False,4,19391
P0572,Noor A. Islam,Bangladeshi,18-22,B_surface,3,3.9,2.9,10,"Chen W., 45, Part-time",A,False,A,True,False,4,11101
P0573,Deepak A. Tiwari,Indian,51+,B_surface,2,3.9,3.3,1,"Sarah M., 34, Part-time",D,True,D,True,True,4,12113
P0573,Deepak A. Tiwari,Indian,51+,B_surface,2,3.9,3.3,2,"James K., 28, Full-time",A,True,D,False,False,3,17149
P0573,Deepak A. Tiwari,Indian,51+,B_surface,2,3.9,3.3,3,"Priya R., 41, Self-employed",D,False,D,True,False,3,10837
P0573,Deepak A. Tiwari,Indian,51+,B_surface,2,3.9,3.3,4,"Marcus T., 55, Part-time",D,True,D,True,True,4,15512
P0573,Deepak A. Tiwari,Indian,51+,B_surface,2,3.9,3.3,5,"Anika P., 29, Full-time",D,True,D,True,True,2,13684
P0573,Deepak A. Tiwari,Indian,51+,B_surface,2,3.9,3.3,6,"David H., 47, Full-time",A,True,D,False,False,4,16238
P0573,Deepak A. Tiwari,Indian,51+,B_surface,2,3.9,3.3,7,"Fatima A., 33, Contract",D,False,D,True,False,4,9301
P0573,Deepak A. Tiwari,Indian,51+,B_surface,2,3.9,3.3,8,"Tom B., 22, Full-time",D,True,D,True,True,3,11940
P0573,Deepak A. Tiwari,Indian,51+,B_surface,2,3.9,3.3,9,"Olga S., 38, Full-time",A,True,A,True,True,4,13713
P0573,Deepak A. Tiwari,Indian,51+,B_surface,2,3.9,3.3,10,"Chen W., 45, Part-time",A,False,A,True,False,2,7874
P0574,Swati A. Joshi,Indian,18-22,B_surface,3,3.2,3.3,1,"Sarah M., 34, Part-time",D,True,A,False,False,2,29889
P0574,Swati A. Joshi,Indian,18-22,B_surface,3,3.2,3.3,2,"James K., 28, Full-time",A,True,A,True,True,2,11414
P0574,Swati A. Joshi,Indian,18-22,B_surface,3,3.2,3.3,3,"Priya R., 41, Self-employed",D,False,A,False,True,2,19682
P0574,Swati A. Joshi,Indian,18-22,B_surface,3,3.2,3.3,4,"Marcus T., 55, Part-time",D,True,A,False,False,4,21110
P0574,Swati A. Joshi,Indian,18-22,B_surface,3,3.2,3.3,5,"Anika P., 29, Full-time",D,True,D,True,True,3,12608
P0574,Swati A. Joshi,Indian,18-22,B_surface,3,3.2,3.3,6,"David H., 47, Full-time",A,True,D,False,False,3,20946
P0574,Swati A. Joshi,Indian,18-22,B_surface,3,3.2,3.3,7,"Fatima A., 33, Contract",D,False,A,False,True,3,16639
P0574,Swati A. Joshi,Indian,18-22,B_surface,3,3.2,3.3,8,"Tom B., 22, Full-time",D,True,D,True,True,2,11575
P0574,Swati A. Joshi,Indian,18-22,B_surface,3,3.2,3.3,9,"Olga S., 38, Full-time",A,True,D,False,False,3,23264
P0574,Swati A. Joshi,Indian,18-22,B_surface,3,3.2,3.3,10,"Chen W., 45, Part-time",A,False,D,False,True,3,26707
P0575,Nazia A. Islam,Bangladeshi,18-22,C_counterfactual,0,3.0,2.8,1,"Sarah M., 34, Part-time",D,True,A,False,False,3,25767
P0575,Nazia A. Islam,Bangladeshi,18-22,C_counterfactual,0,3.0,2.8,2,"James K., 28, Full-time",A,True,D,False,False,2,18931
P0575,Nazia A. Islam,Bangladeshi,18-22,C_counterfactual,0,3.0,2.8,3,"Priya R., 41, Self-employed",D,False,A,False,True,3,26830
P0575,Nazia A. Islam,Bangladeshi,18-22,C_counterfactual,0,3.0,2.8,4,"Marcus T., 55, Part-time",D,True,A,False,False,1,26439
P0575,Nazia A. Islam,Bangladeshi,18-22,C_counterfactual,0,3.0,2.8,5,"Anika P., 29, Full-time",D,True,A,False,False,2,26045
P0575,Nazia A. Islam,Bangladeshi,18-22,C_counterfactual,0,3.0,2.8,6,"David H., 47, Full-time",A,True,A,True,True,3,8971
P0575,Nazia A. Islam,Bangladeshi,18-22,C_counterfactual,0,3.0,2.8,7,"Fatima A., 33, Contract",D,False,D,True,False,4,17191
P0575,Nazia A. Islam,Bangladeshi,18-22,C_counterfactual,0,3.0,2.8,8,"Tom B., 22, Full-time",D,True,D,True,True,3,22908
P0575,Nazia A. Islam,Bangladeshi,18-22,C_counterfactual,0,3.0,2.8,9,"Olga S., 38, Full-time",A,True,D,False,False,2,16770
P0575,Nazia A. Islam,Bangladeshi,18-22,C_counterfactual,0,3.0,2.8,10,"Chen W., 45, Part-time",A,False,A,True,False,3,8522
P0576,Tahiya A. Islam,Bangladeshi,33-40,C_counterfactual,3,2.9,3.1,1,"Sarah M., 34, Part-time",D,True,D,True,True,4,20143
P0576,Tahiya A. Islam,Bangladeshi,33-40,C_counterfactual,3,2.9,3.1,2,"James K., 28, Full-time",A,True,A,True,True,5,14337
P0576,Tahiya A. Islam,Bangladeshi,33-40,C_counterfactual,3,2.9,3.1,3,"Priya R., 41, Self-employed",D,False,A,False,True,4,19507
P0576,Tahiya A. Islam,Bangladeshi,33-40,C_counterfactual,3,2.9,3.1,4,"Marcus T., 55, Part-time",D,True,A,False,False,4,27519
P0576,Tahiya A. Islam,Bangladeshi,33-40,C_counterfactual,3,2.9,3.1,5,"Anika P., 29, Full-time",D,True,D,True,True,4,16712
P0576,Tahiya A. Islam,Bangladeshi,33-40,C_counterfactual,3,2.9,3.1,6,"David H., 47, Full-time",A,True,D,False,False,3,25363
P0576,Tahiya A. Islam,Bangladeshi,33-40,C_counterfactual,3,2.9,3.1,7,"Fatima A., 33, Contract",D,False,D,True,False,4,14733
P0576,Tahiya A. Islam,Bangladeshi,33-40,C_counterfactual,3,2.9,3.1,8,"Tom B., 22, Full-time",D,True,A,False,False,2,31624
P0576,Tahiya A. Islam,Bangladeshi,33-40,C_counterfactual,3,2.9,3.1,9,"Olga S., 38, Full-time",A,True,A,True,True,4,8168
P0576,Tahiya A. Islam,Bangladeshi,33-40,C_counterfactual,3,2.9,3.1,10,"Chen W., 45, Part-time",A,False,D,False,True,2,25461
P0577,Ashraful A. Alam,Bangladeshi,23-27,B_surface,0,2.6,3.4,1,"Sarah M., 34, Part-time",D,True,A,False,False,3,23989
P0577,Ashraful A. Alam,Bangladeshi,23-27,B_surface,0,2.6,3.4,2,"James K., 28, Full-time",A,True,D,False,False,2,16821
P0577,Ashraful A. Alam,Bangladeshi,23-27,B_surface,0,2.6,3.4,3,"Priya R., 41, Self-employed",D,False,D,True,False,4,12593
P0577,Ashraful A. Alam,Bangladeshi,23-27,B_surface,0,2.6,3.4,4,"Marcus T., 55, Part-time",D,True,D,True,True,2,15201
P0577,Ashraful A. Alam,Bangladeshi,23-27,B_surface,0,2.6,3.4,5,"Anika P., 29, Full-time",D,True,D,True,True,4,14322
P0577,Ashraful A. Alam,Bangladeshi,23-27,B_surface,0,2.6,3.4,6,"David H., 47, Full-time",A,True,A,True,True,5,13788
P0577,Ashraful A. Alam,Bangladeshi,23-27,B_surface,0,2.6,3.4,7,"Fatima A., 33, Contract",D,False,A,False,True,2,23823
P0577,Ashraful A. Alam,Bangladeshi,23-27,B_surface,0,2.6,3.4,8,"Tom B., 22, Full-time",D,True,D,True,True,3,6177
P0577,Ashraful A. Alam,Bangladeshi,23-27,B_surface,0,2.6,3.4,9,"Olga S., 38, Full-time",A,True,A,True,True,3,16363
P0577,Ashraful A. Alam,Bangladeshi,23-27,B_surface,0,2.6,3.4,10,"Chen W., 45, Part-time",A,False,D,False,True,2,26157
P0578,Zakia A. Begum,Bangladeshi,18-22,A_no_explanation,2,3.5,3.6,1,"Sarah M., 34, Part-time",D,True,D,True,True,3,12757
P0578,Zakia A. Begum,Bangladeshi,18-22,A_no_explanation,2,3.5,3.6,2,"James K., 28, Full-time",A,True,D,False,False,3,10118
P0578,Zakia A. Begum,Bangladeshi,18-22,A_no_explanation,2,3.5,3.6,3,"Priya R., 41, Self-employed",D,False,A,False,True,3,19661
P0578,Zakia A. Begum,Bangladeshi,18-22,A_no_explanation,2,3.5,3.6,4,"Marcus T., 55, Part-time",D,True,D,True,True,3,9979
P0578,Zakia A. Begum,Bangladeshi,18-22,A_no_explanation,2,3.5,3.6,5,"Anika P., 29, Full-time",D,True,D,True,True,4,16144
P0578,Zakia A. Begum,Bangladeshi,18-22,A_no_explanation,2,3.5,3.6,6,"David H., 47, Full-time",A,True,D,False,False,2,15584
P0578,Zakia A. Begum,Bangladeshi,18-22,A_no_explanation,2,3.5,3.6,7,"Fatima A., 33, Contract",D,False,D,True,False,3,13014
P0578,Zakia A. Begum,Bangladeshi,18-22,A_no_explanation,2,3.5,3.6,8,"Tom B., 22, Full-time",D,True,D,True,True,2,9538
P0578,Zakia A. Begum,Bangladeshi,18-22,A_no_explanation,2,3.5,3.6,9,"Olga S., 38, Full-time",A,True,A,True,True,3,11770
P0578,Zakia A. Begum,Bangladeshi,18-22,A_no_explanation,2,3.5,3.6,10,"Chen W., 45, Part-time",A,False,A,True,False,2,11537
P0579,Layla A. Akter,Bangladeshi,33-40,B_surface,1,3.7,3.7,1,"Sarah M., 34, Part-time",D,True,D,True,True,5,11597
P0579,Layla A. Akter,Bangladeshi,33-40,B_surface,1,3.7,3.7,2,"James K., 28, Full-time",A,True,A,True,True,2,18590
P0579,Layla A. Akter,Bangladeshi,33-40,B_surface,1,3.7,3.7,3,"Priya R., 41, Self-employed",D,False,A,False,True,4,14283
P0579,Layla A. Akter,Bangladeshi,33-40,B_surface,1,3.7,3.7,4,"Marcus T., 55, Part-time",D,True,D,True,True,4,16692
P0579,Layla A. Akter,Bangladeshi,33-40,B_surface,1,3.7,3.7,5,"Anika P., 29, Full-time",D,True,D,True,True,3,12288
P0579,Layla A. Akter,Bangladeshi,33-40,B_surface,1,3.7,3.7,6,"David H., 47, Full-time",A,True,A,True,True,4,16161
P0579,Layla A. Akter,Bangladeshi,33-40,B_surface,1,3.7,3.7,7,"Fatima A., 33, Contract",D,False,D,True,False,3,14334
P0579,Layla A. Akter,Bangladeshi,33-40,B_surface,1,3.7,3.7,8,"Tom B., 22, Full-time",D,True,D,True,True,3,10003
P0579,Layla A. Akter,Bangladeshi,33-40,B_surface,1,3.7,3.7,9,"Olga S., 38, Full-time",A,True,D,False,False,2,21215
P0579,Layla A. Akter,Bangladeshi,33-40,B_surface,1,3.7,3.7,10,"Chen W., 45, Part-time",A,False,A,True,False,2,13742
P0580,Belal A. Hossain,Bangladeshi,18-22,A_no_explanation,3,2.9,3.4,1,"Sarah M., 34, Part-time",D,True,A,False,False,1,23751
P0580,Belal A. Hossain,Bangladeshi,18-22,A_no_explanation,3,2.9,3.4,2,"James K., 28, Full-time",A,True,A,True,True,4,13983
P0580,Belal A. Hossain,Bangladeshi,18-22,A_no_explanation,3,2.9,3.4,3,"Priya R., 41, Self-employed",D,False,D,True,False,3,4697
P0580,Belal A. Hossain,Bangladeshi,18-22,A_no_explanation,3,2.9,3.4,4,"Marcus T., 55, Part-time",D,True,A,False,False,2,20443
P0580,Belal A. Hossain,Bangladeshi,18-22,A_no_explanation,3,2.9,3.4,5,"Anika P., 29, Full-time",D,True,A,False,False,3,16508
P0580,Belal A. Hossain,Bangladeshi,18-22,A_no_explanation,3,2.9,3.4,6,"David H., 47, Full-time",A,True,A,True,True,4,10459
P0580,Belal A. Hossain,Bangladeshi,18-22,A_no_explanation,3,2.9,3.4,7,"Fatima A., 33, Contract",D,False,A,False,True,3,20047
P0580,Belal A. Hossain,Bangladeshi,18-22,A_no_explanation,3,2.9,3.4,8,"Tom B., 22, Full-time",D,True,D,True,True,3,16580
P0580,Belal A. Hossain,Bangladeshi,18-22,A_no_explanation,3,2.9,3.4,9,"Olga S., 38, Full-time",A,True,D,False,False,3,20374
P0580,Belal A. Hossain,Bangladeshi,18-22,A_no_explanation,3,2.9,3.4,10,"Chen W., 45, Part-time",A,False,D,False,True,2,18427
P0581,Nusrat A. Jahan,Bangladeshi,23-27,B_surface,2,4.5,1.8,1,"Sarah M., 34, Part-time",D,True,A,False,False,3,28491
P0581,Nusrat A. Jahan,Bangladeshi,23-27,B_surface,2,4.5,1.8,2,"James K., 28, Full-time",A,True,D,False,False,3,16185
P0581,Nusrat A. Jahan,Bangladeshi,23-27,B_surface,2,4.5,1.8,3,"Priya R., 41, Self-employed",D,False,D,True,False,4,12495
P0581,Nusrat A. Jahan,Bangladeshi,23-27,B_surface,2,4.5,1.8,4,"Marcus T., 55, Part-time",D,True,D,True,True,3,15104
P0581,Nusrat A. Jahan,Bangladeshi,23-27,B_surface,2,4.5,1.8,5,"Anika P., 29, Full-time",D,True,A,False,False,3,27267
P0581,Nusrat A. Jahan,Bangladeshi,23-27,B_surface,2,4.5,1.8,6,"David H., 47, Full-time",A,True,A,True,True,4,14169
P0581,Nusrat A. Jahan,Bangladeshi,23-27,B_surface,2,4.5,1.8,7,"Fatima A., 33, Contract",D,False,D,True,False,4,10879
P0581,Nusrat A. Jahan,Bangladeshi,23-27,B_surface,2,4.5,1.8,8,"Tom B., 22, Full-time",D,True,A,False,False,2,21504
P0581,Nusrat A. Jahan,Bangladeshi,23-27,B_surface,2,4.5,1.8,9,"Olga S., 38, Full-time",A,True,A,True,True,4,9117
P0581,Nusrat A. Jahan,Bangladeshi,23-27,B_surface,2,4.5,1.8,10,"Chen W., 45, Part-time",A,False,D,False,True,3,18429
P0582,Sohanur A. Rahman,Bangladeshi,23-27,C_counterfactual,3,2.8,3.5,1,"Sarah M., 34, Part-time",D,True,A,False,False,4,28924
P0582,Sohanur A. Rahman,Bangladeshi,23-27,C_counterfactual,3,2.8,3.5,2,"James K., 28, Full-time",A,True,A,True,True,4,17878
P0582,Sohanur A. Rahman,Bangladeshi,23-27,C_counterfactual,3,2.8,3.5,3,"Priya R., 41, Self-employed",D,False,A,False,True,3,24795
P0582,Sohanur A. Rahman,Bangladeshi,23-27,C_counterfactual,3,2.8,3.5,4,"Marcus T., 55, Part-time",D,True,D,True,True,3,19497
P0582,Sohanur A. Rahman,Bangladeshi,23-27,C_counterfactual,3,2.8,3.5,5,"Anika P., 29, Full-time",D,True,D,True,True,3,16766
P0582,Sohanur A. Rahman,Bangladeshi,23-27,C_counterfactual,3,2.8,3.5,6,"David H., 47, Full-time",A,True,A,True,True,2,24242
P0582,Sohanur A. Rahman,Bangladeshi,23-27,C_counterfactual,3,2.8,3.5,7,"Fatima A., 33, Contract",D,False,D,True,False,3,10049
P0582,Sohanur A. Rahman,Bangladeshi,23-27,C_counterfactual,3,2.8,3.5,8,"Tom B., 22, Full-time",D,True,D,True,True,3,10434
P0582,Sohanur A. Rahman,Bangladeshi,23-27,C_counterfactual,3,2.8,3.5,9,"Olga S., 38, Full-time",A,True,A,True,True,5,9046
P0582,Sohanur A. Rahman,Bangladeshi,23-27,C_counterfactual,3,2.8,3.5,10,"Chen W., 45, Part-time",A,False,A,True,False,5,19293
P0583,Nadia A. Iqbal,Pakistani,33-40,C_counterfactual,3,3.1,3.4,1,"Sarah M., 34, Part-time",D,True,A,False,False,2,22853
P0583,Nadia A. Iqbal,Pakistani,33-40,C_counterfactual,3,3.1,3.4,2,"James K., 28, Full-time",A,True,A,True,True,3,15917
P0583,Nadia A. Iqbal,Pakistani,33-40,C_counterfactual,3,3.1,3.4,3,"Priya R., 41, Self-employed",D,False,D,True,False,4,15380
P0583,Nadia A. Iqbal,Pakistani,33-40,C_counterfactual,3,3.1,3.4,4,"Marcus T., 55, Part-time",D,True,D,True,True,1,11463
P0583,Nadia A. Iqbal,Pakistani,33-40,C_counterfactual,3,3.1,3.4,5,"Anika P., 29, Full-time",D,True,A,False,False,3,20179
P0583,Nadia A. Iqbal,Pakistani,33-40,C_counterfactual,3,3.1,3.4,6,"David H., 47, Full-time",A,True,D,False,False,3,21796
P0583,Nadia A. Iqbal,Pakistani,33-40,C_counterfactual,3,3.1,3.4,7,"Fatima A., 33, Contract",D,False,A,False,True,3,20448
P0583,Nadia A. Iqbal,Pakistani,33-40,C_counterfactual,3,3.1,3.4,8,"Tom B., 22, Full-time",D,True,D,True,True,4,16367
P0583,Nadia A. Iqbal,Pakistani,33-40,C_counterfactual,3,3.1,3.4,9,"Olga S., 38, Full-time",A,True,A,True,True,3,22632
P0583,Nadia A. Iqbal,Pakistani,33-40,C_counterfactual,3,3.1,3.4,10,"Chen W., 45, Part-time",A,False,A,True,False,5,18401
P0584,Fatema A. Begum,Bangladeshi,33-40,C_counterfactual,1,2.5,2.6,1,"Sarah M., 34, Part-time",D,True,D,True,True,3,20787
P0584,Fatema A. Begum,Bangladeshi,33-40,C_counterfactual,1,2.5,2.6,2,"James K., 28, Full-time",A,True,A,True,True,3,11845
P0584,Fatema A. Begum,Bangladeshi,33-40,C_counterfactual,1,2.5,2.6,3,"Priya R., 41, Self-employed",D,False,D,True,False,2,18613
P0584,Fatema A. Begum,Bangladeshi,33-40,C_counterfactual,1,2.5,2.6,4,"Marcus T., 55, Part-time",D,True,A,False,False,2,22979
P0584,Fatema A. Begum,Bangladeshi,33-40,C_counterfactual,1,2.5,2.6,5,"Anika P., 29, Full-time",D,True,D,True,True,3,19604
P0584,Fatema A. Begum,Bangladeshi,33-40,C_counterfactual,1,2.5,2.6,6,"David H., 47, Full-time",A,True,A,True,True,4,13428
P0584,Fatema A. Begum,Bangladeshi,33-40,C_counterfactual,1,2.5,2.6,7,"Fatima A., 33, Contract",D,False,A,False,True,4,25465
P0584,Fatema A. Begum,Bangladeshi,33-40,C_counterfactual,1,2.5,2.6,8,"Tom B., 22, Full-time",D,True,A,False,False,3,20037
P0584,Fatema A. Begum,Bangladeshi,33-40,C_counterfactual,1,2.5,2.6,9,"Olga S., 38, Full-time",A,True,D,False,False,4,20331
P0584,Fatema A. Begum,Bangladeshi,33-40,C_counterfactual,1,2.5,2.6,10,"Chen W., 45, Part-time",A,False,D,False,True,4,20616
P0585,Rahul A. Verma,Indian,23-27,A_no_explanation,2,3.9,3.1,1,"Sarah M., 34, Part-time",D,True,D,True,True,2,13314
P0585,Rahul A. Verma,Indian,23-27,A_no_explanation,2,3.9,3.1,2,"James K., 28, Full-time",A,True,A,True,True,3,17626
P0585,Rahul A. Verma,Indian,23-27,A_no_explanation,2,3.9,3.1,3,"Priya R., 41, Self-employed",D,False,D,True,False,2,19252
P0585,Rahul A. Verma,Indian,23-27,A_no_explanation,2,3.9,3.1,4,"Marcus T., 55, Part-time",D,True,D,True,True,3,15975
P0585,Rahul A. Verma,Indian,23-27,A_no_explanation,2,3.9,3.1,5,"Anika P., 29, Full-time",D,True,D,True,True,2,15325
P0585,Rahul A. Verma,Indian,23-27,A_no_explanation,2,3.9,3.1,6,"David H., 47, Full-time",A,True,A,True,True,3,15265
P0585,Rahul A. Verma,Indian,23-27,A_no_explanation,2,3.9,3.1,7,"Fatima A., 33, Contract",D,False,D,True,False,3,14814
P0585,Rahul A. Verma,Indian,23-27,A_no_explanation,2,3.9,3.1,8,"Tom B., 22, Full-time",D,True,D,True,True,2,12564
P0585,Rahul A. Verma,Indian,23-27,A_no_explanation,2,3.9,3.1,9,"Olga S., 38, Full-time",A,True,D,False,False,2,21927
P0585,Rahul A. Verma,Indian,23-27,A_no_explanation,2,3.9,3.1,10,"Chen W., 45, Part-time",A,False,A,True,False,3,11328
P0586,Fahim A. Uddin,Bangladeshi,28-32,A_no_explanation,2,2.4,4.6,1,"Sarah M., 34, Part-time",D,True,D,True,True,4,15298
P0586,Fahim A. Uddin,Bangladeshi,28-32,A_no_explanation,2,2.4,4.6,2,"James K., 28, Full-time",A,True,A,True,True,3,7766
P0586,Fahim A. Uddin,Bangladeshi,28-32,A_no_explanation,2,2.4,4.6,3,"Priya R., 41, Self-employed",D,False,D,True,False,4,13236
P0586,Fahim A. Uddin,Bangladeshi,28-32,A_no_explanation,2,2.4,4.6,4,"Marcus T., 55, Part-time",D,True,D,True,True,3,6041
P0586,Fahim A. Uddin,Bangladeshi,28-32,A_no_explanation,2,2.4,4.6,5,"Anika P., 29, Full-time",D,True,A,False,False,3,21133
P0586,Fahim A. Uddin,Bangladeshi,28-32,A_no_explanation,2,2.4,4.6,6,"David H., 47, Full-time",A,True,A,True,True,3,10174
P0586,Fahim A. Uddin,Bangladeshi,28-32,A_no_explanation,2,2.4,4.6,7,"Fatima A., 33, Contract",D,False,D,True,False,3,14592
P0586,Fahim A. Uddin,Bangladeshi,28-32,A_no_explanation,2,2.4,4.6,8,"Tom B., 22, Full-time",D,True,D,True,True,3,3138
P0586,Fahim A. Uddin,Bangladeshi,28-32,A_no_explanation,2,2.4,4.6,9,"Olga S., 38, Full-time",A,True,D,False,False,3,19646
P0586,Fahim A. Uddin,Bangladeshi,28-32,A_no_explanation,2,2.4,4.6,10,"Chen W., 45, Part-time",A,False,A,True,False,3,3256
P0587,Kamrun A. Nahar,Bangladeshi,23-27,C_counterfactual,1,2.6,3.0,1,"Sarah M., 34, Part-time",D,True,D,True,True,3,20215
P0587,Kamrun A. Nahar,Bangladeshi,23-27,C_counterfactual,1,2.6,3.0,2,"James K., 28, Full-time",A,True,D,False,False,3,21929
P0587,Kamrun A. Nahar,Bangladeshi,23-27,C_counterfactual,1,2.6,3.0,3,"Priya R., 41, Self-employed",D,False,A,False,True,3,25557
P0587,Kamrun A. Nahar,Bangladeshi,23-27,C_counterfactual,1,2.6,3.0,4,"Marcus T., 55, Part-time",D,True,D,True,True,4,15577
P0587,Kamrun A. Nahar,Bangladeshi,23-27,C_counterfactual,1,2.6,3.0,5,"Anika P., 29, Full-time",D,True,D,True,True,3,15323
P0587,Kamrun A. Nahar,Bangladeshi,23-27,C_counterfactual,1,2.6,3.0,6,"David H., 47, Full-time",A,True,A,True,True,4,13169
P0587,Kamrun A. Nahar,Bangladeshi,23-27,C_counterfactual,1,2.6,3.0,7,"Fatima A., 33, Contract",D,False,D,True,False,3,11621
P0587,Kamrun A. Nahar,Bangladeshi,23-27,C_counterfactual,1,2.6,3.0,8,"Tom B., 22, Full-time",D,True,D,True,True,3,15389
P0587,Kamrun A. Nahar,Bangladeshi,23-27,C_counterfactual,1,2.6,3.0,9,"Olga S., 38, Full-time",A,True,D,False,False,4,18524
P0587,Kamrun A. Nahar,Bangladeshi,23-27,C_counterfactual,1,2.6,3.0,10,"Chen W., 45, Part-time",A,False,D,False,True,4,23814
P0588,Rui Hu,Chinese,28-32,A_no_explanation,2,3.1,4.0,1,"Sarah M., 34, Part-time",D,True,D,True,True,4,8873
P0588,Rui Hu,Chinese,28-32,A_no_explanation,2,3.1,4.0,2,"James K., 28, Full-time",A,True,A,True,True,3,15070
P0588,Rui Hu,Chinese,28-32,A_no_explanation,2,3.1,4.0,3,"Priya R., 41, Self-employed",D,False,D,True,False,3,9880
P0588,Rui Hu,Chinese,28-32,A_no_explanation,2,3.1,4.0,4,"Marcus T., 55, Part-time",D,True,D,True,True,3,5867
P0588,Rui Hu,Chinese,28-32,A_no_explanation,2,3.1,4.0,5,"Anika P., 29, Full-time",D,True,D,True,True,1,10899
P0588,Rui Hu,Chinese,28-32,A_no_explanation,2,3.1,4.0,6,"David H., 47, Full-time",A,True,D,False,False,2,16609
P0588,Rui Hu,Chinese,28-32,A_no_explanation,2,3.1,4.0,7,"Fatima A., 33, Contract",D,False,D,True,False,3,12284
P0588,Rui Hu,Chinese,28-32,A_no_explanation,2,3.1,4.0,8,"Tom B., 22, Full-time",D,True,D,True,True,1,13654
P0588,Rui Hu,Chinese,28-32,A_no_explanation,2,3.1,4.0,9,"Olga S., 38, Full-time",A,True,D,False,False,4,15699
P0588,Rui Hu,Chinese,28-32,A_no_explanation,2,3.1,4.0,10,"Chen W., 45, Part-time",A,False,A,True,False,2,12056
P0589,Matthew A. Hall,British,23-27,B_surface,2,3.0,3.3,1,"Sarah M., 34, Part-time",D,True,A,False,False,2,19759
P0589,Matthew A. Hall,British,23-27,B_surface,2,3.0,3.3,2,"James K., 28, Full-time",A,True,A,True,True,4,11245
P0589,Matthew A. Hall,British,23-27,B_surface,2,3.0,3.3,3,"Priya R., 41, Self-employed",D,False,A,False,True,2,21175
P0589,Matthew A. Hall,British,23-27,B_surface,2,3.0,3.3,4,"Marcus T., 55, Part-time",D,True,D,True,True,2,14273
P0589,Matthew A. Hall,British,23-27,B_surface,2,3.0,3.3,5,"Anika P., 29, Full-time",D,True,A,False,False,5,22284
P0589,Matthew A. Hall,British,23-27,B_surface,2,3.0,3.3,6,"David H., 47, Full-time",A,True,A,True,True,3,13343
P0589,Matthew A. Hall,British,23-27,B_surface,2,3.0,3.3,7,"Fatima A., 33, Contract",D,False,A,False,True,2,14951
P0589,Matthew A. Hall,British,23-27,B_surface,2,3.0,3.3,8,"Tom B., 22, Full-time",D,True,D,True,True,3,11763
P0589,Matthew A. Hall,British,23-27,B_surface,2,3.0,3.3,9,"Olga S., 38, Full-time",A,True,D,False,False,3,24194
P0589,Matthew A. Hall,British,23-27,B_surface,2,3.0,3.3,10,"Chen W., 45, Part-time",A,False,A,True,False,2,12701
P0590,Lakshmi A. Reddy,Indian,28-32,C_counterfactual,1,4.6,3.9,1,"Sarah M., 34, Part-time",D,True,D,True,True,4,27111
P0590,Lakshmi A. Reddy,Indian,28-32,C_counterfactual,1,4.6,3.9,2,"James K., 28, Full-time",A,True,A,True,True,5,15305
P0590,Lakshmi A. Reddy,Indian,28-32,C_counterfactual,1,4.6,3.9,3,"Priya R., 41, Self-employed",D,False,D,True,False,4,18251
P0590,Lakshmi A. Reddy,Indian,28-32,C_counterfactual,1,4.6,3.9,4,"Marcus T., 55, Part-time",D,True,D,True,True,5,11236
P0590,Lakshmi A. Reddy,Indian,28-32,C_counterfactual,1,4.6,3.9,5,"Anika P., 29, Full-time",D,True,A,False,False,2,19345
P0590,Lakshmi A. Reddy,Indian,28-32,C_counterfactual,1,4.6,3.9,6,"David H., 47, Full-time",A,True,A,True,True,4,20383
P0590,Lakshmi A. Reddy,Indian,28-32,C_counterfactual,1,4.6,3.9,7,"Fatima A., 33, Contract",D,False,D,True,False,3,8400
P0590,Lakshmi A. Reddy,Indian,28-32,C_counterfactual,1,4.6,3.9,8,"Tom B., 22, Full-time",D,True,A,False,False,2,26685
P0590,Lakshmi A. Reddy,Indian,28-32,C_counterfactual,1,4.6,3.9,9,"Olga S., 38, Full-time",A,True,A,True,True,3,16296
P0590,Lakshmi A. Reddy,Indian,28-32,C_counterfactual,1,4.6,3.9,10,"Chen W., 45, Part-time",A,False,D,False,True,4,18812
P0591,Khairul A. Islam,Bangladeshi,18-22,B_surface,1,2.5,4.0,1,"Sarah M., 34, Part-time",D,True,D,True,True,5,12649
P0591,Khairul A. Islam,Bangladeshi,18-22,B_surface,1,2.5,4.0,2,"James K., 28, Full-time",A,True,A,True,True,4,5864
P0591,Khairul A. Islam,Bangladeshi,18-22,B_surface,1,2.5,4.0,3,"Priya R., 41, Self-employed",D,False,D,True,False,4,12725
P0591,Khairul A. Islam,Bangladeshi,18-22,B_surface,1,2.5,4.0,4,"Marcus T., 55, Part-time",D,True,D,True,True,3,12313
P0591,Khairul A. Islam,Bangladeshi,18-22,B_surface,1,2.5,4.0,5,"Anika P., 29, Full-time",D,True,D,True,True,3,6656
P0591,Khairul A. Islam,Bangladeshi,18-22,B_surface,1,2.5,4.0,6,"David H., 47, Full-time",A,True,A,True,True,3,11063
P0591,Khairul A. Islam,Bangladeshi,18-22,B_surface,1,2.5,4.0,7,"Fatima A., 33, Contract",D,False,D,True,False,4,16708
P0591,Khairul A. Islam,Bangladeshi,18-22,B_surface,1,2.5,4.0,8,"Tom B., 22, Full-time",D,True,A,False,False,4,18139
P0591,Khairul A. Islam,Bangladeshi,18-22,B_surface,1,2.5,4.0,9,"Olga S., 38, Full-time",A,True,D,False,False,3,23292
P0591,Khairul A. Islam,Bangladeshi,18-22,B_surface,1,2.5,4.0,10,"Chen W., 45, Part-time",A,False,D,False,True,3,25514
P0592,Nabil A. Hossain,Bangladeshi,23-27,A_no_explanation,3,3.6,3.9,1,"Sarah M., 34, Part-time",D,True,D,True,True,4,16444
P0592,Nabil A. Hossain,Bangladeshi,23-27,A_no_explanation,3,3.6,3.9,2,"James K., 28, Full-time",A,True,A,True,True,5,14923
P0592,Nabil A. Hossain,Bangladeshi,23-27,A_no_explanation,3,3.6,3.9,3,"Priya R., 41, Self-employed",D,False,D,True,False,3,8313
P0592,Nabil A. Hossain,Bangladeshi,23-27,A_no_explanation,3,3.6,3.9,4,"Marcus T., 55, Part-time",D,True,D,True,True,2,7356
P0592,Nabil A. Hossain,Bangladeshi,23-27,A_no_explanation,3,3.6,3.9,5,"Anika P., 29, Full-time",D,True,A,False,False,3,15308
P0592,Nabil A. Hossain,Bangladeshi,23-27,A_no_explanation,3,3.6,3.9,6,"David H., 47, Full-time",A,True,A,True,True,4,13412
P0592,Nabil A. Hossain,Bangladeshi,23-27,A_no_explanation,3,3.6,3.9,7,"Fatima A., 33, Contract",D,False,D,True,False,2,11893
P0592,Nabil A. Hossain,Bangladeshi,23-27,A_no_explanation,3,3.6,3.9,8,"Tom B., 22, Full-time",D,True,D,True,True,2,6635
P0592,Nabil A. Hossain,Bangladeshi,23-27,A_no_explanation,3,3.6,3.9,9,"Olga S., 38, Full-time",A,True,D,False,False,4,17991
P0592,Nabil A. Hossain,Bangladeshi,23-27,A_no_explanation,3,3.6,3.9,10,"Chen W., 45, Part-time",A,False,A,True,False,4,13101
P0593,Wali A. Ullah,Bangladeshi,33-40,B_surface,3,3.1,3.1,1,"Sarah M., 34, Part-time",D,True,A,False,False,5,20634
P0593,Wali A. Ullah,Bangladeshi,33-40,B_surface,3,3.1,3.1,2,"James K., 28, Full-time",A,True,D,False,False,2,24533
P0593,Wali A. Ullah,Bangladeshi,33-40,B_surface,3,3.1,3.1,3,"Priya R., 41, Self-employed",D,False,A,False,True,3,23337
P0593,Wali A. Ullah,Bangladeshi,33-40,B_surface,3,3.1,3.1,4,"Marcus T., 55, Part-time",D,True,D,True,True,5,11411
P0593,Wali A. Ullah,Bangladeshi,33-40,B_surface,3,3.1,3.1,5,"Anika P., 29, Full-time",D,True,A,False,False,3,25950
P0593,Wali A. Ullah,Bangladeshi,33-40,B_surface,3,3.1,3.1,6,"David H., 47, Full-time",A,True,A,True,True,3,15017
P0593,Wali A. Ullah,Bangladeshi,33-40,B_surface,3,3.1,3.1,7,"Fatima A., 33, Contract",D,False,A,False,True,2,14484
P0593,Wali A. Ullah,Bangladeshi,33-40,B_surface,3,3.1,3.1,8,"Tom B., 22, Full-time",D,True,D,True,True,4,16537
P0593,Wali A. Ullah,Bangladeshi,33-40,B_surface,3,3.1,3.1,9,"Olga S., 38, Full-time",A,True,A,True,True,5,14940
P0593,Wali A. Ullah,Bangladeshi,33-40,B_surface,3,3.1,3.1,10,"Chen W., 45, Part-time",A,False,A,True,False,3,5431
P0594,Imran A. Hossain,Bangladeshi,33-40,C_counterfactual,1,4.0,2.8,1,"Sarah M., 34, Part-time",D,True,D,True,True,3,18517
P0594,Imran A. Hossain,Bangladeshi,33-40,C_counterfactual,1,4.0,2.8,2,"James K., 28, Full-time",A,True,A,True,True,4,12921
P0594,Imran A. Hossain,Bangladeshi,33-40,C_counterfactual,1,4.0,2.8,3,"Priya R., 41, Self-employed",D,False,A,False,True,2,21994
P0594,Imran A. Hossain,Bangladeshi,33-40,C_counterfactual,1,4.0,2.8,4,"Marcus T., 55, Part-time",D,True,D,True,True,4,21793
P0594,Imran A. Hossain,Bangladeshi,33-40,C_counterfactual,1,4.0,2.8,5,"Anika P., 29, Full-time",D,True,D,True,True,3,11818
P0594,Imran A. Hossain,Bangladeshi,33-40,C_counterfactual,1,4.0,2.8,6,"David H., 47, Full-time",A,True,A,True,True,3,20162
P0594,Imran A. Hossain,Bangladeshi,33-40,C_counterfactual,1,4.0,2.8,7,"Fatima A., 33, Contract",D,False,D,True,False,3,11261
P0594,Imran A. Hossain,Bangladeshi,33-40,C_counterfactual,1,4.0,2.8,8,"Tom B., 22, Full-time",D,True,D,True,True,3,11848
P0594,Imran A. Hossain,Bangladeshi,33-40,C_counterfactual,1,4.0,2.8,9,"Olga S., 38, Full-time",A,True,D,False,False,3,17920
P0594,Imran A. Hossain,Bangladeshi,33-40,C_counterfactual,1,4.0,2.8,10,"Chen W., 45, Part-time",A,False,A,True,False,4,13662
P0595,Yan Liu,Chinese,23-27,C_counterfactual,0,2.2,2.4,1,"Sarah M., 34, Part-time",D,True,A,False,False,2,25987
P0595,Yan Liu,Chinese,23-27,C_counterfactual,0,2.2,2.4,2,"James K., 28, Full-time",A,True,A,True,True,4,13206
P0595,Yan Liu,Chinese,23-27,C_counterfactual,0,2.2,2.4,3,"Priya R., 41, Self-employed",D,False,D,True,False,5,18020
P0595,Yan Liu,Chinese,23-27,C_counterfactual,0,2.2,2.4,4,"Marcus T., 55, Part-time",D,True,D,True,True,3,17492
P0595,Yan Liu,Chinese,23-27,C_counterfactual,0,2.2,2.4,5,"Anika P., 29, Full-time",D,True,A,False,False,4,18297
P0595,Yan Liu,Chinese,23-27,C_counterfactual,0,2.2,2.4,6,"David H., 47, Full-time",A,True,D,False,False,3,28533
P0595,Yan Liu,Chinese,23-27,C_counterfactual,0,2.2,2.4,7,"Fatima A., 33, Contract",D,False,A,False,True,3,25187
P0595,Yan Liu,Chinese,23-27,C_counterfactual,0,2.2,2.4,8,"Tom B., 22, Full-time",D,True,D,True,True,4,15565
P0595,Yan Liu,Chinese,23-27,C_counterfactual,0,2.2,2.4,9,"Olga S., 38, Full-time",A,True,D,False,False,4,22399
P0595,Yan Liu,Chinese,23-27,C_counterfactual,0,2.2,2.4,10,"Chen W., 45, Part-time",A,False,D,False,True,4,22633
P0596,Grace A. Wright,British,28-32,C_counterfactual,1,1.7,3.5,1,"Sarah M., 34, Part-time",D,True,A,False,False,2,26872
P0596,Grace A. Wright,British,28-32,C_counterfactual,1,1.7,3.5,2,"James K., 28, Full-time",A,True,D,False,False,3,20513
P0596,Grace A. Wright,British,28-32,C_counterfactual,1,1.7,3.5,3,"Priya R., 41, Self-employed",D,False,A,False,True,3,24701
P0596,Grace A. Wright,British,28-32,C_counterfactual,1,1.7,3.5,4,"Marcus T., 55, Part-time",D,True,D,True,True,3,15438
P0596,Grace A. Wright,British,28-32,C_counterfactual,1,1.7,3.5,5,"Anika P., 29, Full-time",D,True,A,False,False,2,20867
P0596,Grace A. Wright,British,28-32,C_counterfactual,1,1.7,3.5,6,"David H., 47, Full-time",A,True,D,False,False,3,24669
P0596,Grace A. Wright,British,28-32,C_counterfactual,1,1.7,3.5,7,"Fatima A., 33, Contract",D,False,A,False,True,4,19794
P0596,Grace A. Wright,British,28-32,C_counterfactual,1,1.7,3.5,8,"Tom B., 22, Full-time",D,True,A,False,False,2,18752
P0596,Grace A. Wright,British,28-32,C_counterfactual,1,1.7,3.5,9,"Olga S., 38, Full-time",A,True,A,True,True,4,17225
P0596,Grace A. Wright,British,28-32,C_counterfactual,1,1.7,3.5,10,"Chen W., 45, Part-time",A,False,A,True,False,3,15747
P0597,Shirin A. Akter,Bangladeshi,28-32,A_no_explanation,1,1.0,2.2,1,"Sarah M., 34, Part-time",D,True,A,False,False,2,15043
P0597,Shirin A. Akter,Bangladeshi,28-32,A_no_explanation,1,1.0,2.2,2,"James K., 28, Full-time",A,True,A,True,True,3,10784
P0597,Shirin A. Akter,Bangladeshi,28-32,A_no_explanation,1,1.0,2.2,3,"Priya R., 41, Self-employed",D,False,A,False,True,2,19941
P0597,Shirin A. Akter,Bangladeshi,28-32,A_no_explanation,1,1.0,2.2,4,"Marcus T., 55, Part-time",D,True,D,True,True,3,12563
P0597,Shirin A. Akter,Bangladeshi,28-32,A_no_explanation,1,1.0,2.2,5,"Anika P., 29, Full-time",D,True,A,False,False,4,19215
P0597,Shirin A. Akter,Bangladeshi,28-32,A_no_explanation,1,1.0,2.2,6,"David H., 47, Full-time",A,True,D,False,False,3,15515
P0597,Shirin A. Akter,Bangladeshi,28-32,A_no_explanation,1,1.0,2.2,7,"Fatima A., 33, Contract",D,False,D,True,False,4,9422
P0597,Shirin A. Akter,Bangladeshi,28-32,A_no_explanation,1,1.0,2.2,8,"Tom B., 22, Full-time",D,True,D,True,True,3,14708
P0597,Shirin A. Akter,Bangladeshi,28-32,A_no_explanation,1,1.0,2.2,9,"Olga S., 38, Full-time",A,True,A,True,True,2,7818
P0597,Shirin A. Akter,Bangladeshi,28-32,A_no_explanation,1,1.0,2.2,10,"Chen W., 45, Part-time",A,False,A,True,False,4,9978
P0598,Naveed A. Chaudhry,Pakistani,23-27,C_counterfactual,2,1.7,4.2,1,"Sarah M., 34, Part-time",D,True,D,True,True,3,15214
P0598,Naveed A. Chaudhry,Pakistani,23-27,C_counterfactual,2,1.7,4.2,2,"James K., 28, Full-time",A,True,A,True,True,3,18715
P0598,Naveed A. Chaudhry,Pakistani,23-27,C_counterfactual,2,1.7,4.2,3,"Priya R., 41, Self-employed",D,False,D,True,False,4,12549
P0598,Naveed A. Chaudhry,Pakistani,23-27,C_counterfactual,2,1.7,4.2,4,"Marcus T., 55, Part-time",D,True,A,False,False,2,18741
P0598,Naveed A. Chaudhry,Pakistani,23-27,C_counterfactual,2,1.7,4.2,5,"Anika P., 29, Full-time",D,True,D,True,True,4,18624
P0598,Naveed A. Chaudhry,Pakistani,23-27,C_counterfactual,2,1.7,4.2,6,"David H., 47, Full-time",A,True,D,False,False,4,24828
P0598,Naveed A. Chaudhry,Pakistani,23-27,C_counterfactual,2,1.7,4.2,7,"Fatima A., 33, Contract",D,False,A,False,True,3,18641
P0598,Naveed A. Chaudhry,Pakistani,23-27,C_counterfactual,2,1.7,4.2,8,"Tom B., 22, Full-time",D,True,D,True,True,4,14740
P0598,Naveed A. Chaudhry,Pakistani,23-27,C_counterfactual,2,1.7,4.2,9,"Olga S., 38, Full-time",A,True,A,True,True,2,16629
P0598,Naveed A. Chaudhry,Pakistani,23-27,C_counterfactual,2,1.7,4.2,10,"Chen W., 45, Part-time",A,False,A,True,False,4,19741
P0599,Rasel A. Ahmed,Bangladeshi,23-27,B_surface,2,4.0,3.1,1,"Sarah M., 34, Part-time",D,True,A,False,False,4,24771
P0599,Rasel A. Ahmed,Bangladeshi,23-27,B_surface,2,4.0,3.1,2,"James K., 28, Full-time",A,True,D,False,False,2,22152
P0599,Rasel A. Ahmed,Bangladeshi,23-27,B_surface,2,4.0,3.1,3,"Priya R., 41, Self-employed",D,False,A,False,True,3,26831
P0599,Rasel A. Ahmed,Bangladeshi,23-27,B_surface,2,4.0,3.1,4,"Marcus T., 55, Part-time",D,True,A,False,False,3,17785
P0599,Rasel A. Ahmed,Bangladeshi,23-27,B_surface,2,4.0,3.1,5,"Anika P., 29, Full-time",D,True,D,True,True,4,10356
P0599,Rasel A. Ahmed,Bangladeshi,23-27,B_surface,2,4.0,3.1,6,"David H., 47, Full-time",A,True,A,True,True,4,6760
P0599,Rasel A. Ahmed,Bangladeshi,23-27,B_surface,2,4.0,3.1,7,"Fatima A., 33, Contract",D,False,D,True,False,3,13317
P0599,Rasel A. Ahmed,Bangladeshi,23-27,B_surface,2,4.0,3.1,8,"Tom B., 22, Full-time",D,True,A,False,False,4,19500
P0599,Rasel A. Ahmed,Bangladeshi,23-27,B_surface,2,4.0,3.1,9,"Olga S., 38, Full-time",A,True,A,True,True,3,11906
P0599,Rasel A. Ahmed,Bangladeshi,23-27,B_surface,2,4.0,3.1,10,"Chen W., 45, Part-time",A,False,A,True,False,4,13185
P0600,Dong Guo,Chinese,23-27,A_no_explanation,0,4.4,2.7,1,"Sarah M., 34, Part-time",D,True,D,True,True,3,20040
P0600,Dong Guo,Chinese,23-27,A_no_explanation,0,4.4,2.7,2,"James K., 28, Full-time",A,True,A,True,True,3,14831
P0600,Dong Guo,Chinese,23-27,A_no_explanation,0,4.4,2.7,3,"Priya R., 41, Self-employed",D,False,A,False,True,2,13912
P0600,Dong Guo,Chinese,23-27,A_no_explanation,0,4.4,2.7,4,"Marcus T., 55, Part-time",D,True,D,True,True,3,14168
P0600,Dong Guo,Chinese,23-27,A_no_explanation,0,4.4,2.7,5,"Anika P., 29, Full-time",D,True,D,True,True,4,18342
P0600,Dong Guo,Chinese,23-27,A_no_explanation,0,4.4,2.7,6,"David H., 47, Full-time",A,True,D,False,False,3,19683
P0600,Dong Guo,Chinese,23-27,A_no_explanation,0,4.4,2.7,7,"Fatima A., 33, Contract",D,False,A,False,True,2,20138
P0600,Dong Guo,Chinese,23-27,A_no_explanation,0,4.4,2.7,8,"Tom B., 22, Full-time",D,True,D,True,True,3,5321
P0600,Dong Guo,Chinese,23-27,A_no_explanation,0,4.4,2.7,9,"Olga S., 38, Full-time",A,True,A,True,True,3,12692
P0600,Dong Guo,Chinese,23-27,A_no_explanation,0,4.4,2.7,10,"Chen W., 45, Part-time",A,False,A,True,False,2,13817
P0601,Arif A. Hossain,Bangladeshi,18-22,C_counterfactual,2,3.8,1.0,1,"Sarah M., 34, Part-time",D,True,D,True,True,3,18388
P0601,Arif A. Hossain,Bangladeshi,18-22,C_counterfactual,2,3.8,1.0,2,"James K., 28, Full-time",A,True,A,True,True,5,21475
P0601,Arif A. Hossain,Bangladeshi,18-22,C_counterfactual,2,3.8,1.0,3,"Priya R., 41, Self-employed",D,False,A,False,True,2,29998
P0601,Arif A. Hossain,Bangladeshi,18-22,C_counterfactual,2,3.8,1.0,4,"Marcus T., 55, Part-time",D,True,D,True,True,3,14491
P0601,Arif A. Hossain,Bangladeshi,18-22,C_counterfactual,2,3.8,1.0,5,"Anika P., 29, Full-time",D,True,A,False,False,4,17735
P0601,Arif A. Hossain,Bangladeshi,18-22,C_counterfactual,2,3.8,1.0,6,"David H., 47, Full-time",A,True,D,False,False,2,19122
P0601,Arif A. Hossain,Bangladeshi,18-22,C_counterfactual,2,3.8,1.0,7,"Fatima A., 33, Contract",D,False,D,True,False,3,21335
P0601,Arif A. Hossain,Bangladeshi,18-22,C_counterfactual,2,3.8,1.0,8,"Tom B., 22, Full-time",D,True,D,True,True,1,14695
P0601,Arif A. Hossain,Bangladeshi,18-22,C_counterfactual,2,3.8,1.0,9,"Olga S., 38, Full-time",A,True,D,False,False,5,22206
P0601,Arif A. Hossain,Bangladeshi,18-22,C_counterfactual,2,3.8,1.0,10,"Chen W., 45, Part-time",A,False,D,False,True,4,23921
P0602,Chuks Okafor,Nigerian,23-27,C_counterfactual,2,2.9,2.2,1,"Sarah M., 34, Part-time",D,True,D,True,True,5,19042
P0602,Chuks Okafor,Nigerian,23-27,C_counterfactual,2,2.9,2.2,2,"James K., 28, Full-time",A,True,A,True,True,2,14113
P0602,Chuks Okafor,Nigerian,23-27,C_counterfactual,2,2.9,2.2,3,"Priya R., 41, Self-employed",D,False,A,False,True,3,18195
P0602,Chuks Okafor,Nigerian,23-27,C_counterfactual,2,2.9,2.2,4,"Marcus T., 55, Part-time",D,True,D,True,True,2,15407
P0602,Chuks Okafor,Nigerian,23-27,C_counterfactual,2,2.9,2.2,5,"Anika P., 29, Full-time",D,True,D,True,True,3,19585
P0602,Chuks Okafor,Nigerian,23-27,C_counterfactual,2,2.9,2.2,6,"David H., 47, Full-time",A,True,D,False,False,3,15285
P0602,Chuks Okafor,Nigerian,23-27,C_counterfactual,2,2.9,2.2,7,"Fatima A., 33, Contract",D,False,D,True,False,4,11491
P0602,Chuks Okafor,Nigerian,23-27,C_counterfactual,2,2.9,2.2,8,"Tom B., 22, Full-time",D,True,A,False,False,3,18711
P0602,Chuks Okafor,Nigerian,23-27,C_counterfactual,2,2.9,2.2,9,"Olga S., 38, Full-time",A,True,D,False,False,2,29572
P0602,Chuks Okafor,Nigerian,23-27,C_counterfactual,2,2.9,2.2,10,"Chen W., 45, Part-time",A,False,D,False,True,4,15906
P0603,Lutfur A. Rahman,Bangladeshi,33-40,C_counterfactual,1,2.6,2.5,1,"Sarah M., 34, Part-time",D,True,D,True,True,4,17406
P0603,Lutfur A. Rahman,Bangladeshi,33-40,C_counterfactual,1,2.6,2.5,2,"James K., 28, Full-time",A,True,A,True,True,3,16080
P0603,Lutfur A. Rahman,Bangladeshi,33-40,C_counterfactual,1,2.6,2.5,3,"Priya R., 41, Self-employed",D,False,D,True,False,4,11672
P0603,Lutfur A. Rahman,Bangladeshi,33-40,C_counterfactual,1,2.6,2.5,4,"Marcus T., 55, Part-time",D,True,A,False,False,3,24112
P0603,Lutfur A. Rahman,Bangladeshi,33-40,C_counterfactual,1,2.6,2.5,5,"Anika P., 29, Full-time",D,True,A,False,False,3,23497
P0603,Lutfur A. Rahman,Bangladeshi,33-40,C_counterfactual,1,2.6,2.5,6,"David H., 47, Full-time",A,True,D,False,False,3,23560
P0603,Lutfur A. Rahman,Bangladeshi,33-40,C_counterfactual,1,2.6,2.5,7,"Fatima A., 33, Contract",D,False,A,False,True,3,19468
P0603,Lutfur A. Rahman,Bangladeshi,33-40,C_counterfactual,1,2.6,2.5,8,"Tom B., 22, Full-time",D,True,D,True,True,4,18842
P0603,Lutfur A. Rahman,Bangladeshi,33-40,C_counterfactual,1,2.6,2.5,9,"Olga S., 38, Full-time",A,True,A,True,True,4,18469
P0603,Lutfur A. Rahman,Bangladeshi,33-40,C_counterfactual,1,2.6,2.5,10,"Chen W., 45, Part-time",A,False,A,True,False,5,20639
P0604,Shapna A. Akter,Bangladeshi,18-22,B_surface,2,3.7,3.6,1,"Sarah M., 34, Part-time",D,True,D,True,True,4,11668
P0604,Shapna A. Akter,Bangladeshi,18-22,B_surface,2,3.7,3.6,2,"James K., 28, Full-time",A,True,D,False,False,2,22171
P0604,Shapna A. Akter,Bangladeshi,18-22,B_surface,2,3.7,3.6,3,"Priya R., 41, Self-employed",D,False,D,True,False,4,7521
P0604,Shapna A. Akter,Bangladeshi,18-22,B_surface,2,3.7,3.6,4,"Marcus T., 55, Part-time",D,True,A,False,False,3,19735
P0604,Shapna A. Akter,Bangladeshi,18-22,B_surface,2,3.7,3.6,5,"Anika P., 29, Full-time",D,True,D,True,True,5,11539
P0604,Shapna A. Akter,Bangladeshi,18-22,B_surface,2,3.7,3.6,6,"David H., 47, Full-time",A,True,A,True,True,4,13844
P0604,Shapna A. Akter,Bangladeshi,18-22,B_surface,2,3.7,3.6,7,"Fatima A., 33, Contract",D,False,A,False,True,3,24966
P0604,Shapna A. Akter,Bangladeshi,18-22,B_surface,2,3.7,3.6,8,"Tom B., 22, Full-time",D,True,D,True,True,4,12949
P0604,Shapna A. Akter,Bangladeshi,18-22,B_surface,2,3.7,3.6,9,"Olga S., 38, Full-time",A,True,A,True,True,2,8925
P0604,Shapna A. Akter,Bangladeshi,18-22,B_surface,2,3.7,3.6,10,"Chen W., 45, Part-time",A,False,D,False,True,4,15698
P0605,Mitu A. Akter,Bangladeshi,18-22,C_counterfactual,0,2.5,2.2,1,"Sarah M., 34, Part-time",D,True,A,False,False,3,29613
P0605,Mitu A. Akter,Bangladeshi,18-22,C_counterfactual,0,2.5,2.2,2,"James K., 28, Full-time",A,True,D,False,False,3,25958
P0605,Mitu A. Akter,Bangladeshi,18-22,C_counterfactual,0,2.5,2.2,3,"Priya R., 41, Self-employed",D,False,A,False,True,4,19866
P0605,Mitu A. Akter,Bangladeshi,18-22,C_counterfactual,0,2.5,2.2,4,"Marcus T., 55, Part-time",D,True,A,False,False,3,22830
P0605,Mitu A. Akter,Bangladeshi,18-22,C_counterfactual,0,2.5,2.2,5,"Anika P., 29, Full-time",D,True,D,True,True,3,14800
P0605,Mitu A. Akter,Bangladeshi,18-22,C_counterfactual,0,2.5,2.2,6,"David H., 47, Full-time",A,True,A,True,True,5,4559
P0605,Mitu A. Akter,Bangladeshi,18-22,C_counterfactual,0,2.5,2.2,7,"Fatima A., 33, Contract",D,False,D,True,False,3,15876
P0605,Mitu A. Akter,Bangladeshi,18-22,C_counterfactual,0,2.5,2.2,8,"Tom B., 22, Full-time",D,True,D,True,True,2,15318
P0605,Mitu A. Akter,Bangladeshi,18-22,C_counterfactual,0,2.5,2.2,9,"Olga S., 38, Full-time",A,True,D,False,False,4,21220
P0605,Mitu A. Akter,Bangladeshi,18-22,C_counterfactual,0,2.5,2.2,10,"Chen W., 45, Part-time",A,False,A,True,False,4,16149
P0606,Bilal A. Ahmed,Pakistani,28-32,B_surface,1,3.4,3.2,1,"Sarah M., 34, Part-time",D,True,D,True,True,4,19390
P0606,Bilal A. Ahmed,Pakistani,28-32,B_surface,1,3.4,3.2,2,"James K., 28, Full-time",A,True,A,True,True,4,5398
P0606,Bilal A. Ahmed,Pakistani,28-32,B_surface,1,3.4,3.2,3,"Priya R., 41, Self-employed",D,False,D,True,False,2,12672
P0606,Bilal A. Ahmed,Pakistani,28-32,B_surface,1,3.4,3.2,4,"Marcus T., 55, Part-time",D,True,D,True,True,4,13297
P0606,Bilal A. Ahmed,Pakistani,28-32,B_surface,1,3.4,3.2,5,"Anika P., 29, Full-time",D,True,D,True,True,3,4800
P0606,Bilal A. Ahmed,Pakistani,28-32,B_surface,1,3.4,3.2,6,"David H., 47, Full-time",A,True,A,True,True,2,14763
P0606,Bilal A. Ahmed,Pakistani,28-32,B_surface,1,3.4,3.2,7,"Fatima A., 33, Contract",D,False,A,False,True,2,21274
P0606,Bilal A. Ahmed,Pakistani,28-32,B_surface,1,3.4,3.2,8,"Tom B., 22, Full-time",D,True,D,True,True,4,13036
P0606,Bilal A. Ahmed,Pakistani,28-32,B_surface,1,3.4,3.2,9,"Olga S., 38, Full-time",A,True,D,False,False,2,20185
P0606,Bilal A. Ahmed,Pakistani,28-32,B_surface,1,3.4,3.2,10,"Chen W., 45, Part-time",A,False,A,True,False,3,11438
P0607,Nayem A. Islam,Bangladeshi,23-27,C_counterfactual,3,3.2,3.1,1,"Sarah M., 34, Part-time",D,True,D,True,True,4,15543
P0607,Nayem A. Islam,Bangladeshi,23-27,C_counterfactual,3,3.2,3.1,2,"James K., 28, Full-time",A,True,D,False,False,3,20054
P0607,Nayem A. Islam,Bangladeshi,23-27,C_counterfactual,3,3.2,3.1,3,"Priya R., 41, Self-employed",D,False,A,False,True,3,28204
P0607,Nayem A. Islam,Bangladeshi,23-27,C_counterfactual,3,3.2,3.1,4,"Marcus T., 55, Part-time",D,True,A,False,False,4,19635
P0607,Nayem A. Islam,Bangladeshi,23-27,C_counterfactual,3,3.2,3.1,5,"Anika P., 29, Full-time",D,True,A,False,False,3,21216
P0607,Nayem A. Islam,Bangladeshi,23-27,C_counterfactual,3,3.2,3.1,6,"David H., 47, Full-time",A,True,A,True,True,3,12102
P0607,Nayem A. Islam,Bangladeshi,23-27,C_counterfactual,3,3.2,3.1,7,"Fatima A., 33, Contract",D,False,A,False,True,3,25843
P0607,Nayem A. Islam,Bangladeshi,23-27,C_counterfactual,3,3.2,3.1,8,"Tom B., 22, Full-time",D,True,A,False,False,2,19616
P0607,Nayem A. Islam,Bangladeshi,23-27,C_counterfactual,3,3.2,3.1,9,"Olga S., 38, Full-time",A,True,A,True,True,5,12977
P0607,Nayem A. Islam,Bangladeshi,23-27,C_counterfactual,3,3.2,3.1,10,"Chen W., 45, Part-time",A,False,A,True,False,4,20064
P0608,Ashique A. Hossain,Bangladeshi,18-22,C_counterfactual,1,1.9,2.6,1,"Sarah M., 34, Part-time",D,True,D,True,True,5,18882
P0608,Ashique A. Hossain,Bangladeshi,18-22,C_counterfactual,1,1.9,2.6,2,"James K., 28, Full-time",A,True,D,False,False,3,14332
P0608,Ashique A. Hossain,Bangladeshi,18-22,C_counterfactual,1,1.9,2.6,3,"Priya R., 41, Self-employed",D,False,A,False,True,3,24622
P0608,Ashique A. Hossain,Bangladeshi,18-22,C_counterfactual,1,1.9,2.6,4,"Marcus T., 55, Part-time",D,True,A,False,False,4,18674
P0608,Ashique A. Hossain,Bangladeshi,18-22,C_counterfactual,1,1.9,2.6,5,"Anika P., 29, Full-time",D,True,D,True,True,4,15890
P0608,Ashique A. Hossain,Bangladeshi,18-22,C_counterfactual,1,1.9,2.6,6,"David H., 47, Full-time",A,True,D,False,False,2,18113
P0608,Ashique A. Hossain,Bangladeshi,18-22,C_counterfactual,1,1.9,2.6,7,"Fatima A., 33, Contract",D,False,D,True,False,4,11941
P0608,Ashique A. Hossain,Bangladeshi,18-22,C_counterfactual,1,1.9,2.6,8,"Tom B., 22, Full-time",D,True,A,False,False,3,24830
P0608,Ashique A. Hossain,Bangladeshi,18-22,C_counterfactual,1,1.9,2.6,9,"Olga S., 38, Full-time",A,True,A,True,True,3,11158
P0608,Ashique A. Hossain,Bangladeshi,18-22,C_counterfactual,1,1.9,2.6,10,"Chen W., 45, Part-time",A,False,D,False,True,2,29846
P0609,Sagor A. Hossain,Bangladeshi,28-32,C_counterfactual,3,4.4,3.2,1,"Sarah M., 34, Part-time",D,True,A,False,False,4,26958
P0609,Sagor A. Hossain,Bangladeshi,28-32,C_counterfactual,3,4.4,3.2,2,"James K., 28, Full-time",A,True,D,False,False,3,24974
P0609,Sagor A. Hossain,Bangladeshi,28-32,C_counterfactual,3,4.4,3.2,3,"Priya R., 41, Self-employed",D,False,A,False,True,2,23110
P0609,Sagor A. Hossain,Bangladeshi,28-32,C_counterfactual,3,4.4,3.2,4,"Marcus T., 55, Part-time",D,True,D,True,True,4,11065
P0609,Sagor A. Hossain,Bangladeshi,28-32,C_counterfactual,3,4.4,3.2,5,"Anika P., 29, Full-time",D,True,A,False,False,3,19936
P0609,Sagor A. Hossain,Bangladeshi,28-32,C_counterfactual,3,4.4,3.2,6,"David H., 47, Full-time",A,True,D,False,False,3,26035
P0609,Sagor A. Hossain,Bangladeshi,28-32,C_counterfactual,3,4.4,3.2,7,"Fatima A., 33, Contract",D,False,A,False,True,4,22011
P0609,Sagor A. Hossain,Bangladeshi,28-32,C_counterfactual,3,4.4,3.2,8,"Tom B., 22, Full-time",D,True,A,False,False,4,23068
P0609,Sagor A. Hossain,Bangladeshi,28-32,C_counterfactual,3,4.4,3.2,9,"Olga S., 38, Full-time",A,True,A,True,True,3,17266
P0609,Sagor A. Hossain,Bangladeshi,28-32,C_counterfactual,3,4.4,3.2,10,"Chen W., 45, Part-time",A,False,D,False,True,3,22707
P0610,Shahnaz A. Parvin,Bangladeshi,28-32,A_no_explanation,1,2.9,3.7,1,"Sarah M., 34, Part-time",D,True,D,True,True,4,19717
P0610,Shahnaz A. Parvin,Bangladeshi,28-32,A_no_explanation,1,2.9,3.7,2,"James K., 28, Full-time",A,True,A,True,True,3,8565
P0610,Shahnaz A. Parvin,Bangladeshi,28-32,A_no_explanation,1,2.9,3.7,3,"Priya R., 41, Self-employed",D,False,D,True,False,3,9857
P0610,Shahnaz A. Parvin,Bangladeshi,28-32,A_no_explanation,1,2.9,3.7,4,"Marcus T., 55, Part-time",D,True,A,False,False,3,16617
P0610,Shahnaz A. Parvin,Bangladeshi,28-32,A_no_explanation,1,2.9,3.7,5,"Anika P., 29, Full-time",D,True,A,False,False,3,18944
P0610,Shahnaz A. Parvin,Bangladeshi,28-32,A_no_explanation,1,2.9,3.7,6,"David H., 47, Full-time",A,True,D,False,False,2,18784
P0610,Shahnaz A. Parvin,Bangladeshi,28-32,A_no_explanation,1,2.9,3.7,7,"Fatima A., 33, Contract",D,False,D,True,False,4,13315
P0610,Shahnaz A. Parvin,Bangladeshi,28-32,A_no_explanation,1,2.9,3.7,8,"Tom B., 22, Full-time",D,True,A,False,False,1,17027
P0610,Shahnaz A. Parvin,Bangladeshi,28-32,A_no_explanation,1,2.9,3.7,9,"Olga S., 38, Full-time",A,True,A,True,True,3,8392
P0610,Shahnaz A. Parvin,Bangladeshi,28-32,A_no_explanation,1,2.9,3.7,10,"Chen W., 45, Part-time",A,False,A,True,False,3,9896
P0611,Mehrab A. Hossain,Bangladeshi,41-50,B_surface,2,2.4,2.2,1,"Sarah M., 34, Part-time",D,True,A,False,False,4,26778
P0611,Mehrab A. Hossain,Bangladeshi,41-50,B_surface,2,2.4,2.2,2,"James K., 28, Full-time",A,True,D,False,False,4,19821
P0611,Mehrab A. Hossain,Bangladeshi,41-50,B_surface,2,2.4,2.2,3,"Priya R., 41, Self-employed",D,False,A,False,True,3,13804
P0611,Mehrab A. Hossain,Bangladeshi,41-50,B_surface,2,2.4,2.2,4,"Marcus T., 55, Part-time",D,True,A,False,False,2,21849
P0611,Mehrab A. Hossain,Bangladeshi,41-50,B_surface,2,2.4,2.2,5,"Anika P., 29, Full-time",D,True,D,True,True,4,17133
P0611,Mehrab A. Hossain,Bangladeshi,41-50,B_surface,2,2.4,2.2,6,"David H., 47, Full-time",A,True,D,False,False,2,17595
P0611,Mehrab A. Hossain,Bangladeshi,41-50,B_surface,2,2.4,2.2,7,"Fatima A., 33, Contract",D,False,A,False,True,4,27295
P0611,Mehrab A. Hossain,Bangladeshi,41-50,B_surface,2,2.4,2.2,8,"Tom B., 22, Full-time",D,True,A,False,False,3,19099
P0611,Mehrab A. Hossain,Bangladeshi,41-50,B_surface,2,2.4,2.2,9,"Olga S., 38, Full-time",A,True,D,False,False,3,23306
P0611,Mehrab A. Hossain,Bangladeshi,41-50,B_surface,2,2.4,2.2,10,"Chen W., 45, Part-time",A,False,D,False,True,3,21044
P0612,Shahriar A. Kabir,Bangladeshi,23-27,C_counterfactual,3,3.1,4.2,1,"Sarah M., 34, Part-time",D,True,A,False,False,4,29847
P0612,Shahriar A. Kabir,Bangladeshi,23-27,C_counterfactual,3,3.1,4.2,2,"James K., 28, Full-time",A,True,D,False,False,3,25211
P0612,Shahriar A. Kabir,Bangladeshi,23-27,C_counterfactual,3,3.1,4.2,3,"Priya R., 41, Self-employed",D,False,A,False,True,3,28770
P0612,Shahriar A. Kabir,Bangladeshi,23-27,C_counterfactual,3,3.1,4.2,4,"Marcus T., 55, Part-time",D,True,D,True,True,4,16338
P0612,Shahriar A. Kabir,Bangladeshi,23-27,C_counterfactual,3,3.1,4.2,5,"Anika P., 29, Full-time",D,True,A,False,False,3,25105
P0612,Shahriar A. Kabir,Bangladeshi,23-27,C_counterfactual,3,3.1,4.2,6,"David H., 47, Full-time",A,True,D,False,False,4,29118
P0612,Shahriar A. Kabir,Bangladeshi,23-27,C_counterfactual,3,3.1,4.2,7,"Fatima A., 33, Contract",D,False,A,False,True,2,17833
P0612,Shahriar A. Kabir,Bangladeshi,23-27,C_counterfactual,3,3.1,4.2,8,"Tom B., 22, Full-time",D,True,A,False,False,3,25149
P0612,Shahriar A. Kabir,Bangladeshi,23-27,C_counterfactual,3,3.1,4.2,9,"Olga S., 38, Full-time",A,True,D,False,False,3,25321
P0612,Shahriar A. Kabir,Bangladeshi,23-27,C_counterfactual,3,3.1,4.2,10,"Chen W., 45, Part-time",A,False,D,False,True,3,26096
P0613,Naima A. Islam,Bangladeshi,18-22,B_surface,1,2.8,4.6,1,"Sarah M., 34, Part-time",D,True,A,False,False,3,25330
P0613,Naima A. Islam,Bangladeshi,18-22,B_surface,1,2.8,4.6,2,"James K., 28, Full-time",A,True,A,True,True,3,14169
P0613,Naima A. Islam,Bangladeshi,18-22,B_surface,1,2.8,4.6,3,"Priya R., 41, Self-employed",D,False,D,True,False,4,18315
P0613,Naima A. Islam,Bangladeshi,18-22,B_surface,1,2.8,4.6,4,"Marcus T., 55, Part-time",D,True,A,False,False,3,20841
P0613,Naima A. Islam,Bangladeshi,18-22,B_surface,1,2.8,4.6,5,"Anika P., 29, Full-time",D,True,D,True,True,3,14486
P0613,Naima A. Islam,Bangladeshi,18-22,B_surface,1,2.8,4.6,6,"David H., 47, Full-time",A,True,A,True,True,4,11437
P0613,Naima A. Islam,Bangladeshi,18-22,B_surface,1,2.8,4.6,7,"Fatima A., 33, Contract",D,False,A,False,True,3,20629
P0613,Naima A. Islam,Bangladeshi,18-22,B_surface,1,2.8,4.6,8,"Tom B., 22, Full-time",D,True,D,True,True,3,5136
P0613,Naima A. Islam,Bangladeshi,18-22,B_surface,1,2.8,4.6,9,"Olga S., 38, Full-time",A,True,A,True,True,1,10553
P0613,Naima A. Islam,Bangladeshi,18-22,B_surface,1,2.8,4.6,10,"Chen W., 45, Part-time",A,False,A,True,False,2,13847
P0614,Phoebe A. Phillips,British,23-27,B_surface,3,2.4,2.8,1,"Sarah M., 34, Part-time",D,True,A,False,False,2,26284
P0614,Phoebe A. Phillips,British,23-27,B_surface,3,2.4,2.8,2,"James K., 28, Full-time",A,True,D,False,False,3,17153
P0614,Phoebe A. Phillips,British,23-27,B_surface,3,2.4,2.8,3,"Priya R., 41, Self-employed",D,False,A,False,True,2,22390
P0614,Phoebe A. Phillips,British,23-27,B_surface,3,2.4,2.8,4,"Marcus T., 55, Part-time",D,True,D,True,True,4,8387
P0614,Phoebe A. Phillips,British,23-27,B_surface,3,2.4,2.8,5,"Anika P., 29, Full-time",D,True,D,True,True,3,6994
P0614,Phoebe A. Phillips,British,23-27,B_surface,3,2.4,2.8,6,"David H., 47, Full-time",A,True,A,True,True,4,14509
P0614,Phoebe A. Phillips,British,23-27,B_surface,3,2.4,2.8,7,"Fatima A., 33, Contract",D,False,A,False,True,2,22194
P0614,Phoebe A. Phillips,British,23-27,B_surface,3,2.4,2.8,8,"Tom B., 22, Full-time",D,True,A,False,False,3,20165
P0614,Phoebe A. Phillips,British,23-27,B_surface,3,2.4,2.8,9,"Olga S., 38, Full-time",A,True,A,True,True,4,10871
P0614,Phoebe A. Phillips,British,23-27,B_surface,3,2.4,2.8,10,"Chen W., 45, Part-time",A,False,A,True,False,3,10677
P0615,Hannah B. Green,British,23-27,B_surface,2,2.1,3.4,1,"Sarah M., 34, Part-time",D,True,A,False,False,3,22238
P0615,Hannah B. Green,British,23-27,B_surface,2,2.1,3.4,2,"James K., 28, Full-time",A,True,A,True,True,1,13839
P0615,Hannah B. Green,British,23-27,B_surface,2,2.1,3.4,3,"Priya R., 41, Self-employed",D,False,A,False,True,2,25354
P0615,Hannah B. Green,British,23-27,B_surface,2,2.1,3.4,4,"Marcus T., 55, Part-time",D,True,A,False,False,3,15516
P0615,Hannah B. Green,British,23-27,B_surface,2,2.1,3.4,5,"Anika P., 29, Full-time",D,True,D,True,True,4,10302
P0615,Hannah B. Green,British,23-27,B_surface,2,2.1,3.4,6,"David H., 47, Full-time",A,True,D,False,False,2,21668
P0615,Hannah B. Green,British,23-27,B_surface,2,2.1,3.4,7,"Fatima A., 33, Contract",D,False,D,True,False,3,8739
P0615,Hannah B. Green,British,23-27,B_surface,2,2.1,3.4,8,"Tom B., 22, Full-time",D,True,A,False,False,3,16255
P0615,Hannah B. Green,British,23-27,B_surface,2,2.1,3.4,9,"Olga S., 38, Full-time",A,True,A,True,True,3,8968
P0615,Hannah B. Green,British,23-27,B_surface,2,2.1,3.4,10,"Chen W., 45, Part-time",A,False,D,False,True,1,16176
P0616,Pradeep A. Iyer,Indian,23-27,C_counterfactual,2,3.4,2.9,1,"Sarah M., 34, Part-time",D,True,D,True,True,5,19305
P0616,Pradeep A. Iyer,Indian,23-27,C_counterfactual,2,3.4,2.9,2,"James K., 28, Full-time",A,True,D,False,False,4,19488
P0616,Pradeep A. Iyer,Indian,23-27,C_counterfactual,2,3.4,2.9,3,"Priya R., 41, Self-employed",D,False,A,False,True,4,25793
P0616,Pradeep A. Iyer,Indian,23-27,C_counterfactual,2,3.4,2.9,4,"Marcus T., 55, Part-time",D,True,A,False,False,3,19752
P0616,Pradeep A. Iyer,Indian,23-27,C_counterfactual,2,3.4,2.9,5,"Anika P., 29, Full-time",D,True,A,False,False,4,21687
P0616,Pradeep A. Iyer,Indian,23-27,C_counterfactual,2,3.4,2.9,6,"David H., 47, Full-time",A,True,A,True,True,5,14792
P0616,Pradeep A. Iyer,Indian,23-27,C_counterfactual,2,3.4,2.9,7,"Fatima A., 33, Contract",D,False,A,False,True,4,22434
P0616,Pradeep A. Iyer,Indian,23-27,C_counterfactual,2,3.4,2.9,8,"Tom B., 22, Full-time",D,True,A,False,False,2,21930
P0616,Pradeep A. Iyer,Indian,23-27,C_counterfactual,2,3.4,2.9,9,"Olga S., 38, Full-time",A,True,A,True,True,2,14445
P0616,Pradeep A. Iyer,Indian,23-27,C_counterfactual,2,3.4,2.9,10,"Chen W., 45, Part-time",A,False,D,False,True,4,22229
P0617,Dilruba A. Begum,Bangladeshi,28-32,A_no_explanation,0,3.5,4.1,1,"Sarah M., 34, Part-time",D,True,D,True,True,4,11032
P0617,Dilruba A. Begum,Bangladeshi,28-32,A_no_explanation,0,3.5,4.1,2,"James K., 28, Full-time",A,True,A,True,True,2,6924
P0617,Dilruba A. Begum,Bangladeshi,28-32,A_no_explanation,0,3.5,4.1,3,"Priya R., 41, Self-employed",D,False,D,True,False,3,12457
P0617,Dilruba A. Begum,Bangladeshi,28-32,A_no_explanation,0,3.5,4.1,4,"Marcus T., 55, Part-time",D,True,A,False,False,1,12675
P0617,Dilruba A. Begum,Bangladeshi,28-32,A_no_explanation,0,3.5,4.1,5,"Anika P., 29, Full-time",D,True,D,True,True,3,12300
P0617,Dilruba A. Begum,Bangladeshi,28-32,A_no_explanation,0,3.5,4.1,6,"David H., 47, Full-time",A,True,A,True,True,3,9838
P0617,Dilruba A. Begum,Bangladeshi,28-32,A_no_explanation,0,3.5,4.1,7,"Fatima A., 33, Contract",D,False,D,True,False,3,13612
P0617,Dilruba A. Begum,Bangladeshi,28-32,A_no_explanation,0,3.5,4.1,8,"Tom B., 22, Full-time",D,True,A,False,False,2,14959
P0617,Dilruba A. Begum,Bangladeshi,28-32,A_no_explanation,0,3.5,4.1,9,"Olga S., 38, Full-time",A,True,D,False,False,3,19711
P0617,Dilruba A. Begum,Bangladeshi,28-32,A_no_explanation,0,3.5,4.1,10,"Chen W., 45, Part-time",A,False,A,True,False,3,15578
P0618,Asad A. Mirza,Pakistani,23-27,A_no_explanation,3,2.3,3.0,1,"Sarah M., 34, Part-time",D,True,D,True,True,3,11339
P0618,Asad A. Mirza,Pakistani,23-27,A_no_explanation,3,2.3,3.0,2,"James K., 28, Full-time",A,True,D,False,False,2,19949
P0618,Asad A. Mirza,Pakistani,23-27,A_no_explanation,3,2.3,3.0,3,"Priya R., 41, Self-employed",D,False,A,False,True,3,18636
P0618,Asad A. Mirza,Pakistani,23-27,A_no_explanation,3,2.3,3.0,4,"Marcus T., 55, Part-time",D,True,D,True,True,4,13270
P0618,Asad A. Mirza,Pakistani,23-27,A_no_explanation,3,2.3,3.0,5,"Anika P., 29, Full-time",D,True,D,True,True,3,4812
P0618,Asad A. Mirza,Pakistani,23-27,A_no_explanation,3,2.3,3.0,6,"David H., 47, Full-time",A,True,A,True,True,3,4716
P0618,Asad A. Mirza,Pakistani,23-27,A_no_explanation,3,2.3,3.0,7,"Fatima A., 33, Contract",D,False,A,False,True,3,19503
P0618,Asad A. Mirza,Pakistani,23-27,A_no_explanation,3,2.3,3.0,8,"Tom B., 22, Full-time",D,True,A,False,False,3,23878
P0618,Asad A. Mirza,Pakistani,23-27,A_no_explanation,3,2.3,3.0,9,"Olga S., 38, Full-time",A,True,A,True,True,3,11958
P0618,Asad A. Mirza,Pakistani,23-27,A_no_explanation,3,2.3,3.0,10,"Chen W., 45, Part-time",A,False,A,True,False,3,12419
P0619,Rumana A. Akter,Bangladeshi,23-27,A_no_explanation,3,3.9,1.8,1,"Sarah M., 34, Part-time",D,True,D,True,True,4,11588
P0619,Rumana A. Akter,Bangladeshi,23-27,A_no_explanation,3,3.9,1.8,2,"James K., 28, Full-time",A,True,D,False,False,2,27765
P0619,Rumana A. Akter,Bangladeshi,23-27,A_no_explanation,3,3.9,1.8,3,"Priya R., 41, Self-employed",D,False,A,False,True,2,25164
P0619,Rumana A. Akter,Bangladeshi,23-27,A_no_explanation,3,3.9,1.8,4,"Marcus T., 55, Part-time",D,True,D,True,True,2,13068
P0619,Rumana A. Akter,Bangladeshi,23-27,A_no_explanation,3,3.9,1.8,5,"Anika P., 29, Full-time",D,True,D,True,True,1,11427
P0619,Rumana A. Akter,Bangladeshi,23-27,A_no_explanation,3,3.9,1.8,6,"David H., 47, Full-time",A,True,A,True,True,3,15104
P0619,Rumana A. Akter,Bangladeshi,23-27,A_no_explanation,3,3.9,1.8,7,"Fatima A., 33, Contract",D,False,D,True,False,3,8383
P0619,Rumana A. Akter,Bangladeshi,23-27,A_no_explanation,3,3.9,1.8,8,"Tom B., 22, Full-time",D,True,D,True,True,2,10692
P0619,Rumana A. Akter,Bangladeshi,23-27,A_no_explanation,3,3.9,1.8,9,"Olga S., 38, Full-time",A,True,A,True,True,5,17918
P0619,Rumana A. Akter,Bangladeshi,23-27,A_no_explanation,3,3.9,1.8,10,"Chen W., 45, Part-time",A,False,A,True,False,3,17982
P0620,Raj A. Gupta,Indian,23-27,B_surface,2,2.7,2.3,1,"Sarah M., 34, Part-time",D,True,D,True,True,3,16016
P0620,Raj A. Gupta,Indian,23-27,B_surface,2,2.7,2.3,2,"James K., 28, Full-time",A,True,D,False,False,3,22095
P0620,Raj A. Gupta,Indian,23-27,B_surface,2,2.7,2.3,3,"Priya R., 41, Self-employed",D,False,D,True,False,3,11575
P0620,Raj A. Gupta,Indian,23-27,B_surface,2,2.7,2.3,4,"Marcus T., 55, Part-time",D,True,A,False,False,3,22914
P0620,Raj A. Gupta,Indian,23-27,B_surface,2,2.7,2.3,5,"Anika P., 29, Full-time",D,True,A,False,False,4,22154
P0620,Raj A. Gupta,Indian,23-27,B_surface,2,2.7,2.3,6,"David H., 47, Full-time",A,True,D,False,False,3,19140
P0620,Raj A. Gupta,Indian,23-27,B_surface,2,2.7,2.3,7,"Fatima A., 33, Contract",D,False,A,False,True,3,14171
P0620,Raj A. Gupta,Indian,23-27,B_surface,2,2.7,2.3,8,"Tom B., 22, Full-time",D,True,A,False,False,3,19902
P0620,Raj A. Gupta,Indian,23-27,B_surface,2,2.7,2.3,9,"Olga S., 38, Full-time",A,True,A,True,True,3,10675
P0620,Raj A. Gupta,Indian,23-27,B_surface,2,2.7,2.3,10,"Chen W., 45, Part-time",A,False,A,True,False,4,7072
P0621,Yusuf Ibrahim,Other,23-27,A_no_explanation,2,2.8,2.6,1,"Sarah M., 34, Part-time",D,True,D,True,True,3,21384
P0621,Yusuf Ibrahim,Other,23-27,A_no_explanation,2,2.8,2.6,2,"James K., 28, Full-time",A,True,D,False,False,3,19683
P0621,Yusuf Ibrahim,Other,23-27,A_no_explanation,2,2.8,2.6,3,"Priya R., 41, Self-employed",D,False,D,True,False,3,13535
P0621,Yusuf Ibrahim,Other,23-27,A_no_explanation,2,2.8,2.6,4,"Marcus T., 55, Part-time",D,True,D,True,True,3,16205
P0621,Yusuf Ibrahim,Other,23-27,A_no_explanation,2,2.8,2.6,5,"Anika P., 29, Full-time",D,True,D,True,True,3,8128
P0621,Yusuf Ibrahim,Other,23-27,A_no_explanation,2,2.8,2.6,6,"David H., 47, Full-time",A,True,A,True,True,4,4200
P0621,Yusuf Ibrahim,Other,23-27,A_no_explanation,2,2.8,2.6,7,"Fatima A., 33, Contract",D,False,D,True,False,3,10188
P0621,Yusuf Ibrahim,Other,23-27,A_no_explanation,2,2.8,2.6,8,"Tom B., 22, Full-time",D,True,A,False,False,1,27017
P0621,Yusuf Ibrahim,Other,23-27,A_no_explanation,2,2.8,2.6,9,"Olga S., 38, Full-time",A,True,A,True,True,4,9044
P0621,Yusuf Ibrahim,Other,23-27,A_no_explanation,2,2.8,2.6,10,"Chen W., 45, Part-time",A,False,D,False,True,2,22176
P0622,Hassan A. Ali,Pakistani,28-32,A_no_explanation,0,3.5,3.2,1,"Sarah M., 34, Part-time",D,True,D,True,True,4,4865
P0622,Hassan A. Ali,Pakistani,28-32,A_no_explanation,0,3.5,3.2,2,"James K., 28, Full-time",A,True,A,True,True,3,14643
P0622,Hassan A. Ali,Pakistani,28-32,A_no_explanation,0,3.5,3.2,3,"Priya R., 41, Self-employed",D,False,D,True,False,3,16002
P0622,Hassan A. Ali,Pakistani,28-32,A_no_explanation,0,3.5,3.2,4,"Marcus T., 55, Part-time",D,True,D,True,True,3,10424
P0622,Hassan A. Ali,Pakistani,28-32,A_no_explanation,0,3.5,3.2,5,"Anika P., 29, Full-time",D,True,A,False,False,4,15550
P0622,Hassan A. Ali,Pakistani,28-32,A_no_explanation,0,3.5,3.2,6,"David H., 47, Full-time",A,True,A,True,True,3,6972
P0622,Hassan A. Ali,Pakistani,28-32,A_no_explanation,0,3.5,3.2,7,"Fatima A., 33, Contract",D,False,D,True,False,4,12969
P0622,Hassan A. Ali,Pakistani,28-32,A_no_explanation,0,3.5,3.2,8,"Tom B., 22, Full-time",D,True,A,False,False,2,18773
P0622,Hassan A. Ali,Pakistani,28-32,A_no_explanation,0,3.5,3.2,9,"Olga S., 38, Full-time",A,True,A,True,True,3,5962
P0622,Hassan A. Ali,Pakistani,28-32,A_no_explanation,0,3.5,3.2,10,"Chen W., 45, Part-time",A,False,A,True,False,3,9784
P0623,Sufia A. Begum,Bangladeshi,23-27,A_no_explanation,2,2.0,5.0,1,"Sarah M., 34, Part-time",D,True,A,False,False,1,22655
P0623,Sufia A. Begum,Bangladeshi,23-27,A_no_explanation,2,2.0,5.0,2,"James K., 28, Full-time",A,True,A,True,True,3,10642
P0623,Sufia A. Begum,Bangladeshi,23-27,A_no_explanation,2,2.0,5.0,3,"Priya R., 41, Self-employed",D,False,A,False,True,3,14547
P0623,Sufia A. Begum,Bangladeshi,23-27,A_no_explanation,2,2.0,5.0,4,"Marcus T., 55, Part-time",D,True,D,True,True,2,13785
P0623,Sufia A. Begum,Bangladeshi,23-27,A_no_explanation,2,2.0,5.0,5,"Anika P., 29, Full-time",D,True,D,True,True,5,5367
P0623,Sufia A. Begum,Bangladeshi,23-27,A_no_explanation,2,2.0,5.0,6,"David H., 47, Full-time",A,True,A,True,True,3,15532
P0623,Sufia A. Begum,Bangladeshi,23-27,A_no_explanation,2,2.0,5.0,7,"Fatima A., 33, Contract",D,False,D,True,False,3,12345
P0623,Sufia A. Begum,Bangladeshi,23-27,A_no_explanation,2,2.0,5.0,8,"Tom B., 22, Full-time",D,True,D,True,True,4,16902
P0623,Sufia A. Begum,Bangladeshi,23-27,A_no_explanation,2,2.0,5.0,9,"Olga S., 38, Full-time",A,True,A,True,True,4,16811
P0623,Sufia A. Begum,Bangladeshi,23-27,A_no_explanation,2,2.0,5.0,10,"Chen W., 45, Part-time",A,False,D,False,True,5,16864
P0624,Sumi A. Akter,Bangladeshi,23-27,B_surface,2,3.4,3.8,1,"Sarah M., 34, Part-time",D,True,D,True,True,2,14252
P0624,Sumi A. Akter,Bangladeshi,23-27,B_surface,2,3.4,3.8,2,"James K., 28, Full-time",A,True,D,False,False,4,17519
P0624,Sumi A. Akter,Bangladeshi,23-27,B_surface,2,3.4,3.8,3,"Priya R., 41, Self-employed",D,False,A,False,True,3,19712
P0624,Sumi A. Akter,Bangladeshi,23-27,B_surface,2,3.4,3.8,4,"Marcus T., 55, Part-time",D,True,A,False,False,3,15832
P0624,Sumi A. Akter,Bangladeshi,23-27,B_surface,2,3.4,3.8,5,"Anika P., 29, Full-time",D,True,D,True,True,3,14367
P0624,Sumi A. Akter,Bangladeshi,23-27,B_surface,2,3.4,3.8,6,"David H., 47, Full-time",A,True,D,False,False,3,25873
P0624,Sumi A. Akter,Bangladeshi,23-27,B_surface,2,3.4,3.8,7,"Fatima A., 33, Contract",D,False,D,True,False,3,14087
P0624,Sumi A. Akter,Bangladeshi,23-27,B_surface,2,3.4,3.8,8,"Tom B., 22, Full-time",D,True,A,False,False,3,13631
P0624,Sumi A. Akter,Bangladeshi,23-27,B_surface,2,3.4,3.8,9,"Olga S., 38, Full-time",A,True,D,False,False,2,21100
P0624,Sumi A. Akter,Bangladeshi,23-27,B_surface,2,3.4,3.8,10,"Chen W., 45, Part-time",A,False,D,False,True,3,19664
P0625,Ryan A. Green,British,18-22,C_counterfactual,3,3.4,4.0,1,"Sarah M., 34, Part-time",D,True,A,False,False,3,27714
P0625,Ryan A. Green,British,18-22,C_counterfactual,3,3.4,4.0,2,"James K., 28, Full-time",A,True,D,False,False,4,17482
P0625,Ryan A. Green,British,18-22,C_counterfactual,3,3.4,4.0,3,"Priya R., 41, Self-employed",D,False,A,False,True,3,17494
P0625,Ryan A. Green,British,18-22,C_counterfactual,3,3.4,4.0,4,"Marcus T., 55, Part-time",D,True,D,True,True,2,21920
P0625,Ryan A. Green,British,18-22,C_counterfactual,3,3.4,4.0,5,"Anika P., 29, Full-time",D,True,A,False,False,3,22357
P0625,Ryan A. Green,British,18-22,C_counterfactual,3,3.4,4.0,6,"David H., 47, Full-time",A,True,D,False,False,3,19308
P0625,Ryan A. Green,British,18-22,C_counterfactual,3,3.4,4.0,7,"Fatima A., 33, Contract",D,False,D,True,False,3,11697
P0625,Ryan A. Green,British,18-22,C_counterfactual,3,3.4,4.0,8,"Tom B., 22, Full-time",D,True,A,False,False,3,20357
P0625,Ryan A. Green,British,18-22,C_counterfactual,3,3.4,4.0,9,"Olga S., 38, Full-time",A,True,A,True,True,2,13464
P0625,Ryan A. Green,British,18-22,C_counterfactual,3,3.4,4.0,10,"Chen W., 45, Part-time",A,False,D,False,True,3,32281
P0626,Abid A. Hossain,Bangladeshi,23-27,C_counterfactual,2,3.9,3.4,1,"Sarah M., 34, Part-time",D,True,D,True,True,3,18648
P0626,Abid A. Hossain,Bangladeshi,23-27,C_counterfactual,2,3.9,3.4,2,"James K., 28, Full-time",A,True,D,False,False,4,23869
P0626,Abid A. Hossain,Bangladeshi,23-27,C_counterfactual,2,3.9,3.4,3,"Priya R., 41, Self-employed",D,False,A,False,True,3,21439
P0626,Abid A. Hossain,Bangladeshi,23-27,C_counterfactual,2,3.9,3.4,4,"Marcus T., 55, Part-time",D,True,D,True,True,4,18671
P0626,Abid A. Hossain,Bangladeshi,23-27,C_counterfactual,2,3.9,3.4,5,"Anika P., 29, Full-time",D,True,A,False,False,3,20822
P0626,Abid A. Hossain,Bangladeshi,23-27,C_counterfactual,2,3.9,3.4,6,"David H., 47, Full-time",A,True,D,False,False,2,22457
P0626,Abid A. Hossain,Bangladeshi,23-27,C_counterfactual,2,3.9,3.4,7,"Fatima A., 33, Contract",D,False,A,False,True,2,23326
P0626,Abid A. Hossain,Bangladeshi,23-27,C_counterfactual,2,3.9,3.4,8,"Tom B., 22, Full-time",D,True,A,False,False,3,21516
P0626,Abid A. Hossain,Bangladeshi,23-27,C_counterfactual,2,3.9,3.4,9,"Olga S., 38, Full-time",A,True,D,False,False,3,22435
P0626,Abid A. Hossain,Bangladeshi,23-27,C_counterfactual,2,3.9,3.4,10,"Chen W., 45, Part-time",A,False,D,False,True,4,26800
P0627,Xia Zhou,Chinese,18-22,A_no_explanation,2,4.3,2.6,1,"Sarah M., 34, Part-time",D,True,A,False,False,3,22153
P0627,Xia Zhou,Chinese,18-22,A_no_explanation,2,4.3,2.6,2,"James K., 28, Full-time",A,True,A,True,True,4,18143
P0627,Xia Zhou,Chinese,18-22,A_no_explanation,2,4.3,2.6,3,"Priya R., 41, Self-employed",D,False,A,False,True,4,15443
P0627,Xia Zhou,Chinese,18-22,A_no_explanation,2,4.3,2.6,4,"Marcus T., 55, Part-time",D,True,D,True,True,4,7959
P0627,Xia Zhou,Chinese,18-22,A_no_explanation,2,4.3,2.6,5,"Anika P., 29, Full-time",D,True,A,False,False,4,21052
P0627,Xia Zhou,Chinese,18-22,A_no_explanation,2,4.3,2.6,6,"David H., 47, Full-time",A,True,A,True,True,3,7208
P0627,Xia Zhou,Chinese,18-22,A_no_explanation,2,4.3,2.6,7,"Fatima A., 33, Contract",D,False,D,True,False,3,9351
P0627,Xia Zhou,Chinese,18-22,A_no_explanation,2,4.3,2.6,8,"Tom B., 22, Full-time",D,True,A,False,False,2,19244
P0627,Xia Zhou,Chinese,18-22,A_no_explanation,2,4.3,2.6,9,"Olga S., 38, Full-time",A,True,A,True,True,2,15216
P0627,Xia Zhou,Chinese,18-22,A_no_explanation,2,4.3,2.6,10,"Chen W., 45, Part-time",A,False,D,False,True,3,19892
P0628,Wura Oluwole,Nigerian,23-27,B_surface,2,4.7,4.8,1,"Sarah M., 34, Part-time",D,True,D,True,True,5,11396
P0628,Wura Oluwole,Nigerian,23-27,B_surface,2,4.7,4.8,2,"James K., 28, Full-time",A,True,A,True,True,4,17572
P0628,Wura Oluwole,Nigerian,23-27,B_surface,2,4.7,4.8,3,"Priya R., 41, Self-employed",D,False,D,True,False,4,8722
P0628,Wura Oluwole,Nigerian,23-27,B_surface,2,4.7,4.8,4,"Marcus T., 55, Part-time",D,True,A,False,False,3,23044
P0628,Wura Oluwole,Nigerian,23-27,B_surface,2,4.7,4.8,5,"Anika P., 29, Full-time",D,True,A,False,False,3,19358
P0628,Wura Oluwole,Nigerian,23-27,B_surface,2,4.7,4.8,6,"David H., 47, Full-time",A,True,D,False,False,2,19485
P0628,Wura Oluwole,Nigerian,23-27,B_surface,2,4.7,4.8,7,"Fatima A., 33, Contract",D,False,A,False,True,3,28626
P0628,Wura Oluwole,Nigerian,23-27,B_surface,2,4.7,4.8,8,"Tom B., 22, Full-time",D,True,D,True,True,3,10826
P0628,Wura Oluwole,Nigerian,23-27,B_surface,2,4.7,4.8,9,"Olga S., 38, Full-time",A,True,A,True,True,2,8377
P0628,Wura Oluwole,Nigerian,23-27,B_surface,2,4.7,4.8,10,"Chen W., 45, Part-time",A,False,A,True,False,3,11039
P0629,Billal A. Hossain,Bangladeshi,28-32,B_surface,2,3.9,2.8,1,"Sarah M., 34, Part-time",D,True,A,False,False,4,21435
P0629,Billal A. Hossain,Bangladeshi,28-32,B_surface,2,3.9,2.8,2,"James K., 28, Full-time",A,True,A,True,True,3,7110
P0629,Billal A. Hossain,Bangladeshi,28-32,B_surface,2,3.9,2.8,3,"Priya R., 41, Self-employed",D,False,D,True,False,4,10640
P0629,Billal A. Hossain,Bangladeshi,28-32,B_surface,2,3.9,2.8,4,"Marcus T., 55, Part-time",D,True,D,True,True,3,11940
P0629,Billal A. Hossain,Bangladeshi,28-32,B_surface,2,3.9,2.8,5,"Anika P., 29, Full-time",D,True,D,True,True,4,16293
P0629,Billal A. Hossain,Bangladeshi,28-32,B_surface,2,3.9,2.8,6,"David H., 47, Full-time",A,True,D,False,False,2,16708
P0629,Billal A. Hossain,Bangladeshi,28-32,B_surface,2,3.9,2.8,7,"Fatima A., 33, Contract",D,False,A,False,True,2,18608
P0629,Billal A. Hossain,Bangladeshi,28-32,B_surface,2,3.9,2.8,8,"Tom B., 22, Full-time",D,True,A,False,False,3,23728
P0629,Billal A. Hossain,Bangladeshi,28-32,B_surface,2,3.9,2.8,9,"Olga S., 38, Full-time",A,True,A,True,True,4,14810
P0629,Billal A. Hossain,Bangladeshi,28-32,B_surface,2,3.9,2.8,10,"Chen W., 45, Part-time",A,False,D,False,True,3,26038
P0630,Liang Ma,Chinese,41-50,B_surface,1,2.0,2.5,1,"Sarah M., 34, Part-time",D,True,D,True,True,5,14930
P0630,Liang Ma,Chinese,41-50,B_surface,1,2.0,2.5,2,"James K., 28, Full-time",A,True,A,True,True,2,7238
P0630,Liang Ma,Chinese,41-50,B_surface,1,2.0,2.5,3,"Priya R., 41, Self-employed",D,False,D,True,False,3,4409
P0630,Liang Ma,Chinese,41-50,B_surface,1,2.0,2.5,4,"Marcus T., 55, Part-time",D,True,A,False,False,2,23884
P0630,Liang Ma,Chinese,41-50,B_surface,1,2.0,2.5,5,"Anika P., 29, Full-time",D,True,D,True,True,3,14116
P0630,Liang Ma,Chinese,41-50,B_surface,1,2.0,2.5,6,"David H., 47, Full-time",A,True,A,True,True,3,6689
P0630,Liang Ma,Chinese,41-50,B_surface,1,2.0,2.5,7,"Fatima A., 33, Contract",D,False,A,False,True,2,17964
P0630,Liang Ma,Chinese,41-50,B_surface,1,2.0,2.5,8,"Tom B., 22, Full-time",D,True,A,False,False,3,24490
P0630,Liang Ma,Chinese,41-50,B_surface,1,2.0,2.5,9,"Olga S., 38, Full-time",A,True,D,False,False,3,23644
P0630,Liang Ma,Chinese,41-50,B_surface,1,2.0,2.5,10,"Chen W., 45, Part-time",A,False,D,False,True,4,23394
P0631,Jeba A. Akter,Bangladeshi,18-22,C_counterfactual,0,1.7,3.2,1,"Sarah M., 34, Part-time",D,True,A,False,False,5,24373
P0631,Jeba A. Akter,Bangladeshi,18-22,C_counterfactual,0,1.7,3.2,2,"James K., 28, Full-time",A,True,A,True,True,4,9309
P0631,Jeba A. Akter,Bangladeshi,18-22,C_counterfactual,0,1.7,3.2,3,"Priya R., 41, Self-employed",D,False,A,False,True,3,22703
P0631,Jeba A. Akter,Bangladeshi,18-22,C_counterfactual,0,1.7,3.2,4,"Marcus T., 55, Part-time",D,True,D,True,True,3,16237
P0631,Jeba A. Akter,Bangladeshi,18-22,C_counterfactual,0,1.7,3.2,5,"Anika P., 29, Full-time",D,True,A,False,False,3,22894
P0631,Jeba A. Akter,Bangladeshi,18-22,C_counterfactual,0,1.7,3.2,6,"David H., 47, Full-time",A,True,A,True,True,3,17413
P0631,Jeba A. Akter,Bangladeshi,18-22,C_counterfactual,0,1.7,3.2,7,"Fatima A., 33, Contract",D,False,A,False,True,2,17532
P0631,Jeba A. Akter,Bangladeshi,18-22,C_counterfactual,0,1.7,3.2,8,"Tom B., 22, Full-time",D,True,D,True,True,4,9745
P0631,Jeba A. Akter,Bangladeshi,18-22,C_counterfactual,0,1.7,3.2,9,"Olga S., 38, Full-time",A,True,A,True,True,4,10755
P0631,Jeba A. Akter,Bangladeshi,18-22,C_counterfactual,0,1.7,3.2,10,"Chen W., 45, Part-time",A,False,D,False,True,4,23049
P0632,Mahmudul A. Karim,Bangladeshi,23-27,B_surface,2,3.5,2.9,1,"Sarah M., 34, Part-time",D,True,A,False,False,3,26163
P0632,Mahmudul A. Karim,Bangladeshi,23-27,B_surface,2,3.5,2.9,2,"James K., 28, Full-time",A,True,A,True,True,4,15783
P0632,Mahmudul A. Karim,Bangladeshi,23-27,B_surface,2,3.5,2.9,3,"Priya R., 41, Self-employed",D,False,D,True,False,4,11954
P0632,Mahmudul A. Karim,Bangladeshi,23-27,B_surface,2,3.5,2.9,4,"Marcus T., 55, Part-time",D,True,A,False,False,3,21292
P0632,Mahmudul A. Karim,Bangladeshi,23-27,B_surface,2,3.5,2.9,5,"Anika P., 29, Full-time",D,True,D,True,True,4,14261
P0632,Mahmudul A. Karim,Bangladeshi,23-27,B_surface,2,3.5,2.9,6,"David H., 47, Full-time",A,True,A,True,True,2,13836
P0632,Mahmudul A. Karim,Bangladeshi,23-27,B_surface,2,3.5,2.9,7,"Fatima A., 33, Contract",D,False,A,False,True,3,24195
P0632,Mahmudul A. Karim,Bangladeshi,23-27,B_surface,2,3.5,2.9,8,"Tom B., 22, Full-time",D,True,A,False,False,2,16100
P0632,Mahmudul A. Karim,Bangladeshi,23-27,B_surface,2,3.5,2.9,9,"Olga S., 38, Full-time",A,True,A,True,True,3,5688
P0632,Mahmudul A. Karim,Bangladeshi,23-27,B_surface,2,3.5,2.9,10,"Chen W., 45, Part-time",A,False,D,False,True,2,21192
P0633,Nurjahan A. Begum,Bangladeshi,18-22,A_no_explanation,2,2.5,3.4,1,"Sarah M., 34, Part-time",D,True,D,True,True,3,18087
P0633,Nurjahan A. Begum,Bangladeshi,18-22,A_no_explanation,2,2.5,3.4,2,"James K., 28, Full-time",A,True,D,False,False,2,13733
P0633,Nurjahan A. Begum,Bangladeshi,18-22,A_no_explanation,2,2.5,3.4,3,"Priya R., 41, Self-employed",D,False,A,False,True,2,16522
P0633,Nurjahan A. Begum,Bangladeshi,18-22,A_no_explanation,2,2.5,3.4,4,"Marcus T., 55, Part-time",D,True,D,True,True,3,14227
P0633,Nurjahan A. Begum,Bangladeshi,18-22,A_no_explanation,2,2.5,3.4,5,"Anika P., 29, Full-time",D,True,D,True,True,3,15876
P0633,Nurjahan A. Begum,Bangladeshi,18-22,A_no_explanation,2,2.5,3.4,6,"David H., 47, Full-time",A,True,A,True,True,3,6619
P0633,Nurjahan A. Begum,Bangladeshi,18-22,A_no_explanation,2,2.5,3.4,7,"Fatima A., 33, Contract",D,False,D,True,False,3,13859
P0633,Nurjahan A. Begum,Bangladeshi,18-22,A_no_explanation,2,2.5,3.4,8,"Tom B., 22, Full-time",D,True,D,True,True,3,15659
P0633,Nurjahan A. Begum,Bangladeshi,18-22,A_no_explanation,2,2.5,3.4,9,"Olga S., 38, Full-time",A,True,A,True,True,2,15277
P0633,Nurjahan A. Begum,Bangladeshi,18-22,A_no_explanation,2,2.5,3.4,10,"Chen W., 45, Part-time",A,False,D,False,True,3,20011
P0634,Badrul A. Alam,Bangladeshi,23-27,B_surface,3,2.8,4.9,1,"Sarah M., 34, Part-time",D,True,D,True,True,4,16332
P0634,Badrul A. Alam,Bangladeshi,23-27,B_surface,3,2.8,4.9,2,"James K., 28, Full-time",A,True,A,True,True,2,16756
P0634,Badrul A. Alam,Bangladeshi,23-27,B_surface,3,2.8,4.9,3,"Priya R., 41, Self-employed",D,False,D,True,False,3,19462
P0634,Badrul A. Alam,Bangladeshi,23-27,B_surface,3,2.8,4.9,4,"Marcus T., 55, Part-time",D,True,D,True,True,2,5166
P0634,Badrul A. Alam,Bangladeshi,23-27,B_surface,3,2.8,4.9,5,"Anika P., 29, Full-time",D,True,A,False,False,2,16147
P0634,Badrul A. Alam,Bangladeshi,23-27,B_surface,3,2.8,4.9,6,"David H., 47, Full-time",A,True,A,True,True,2,12287
P0634,Badrul A. Alam,Bangladeshi,23-27,B_surface,3,2.8,4.9,7,"Fatima A., 33, Contract",D,False,A,False,True,3,24533
P0634,Badrul A. Alam,Bangladeshi,23-27,B_surface,3,2.8,4.9,8,"Tom B., 22, Full-time",D,True,D,True,True,3,16867
P0634,Badrul A. Alam,Bangladeshi,23-27,B_surface,3,2.8,4.9,9,"Olga S., 38, Full-time",A,True,A,True,True,4,11298
P0634,Badrul A. Alam,Bangladeshi,23-27,B_surface,3,2.8,4.9,10,"Chen W., 45, Part-time",A,False,D,False,True,3,25932
P0635,Sharif A. Ahmed,Bangladeshi,28-32,B_surface,0,4.1,2.6,1,"Sarah M., 34, Part-time",D,True,D,True,True,3,21790
P0635,Sharif A. Ahmed,Bangladeshi,28-32,B_surface,0,4.1,2.6,2,"James K., 28, Full-time",A,True,D,False,False,3,16852
P0635,Sharif A. Ahmed,Bangladeshi,28-32,B_surface,0,4.1,2.6,3,"Priya R., 41, Self-employed",D,False,D,True,False,3,9919
P0635,Sharif A. Ahmed,Bangladeshi,28-32,B_surface,0,4.1,2.6,4,"Marcus T., 55, Part-time",D,True,D,True,True,2,16423
P0635,Sharif A. Ahmed,Bangladeshi,28-32,B_surface,0,4.1,2.6,5,"Anika P., 29, Full-time",D,True,D,True,True,4,14520
P0635,Sharif A. Ahmed,Bangladeshi,28-32,B_surface,0,4.1,2.6,6,"David H., 47, Full-time",A,True,D,False,False,2,21894
P0635,Sharif A. Ahmed,Bangladeshi,28-32,B_surface,0,4.1,2.6,7,"Fatima A., 33, Contract",D,False,A,False,True,2,15971
P0635,Sharif A. Ahmed,Bangladeshi,28-32,B_surface,0,4.1,2.6,8,"Tom B., 22, Full-time",D,True,D,True,True,3,15134
P0635,Sharif A. Ahmed,Bangladeshi,28-32,B_surface,0,4.1,2.6,9,"Olga S., 38, Full-time",A,True,D,False,False,3,18156
P0635,Sharif A. Ahmed,Bangladeshi,28-32,B_surface,0,4.1,2.6,10,"Chen W., 45, Part-time",A,False,D,False,True,3,16738
P0636,Oliver A. Smith,British,28-32,B_surface,1,3.6,4.0,1,"Sarah M., 34, Part-time",D,True,D,True,True,3,19272
P0636,Oliver A. Smith,British,28-32,B_surface,1,3.6,4.0,2,"James K., 28, Full-time",A,True,A,True,True,3,16009
P0636,Oliver A. Smith,British,28-32,B_surface,1,3.6,4.0,3,"Priya R., 41, Self-employed",D,False,A,False,True,2,22665
P0636,Oliver A. Smith,British,28-32,B_surface,1,3.6,4.0,4,"Marcus T., 55, Part-time",D,True,D,True,True,2,12768
P0636,Oliver A. Smith,British,28-32,B_surface,1,3.6,4.0,5,"Anika P., 29, Full-time",D,True,D,True,True,4,9225
P0636,Oliver A. Smith,British,28-32,B_surface,1,3.6,4.0,6,"David H., 47, Full-time",A,True,A,True,True,3,7411
P0636,Oliver A. Smith,British,28-32,B_surface,1,3.6,4.0,7,"Fatima A., 33, Contract",D,False,A,False,True,2,23798
P0636,Oliver A. Smith,British,28-32,B_surface,1,3.6,4.0,8,"Tom B., 22, Full-time",D,True,A,False,False,3,12443
P0636,Oliver A. Smith,British,28-32,B_surface,1,3.6,4.0,9,"Olga S., 38, Full-time",A,True,A,True,True,1,10640
P0636,Oliver A. Smith,British,28-32,B_surface,1,3.6,4.0,10,"Chen W., 45, Part-time",A,False,A,True,False,4,11807
P0637,Shahed A. Alam,Bangladeshi,18-22,B_surface,1,4.6,3.8,1,"Sarah M., 34, Part-time",D,True,D,True,True,3,16214
P0637,Shahed A. Alam,Bangladeshi,18-22,B_surface,1,4.6,3.8,2,"James K., 28, Full-time",A,True,A,True,True,3,12128
P0637,Shahed A. Alam,Bangladeshi,18-22,B_surface,1,4.6,3.8,3,"Priya R., 41, Self-employed",D,False,A,False,True,3,17146
P0637,Shahed A. Alam,Bangladeshi,18-22,B_surface,1,4.6,3.8,4,"Marcus T., 55, Part-time",D,True,A,False,False,3,16904
P0637,Shahed A. Alam,Bangladeshi,18-22,B_surface,1,4.6,3.8,5,"Anika P., 29, Full-time",D,True,A,False,False,2,24735
P0637,Shahed A. Alam,Bangladeshi,18-22,B_surface,1,4.6,3.8,6,"David H., 47, Full-time",A,True,D,False,False,3,19092
P0637,Shahed A. Alam,Bangladeshi,18-22,B_surface,1,4.6,3.8,7,"Fatima A., 33, Contract",D,False,A,False,True,4,25430
P0637,Shahed A. Alam,Bangladeshi,18-22,B_surface,1,4.6,3.8,8,"Tom B., 22, Full-time",D,True,A,False,False,2,11445
P0637,Shahed A. Alam,Bangladeshi,18-22,B_surface,1,4.6,3.8,9,"Olga S., 38, Full-time",A,True,D,False,False,4,28195
P0637,Shahed A. Alam,Bangladeshi,18-22,B_surface,1,4.6,3.8,10,"Chen W., 45, Part-time",A,False,D,False,True,3,23219
P0638,Amna A. Siddiqui,Pakistani,18-22,B_surface,2,3.2,2.6,1,"Sarah M., 34, Part-time",D,True,A,False,False,4,27095
P0638,Amna A. Siddiqui,Pakistani,18-22,B_surface,2,3.2,2.6,2,"James K., 28, Full-time",A,True,D,False,False,4,22048
P0638,Amna A. Siddiqui,Pakistani,18-22,B_surface,2,3.2,2.6,3,"Priya R., 41, Self-employed",D,False,D,True,False,4,13807
P0638,Amna A. Siddiqui,Pakistani,18-22,B_surface,2,3.2,2.6,4,"Marcus T., 55, Part-time",D,True,D,True,True,1,9225
P0638,Amna A. Siddiqui,Pakistani,18-22,B_surface,2,3.2,2.6,5,"Anika P., 29, Full-time",D,True,A,False,False,4,21288
P0638,Amna A. Siddiqui,Pakistani,18-22,B_surface,2,3.2,2.6,6,"David H., 47, Full-time",A,True,D,False,False,3,21066
P0638,Amna A. Siddiqui,Pakistani,18-22,B_surface,2,3.2,2.6,7,"Fatima A., 33, Contract",D,False,A,False,True,4,18369
P0638,Amna A. Siddiqui,Pakistani,18-22,B_surface,2,3.2,2.6,8,"Tom B., 22, Full-time",D,True,A,False,False,4,23008
P0638,Amna A. Siddiqui,Pakistani,18-22,B_surface,2,3.2,2.6,9,"Olga S., 38, Full-time",A,True,D,False,False,2,16185
P0638,Amna A. Siddiqui,Pakistani,18-22,B_surface,2,3.2,2.6,10,"Chen W., 45, Part-time",A,False,D,False,True,3,18374
P0639,Hafizur A. Rahman,Bangladeshi,28-32,B_surface,2,3.7,3.4,1,"Sarah M., 34, Part-time",D,True,A,False,False,3,24730
P0639,Hafizur A. Rahman,Bangladeshi,28-32,B_surface,2,3.7,3.4,2,"James K., 28, Full-time",A,True,A,True,True,2,18613
P0639,Hafizur A. Rahman,Bangladeshi,28-32,B_surface,2,3.7,3.4,3,"Priya R., 41, Self-employed",D,False,A,False,True,4,13566
P0639,Hafizur A. Rahman,Bangladeshi,28-32,B_surface,2,3.7,3.4,4,"Marcus T., 55, Part-time",D,True,A,False,False,5,20062
P0639,Hafizur A. Rahman,Bangladeshi,28-32,B_surface,2,3.7,3.4,5,"Anika P., 29, Full-time",D,True,D,True,True,4,10203
P0639,Hafizur A. Rahman,Bangladeshi,28-32,B_surface,2,3.7,3.4,6,"David H., 47, Full-time",A,True,D,False,False,3,17139
P0639,Hafizur A. Rahman,Bangladeshi,28-32,B_surface,2,3.7,3.4,7,"Fatima A., 33, Contract",D,False,D,True,False,2,9549
P0639,Hafizur A. Rahman,Bangladeshi,28-32,B_surface,2,3.7,3.4,8,"Tom B., 22, Full-time",D,True,A,False,False,2,20677
P0639,Hafizur A. Rahman,Bangladeshi,28-32,B_surface,2,3.7,3.4,9,"Olga S., 38, Full-time",A,True,A,True,True,4,11193
P0639,Hafizur A. Rahman,Bangladeshi,28-32,B_surface,2,3.7,3.4,10,"Chen W., 45, Part-time",A,False,D,False,True,4,20442
P0640,Azlan A. Ishak,Malaysian,23-27,B_surface,0,1.4,4.4,1,"Sarah M., 34, Part-time",D,True,D,True,True,4,16536
P0640,Azlan A. Ishak,Malaysian,23-27,B_surface,0,1.4,4.4,2,"James K., 28, Full-time",A,True,D,False,False,2,19244
P0640,Azlan A. Ishak,Malaysian,23-27,B_surface,0,1.4,4.4,3,"Priya R., 41, Self-employed",D,False,A,False,True,4,20636
P0640,Azlan A. Ishak,Malaysian,23-27,B_surface,0,1.4,4.4,4,"Marcus T., 55, Part-time",D,True,A,False,False,2,20706
P0640,Azlan A. Ishak,Malaysian,23-27,B_surface,0,1.4,4.4,5,"Anika P., 29, Full-time",D,True,A,False,False,1,21920
P0640,Azlan A. Ishak,Malaysian,23-27,B_surface,0,1.4,4.4,6,"David H., 47, Full-time",A,True,A,True,True,4,14956
P0640,Azlan A. Ishak,Malaysian,23-27,B_surface,0,1.4,4.4,7,"Fatima A., 33, Contract",D,False,D,True,False,1,7168
P0640,Azlan A. Ishak,Malaysian,23-27,B_surface,0,1.4,4.4,8,"Tom B., 22, Full-time",D,True,D,True,True,2,15106
P0640,Azlan A. Ishak,Malaysian,23-27,B_surface,0,1.4,4.4,9,"Olga S., 38, Full-time",A,True,A,True,True,3,12537
P0640,Azlan A. Ishak,Malaysian,23-27,B_surface,0,1.4,4.4,10,"Chen W., 45, Part-time",A,False,D,False,True,2,27824
P0641,Runa A. Begum,Bangladeshi,18-22,C_counterfactual,2,3.4,3.9,1,"Sarah M., 34, Part-time",D,True,A,False,False,2,24860
P0641,Runa A. Begum,Bangladeshi,18-22,C_counterfactual,2,3.4,3.9,2,"James K., 28, Full-time",A,True,D,False,False,3,25020
P0641,Runa A. Begum,Bangladeshi,18-22,C_counterfactual,2,3.4,3.9,3,"Priya R., 41, Self-employed",D,False,A,False,True,3,24085
P0641,Runa A. Begum,Bangladeshi,18-22,C_counterfactual,2,3.4,3.9,4,"Marcus T., 55, Part-time",D,True,D,True,True,3,18869
P0641,Runa A. Begum,Bangladeshi,18-22,C_counterfactual,2,3.4,3.9,5,"Anika P., 29, Full-time",D,True,A,False,False,4,24622
P0641,Runa A. Begum,Bangladeshi,18-22,C_counterfactual,2,3.4,3.9,6,"David H., 47, Full-time",A,True,D,False,False,4,20348
P0641,Runa A. Begum,Bangladeshi,18-22,C_counterfactual,2,3.4,3.9,7,"Fatima A., 33, Contract",D,False,A,False,True,3,28361
P0641,Runa A. Begum,Bangladeshi,18-22,C_counterfactual,2,3.4,3.9,8,"Tom B., 22, Full-time",D,True,A,False,False,2,16963
P0641,Runa A. Begum,Bangladeshi,18-22,C_counterfactual,2,3.4,3.9,9,"Olga S., 38, Full-time",A,True,D,False,False,3,27657
P0641,Runa A. Begum,Bangladeshi,18-22,C_counterfactual,2,3.4,3.9,10,"Chen W., 45, Part-time",A,False,D,False,True,4,31853
P0642,Zubayer A. Hossain,Bangladeshi,28-32,B_surface,1,3.3,3.2,1,"Sarah M., 34, Part-time",D,True,D,True,True,4,19047
P0642,Zubayer A. Hossain,Bangladeshi,28-32,B_surface,1,3.3,3.2,2,"James K., 28, Full-time",A,True,A,True,True,3,7347
P0642,Zubayer A. Hossain,Bangladeshi,28-32,B_surface,1,3.3,3.2,3,"Priya R., 41, Self-employed",D,False,D,True,False,4,11013
P0642,Zubayer A. Hossain,Bangladeshi,28-32,B_surface,1,3.3,3.2,4,"Marcus T., 55, Part-time",D,True,D,True,True,2,17189
P0642,Zubayer A. Hossain,Bangladeshi,28-32,B_surface,1,3.3,3.2,5,"Anika P., 29, Full-time",D,True,D,True,True,4,15012
P0642,Zubayer A. Hossain,Bangladeshi,28-32,B_surface,1,3.3,3.2,6,"David H., 47, Full-time",A,True,A,True,True,3,13096
P0642,Zubayer A. Hossain,Bangladeshi,28-32,B_surface,1,3.3,3.2,7,"Fatima A., 33, Contract",D,False,D,True,False,4,9630
P0642,Zubayer A. Hossain,Bangladeshi,28-32,B_surface,1,3.3,3.2,8,"Tom B., 22, Full-time",D,True,D,True,True,2,16423
P0642,Zubayer A. Hossain,Bangladeshi,28-32,B_surface,1,3.3,3.2,9,"Olga S., 38, Full-time",A,True,A,True,True,3,15051
P0642,Zubayer A. Hossain,Bangladeshi,28-32,B_surface,1,3.3,3.2,10,"Chen W., 45, Part-time",A,False,A,True,False,2,15247
P0643,Sara A. Butt,Pakistani,28-32,B_surface,3,2.8,2.4,1,"Sarah M., 34, Part-time",D,True,D,True,True,4,17541
P0643,Sara A. Butt,Pakistani,28-32,B_surface,3,2.8,2.4,2,"James K., 28, Full-time",A,True,A,True,True,4,11589
P0643,Sara A. Butt,Pakistani,28-32,B_surface,3,2.8,2.4,3,"Priya R., 41, Self-employed",D,False,D,True,False,3,8182
P0643,Sara A. Butt,Pakistani,28-32,B_surface,3,2.8,2.4,4,"Marcus T., 55, Part-time",D,True,D,True,True,2,19318
P0643,Sara A. Butt,Pakistani,28-32,B_surface,3,2.8,2.4,5,"Anika P., 29, Full-time",D,True,A,False,False,3,23235
P0643,Sara A. Butt,Pakistani,28-32,B_surface,3,2.8,2.4,6,"David H., 47, Full-time",A,True,D,False,False,3,23111
P0643,Sara A. Butt,Pakistani,28-32,B_surface,3,2.8,2.4,7,"Fatima A., 33, Contract",D,False,A,False,True,3,13474
P0643,Sara A. Butt,Pakistani,28-32,B_surface,3,2.8,2.4,8,"Tom B., 22, Full-time",D,True,A,False,False,5,19279
P0643,Sara A. Butt,Pakistani,28-32,B_surface,3,2.8,2.4,9,"Olga S., 38, Full-time",A,True,A,True,True,3,9888
P0643,Sara A. Butt,Pakistani,28-32,B_surface,3,2.8,2.4,10,"Chen W., 45, Part-time",A,False,D,False,True,2,21594
P0644,Harunur A. Rashid,Bangladeshi,28-32,C_counterfactual,3,2.5,2.5,1,"Sarah M., 34, Part-time",D,True,A,False,False,3,23620
P0644,Harunur A. Rashid,Bangladeshi,28-32,C_counterfactual,3,2.5,2.5,2,"James K., 28, Full-time",A,True,A,True,True,4,20217
P0644,Harunur A. Rashid,Bangladeshi,28-32,C_counterfactual,3,2.5,2.5,3,"Priya R., 41, Self-employed",D,False,D,True,False,4,14333
P0644,Harunur A. Rashid,Bangladeshi,28-32,C_counterfactual,3,2.5,2.5,4,"Marcus T., 55, Part-time",D,True,D,True,True,3,14857
P0644,Harunur A. Rashid,Bangladeshi,28-32,C_counterfactual,3,2.5,2.5,5,"Anika P., 29, Full-time",D,True,D,True,True,3,15343
P0644,Harunur A. Rashid,Bangladeshi,28-32,C_counterfactual,3,2.5,2.5,6,"David H., 47, Full-time",A,True,A,True,True,4,12272
P0644,Harunur A. Rashid,Bangladeshi,28-32,C_counterfactual,3,2.5,2.5,7,"Fatima A., 33, Contract",D,False,A,False,True,2,24126
P0644,Harunur A. Rashid,Bangladeshi,28-32,C_counterfactual,3,2.5,2.5,8,"Tom B., 22, Full-time",D,True,A,False,False,2,26195
P0644,Harunur A. Rashid,Bangladeshi,28-32,C_counterfactual,3,2.5,2.5,9,"Olga S., 38, Full-time",A,True,A,True,True,5,13574
P0644,Harunur A. Rashid,Bangladeshi,28-32,C_counterfactual,3,2.5,2.5,10,"Chen W., 45, Part-time",A,False,A,True,False,3,18147
P0645,Ananya A. Krishnan,Indian,23-27,B_surface,3,3.4,3.6,1,"Sarah M., 34, Part-time",D,True,A,False,False,3,24307
P0645,Ananya A. Krishnan,Indian,23-27,B_surface,3,3.4,3.6,2,"James K., 28, Full-time",A,True,D,False,False,3,22092
P0645,Ananya A. Krishnan,Indian,23-27,B_surface,3,3.4,3.6,3,"Priya R., 41, Self-employed",D,False,D,True,False,4,13747
P0645,Ananya A. Krishnan,Indian,23-27,B_surface,3,3.4,3.6,4,"Marcus T., 55, Part-time",D,True,D,True,True,1,8620
P0645,Ananya A. Krishnan,Indian,23-27,B_surface,3,3.4,3.6,5,"Anika P., 29, Full-time",D,True,D,True,True,2,12558
P0645,Ananya A. Krishnan,Indian,23-27,B_surface,3,3.4,3.6,6,"David H., 47, Full-time",A,True,D,False,False,2,17320
P0645,Ananya A. Krishnan,Indian,23-27,B_surface,3,3.4,3.6,7,"Fatima A., 33, Contract",D,False,D,True,False,3,10577
P0645,Ananya A. Krishnan,Indian,23-27,B_surface,3,3.4,3.6,8,"Tom B., 22, Full-time",D,True,D,True,True,4,11306
P0645,Ananya A. Krishnan,Indian,23-27,B_surface,3,3.4,3.6,9,"Olga S., 38, Full-time",A,True,A,True,True,3,12337
P0645,Ananya A. Krishnan,Indian,23-27,B_surface,3,3.4,3.6,10,"Chen W., 45, Part-time",A,False,A,True,False,4,10287
P0646,Arman A. Hossain,Bangladeshi,28-32,A_no_explanation,0,1.4,4.1,1,"Sarah M., 34, Part-time",D,True,D,True,True,3,17618
P0646,Arman A. Hossain,Bangladeshi,28-32,A_no_explanation,0,1.4,4.1,2,"James K., 28, Full-time",A,True,D,False,False,3,15878
P0646,Arman A. Hossain,Bangladeshi,28-32,A_no_explanation,0,1.4,4.1,3,"Priya R., 41, Self-employed",D,False,A,False,True,1,20616
P0646,Arman A. Hossain,Bangladeshi,28-32,A_no_explanation,0,1.4,4.1,4,"Marcus T., 55, Part-time",D,True,D,True,True,3,14576
P0646,Arman A. Hossain,Bangladeshi,28-32,A_no_explanation,0,1.4,4.1,5,"Anika P., 29, Full-time",D,True,A,False,False,2,16126
P0646,Arman A. Hossain,Bangladeshi,28-32,A_no_explanation,0,1.4,4.1,6,"David H., 47, Full-time",A,True,A,True,True,3,10436
P0646,Arman A. Hossain,Bangladeshi,28-32,A_no_explanation,0,1.4,4.1,7,"Fatima A., 33, Contract",D,False,A,False,True,2,17550
P0646,Arman A. Hossain,Bangladeshi,28-32,A_no_explanation,0,1.4,4.1,8,"Tom B., 22, Full-time",D,True,D,True,True,2,10278
P0646,Arman A. Hossain,Bangladeshi,28-32,A_no_explanation,0,1.4,4.1,9,"Olga S., 38, Full-time",A,True,D,False,False,4,24338
P0646,Arman A. Hossain,Bangladeshi,28-32,A_no_explanation,0,1.4,4.1,10,"Chen W., 45, Part-time",A,False,A,True,False,3,8840
P0647,Vinod A. Pandey,Indian,23-27,B_surface,2,2.4,3.6,1,"Sarah M., 34, Part-time",D,True,D,True,True,3,12169
P0647,Vinod A. Pandey,Indian,23-27,B_surface,2,2.4,3.6,2,"James K., 28, Full-time",A,True,A,True,True,4,13933
P0647,Vinod A. Pandey,Indian,23-27,B_surface,2,2.4,3.6,3,"Priya R., 41, Self-employed",D,False,D,True,False,3,8764
P0647,Vinod A. Pandey,Indian,23-27,B_surface,2,2.4,3.6,4,"Marcus T., 55, Part-time",D,True,A,False,False,3,19111
P0647,Vinod A. Pandey,Indian,23-27,B_surface,2,2.4,3.6,5,"Anika P., 29, Full-time",D,True,D,True,True,5,10302
P0647,Vinod A. Pandey,Indian,23-27,B_surface,2,2.4,3.6,6,"David H., 47, Full-time",A,True,D,False,False,2,17667
P0647,Vinod A. Pandey,Indian,23-27,B_surface,2,2.4,3.6,7,"Fatima A., 33, Contract",D,False,A,False,True,3,23221
P0647,Vinod A. Pandey,Indian,23-27,B_surface,2,2.4,3.6,8,"Tom B., 22, Full-time",D,True,A,False,False,3,20769
P0647,Vinod A. Pandey,Indian,23-27,B_surface,2,2.4,3.6,9,"Olga S., 38, Full-time",A,True,D,False,False,3,20325
P0647,Vinod A. Pandey,Indian,23-27,B_surface,2,2.4,3.6,10,"Chen W., 45, Part-time",A,False,D,False,True,3,17040
P0648,Tawhid A. Islam,Bangladeshi,23-27,A_no_explanation,1,4.6,3.0,1,"Sarah M., 34, Part-time",D,True,A,False,False,4,30867
P0648,Tawhid A. Islam,Bangladeshi,23-27,A_no_explanation,1,4.6,3.0,2,"James K., 28, Full-time",A,True,D,False,False,3,16336
P0648,Tawhid A. Islam,Bangladeshi,23-27,A_no_explanation,1,4.6,3.0,3,"Priya R., 41, Self-employed",D,False,D,True,False,4,13588
P0648,Tawhid A. Islam,Bangladeshi,23-27,A_no_explanation,1,4.6,3.0,4,"Marcus T., 55, Part-time",D,True,A,False,False,2,15294
P0648,Tawhid A. Islam,Bangladeshi,23-27,A_no_explanation,1,4.6,3.0,5,"Anika P., 29, Full-time",D,True,D,True,True,3,9501
P0648,Tawhid A. Islam,Bangladeshi,23-27,A_no_explanation,1,4.6,3.0,6,"David H., 47, Full-time",A,True,D,False,False,3,22115
P0648,Tawhid A. Islam,Bangladeshi,23-27,A_no_explanation,1,4.6,3.0,7,"Fatima A., 33, Contract",D,False,D,True,False,2,10609
P0648,Tawhid A. Islam,Bangladeshi,23-27,A_no_explanation,1,4.6,3.0,8,"Tom B., 22, Full-time",D,True,D,True,True,3,10986
P0648,Tawhid A. Islam,Bangladeshi,23-27,A_no_explanation,1,4.6,3.0,9,"Olga S., 38, Full-time",A,True,A,True,True,3,7307
P0648,Tawhid A. Islam,Bangladeshi,23-27,A_no_explanation,1,4.6,3.0,10,"Chen W., 45, Part-time",A,False,D,False,True,2,19112
P0649,Jack A. Taylor,British,28-32,A_no_explanation,3,2.7,2.9,1,"Sarah M., 34, Part-time",D,True,D,True,True,3,12550
P0649,Jack A. Taylor,British,28-32,A_no_explanation,3,2.7,2.9,2,"James K., 28, Full-time",A,True,A,True,True,4,15674
P0649,Jack A. Taylor,British,28-32,A_no_explanation,3,2.7,2.9,3,"Priya R., 41, Self-employed",D,False,D,True,False,4,16017
P0649,Jack A. Taylor,British,28-32,A_no_explanation,3,2.7,2.9,4,"Marcus T., 55, Part-time",D,True,A,False,False,1,17933
P0649,Jack A. Taylor,British,28-32,A_no_explanation,3,2.7,2.9,5,"Anika P., 29, Full-time",D,True,A,False,False,2,19749
P0649,Jack A. Taylor,British,28-32,A_no_explanation,3,2.7,2.9,6,"David H., 47, Full-time",A,True,D,False,False,4,19368
P0649,Jack A. Taylor,British,28-32,A_no_explanation,3,2.7,2.9,7,"Fatima A., 33, Contract",D,False,A,False,True,3,17086
P0649,Jack A. Taylor,British,28-32,A_no_explanation,3,2.7,2.9,8,"Tom B., 22, Full-time",D,True,A,False,False,1,24270
P0649,Jack A. Taylor,British,28-32,A_no_explanation,3,2.7,2.9,9,"Olga S., 38, Full-time",A,True,D,False,False,3,17383
P0649,Jack A. Taylor,British,28-32,A_no_explanation,3,2.7,2.9,10,"Chen W., 45, Part-time",A,False,D,False,True,3,25351
P0650,Umme A. Habiba,Bangladeshi,28-32,C_counterfactual,1,3.5,3.6,1,"Sarah M., 34, Part-time",D,True,D,True,True,3,17025
P0650,Umme A. Habiba,Bangladeshi,28-32,C_counterfactual,1,3.5,3.6,2,"James K., 28, Full-time",A,True,D,False,False,3,23401
P0650,Umme A. Habiba,Bangladeshi,28-32,C_counterfactual,1,3.5,3.6,3,"Priya R., 41, Self-employed",D,False,D,True,False,3,21757
P0650,Umme A. Habiba,Bangladeshi,28-32,C_counterfactual,1,3.5,3.6,4,"Marcus T., 55, Part-time",D,True,D,True,True,4,13735
P0650,Umme A. Habiba,Bangladeshi,28-32,C_counterfactual,1,3.5,3.6,5,"Anika P., 29, Full-time",D,True,D,True,True,5,12679
P0650,Umme A. Habiba,Bangladeshi,28-32,C_counterfactual,1,3.5,3.6,6,"David H., 47, Full-time",A,True,A,True,True,3,10576
P0650,Umme A. Habiba,Bangladeshi,28-32,C_counterfactual,1,3.5,3.6,7,"Fatima A., 33, Contract",D,False,D,True,False,3,13873
P0650,Umme A. Habiba,Bangladeshi,28-32,C_counterfactual,1,3.5,3.6,8,"Tom B., 22, Full-time",D,True,D,True,True,2,15947
P0650,Umme A. Habiba,Bangladeshi,28-32,C_counterfactual,1,3.5,3.6,9,"Olga S., 38, Full-time",A,True,D,False,False,5,25202
P0650,Umme A. Habiba,Bangladeshi,28-32,C_counterfactual,1,3.5,3.6,10,"Chen W., 45, Part-time",A,False,A,True,False,4,16269
P0651,Shamsul A. Alam,Bangladeshi,23-27,A_no_explanation,2,3.1,3.4,1,"Sarah M., 34, Part-time",D,True,D,True,True,3,14538
P0651,Shamsul A. Alam,Bangladeshi,23-27,A_no_explanation,2,3.1,3.4,2,"James K., 28, Full-time",A,True,D,False,False,2,17369
P0651,Shamsul A. Alam,Bangladeshi,23-27,A_no_explanation,2,3.1,3.4,3,"Priya R., 41, Self-employed",D,False,D,True,False,4,9255
P0651,Shamsul A. Alam,Bangladeshi,23-27,A_no_explanation,2,3.1,3.4,4,"Marcus T., 55, Part-time",D,True,D,True,True,3,16593
P0651,Shamsul A. Alam,Bangladeshi,23-27,A_no_explanation,2,3.1,3.4,5,"Anika P., 29, Full-time",D,True,D,True,True,3,9455
P0651,Shamsul A. Alam,Bangladeshi,23-27,A_no_explanation,2,3.1,3.4,6,"David H., 47, Full-time",A,True,A,True,True,3,17142
P0651,Shamsul A. Alam,Bangladeshi,23-27,A_no_explanation,2,3.1,3.4,7,"Fatima A., 33, Contract",D,False,A,False,True,3,16208
P0651,Shamsul A. Alam,Bangladeshi,23-27,A_no_explanation,2,3.1,3.4,8,"Tom B., 22, Full-time",D,True,D,True,True,2,18634
P0651,Shamsul A. Alam,Bangladeshi,23-27,A_no_explanation,2,3.1,3.4,9,"Olga S., 38, Full-time",A,True,A,True,True,2,15345
P0651,Shamsul A. Alam,Bangladeshi,23-27,A_no_explanation,2,3.1,3.4,10,"Chen W., 45, Part-time",A,False,A,True,False,4,15915
P0652,Kemi Okonkwo,Nigerian,23-27,A_no_explanation,1,1.2,2.9,1,"Sarah M., 34, Part-time",D,True,A,False,False,2,20229
P0652,Kemi Okonkwo,Nigerian,23-27,A_no_explanation,1,1.2,2.9,2,"James K., 28, Full-time",A,True,A,True,True,3,15141
P0652,Kemi Okonkwo,Nigerian,23-27,A_no_explanation,1,1.2,2.9,3,"Priya R., 41, Self-employed",D,False,A,False,True,4,20602
P0652,Kemi Okonkwo,Nigerian,23-27,A_no_explanation,1,1.2,2.9,4,"Marcus T., 55, Part-time",D,True,D,True,True,3,12131
P0652,Kemi Okonkwo,Nigerian,23-27,A_no_explanation,1,1.2,2.9,5,"Anika P., 29, Full-time",D,True,A,False,False,5,18632
P0652,Kemi Okonkwo,Nigerian,23-27,A_no_explanation,1,1.2,2.9,6,"David H., 47, Full-time",A,True,D,False,False,3,23835
P0652,Kemi Okonkwo,Nigerian,23-27,A_no_explanation,1,1.2,2.9,7,"Fatima A., 33, Contract",D,False,D,True,False,4,16737
P0652,Kemi Okonkwo,Nigerian,23-27,A_no_explanation,1,1.2,2.9,8,"Tom B., 22, Full-time",D,True,D,True,True,3,8063
P0652,Kemi Okonkwo,Nigerian,23-27,A_no_explanation,1,1.2,2.9,9,"Olga S., 38, Full-time",A,True,D,False,False,3,17925
P0652,Kemi Okonkwo,Nigerian,23-27,A_no_explanation,1,1.2,2.9,10,"Chen W., 45, Part-time",A,False,A,True,False,3,8231
P0653,Peng A. Sun,Chinese,23-27,C_counterfactual,2,4.1,3.1,1,"Sarah M., 34, Part-time",D,True,D,True,True,3,19968
P0653,Peng A. Sun,Chinese,23-27,C_counterfactual,2,4.1,3.1,2,"James K., 28, Full-time",A,True,A,True,True,4,14868
P0653,Peng A. Sun,Chinese,23-27,C_counterfactual,2,4.1,3.1,3,"Priya R., 41, Self-employed",D,False,D,True,False,4,14135
P0653,Peng A. Sun,Chinese,23-27,C_counterfactual,2,4.1,3.1,4,"Marcus T., 55, Part-time",D,True,A,False,False,1,23533
P0653,Peng A. Sun,Chinese,23-27,C_counterfactual,2,4.1,3.1,5,"Anika P., 29, Full-time",D,True,D,True,True,5,10950
P0653,Peng A. Sun,Chinese,23-27,C_counterfactual,2,4.1,3.1,6,"David H., 47, Full-time",A,True,A,True,True,4,15244
P0653,Peng A. Sun,Chinese,23-27,C_counterfactual,2,4.1,3.1,7,"Fatima A., 33, Contract",D,False,D,True,False,2,17625
P0653,Peng A. Sun,Chinese,23-27,C_counterfactual,2,4.1,3.1,8,"Tom B., 22, Full-time",D,True,A,False,False,3,16564
P0653,Peng A. Sun,Chinese,23-27,C_counterfactual,2,4.1,3.1,9,"Olga S., 38, Full-time",A,True,D,False,False,4,21383
P0653,Peng A. Sun,Chinese,23-27,C_counterfactual,2,4.1,3.1,10,"Chen W., 45, Part-time",A,False,D,False,True,3,23306
P0654,Kola Adesanya,Nigerian,18-22,C_counterfactual,3,3.0,4.0,1,"Sarah M., 34, Part-time",D,True,A,False,False,1,34655
P0654,Kola Adesanya,Nigerian,18-22,C_counterfactual,3,3.0,4.0,2,"James K., 28, Full-time",A,True,D,False,False,3,20380
P0654,Kola Adesanya,Nigerian,18-22,C_counterfactual,3,3.0,4.0,3,"Priya R., 41, Self-employed",D,False,A,False,True,3,18257
P0654,Kola Adesanya,Nigerian,18-22,C_counterfactual,3,3.0,4.0,4,"Marcus T., 55, Part-time",D,True,A,False,False,3,21981
P0654,Kola Adesanya,Nigerian,18-22,C_counterfactual,3,3.0,4.0,5,"Anika P., 29, Full-time",D,True,D,True,True,3,14526
P0654,Kola Adesanya,Nigerian,18-22,C_counterfactual,3,3.0,4.0,6,"David H., 47, Full-time",A,True,A,True,True,3,14716
P0654,Kola Adesanya,Nigerian,18-22,C_counterfactual,3,3.0,4.0,7,"Fatima A., 33, Contract",D,False,A,False,True,2,18206
P0654,Kola Adesanya,Nigerian,18-22,C_counterfactual,3,3.0,4.0,8,"Tom B., 22, Full-time",D,True,D,True,True,4,11492
P0654,Kola Adesanya,Nigerian,18-22,C_counterfactual,3,3.0,4.0,9,"Olga S., 38, Full-time",A,True,D,False,False,3,28966
P0654,Kola Adesanya,Nigerian,18-22,C_counterfactual,3,3.0,4.0,10,"Chen W., 45, Part-time",A,False,A,True,False,3,13286
P0655,Mujibur A. Rahman,Bangladeshi,18-22,A_no_explanation,3,3.7,2.5,1,"Sarah M., 34, Part-time",D,True,D,True,True,3,6836
P0655,Mujibur A. Rahman,Bangladeshi,18-22,A_no_explanation,3,3.7,2.5,2,"James K., 28, Full-time",A,True,A,True,True,4,20222
P0655,Mujibur A. Rahman,Bangladeshi,18-22,A_no_explanation,3,3.7,2.5,3,"Priya R., 41, Self-employed",D,False,A,False,True,2,19390
P0655,Mujibur A. Rahman,Bangladeshi,18-22,A_no_explanation,3,3.7,2.5,4,"Marcus T., 55, Part-time",D,True,D,True,True,4,13826
P0655,Mujibur A. Rahman,Bangladeshi,18-22,A_no_explanation,3,3.7,2.5,5,"Anika P., 29, Full-time",D,True,D,True,True,4,14767
P0655,Mujibur A. Rahman,Bangladeshi,18-22,A_no_explanation,3,3.7,2.5,6,"David H., 47, Full-time",A,True,A,True,True,2,10460
P0655,Mujibur A. Rahman,Bangladeshi,18-22,A_no_explanation,3,3.7,2.5,7,"Fatima A., 33, Contract",D,False,D,True,False,4,12987
P0655,Mujibur A. Rahman,Bangladeshi,18-22,A_no_explanation,3,3.7,2.5,8,"Tom B., 22, Full-time",D,True,D,True,True,2,11640
P0655,Mujibur A. Rahman,Bangladeshi,18-22,A_no_explanation,3,3.7,2.5,9,"Olga S., 38, Full-time",A,True,A,True,True,3,10790
P0655,Mujibur A. Rahman,Bangladeshi,18-22,A_no_explanation,3,3.7,2.5,10,"Chen W., 45, Part-time",A,False,D,False,True,4,20210
P0656,Jaya A. Chauhan,Indian,23-27,C_counterfactual,2,3.8,4.6,1,"Sarah M., 34, Part-time",D,True,D,True,True,4,18830
P0656,Jaya A. Chauhan,Indian,23-27,C_counterfactual,2,3.8,4.6,2,"James K., 28, Full-time",A,True,D,False,False,1,24171
P0656,Jaya A. Chauhan,Indian,23-27,C_counterfactual,2,3.8,4.6,3,"Priya R., 41, Self-employed",D,False,A,False,True,2,19719
P0656,Jaya A. Chauhan,Indian,23-27,C_counterfactual,2,3.8,4.6,4,"Marcus T., 55, Part-time",D,True,A,False,False,3,18653
P0656,Jaya A. Chauhan,Indian,23-27,C_counterfactual,2,3.8,4.6,5,"Anika P., 29, Full-time",D,True,D,True,True,4,14059
P0656,Jaya A. Chauhan,Indian,23-27,C_counterfactual,2,3.8,4.6,6,"David H., 47, Full-time",A,True,D,False,False,3,19690
P0656,Jaya A. Chauhan,Indian,23-27,C_counterfactual,2,3.8,4.6,7,"Fatima A., 33, Contract",D,False,A,False,True,4,23472
P0656,Jaya A. Chauhan,Indian,23-27,C_counterfactual,2,3.8,4.6,8,"Tom B., 22, Full-time",D,True,D,True,True,4,14802
P0656,Jaya A. Chauhan,Indian,23-27,C_counterfactual,2,3.8,4.6,9,"Olga S., 38, Full-time",A,True,A,True,True,1,20250
P0656,Jaya A. Chauhan,Indian,23-27,C_counterfactual,2,3.8,4.6,10,"Chen W., 45, Part-time",A,False,D,False,True,3,16751
P0657,Anwara A. Begum,Bangladeshi,23-27,C_counterfactual,0,2.7,2.2,1,"Sarah M., 34, Part-time",D,True,D,True,True,2,22990
P0657,Anwara A. Begum,Bangladeshi,23-27,C_counterfactual,0,2.7,2.2,2,"James K., 28, Full-time",A,True,D,False,False,3,30696
P0657,Anwara A. Begum,Bangladeshi,23-27,C_counterfactual,0,2.7,2.2,3,"Priya R., 41, Self-employed",D,False,A,False,True,3,19873
P0657,Anwara A. Begum,Bangladeshi,23-27,C_counterfactual,0,2.7,2.2,4,"Marcus T., 55, Part-time",D,True,A,False,False,4,19846
P0657,Anwara A. Begum,Bangladeshi,23-27,C_counterfactual,0,2.7,2.2,5,"Anika P., 29, Full-time",D,True,D,True,True,3,13509
P0657,Anwara A. Begum,Bangladeshi,23-27,C_counterfactual,0,2.7,2.2,6,"David H., 47, Full-time",A,True,A,True,True,4,16549
P0657,Anwara A. Begum,Bangladeshi,23-27,C_counterfactual,0,2.7,2.2,7,"Fatima A., 33, Contract",D,False,D,True,False,4,16314
P0657,Anwara A. Begum,Bangladeshi,23-27,C_counterfactual,0,2.7,2.2,8,"Tom B., 22, Full-time",D,True,D,True,True,2,13766
P0657,Anwara A. Begum,Bangladeshi,23-27,C_counterfactual,0,2.7,2.2,9,"Olga S., 38, Full-time",A,True,D,False,False,4,19313
P0657,Anwara A. Begum,Bangladeshi,23-27,C_counterfactual,0,2.7,2.2,10,"Chen W., 45, Part-time",A,False,A,True,False,3,18173
P0658,Rejwan A. Ahmed,Bangladeshi,23-27,A_no_explanation,3,3.1,5.0,1,"Sarah M., 34, Part-time",D,True,D,True,True,2,12950
P0658,Rejwan A. Ahmed,Bangladeshi,23-27,A_no_explanation,3,3.1,5.0,2,"James K., 28, Full-time",A,True,A,True,True,2,11571
P0658,Rejwan A. Ahmed,Bangladeshi,23-27,A_no_explanation,3,3.1,5.0,3,"Priya R., 41, Self-employed",D,False,D,True,False,3,14116
P0658,Rejwan A. Ahmed,Bangladeshi,23-27,A_no_explanation,3,3.1,5.0,4,"Marcus T., 55, Part-time",D,True,D,True,True,3,11125
P0658,Rejwan A. Ahmed,Bangladeshi,23-27,A_no_explanation,3,3.1,5.0,5,"Anika P., 29, Full-time",D,True,D,True,True,3,16231
P0658,Rejwan A. Ahmed,Bangladeshi,23-27,A_no_explanation,3,3.1,5.0,6,"David H., 47, Full-time",A,True,D,False,False,2,24725
P0658,Rejwan A. Ahmed,Bangladeshi,23-27,A_no_explanation,3,3.1,5.0,7,"Fatima A., 33, Contract",D,False,A,False,True,3,19057
P0658,Rejwan A. Ahmed,Bangladeshi,23-27,A_no_explanation,3,3.1,5.0,8,"Tom B., 22, Full-time",D,True,A,False,False,3,19963
P0658,Rejwan A. Ahmed,Bangladeshi,23-27,A_no_explanation,3,3.1,5.0,9,"Olga S., 38, Full-time",A,True,D,False,False,2,23054
P0658,Rejwan A. Ahmed,Bangladeshi,23-27,A_no_explanation,3,3.1,5.0,10,"Chen W., 45, Part-time",A,False,A,True,False,3,12086
P0659,Tarek A. Hossain,Bangladeshi,41-50,A_no_explanation,1,3.1,2.1,1,"Sarah M., 34, Part-time",D,True,D,True,True,2,13737
P0659,Tarek A. Hossain,Bangladeshi,41-50,A_no_explanation,1,3.1,2.1,2,"James K., 28, Full-time",A,True,A,True,True,2,13798
P0659,Tarek A. Hossain,Bangladeshi,41-50,A_no_explanation,1,3.1,2.1,3,"Priya R., 41, Self-employed",D,False,A,False,True,3,17505
P0659,Tarek A. Hossain,Bangladeshi,41-50,A_no_explanation,1,3.1,2.1,4,"Marcus T., 55, Part-time",D,True,D,True,True,4,5373
P0659,Tarek A. Hossain,Bangladeshi,41-50,A_no_explanation,1,3.1,2.1,5,"Anika P., 29, Full-time",D,True,D,True,True,5,17266
P0659,Tarek A. Hossain,Bangladeshi,41-50,A_no_explanation,1,3.1,2.1,6,"David H., 47, Full-time",A,True,D,False,False,4,23921
P0659,Tarek A. Hossain,Bangladeshi,41-50,A_no_explanation,1,3.1,2.1,7,"Fatima A., 33, Contract",D,False,A,False,True,3,22748
P0659,Tarek A. Hossain,Bangladeshi,41-50,A_no_explanation,1,3.1,2.1,8,"Tom B., 22, Full-time",D,True,D,True,True,4,10707
P0659,Tarek A. Hossain,Bangladeshi,41-50,A_no_explanation,1,3.1,2.1,9,"Olga S., 38, Full-time",A,True,A,True,True,4,7306
P0659,Tarek A. Hossain,Bangladeshi,41-50,A_no_explanation,1,3.1,2.1,10,"Chen W., 45, Part-time",A,False,A,True,False,2,15691
P0660,Siamul A. Islam,Bangladeshi,23-27,B_surface,1,4.3,3.6,1,"Sarah M., 34, Part-time",D,True,D,True,True,3,11999
P0660,Siamul A. Islam,Bangladeshi,23-27,B_surface,1,4.3,3.6,2,"James K., 28, Full-time",A,True,A,True,True,3,18466
P0660,Siamul A. Islam,Bangladeshi,23-27,B_surface,1,4.3,3.6,3,"Priya R., 41, Self-employed",D,False,D,True,False,3,15752
P0660,Siamul A. Islam,Bangladeshi,23-27,B_surface,1,4.3,3.6,4,"Marcus T., 55, Part-time",D,True,A,False,False,2,22646
P0660,Siamul A. Islam,Bangladeshi,23-27,B_surface,1,4.3,3.6,5,"Anika P., 29, Full-time",D,True,A,False,False,3,15172
P0660,Siamul A. Islam,Bangladeshi,23-27,B_surface,1,4.3,3.6,6,"David H., 47, Full-time",A,True,A,True,True,2,11709
P0660,Siamul A. Islam,Bangladeshi,23-27,B_surface,1,4.3,3.6,7,"Fatima A., 33, Contract",D,False,A,False,True,2,15419
P0660,Siamul A. Islam,Bangladeshi,23-27,B_surface,1,4.3,3.6,8,"Tom B., 22, Full-time",D,True,D,True,True,3,14914
P0660,Siamul A. Islam,Bangladeshi,23-27,B_surface,1,4.3,3.6,9,"Olga S., 38, Full-time",A,True,A,True,True,4,13642
P0660,Siamul A. Islam,Bangladeshi,23-27,B_surface,1,4.3,3.6,10,"Chen W., 45, Part-time",A,False,A,True,False,4,12352
P0661,Olivia B. Morris,British,23-27,B_surface,1,4.7,4.0,1,"Sarah M., 34, Part-time",D,True,D,True,True,3,19568
P0661,Olivia B. Morris,British,23-27,B_surface,1,4.7,4.0,2,"James K., 28, Full-time",A,True,D,False,False,2,22095
P0661,Olivia B. Morris,British,23-27,B_surface,1,4.7,4.0,3,"Priya R., 41, Self-employed",D,False,A,False,True,2,23827
P0661,Olivia B. Morris,British,23-27,B_surface,1,4.7,4.0,4,"Marcus T., 55, Part-time",D,True,D,True,True,4,12487
P0661,Olivia B. Morris,British,23-27,B_surface,1,4.7,4.0,5,"Anika P., 29, Full-time",D,True,D,True,True,4,12302
P0661,Olivia B. Morris,British,23-27,B_surface,1,4.7,4.0,6,"David H., 47, Full-time",A,True,D,False,False,2,21766
P0661,Olivia B. Morris,British,23-27,B_surface,1,4.7,4.0,7,"Fatima A., 33, Contract",D,False,A,False,True,2,19113
P0661,Olivia B. Morris,British,23-27,B_surface,1,4.7,4.0,8,"Tom B., 22, Full-time",D,True,A,False,False,3,20375
P0661,Olivia B. Morris,British,23-27,B_surface,1,4.7,4.0,9,"Olga S., 38, Full-time",A,True,D,False,False,3,21381
P0661,Olivia B. Morris,British,23-27,B_surface,1,4.7,4.0,10,"Chen W., 45, Part-time",A,False,D,False,True,4,17796
P0662,Rong He,Chinese,23-27,C_counterfactual,2,3.8,4.6,1,"Sarah M., 34, Part-time",D,True,D,True,True,4,19610
P0662,Rong He,Chinese,23-27,C_counterfactual,2,3.8,4.6,2,"James K., 28, Full-time",A,True,A,True,True,5,11659
P0662,Rong He,Chinese,23-27,C_counterfactual,2,3.8,4.6,3,"Priya R., 41, Self-employed",D,False,A,False,True,3,20361
P0662,Rong He,Chinese,23-27,C_counterfactual,2,3.8,4.6,4,"Marcus T., 55, Part-time",D,True,D,True,True,4,17352
P0662,Rong He,Chinese,23-27,C_counterfactual,2,3.8,4.6,5,"Anika P., 29, Full-time",D,True,A,False,False,4,30454
P0662,Rong He,Chinese,23-27,C_counterfactual,2,3.8,4.6,6,"David H., 47, Full-time",A,True,D,False,False,3,14292
P0662,Rong He,Chinese,23-27,C_counterfactual,2,3.8,4.6,7,"Fatima A., 33, Contract",D,False,D,True,False,2,16815
P0662,Rong He,Chinese,23-27,C_counterfactual,2,3.8,4.6,8,"Tom B., 22, Full-time",D,True,A,False,False,3,26569
P0662,Rong He,Chinese,23-27,C_counterfactual,2,3.8,4.6,9,"Olga S., 38, Full-time",A,True,A,True,True,2,17878
P0662,Rong He,Chinese,23-27,C_counterfactual,2,3.8,4.6,10,"Chen W., 45, Part-time",A,False,D,False,True,3,29439
P0663,Zara Shaikh,Other,23-27,C_counterfactual,2,2.2,4.2,1,"Sarah M., 34, Part-time",D,True,D,True,True,5,14444
P0663,Zara Shaikh,Other,23-27,C_counterfactual,2,2.2,4.2,2,"James K., 28, Full-time",A,True,A,True,True,3,12693
P0663,Zara Shaikh,Other,23-27,C_counterfactual,2,2.2,4.2,3,"Priya R., 41, Self-employed",D,False,A,False,True,5,17727
P0663,Zara Shaikh,Other,23-27,C_counterfactual,2,2.2,4.2,4,"Marcus T., 55, Part-time",D,True,A,False,False,3,24890
P0663,Zara Shaikh,Other,23-27,C_counterfactual,2,2.2,4.2,5,"Anika P., 29, Full-time",D,True,A,False,False,3,19622
P0663,Zara Shaikh,Other,23-27,C_counterfactual,2,2.2,4.2,6,"David H., 47, Full-time",A,True,A,True,True,3,18774
P0663,Zara Shaikh,Other,23-27,C_counterfactual,2,2.2,4.2,7,"Fatima A., 33, Contract",D,False,D,True,False,2,11473
P0663,Zara Shaikh,Other,23-27,C_counterfactual,2,2.2,4.2,8,"Tom B., 22, Full-time",D,True,A,False,False,3,31662
P0663,Zara Shaikh,Other,23-27,C_counterfactual,2,2.2,4.2,9,"Olga S., 38, Full-time",A,True,A,True,True,4,16056
P0663,Zara Shaikh,Other,23-27,C_counterfactual,2,2.2,4.2,10,"Chen W., 45, Part-time",A,False,A,True,False,2,12902
P0664,Ruhul A. Amin,Bangladeshi,23-27,C_counterfactual,2,2.6,4.4,1,"Sarah M., 34, Part-time",D,True,A,False,False,3,24915
P0664,Ruhul A. Amin,Bangladeshi,23-27,C_counterfactual,2,2.6,4.4,2,"James K., 28, Full-time",A,True,A,True,True,4,15477
P0664,Ruhul A. Amin,Bangladeshi,23-27,C_counterfactual,2,2.6,4.4,3,"Priya R., 41, Self-employed",D,False,A,False,True,3,17622
P0664,Ruhul A. Amin,Bangladeshi,23-27,C_counterfactual,2,2.6,4.4,4,"Marcus T., 55, Part-time",D,True,A,False,False,3,18572
P0664,Ruhul A. Amin,Bangladeshi,23-27,C_counterfactual,2,2.6,4.4,5,"Anika P., 29, Full-time",D,True,A,False,False,2,21085
P0664,Ruhul A. Amin,Bangladeshi,23-27,C_counterfactual,2,2.6,4.4,6,"David H., 47, Full-time",A,True,A,True,True,4,17792
P0664,Ruhul A. Amin,Bangladeshi,23-27,C_counterfactual,2,2.6,4.4,7,"Fatima A., 33, Contract",D,False,D,True,False,4,19301
P0664,Ruhul A. Amin,Bangladeshi,23-27,C_counterfactual,2,2.6,4.4,8,"Tom B., 22, Full-time",D,True,A,False,False,2,24134
P0664,Ruhul A. Amin,Bangladeshi,23-27,C_counterfactual,2,2.6,4.4,9,"Olga S., 38, Full-time",A,True,D,False,False,4,26904
P0664,Ruhul A. Amin,Bangladeshi,23-27,C_counterfactual,2,2.6,4.4,10,"Chen W., 45, Part-time",A,False,A,True,False,2,13179
P0665,Rekha B. Bose,Indian,28-32,B_surface,2,4.0,2.1,1,"Sarah M., 34, Part-time",D,True,A,False,False,3,22858
P0665,Rekha B. Bose,Indian,28-32,B_surface,2,4.0,2.1,2,"James K., 28, Full-time",A,True,D,False,False,4,17355
P0665,Rekha B. Bose,Indian,28-32,B_surface,2,4.0,2.1,3,"Priya R., 41, Self-employed",D,False,D,True,False,5,18555
P0665,Rekha B. Bose,Indian,28-32,B_surface,2,4.0,2.1,4,"Marcus T., 55, Part-time",D,True,A,False,False,2,17948
P0665,Rekha B. Bose,Indian,28-32,B_surface,2,4.0,2.1,5,"Anika P., 29, Full-time",D,True,D,True,True,4,17646
P0665,Rekha B. Bose,Indian,28-32,B_surface,2,4.0,2.1,6,"David H., 47, Full-time",A,True,A,True,True,4,7623
P0665,Rekha B. Bose,Indian,28-32,B_surface,2,4.0,2.1,7,"Fatima A., 33, Contract",D,False,A,False,True,3,24766
P0665,Rekha B. Bose,Indian,28-32,B_surface,2,4.0,2.1,8,"Tom B., 22, Full-time",D,True,D,True,True,3,11016
P0665,Rekha B. Bose,Indian,28-32,B_surface,2,4.0,2.1,9,"Olga S., 38, Full-time",A,True,A,True,True,3,12099
P0665,Rekha B. Bose,Indian,28-32,B_surface,2,4.0,2.1,10,"Chen W., 45, Part-time",A,False,A,True,False,4,12666
P0666,Mizanur A. Rahman,Bangladeshi,23-27,B_surface,2,2.4,2.9,1,"Sarah M., 34, Part-time",D,True,A,False,False,2,24571
P0666,Mizanur A. Rahman,Bangladeshi,23-27,B_surface,2,2.4,2.9,2,"James K., 28, Full-time",A,True,A,True,True,4,16274
P0666,Mizanur A. Rahman,Bangladeshi,23-27,B_surface,2,2.4,2.9,3,"Priya R., 41, Self-employed",D,False,D,True,False,4,12621
P0666,Mizanur A. Rahman,Bangladeshi,23-27,B_surface,2,2.4,2.9,4,"Marcus T., 55, Part-time",D,True,A,False,False,2,14191
P0666,Mizanur A. Rahman,Bangladeshi,23-27,B_surface,2,2.4,2.9,5,"Anika P., 29, Full-time",D,True,D,True,True,4,5716
P0666,Mizanur A. Rahman,Bangladeshi,23-27,B_surface,2,2.4,2.9,6,"David H., 47, Full-time",A,True,A,True,True,3,14723
P0666,Mizanur A. Rahman,Bangladeshi,23-27,B_surface,2,2.4,2.9,7,"Fatima A., 33, Contract",D,False,D,True,False,4,10421
P0666,Mizanur A. Rahman,Bangladeshi,23-27,B_surface,2,2.4,2.9,8,"Tom B., 22, Full-time",D,True,A,False,False,2,14866
P0666,Mizanur A. Rahman,Bangladeshi,23-27,B_surface,2,2.4,2.9,9,"Olga S., 38, Full-time",A,True,D,False,False,3,20959
P0666,Mizanur A. Rahman,Bangladeshi,23-27,B_surface,2,2.4,2.9,10,"Chen W., 45, Part-time",A,False,D,False,True,4,20738
P0667,Ratna A. Akter,Bangladeshi,28-32,C_counterfactual,0,3.4,2.8,1,"Sarah M., 34, Part-time",D,True,D,True,True,3,26234
P0667,Ratna A. Akter,Bangladeshi,28-32,C_counterfactual,0,3.4,2.8,2,"James K., 28, Full-time",A,True,A,True,True,4,14020
P0667,Ratna A. Akter,Bangladeshi,28-32,C_counterfactual,0,3.4,2.8,3,"Priya R., 41, Self-employed",D,False,A,False,True,3,22012
P0667,Ratna A. Akter,Bangladeshi,28-32,C_counterfactual,0,3.4,2.8,4,"Marcus T., 55, Part-time",D,True,D,True,True,4,18282
P0667,Ratna A. Akter,Bangladeshi,28-32,C_counterfactual,0,3.4,2.8,5,"Anika P., 29, Full-time",D,True,D,True,True,4,16840
P0667,Ratna A. Akter,Bangladeshi,28-32,C_counterfactual,0,3.4,2.8,6,"David H., 47, Full-time",A,True,A,True,True,3,17011
P0667,Ratna A. Akter,Bangladeshi,28-32,C_counterfactual,0,3.4,2.8,7,"Fatima A., 33, Contract",D,False,D,True,False,3,11252
P0667,Ratna A. Akter,Bangladeshi,28-32,C_counterfactual,0,3.4,2.8,8,"Tom B., 22, Full-time",D,True,D,True,True,2,18880
P0667,Ratna A. Akter,Bangladeshi,28-32,C_counterfactual,0,3.4,2.8,9,"Olga S., 38, Full-time",A,True,A,True,True,3,16205
P0667,Ratna A. Akter,Bangladeshi,28-32,C_counterfactual,0,3.4,2.8,10,"Chen W., 45, Part-time",A,False,A,True,False,3,18293
P0668,David Osei,Other,23-27,B_surface,0,2.8,3.7,1,"Sarah M., 34, Part-time",D,True,D,True,True,3,7805
P0668,David Osei,Other,23-27,B_surface,0,2.8,3.7,2,"James K., 28, Full-time",A,True,A,True,True,1,13301
P0668,David Osei,Other,23-27,B_surface,0,2.8,3.7,3,"Priya R., 41, Self-employed",D,False,A,False,True,2,19226
P0668,David Osei,Other,23-27,B_surface,0,2.8,3.7,4,"Marcus T., 55, Part-time",D,True,D,True,True,2,16177
P0668,David Osei,Other,23-27,B_surface,0,2.8,3.7,5,"Anika P., 29, Full-time",D,True,A,False,False,3,24389
P0668,David Osei,Other,23-27,B_surface,0,2.8,3.7,6,"David H., 47, Full-time",A,True,D,False,False,4,21247
P0668,David Osei,Other,23-27,B_surface,0,2.8,3.7,7,"Fatima A., 33, Contract",D,False,D,True,False,1,12148
P0668,David Osei,Other,23-27,B_surface,0,2.8,3.7,8,"Tom B., 22, Full-time",D,True,D,True,True,4,13640
P0668,David Osei,Other,23-27,B_surface,0,2.8,3.7,9,"Olga S., 38, Full-time",A,True,A,True,True,4,17855
P0668,David Osei,Other,23-27,B_surface,0,2.8,3.7,10,"Chen W., 45, Part-time",A,False,A,True,False,2,13426
P0669,Nabila A. Islam,Bangladeshi,33-40,B_surface,3,2.5,3.0,1,"Sarah M., 34, Part-time",D,True,D,True,True,4,22137
P0669,Nabila A. Islam,Bangladeshi,33-40,B_surface,3,2.5,3.0,2,"James K., 28, Full-time",A,True,A,True,True,3,5653
P0669,Nabila A. Islam,Bangladeshi,33-40,B_surface,3,2.5,3.0,3,"Priya R., 41, Self-employed",D,False,D,True,False,4,9318
P0669,Nabila A. Islam,Bangladeshi,33-40,B_surface,3,2.5,3.0,4,"Marcus T., 55, Part-time",D,True,D,True,True,2,13882
P0669,Nabila A. Islam,Bangladeshi,33-40,B_surface,3,2.5,3.0,5,"Anika P., 29, Full-time",D,True,D,True,True,4,11112
P0669,Nabila A. Islam,Bangladeshi,33-40,B_surface,3,2.5,3.0,6,"David H., 47, Full-time",A,True,A,True,True,5,15345
P0669,Nabila A. Islam,Bangladeshi,33-40,B_surface,3,2.5,3.0,7,"Fatima A., 33, Contract",D,False,D,True,False,4,14057
P0669,Nabila A. Islam,Bangladeshi,33-40,B_surface,3,2.5,3.0,8,"Tom B., 22, Full-time",D,True,D,True,True,3,16690
P0669,Nabila A. Islam,Bangladeshi,33-40,B_surface,3,2.5,3.0,9,"Olga S., 38, Full-time",A,True,A,True,True,3,13624
P0669,Nabila A. Islam,Bangladeshi,33-40,B_surface,3,2.5,3.0,10,"Chen W., 45, Part-time",A,False,A,True,False,1,16319
P0670,Taslima A. Begum,Bangladeshi,18-22,C_counterfactual,2,4.0,3.7,1,"Sarah M., 34, Part-time",D,True,A,False,False,3,33618
P0670,Taslima A. Begum,Bangladeshi,18-22,C_counterfactual,2,4.0,3.7,2,"James K., 28, Full-time",A,True,A,True,True,5,14453
P0670,Taslima A. Begum,Bangladeshi,18-22,C_counterfactual,2,4.0,3.7,3,"Priya R., 41, Self-employed",D,False,D,True,False,5,21461
P0670,Taslima A. Begum,Bangladeshi,18-22,C_counterfactual,2,4.0,3.7,4,"Marcus T., 55, Part-time",D,True,D,True,True,3,12865
P0670,Taslima A. Begum,Bangladeshi,18-22,C_counterfactual,2,4.0,3.7,5,"Anika P., 29, Full-time",D,True,A,False,False,4,23612
P0670,Taslima A. Begum,Bangladeshi,18-22,C_counterfactual,2,4.0,3.7,6,"David H., 47, Full-time",A,True,D,False,False,2,20514
P0670,Taslima A. Begum,Bangladeshi,18-22,C_counterfactual,2,4.0,3.7,7,"Fatima A., 33, Contract",D,False,D,True,False,3,9631
P0670,Taslima A. Begum,Bangladeshi,18-22,C_counterfactual,2,4.0,3.7,8,"Tom B., 22, Full-time",D,True,D,True,True,3,19450
P0670,Taslima A. Begum,Bangladeshi,18-22,C_counterfactual,2,4.0,3.7,9,"Olga S., 38, Full-time",A,True,D,False,False,3,21280
P0670,Taslima A. Begum,Bangladeshi,18-22,C_counterfactual,2,4.0,3.7,10,"Chen W., 45, Part-time",A,False,D,False,True,3,20450
P0671,Lucy B. Turner,British,18-22,B_surface,2,2.0,3.7,1,"Sarah M., 34, Part-time",D,True,A,False,False,3,25744
P0671,Lucy B. Turner,British,18-22,B_surface,2,2.0,3.7,2,"James K., 28, Full-time",A,True,A,True,True,3,12198
P0671,Lucy B. Turner,British,18-22,B_surface,2,2.0,3.7,3,"Priya R., 41, Self-employed",D,False,D,True,False,5,12193
P0671,Lucy B. Turner,British,18-22,B_surface,2,2.0,3.7,4,"Marcus T., 55, Part-time",D,True,D,True,True,3,14980
P0671,Lucy B. Turner,British,18-22,B_surface,2,2.0,3.7,5,"Anika P., 29, Full-time",D,True,D,True,True,3,14605
P0671,Lucy B. Turner,British,18-22,B_surface,2,2.0,3.7,6,"David H., 47, Full-time",A,True,A,True,True,3,16919
P0671,Lucy B. Turner,British,18-22,B_surface,2,2.0,3.7,7,"Fatima A., 33, Contract",D,False,D,True,False,3,13418
P0671,Lucy B. Turner,British,18-22,B_surface,2,2.0,3.7,8,"Tom B., 22, Full-time",D,True,D,True,True,3,8613
P0671,Lucy B. Turner,British,18-22,B_surface,2,2.0,3.7,9,"Olga S., 38, Full-time",A,True,A,True,True,4,9067
P0671,Lucy B. Turner,British,18-22,B_surface,2,2.0,3.7,10,"Chen W., 45, Part-time",A,False,D,False,True,3,19744
P0672,Shafiqur A. Rahman,Bangladeshi,33-40,A_no_explanation,2,3.9,1.1,1,"Sarah M., 34, Part-time",D,True,D,True,True,3,14630
P0672,Shafiqur A. Rahman,Bangladeshi,33-40,A_no_explanation,2,3.9,1.1,2,"James K., 28, Full-time",A,True,A,True,True,2,13907
P0672,Shafiqur A. Rahman,Bangladeshi,33-40,A_no_explanation,2,3.9,1.1,3,"Priya R., 41, Self-employed",D,False,D,True,False,4,17461
P0672,Shafiqur A. Rahman,Bangladeshi,33-40,A_no_explanation,2,3.9,1.1,4,"Marcus T., 55, Part-time",D,True,D,True,True,3,11349
P0672,Shafiqur A. Rahman,Bangladeshi,33-40,A_no_explanation,2,3.9,1.1,5,"Anika P., 29, Full-time",D,True,D,True,True,3,9916
P0672,Shafiqur A. Rahman,Bangladeshi,33-40,A_no_explanation,2,3.9,1.1,6,"David H., 47, Full-time",A,True,D,False,False,2,21595
P0672,Shafiqur A. Rahman,Bangladeshi,33-40,A_no_explanation,2,3.9,1.1,7,"Fatima A., 33, Contract",D,False,D,True,False,5,11482
P0672,Shafiqur A. Rahman,Bangladeshi,33-40,A_no_explanation,2,3.9,1.1,8,"Tom B., 22, Full-time",D,True,A,False,False,3,22599
P0672,Shafiqur A. Rahman,Bangladeshi,33-40,A_no_explanation,2,3.9,1.1,9,"Olga S., 38, Full-time",A,True,A,True,True,2,13738
P0672,Shafiqur A. Rahman,Bangladeshi,33-40,A_no_explanation,2,3.9,1.1,10,"Chen W., 45, Part-time",A,False,A,True,False,3,9905
P0673,Jing Wu,Chinese,18-22,B_surface,2,1.9,3.5,1,"Sarah M., 34, Part-time",D,True,A,False,False,3,24735
P0673,Jing Wu,Chinese,18-22,B_surface,2,1.9,3.5,2,"James K., 28, Full-time",A,True,A,True,True,3,13401
P0673,Jing Wu,Chinese,18-22,B_surface,2,1.9,3.5,3,"Priya R., 41, Self-employed",D,False,D,True,False,4,15797
P0673,Jing Wu,Chinese,18-22,B_surface,2,1.9,3.5,4,"Marcus T., 55, Part-time",D,True,D,True,True,3,7708
P0673,Jing Wu,Chinese,18-22,B_surface,2,1.9,3.5,5,"Anika P., 29, Full-time",D,True,D,True,True,4,16717
P0673,Jing Wu,Chinese,18-22,B_surface,2,1.9,3.5,6,"David H., 47, Full-time",A,True,D,False,False,3,18828
P0673,Jing Wu,Chinese,18-22,B_surface,2,1.9,3.5,7,"Fatima A., 33, Contract",D,False,D,True,False,4,16321
P0673,Jing Wu,Chinese,18-22,B_surface,2,1.9,3.5,8,"Tom B., 22, Full-time",D,True,A,False,False,3,23176
P0673,Jing Wu,Chinese,18-22,B_surface,2,1.9,3.5,9,"Olga S., 38, Full-time",A,True,D,False,False,3,21291
P0673,Jing Wu,Chinese,18-22,B_surface,2,1.9,3.5,10,"Chen W., 45, Part-time",A,False,A,True,False,3,14862
P0674,Andrew A. Wright,British,33-40,C_counterfactual,2,2.9,3.4,1,"Sarah M., 34, Part-time",D,True,D,True,True,5,21363
P0674,Andrew A. Wright,British,33-40,C_counterfactual,2,2.9,3.4,2,"James K., 28, Full-time",A,True,A,True,True,4,14738
P0674,Andrew A. Wright,British,33-40,C_counterfactual,2,2.9,3.4,3,"Priya R., 41, Self-employed",D,False,A,False,True,3,20680
P0674,Andrew A. Wright,British,33-40,C_counterfactual,2,2.9,3.4,4,"Marcus T., 55, Part-time",D,True,D,True,True,4,8145
P0674,Andrew A. Wright,British,33-40,C_counterfactual,2,2.9,3.4,5,"Anika P., 29, Full-time",D,True,A,False,False,3,18289
P0674,Andrew A. Wright,British,33-40,C_counterfactual,2,2.9,3.4,6,"David H., 47, Full-time",A,True,D,False,False,4,21938
P0674,Andrew A. Wright,British,33-40,C_counterfactual,2,2.9,3.4,7,"Fatima A., 33, Contract",D,False,D,True,False,3,13593
P0674,Andrew A. Wright,British,33-40,C_counterfactual,2,2.9,3.4,8,"Tom B., 22, Full-time",D,True,D,True,True,3,12535
P0674,Andrew A. Wright,British,33-40,C_counterfactual,2,2.9,3.4,9,"Olga S., 38, Full-time",A,True,D,False,False,3,22671
P0674,Andrew A. Wright,British,33-40,C_counterfactual,2,2.9,3.4,10,"Chen W., 45, Part-time",A,False,A,True,False,4,20170
P0675,Bayzid A. Hossain,Bangladeshi,18-22,A_no_explanation,2,2.6,3.1,1,"Sarah M., 34, Part-time",D,True,A,False,False,3,23921
P0675,Bayzid A. Hossain,Bangladeshi,18-22,A_no_explanation,2,2.6,3.1,2,"James K., 28, Full-time",A,True,A,True,True,3,7862
P0675,Bayzid A. Hossain,Bangladeshi,18-22,A_no_explanation,2,2.6,3.1,3,"Priya R., 41, Self-employed",D,False,A,False,True,2,19168
P0675,Bayzid A. Hossain,Bangladeshi,18-22,A_no_explanation,2,2.6,3.1,4,"Marcus T., 55, Part-time",D,True,D,True,True,4,11775
P0675,Bayzid A. Hossain,Bangladeshi,18-22,A_no_explanation,2,2.6,3.1,5,"Anika P., 29, Full-time",D,True,D,True,True,1,12160
P0675,Bayzid A. Hossain,Bangladeshi,18-22,A_no_explanation,2,2.6,3.1,6,"David H., 47, Full-time",A,True,A,True,True,3,14457
P0675,Bayzid A. Hossain,Bangladeshi,18-22,A_no_explanation,2,2.6,3.1,7,"Fatima A., 33, Contract",D,False,D,True,False,4,9044
P0675,Bayzid A. Hossain,Bangladeshi,18-22,A_no_explanation,2,2.6,3.1,8,"Tom B., 22, Full-time",D,True,D,True,True,3,6457
P0675,Bayzid A. Hossain,Bangladeshi,18-22,A_no_explanation,2,2.6,3.1,9,"Olga S., 38, Full-time",A,True,A,True,True,2,12047
P0675,Bayzid A. Hossain,Bangladeshi,18-22,A_no_explanation,2,2.6,3.1,10,"Chen W., 45, Part-time",A,False,A,True,False,3,9034
P0676,Nafis A. Ahmed,Bangladeshi,18-22,A_no_explanation,1,3.7,3.0,1,"Sarah M., 34, Part-time",D,True,D,True,True,2,12462
P0676,Nafis A. Ahmed,Bangladeshi,18-22,A_no_explanation,1,3.7,3.0,2,"James K., 28, Full-time",A,True,A,True,True,4,9657
P0676,Nafis A. Ahmed,Bangladeshi,18-22,A_no_explanation,1,3.7,3.0,3,"Priya R., 41, Self-employed",D,False,D,True,False,3,9309
P0676,Nafis A. Ahmed,Bangladeshi,18-22,A_no_explanation,1,3.7,3.0,4,"Marcus T., 55, Part-time",D,True,D,True,True,3,9600
P0676,Nafis A. Ahmed,Bangladeshi,18-22,A_no_explanation,1,3.7,3.0,5,"Anika P., 29, Full-time",D,True,D,True,True,3,3854
P0676,Nafis A. Ahmed,Bangladeshi,18-22,A_no_explanation,1,3.7,3.0,6,"David H., 47, Full-time",A,True,A,True,True,3,10180
P0676,Nafis A. Ahmed,Bangladeshi,18-22,A_no_explanation,1,3.7,3.0,7,"Fatima A., 33, Contract",D,False,D,True,False,4,13884
P0676,Nafis A. Ahmed,Bangladeshi,18-22,A_no_explanation,1,3.7,3.0,8,"Tom B., 22, Full-time",D,True,D,True,True,2,12147
P0676,Nafis A. Ahmed,Bangladeshi,18-22,A_no_explanation,1,3.7,3.0,9,"Olga S., 38, Full-time",A,True,A,True,True,3,10498
P0676,Nafis A. Ahmed,Bangladeshi,18-22,A_no_explanation,1,3.7,3.0,10,"Chen W., 45, Part-time",A,False,A,True,False,2,13881
P0677,Liam A. Robinson,British,23-27,C_counterfactual,2,3.7,3.3,1,"Sarah M., 34, Part-time",D,True,D,True,True,4,18154
P0677,Liam A. Robinson,British,23-27,C_counterfactual,2,3.7,3.3,2,"James K., 28, Full-time",A,True,A,True,True,4,7522
P0677,Liam A. Robinson,British,23-27,C_counterfactual,2,3.7,3.3,3,"Priya R., 41, Self-employed",D,False,A,False,True,4,18377
P0677,Liam A. Robinson,British,23-27,C_counterfactual,2,3.7,3.3,4,"Marcus T., 55, Part-time",D,True,D,True,True,5,15332
P0677,Liam A. Robinson,British,23-27,C_counterfactual,2,3.7,3.3,5,"Anika P., 29, Full-time",D,True,A,False,False,3,17642
P0677,Liam A. Robinson,British,23-27,C_counterfactual,2,3.7,3.3,6,"David H., 47, Full-time",A,True,D,False,False,2,29946
P0677,Liam A. Robinson,British,23-27,C_counterfactual,2,3.7,3.3,7,"Fatima A., 33, Contract",D,False,A,False,True,3,25527
P0677,Liam A. Robinson,British,23-27,C_counterfactual,2,3.7,3.3,8,"Tom B., 22, Full-time",D,True,D,True,True,4,21104
P0677,Liam A. Robinson,British,23-27,C_counterfactual,2,3.7,3.3,9,"Olga S., 38, Full-time",A,True,D,False,False,3,22217
P0677,Liam A. Robinson,British,23-27,C_counterfactual,2,3.7,3.3,10,"Chen W., 45, Part-time",A,False,A,True,False,4,16131
P0678,Victoria B. Lee,British,28-32,A_no_explanation,3,1.5,4.1,1,"Sarah M., 34, Part-time",D,True,A,False,False,4,22780
P0678,Victoria B. Lee,British,28-32,A_no_explanation,3,1.5,4.1,2,"James K., 28, Full-time",A,True,A,True,True,4,10427
P0678,Victoria B. Lee,British,28-32,A_no_explanation,3,1.5,4.1,3,"Priya R., 41, Self-employed",D,False,D,True,False,2,12185
P0678,Victoria B. Lee,British,28-32,A_no_explanation,3,1.5,4.1,4,"Marcus T., 55, Part-time",D,True,A,False,False,1,18212
P0678,Victoria B. Lee,British,28-32,A_no_explanation,3,1.5,4.1,5,"Anika P., 29, Full-time",D,True,D,True,True,3,7590
P0678,Victoria B. Lee,British,28-32,A_no_explanation,3,1.5,4.1,6,"David H., 47, Full-time",A,True,A,True,True,5,16355
P0678,Victoria B. Lee,British,28-32,A_no_explanation,3,1.5,4.1,7,"Fatima A., 33, Contract",D,False,A,False,True,4,23241
P0678,Victoria B. Lee,British,28-32,A_no_explanation,3,1.5,4.1,8,"Tom B., 22, Full-time",D,True,D,True,True,4,10098
P0678,Victoria B. Lee,British,28-32,A_no_explanation,3,1.5,4.1,9,"Olga S., 38, Full-time",A,True,A,True,True,4,6175
P0678,Victoria B. Lee,British,28-32,A_no_explanation,3,1.5,4.1,10,"Chen W., 45, Part-time",A,False,A,True,False,4,14060
