participant_id,full_name,nationality,gender,age_group,occupation,university_institution,study_level,year_of_study,subject_area,prior_ai_experience,condition,session_datetime,session_duration_mins,suspicion_probe,financial_literacy_score_0_3,need_for_cognition_1_5,technology_disposition_1_5,ai_follow_rate_0_1,decision_accuracy_rate_0_1,calibration_score,avg_confidence_1_5,avg_response_time_ms,ai_errors_caught_0_3,override_correct_count,override_wrong_count,mental_model_estimate_pct,mental_model_accurate,trust_in_automation_1_7,perceived_fairness_1_7,appeal_intent_1_5,retrust_organisation_1_5
P0001,Shakibul Hasan,Bangladeshi,Male,18-22,Undergraduate student,University of Surrey,MSc / MA / MEng,Year 3,Information Technology,None,B_surface,2026-08-08 15:01:11,52.7,No,2,2.5,3.2,0.8,0.7,0.648,3.3,15362,1,1,1,76,True,3.54,3.68,2,3
P0002,Lutfa Begum,Bangladeshi,Female,18-22,Undergraduate student,Goldsmiths University of London,Prefer not to say,Year 1,Psychology,High,B_surface,2026-08-07 12:34:09,45.3,No,2,3.8,3.7,0.6,0.5,-0.302,3.4,16822,1,1,3,45,False,3.74,3.88,4,5
P0003,Patrick Nguyen,Other,Male,18-22,Undergraduate student,Middlesex University,BSc / BEng / BA,Year 2,Business & Management,Moderate,A_no_explanation,2026-08-16 10:01:56,59.4,No,2,4.6,3.0,0.5,0.6,0.078,3.1,15122,2,2,3,46,False,4.14,3.46,3,3
P0004,Noor Islam,Bangladeshi,Male,41-50,Postgraduate student (MSc),University of Dhaka,PhD / MPhil,PhD Year 1,Finance & Accounting,High,C_counterfactual,2026-08-06 10:32:42,41.8,No,2,3.7,2.7,0.6,0.5,0.204,3.2,20205,1,1,3,75,True,4.41,5.49,5,3
P0005,Ashraful Alam,Bangladeshi,Male,18-22,Working professional,Brunel University London,MSc / MA / MEng,PhD Year 2,Information Technology,Low,B_surface,2026-08-10 09:53:23,39.7,No,3,4.1,3.7,0.3,0.4,-0.431,3.6,18064,2,2,5,83,False,4.28,4.3,2,5
P0006,Ali Reza,Other,Male,28-32,Undergraduate student,North South University,BSc / BEng / BA,Year 2,Finance & Accounting,Low,B_surface,2026-08-09 10:23:19,51.7,Somewhat — thought it was about AI accuracy,3,1.6,3.9,0.8,0.5,0.128,3.3,15482,0,0,2,51,False,3.78,4.21,3,5
P0007,Belal Hossain,Bangladeshi,Male,18-22,Academic / lecturer,Middlesex University,PhD / MPhil,PhD Year 1,Media & Communication,Low,A_no_explanation,2026-08-03 11:34:09,47.2,No,2,4.1,3.8,0.8,0.7,-0.028,3.3,13112,1,1,1,42,False,4.24,4.86,3,4
P0008,Jide Oluwole,Nigerian,Male,18-22,Postgraduate student (MSc),University of East London,Prefer not to say,Completed,Graphic Design,High,C_counterfactual,2026-08-06 16:39:15,42.1,No,2,3.0,2.9,0.2,0.3,-0.043,3.4,20907,2,2,6,78,True,3.27,6.54,4,5
P0009,Sohanur Rahman,Bangladeshi,Male,23-27,Student & part-time worker,Coventry University,MSc / MA / MEng,PG Year 1,Media & Communication,Moderate,B_surface,2026-08-10 10:06:20,58.7,No,2,1.7,3.2,0.8,0.9,0.43,3.0,12729,2,2,0,100,False,4.97,5.84,3,5
P0010,Imran Butt,Pakistani,Male,23-27,Postgraduate student (MSc),BUET,BSc / BEng / BA,Year 3,Cybersecurity,Moderate,A_no_explanation,2026-08-02 14:06:55,48.8,Yes — I thought it was about trust in AI,1,3.9,2.9,0.7,0.4,0.055,3.2,12959,0,0,3,51,False,4.12,4.26,3,3
P0011,Fahim Uddin,Bangladeshi,Male,18-22,Graduate (recent),University of Hertfordshire,PhD / MPhil,Completed,Graphic Design,Moderate,A_no_explanation,2026-08-11 10:24:16,58.3,No,2,4.3,3.6,0.6,0.7,-0.488,3.0,16467,2,2,2,71,True,3.45,2.85,2,2
P0012,Khairul Islam,Bangladeshi,Male,23-27,Undergraduate student,University of Surrey,MSc / MA / MEng,PG Year 1,Digital Marketing,Low,A_no_explanation,2026-08-03 16:19:41,72.9,No,2,3.0,4.3,0.7,0.4,-0.264,3.0,16196,0,0,3,51,False,3.99,4.61,1,4
P0013,Nabil Hossain,Bangladeshi,Male,33-40,Postgraduate student (MSc),Middlesex University,BSc / BEng / BA,Completed,Business & Management,None,A_no_explanation,2026-08-10 10:22:30,61.4,Somewhat — thought it was about usability,2,3.8,5.0,0.9,0.6,0.764,3.2,12780,0,0,1,62,True,4.37,4.23,1,3
P0014,Ngozi Obi,Nigerian,Female,18-22,Undergraduate student,BRAC University,PhD / MPhil,PhD Year 1,Health Informatics,Moderate,A_no_explanation,2026-08-02 14:07:35,69.2,No,1,2.1,1.7,0.5,0.6,0.327,2.8,17325,2,2,3,52,False,4.83,3.54,2,4
P0015,Wali Ullah,Bangladeshi,Male,23-27,Undergraduate student,Oxford Brookes University,BSc / BEng / BA,Year 4,Data Science & AI,None,B_surface,2026-08-17 15:15:53,64.3,No,1,1.9,2.2,0.6,0.5,-0.186,2.8,16259,1,1,3,63,True,3.32,5.6,3,1
P0016,Imran Hossain,Bangladeshi,Male,23-27,Postgraduate student (MSc),University of Reading,Not a student,Year 2,Human-Computer Interaction,Low,A_no_explanation,2026-08-05 12:43:52,41.8,No,3,2.4,3.4,1.0,0.7,-0.408,3.2,11527,0,0,0,67,True,5.47,4.35,3,3
P0017,Hannah Green,British,Female,23-27,Academic / lecturer,North South University,BSc / BEng / BA,PG Year 1,Digital Marketing,Moderate,A_no_explanation,2026-08-02 14:58:37,54.1,No,3,1.9,3.1,0.5,0.4,0.357,2.4,16427,1,1,4,57,False,4.32,5.11,1,2
P0018,Rasel Ahmed,Bangladeshi,Male,33-40,Undergraduate student,Middlesex University,MSc / MA / MEng,PG Year 2,Education Technology,High,C_counterfactual,2026-08-13 12:05:04,62.9,No,1,4.5,3.7,0.6,0.5,0.0,3.8,18796,1,1,3,70,True,3.68,3.48,4,3
P0019,Ramesh Dubey,Indian,Male,18-22,Undergraduate student,Coventry University,MSc / MA / MEng,PhD Year 3,Computer Science,High,A_no_explanation,2026-08-06 10:51:31,52.3,No,3,2.9,3.5,0.4,0.5,0.267,3.2,16116,2,2,4,70,True,4.82,2.78,3,3
P0020,Femi Adebayo,Nigerian,Male,23-27,PhD researcher,Goldsmiths University of London,MSc / MA / MEng,Year 3,Digital Marketing,Low,A_no_explanation,2026-08-06 11:16:48,44.5,No,1,2.3,3.8,0.7,0.6,0.13,2.9,12524,1,1,2,63,True,3.6,3.19,1,4
P0021,Arif Hossain,Bangladeshi,Male,28-32,Undergraduate student,Kingston University London,MSc / MA / MEng,PhD Year 1,Computer Science,Low,B_surface,2026-08-09 11:10:20,42.5,No,3,1.9,3.3,0.7,0.6,0.173,3.0,15123,1,1,2,62,True,3.79,4.1,3,5
P0022,Lutfur Rahman,Bangladeshi,Male,28-32,Postgraduate student (MSc),London Metropolitan University,MSc / MA / MEng,Year 2,International Business,High,B_surface,2026-08-05 13:32:35,49.2,No,1,2.8,2.3,0.7,0.4,-0.068,2.8,16480,0,0,3,80,True,4.01,4.0,4,3
P0023,Nayem Islam,Bangladeshi,Male,28-32,Undergraduate student,Coventry University,MSc / MA / MEng,PG Year 2,Software Engineering,None,C_counterfactual,2026-08-12 12:20:58,43.3,No,3,2.5,2.9,0.7,0.6,0.25,3.4,17136,1,1,2,80,True,2.92,5.57,5,3
P0024,Olivia Morris,British,Female,18-22,PhD researcher,University of Bedfordshire,BSc / BEng / BA,PhD Year 3,Data Science & AI,None,B_surface,2026-08-06 14:25:20,64.5,No,3,1.4,2.4,0.9,0.8,-0.25,3.2,13772,1,1,0,81,False,3.26,4.48,2,2
P0025,Ashique Hossain,Bangladeshi,Male,23-27,Undergraduate student,University of Reading,MSc / MA / MEng,PG Year 1,Finance & Accounting,High,A_no_explanation,2026-08-10 10:12:51,65.0,Unsure,3,2.5,3.2,0.8,0.5,0.267,2.8,12643,0,0,2,61,True,4.33,2.61,3,2
P0026,Fatou Diallo,Other,Prefer not to say,28-32,Postgraduate student (MSc),University of Westminster,HND / Foundation,Completed,Digital Marketing,None,C_counterfactual,2026-08-03 14:14:55,55.9,No,3,4.0,3.6,0.4,0.7,-0.089,3.6,18509,3,3,3,56,False,3.19,6.02,4,4
P0027,Sagor Hossain,Bangladeshi,Male,18-22,Postgraduate student (MSc),Daffodil International University,MSc / MA / MEng,PG Year 1,Digital Marketing,Low,B_surface,2026-08-03 12:48:50,43.9,Somewhat — thought it was about AI accuracy,1,3.7,3.9,0.7,0.6,0.272,3.2,15055,1,1,2,97,False,4.67,4.24,3,4
P0028,Mehrab Hossain,Bangladeshi,Male,18-22,Undergraduate student,University of Surrey,Prefer not to say,Year 3,Digital Marketing,Low,A_no_explanation,2026-08-03 12:26:53,51.0,No,2,4.2,3.2,0.7,0.6,-0.175,3.1,12705,1,1,2,66,True,5.67,4.18,1,2
P0029,Hasna Begum,Bangladeshi,Female,18-22,Undergraduate student,North South University,BSc / BEng / BA,PG Year 2,International Business,Low,B_surface,2026-08-04 16:24:13,63.8,Unsure,3,4.0,3.8,0.6,0.5,0.714,3.1,15376,1,1,3,70,True,3.27,5.51,4,4
P0030,Vikram Singh,Indian,Male,18-22,Postgraduate student (MBA),Kingston University London,MBA,Year 1,Cybersecurity,Low,B_surface,2026-08-06 10:28:47,46.6,No,1,3.3,1.4,0.5,0.6,0.281,2.8,15509,2,2,3,78,True,4.89,5.48,3,3
P0031,Lei Hu,Chinese,Female,51+,Working professional,Anglia Ruskin University,HND / Foundation,Completed,Human-Computer Interaction,Moderate,C_counterfactual,2026-08-08 16:42:47,56.4,Yes — I thought it was about trust in AI,0,2.1,3.3,0.4,0.7,-0.7,3.2,20225,3,3,3,76,True,3.84,4.44,3,3
P0032,Rekha Bose,Indian,Female,41-50,Postgraduate student (MSc),Daffodil International University,MSc / MA / MEng,Completed,Media & Communication,Moderate,B_surface,2026-08-10 10:27:17,62.6,Somewhat — thought it was about AI accuracy,1,3.6,3.0,0.6,0.7,0.218,3.2,17040,2,2,2,85,False,4.58,4.44,3,4
P0033,Nazia Islam,Bangladeshi,Female,18-22,Postgraduate student (MBA),Brunel University London,MBA,PhD Year 3,Data Science & AI,Moderate,B_surface,2026-08-11 12:53:07,60.9,No,2,3.1,4.2,0.6,0.7,-0.375,3.3,17725,2,2,2,67,True,5.08,3.85,1,3
P0034,Shahriar Kabir,Bangladeshi,Male,23-27,PhD researcher,Anglia Ruskin University,MBA,PG Year 1,Psychology,Low,A_no_explanation,2026-08-07 12:17:53,57.0,No,2,3.3,3.9,0.5,0.4,-0.185,2.4,15722,1,1,4,54,False,4.84,3.34,3,5
P0035,Tahiya Islam,Bangladeshi,Female,23-27,Postgraduate student (MSc),Daffodil International University,Prefer not to say,Year 3,Finance & Accounting,Moderate,A_no_explanation,2026-08-03 14:16:09,58.2,No,1,5.0,2.9,0.5,0.4,-0.408,3.1,15519,1,1,4,73,True,5.52,4.76,4,2
P0036,Abid Hossain,Bangladeshi,Male,33-40,Undergraduate student,Goldsmiths University of London,BSc / BEng / BA,Year 2,Media & Communication,Low,B_surface,2026-08-03 15:40:17,45.1,Unsure,0,3.8,3.9,0.5,0.6,0.264,3.0,17508,2,2,3,88,False,3.83,4.67,1,3
P0037,Harry Johnson,British,Male,23-27,Graduate (recent),Kingston University London,MSc / MA / MEng,Year 3,Media & Communication,High,C_counterfactual,2026-08-03 11:21:09,58.6,No,3,4.8,3.9,0.3,0.6,0.045,3.3,20515,3,3,4,78,True,3.9,6.49,4,3
P0038,Billal Hossain,Bangladeshi,Male,18-22,Undergraduate student,"University for the Creative Arts, Farnham",MSc / MA / MEng,PhD Year 3,Human-Computer Interaction,Low,C_counterfactual,2026-08-09 15:49:07,54.0,Somewhat — thought it was about usability,1,2.5,1.7,0.6,0.5,-0.204,3.2,18451,1,1,3,37,False,3.32,5.79,4,4
P0039,Mahmudul Karim,Bangladeshi,Male,28-32,Student & part-time worker,Oxford Brookes University,MSc / MA / MEng,Completed,Software Engineering,High,C_counterfactual,2026-08-02 11:18:36,65.4,No,2,2.3,2.9,0.7,0.8,-0.049,3.4,18147,2,2,1,75,True,3.63,5.62,5,3
P0040,Badrul Alam,Bangladeshi,Male,18-22,Postgraduate student (MSc),Daffodil International University,BSc / BEng / BA,Year 3,Digital Marketing,Low,B_surface,2026-08-03 14:40:25,52.0,No,2,3.2,4.5,0.8,0.5,0.459,3.2,16246,0,0,2,94,False,4.2,6.48,4,4
P0041,Farhan Zulkifli,Malaysian,Male,18-22,Undergraduate student,Middlesex University,BSc / BEng / BA,Year 2,International Business,High,C_counterfactual,2026-08-03 13:01:35,48.3,Yes — I thought it was about trust in AI,3,3.7,2.9,0.3,0.6,0.314,3.3,21549,3,3,4,69,True,5.11,5.62,2,2
P0042,Sharif Ahmed,Bangladeshi,Male,28-32,Postgraduate student (MSc),North South University,Prefer not to say,PhD Year 2,Cybersecurity,Moderate,B_surface,2026-08-06 12:43:26,51.4,No,1,3.3,2.4,0.7,0.8,0.0,3.0,14662,2,2,1,66,True,4.05,2.21,3,3
P0043,Shahed Alam,Bangladeshi,Male,33-40,Postgraduate student (MSc),University of Hertfordshire,PhD / MPhil,PhD Year 2,Digital Marketing,Moderate,A_no_explanation,2026-08-06 12:06:43,59.3,Yes — I thought it was about trust in AI,1,3.4,3.4,0.6,0.7,0.563,3.0,13966,2,2,2,57,False,5.08,3.43,2,5
P0044,Zakia Begum,Bangladeshi,Female,23-27,Postgraduate student (MSc),Coventry University,MSc / MA / MEng,Year 4,Human-Computer Interaction,Moderate,A_no_explanation,2026-08-15 14:58:43,58.9,No,1,4.8,2.7,0.6,0.5,0.149,2.5,16440,1,1,3,45,False,3.64,3.41,1,2
P0045,Layla Akter,Bangladeshi,Female,18-22,Postgraduate student (MSc),Coventry University,BSc / BEng / BA,Year 3,Graphic Design,Moderate,C_counterfactual,2026-08-13 15:33:13,37.5,Unsure,3,3.4,4.0,0.7,0.8,0.167,3.3,20139,2,2,1,69,True,3.25,5.74,4,4
P0046,Nusrat Jahan,Bangladeshi,Female,18-22,Working professional,University of Surrey,MSc / MA / MEng,PG Year 2,Human-Computer Interaction,Low,A_no_explanation,2026-08-09 13:22:41,63.2,Somewhat — thought it was about usability,1,2.6,3.5,0.8,0.9,-0.527,3.0,15144,2,2,0,79,True,4.69,4.89,4,4
P0047,Manoj Joshi,Indian,Male,23-27,Postgraduate student (MBA),"University for the Creative Arts, Farnham",PhD / MPhil,PhD Year 1,Computer Science,None,B_surface,2026-08-06 12:03:59,36.3,Yes — I thought it was about trust in AI,2,3.0,3.3,0.6,0.5,0.429,2.9,15738,1,1,3,84,False,4.69,6.13,2,3
P0048,Deepa Singh,Indian,Female,41-50,Undergraduate student,University of East London,BSc / BEng / BA,Year 3,Cybersecurity,Low,B_surface,2026-08-13 13:46:11,51.9,No,3,4.4,2.7,0.5,0.4,0.47,3.3,16312,1,1,4,69,True,4.16,4.52,4,5
P0049,Peng Sun,Chinese,Male,23-27,Undergraduate student,North South University,BSc / BEng / BA,PhD Year 2,Cybersecurity,Moderate,A_no_explanation,2026-08-11 09:17:35,32.0,No,3,3.2,3.6,0.5,0.4,0.272,2.8,18197,1,1,4,62,True,6.66,6.12,2,3
P0050,Fatema Begum,Bangladeshi,Female,28-32,Undergraduate student,London Metropolitan University,MSc / MA / MEng,Completed,Finance & Accounting,Moderate,A_no_explanation,2026-08-07 11:08:21,43.5,Somewhat — thought it was about AI accuracy,2,3.1,2.9,0.6,0.7,0.757,2.8,13784,2,2,2,63,True,4.53,4.09,3,4
P0051,Kamrun Nahar,Bangladeshi,Female,23-27,Postgraduate student (MBA),"University for the Creative Arts, Farnham",BSc / BEng / BA,Year 4,Graphic Design,High,A_no_explanation,2026-08-04 16:41:39,57.7,Somewhat — thought it was about AI accuracy,1,1.7,4.4,0.5,0.4,0.153,2.6,15340,1,1,4,47,False,4.65,2.83,2,3
P0052,Abena Asante,Other,Female,18-22,Academic / lecturer,Goldsmiths University of London,BSc / BEng / BA,PhD Year 2,Data Science & AI,Moderate,A_no_explanation,2026-08-10 13:53:49,44.0,No,0,4.1,3.4,0.8,0.7,0.218,3.0,14051,1,1,1,75,True,5.22,3.78,3,2
P0053,Hafizur Rahman,Bangladeshi,Male,33-40,Postgraduate student (MSc),Brunel University London,MSc / MA / MEng,PhD Year 3,Media & Communication,None,C_counterfactual,2026-08-03 14:54:56,46.6,No,2,3.2,5.0,0.7,0.4,0.327,3.2,18586,0,0,3,81,False,4.45,4.19,3,4
P0054,Zubayer Hossain,Bangladeshi,Male,23-27,Postgraduate student (MSc),Kingston University London,MSc / MA / MEng,Year 2,Psychology,Moderate,A_no_explanation,2026-08-11 14:21:00,57.5,Somewhat — thought it was about AI accuracy,2,5.0,3.2,0.7,0.8,0.06,3.1,13158,2,2,1,69,True,4.87,3.71,3,3
P0055,Harunur Rashid,Bangladeshi,Male,51+,Undergraduate student,University of Bedfordshire,BSc / BEng / BA,PhD Year 1,Information Technology,Moderate,B_surface,2026-08-16 09:48:14,34.8,No,2,3.9,3.6,0.7,0.6,0.272,3.2,17647,1,1,2,77,True,5.51,5.11,4,4
P0056,Lucy Turner,British,Female,23-27,Undergraduate student,University of Surrey,BSc / BEng / BA,PhD Year 2,Cybersecurity,Low,A_no_explanation,2026-08-05 10:42:54,55.5,Somewhat — thought it was about usability,1,4.8,2.6,0.8,0.7,-0.034,3.3,13112,1,1,1,82,False,4.24,5.98,3,3
P0057,Olga Volkov,Other,Female,33-40,Undergraduate student,BRAC University,BSc / BEng / BA,PG Year 2,Education Technology,None,C_counterfactual,2026-08-12 11:20:01,57.2,Yes — I thought it was about trust in AI,2,2.2,3.6,0.5,0.6,0.531,3.2,20855,2,2,3,96,False,3.93,4.93,5,3
P0058,Shirin Akter,Bangladeshi,Female,33-40,PhD researcher,BRAC University,MBA,PG Year 2,Cybersecurity,Low,C_counterfactual,2026-08-03 11:50:29,46.4,Somewhat — thought it was about AI accuracy,1,2.9,2.9,0.4,0.7,-0.488,3.5,19569,3,3,3,86,False,4.4,5.36,4,4
P0059,Arman Hossain,Bangladeshi,Male,23-27,Graduate (recent),University of East London,MSc / MA / MEng,Year 4,Computer Science,High,C_counterfactual,2026-08-03 15:17:39,58.9,Somewhat — thought it was about usability,0,2.6,3.1,0.5,0.6,0.102,2.8,20475,2,2,3,77,True,4.8,3.96,3,5
P0060,Victoria Lee,British,Female,23-27,Postgraduate student (MSc),Oxford Brookes University,MSc / MA / MEng,PG Year 1,Finance & Accounting,Moderate,A_no_explanation,2026-08-03 12:05:35,36.0,No,3,4.5,3.9,0.6,0.3,0.732,3.0,16176,0,0,4,71,True,4.09,3.86,2,3
P0061,Anjali Patel,Indian,Female,33-40,Postgraduate student (MSc),Kingston University London,BSc / BEng / BA,Year 1,Computer Science,Moderate,B_surface,2026-08-15 11:34:49,45.3,No,2,3.6,3.8,0.5,0.2,0.271,3.5,16275,0,0,5,82,False,4.18,3.6,5,3
P0062,Ethan White,British,Male,33-40,Postgraduate student (MBA),Goldsmiths University of London,MSc / MA / MEng,Completed,Psychology,High,B_surface,2026-08-04 09:06:09,42.2,Somewhat — thought it was about usability,1,3.1,4.4,0.6,0.5,0.156,3.3,16972,1,1,3,60,True,4.75,5.72,3,3
P0063,Matthew Hall,British,Male,23-27,Undergraduate student,University of Hertfordshire,Prefer not to say,PhD Year 3,Human-Computer Interaction,High,B_surface,2026-08-09 12:14:29,45.9,No,1,2.9,4.0,0.7,0.6,-0.408,3.2,17428,1,1,2,73,True,4.84,6.44,4,2
P0064,Shapna Akter,Bangladeshi,Female,18-22,Postgraduate student (MBA),Middlesex University,BSc / BEng / BA,PhD Year 3,Graphic Design,Moderate,C_counterfactual,2026-08-04 11:38:43,53.2,No,2,4.0,3.2,0.8,0.7,-0.048,3.3,18701,1,1,1,94,False,4.26,5.12,4,4
P0065,Nadia Mansour,Other,Female,33-40,Student & part-time worker,"University for the Creative Arts, Farnham",BSc / BEng / BA,PhD Year 1,Digital Marketing,Low,A_no_explanation,2026-08-03 10:45:19,53.7,No,2,2.2,4.0,0.7,0.8,-0.452,3.4,13738,2,2,1,59,False,4.08,3.26,3,3
P0066,Isabella White,British,Non-binary,18-22,Postgraduate student (MBA),Goldsmiths University of London,MBA,PG Year 2,Cybersecurity,Moderate,A_no_explanation,2026-08-13 10:36:26,58.9,Somewhat — thought it was about AI accuracy,2,2.1,2.7,0.8,0.9,0.0,3.0,14881,2,2,0,72,True,4.22,5.08,1,4
P0067,Tawhid Islam,Bangladeshi,Male,18-22,Undergraduate student,University of Westminster,BSc / BEng / BA,Year 1,Cybersecurity,High,C_counterfactual,2026-08-09 15:43:37,49.4,Yes — I thought it was about trust in AI,2,2.5,3.5,0.3,0.6,0.323,3.0,20169,3,3,4,76,True,2.88,5.77,1,3
P0068,Tunde Adeyemi,Nigerian,Male,33-40,Undergraduate student,University of East London,HND / Foundation,Year 3,Software Engineering,Low,C_counterfactual,2026-08-09 15:08:06,56.7,Unsure,1,2.4,4.0,0.3,0.0,0.0,3.0,22132,0,0,7,73,True,4.93,4.28,3,3
P0069,Shamsul Alam,Bangladeshi,Male,23-27,Undergraduate student,University of Westminster,BSc / BEng / BA,PhD Year 1,Information Technology,Low,C_counterfactual,2026-08-08 09:17:26,66.9,No,0,3.0,3.1,0.6,0.5,0.361,3.1,15539,1,1,3,54,False,4.66,5.51,5,5
P0070,Mitu Akter,Bangladeshi,Female,18-22,Postgraduate student (MSc),Goldsmiths University of London,BSc / BEng / BA,PhD Year 1,Education Technology,Low,C_counterfactual,2026-08-05 09:11:35,59.0,No,1,1.7,2.0,0.6,0.7,0.762,3.4,18209,2,2,2,76,True,3.12,5.84,2,3
P0071,Shahnaz Parvin,Bangladeshi,Female,18-22,Postgraduate student (MSc),University of Surrey,BSc / BEng / BA,PG Year 1,International Business,Low,A_no_explanation,2026-08-02 15:14:58,40.5,Somewhat — thought it was about AI accuracy,2,2.6,3.1,0.9,0.8,-0.234,2.7,12439,1,1,0,63,True,4.64,4.3,3,3
P0072,Mujibur Rahman,Bangladeshi,Male,28-32,Working professional,"University for the Creative Arts, Farnham",MSc / MA / MEng,Year 4,Human-Computer Interaction,Moderate,B_surface,2026-08-04 14:42:42,61.9,No,2,4.1,2.3,0.8,0.7,-0.145,3.2,16542,1,1,1,86,False,4.12,4.51,4,2
P0073,Rejwan Ahmed,Bangladeshi,Male,28-32,PhD researcher,University of Westminster,MSc / MA / MEng,Year 3,Health Informatics,None,A_no_explanation,2026-08-02 12:21:22,46.7,No,3,5.0,2.0,0.6,0.5,0.12,2.9,17016,1,1,3,65,True,3.6,3.67,2,1
P0074,Tarek Hossain,Bangladeshi,Male,18-22,Graduate (recent),University of Reading,Prefer not to say,Year 4,International Business,Moderate,A_no_explanation,2026-08-09 12:38:30,63.0,No,3,2.0,2.7,0.7,0.6,0.408,3.5,14876,1,1,2,61,True,4.69,4.16,5,3
P0075,Siamul Islam,Bangladeshi,Male,18-22,Undergraduate student,Oxford Brookes University,MSc / MA / MEng,Year 4,Education Technology,None,B_surface,2026-08-06 11:31:56,41.7,Unsure,2,3.7,3.7,0.7,0.6,0.064,3.3,15352,1,1,2,59,False,4.58,4.41,4,4
P0076,Shweta Kumar,Indian,Prefer not to say,18-22,PhD researcher,BRAC University,MBA,Year 1,Information Technology,Low,A_no_explanation,2026-08-02 12:53:16,55.4,Somewhat — thought it was about usability,0,3.7,3.6,0.6,0.7,-0.094,2.9,14151,2,2,2,71,True,4.6,2.63,2,4
P0077,Ruhul Amin,Bangladeshi,Male,28-32,Undergraduate student,University of Westminster,MSc / MA / MEng,PG Year 2,Education Technology,Low,A_no_explanation,2026-08-09 09:41:31,60.9,No,2,2.3,3.7,0.7,0.4,0.281,3.2,15689,0,0,3,83,False,5.34,4.17,4,3
P0078,Naima Islam,Bangladeshi,Female,28-32,Postgraduate student (MSc),Kingston University London,MSc / MA / MEng,Completed,Data Science & AI,High,A_no_explanation,2026-08-12 10:01:30,54.1,No,3,3.0,3.2,0.6,0.7,-0.094,2.9,14994,2,2,2,58,False,4.22,5.09,2,3
P0079,Fatima Mahmood,Pakistani,Female,28-32,Postgraduate student (MBA),BRAC University,HND / Foundation,Year 4,Media & Communication,High,B_surface,2026-08-03 12:16:53,56.3,Unsure,0,3.6,4.5,0.6,0.5,-0.25,3.6,14053,1,1,3,76,True,4.09,5.79,4,2
P0080,Deepak Tiwari,Indian,Male,18-22,Postgraduate student (MSc),University of Bedfordshire,BSc / BEng / BA,Year 4,International Business,Moderate,A_no_explanation,2026-08-07 14:12:23,64.7,No,2,2.8,2.6,0.7,0.4,0.147,3.1,17032,0,0,3,59,False,3.94,4.53,3,2
P0081,Dilruba Begum,Bangladeshi,Female,28-32,Undergraduate student,Kingston University London,MSc / MA / MEng,PG Year 1,Computer Science,None,C_counterfactual,2026-08-04 11:32:53,55.8,Unsure,3,3.0,2.5,0.4,0.7,-0.122,2.9,19340,3,3,3,100,False,4.2,5.47,5,2
P0082,Fang Wang,Chinese,Female,23-27,Postgraduate student (MSc),University of Hertfordshire,BSc / BEng / BA,PG Year 2,Education Technology,High,B_surface,2026-08-02 13:19:13,55.3,Yes — I thought it was about trust in AI,2,3.8,3.4,0.4,0.3,0.345,3.0,16634,1,1,5,92,False,2.91,4.81,3,2
P0083,Geeta Mishra,Indian,Female,18-22,Postgraduate student (MSc),University of Dhaka,BSc / BEng / BA,PG Year 2,Education Technology,Moderate,C_counterfactual,2026-08-11 16:03:52,56.7,Unsure,3,1.9,2.3,0.4,0.5,0.0,3.2,18318,2,2,4,83,False,3.31,5.54,5,4
P0084,Amaka Eze,Nigerian,Female,23-27,Postgraduate student (MBA),University of East London,BSc / BEng / BA,Year 4,Education Technology,High,C_counterfactual,2026-08-10 13:55:04,42.2,No,3,3.4,3.0,0.3,0.6,0.272,3.2,23023,3,3,4,54,False,3.01,5.39,5,4
P0085,Rumana Akter,Bangladeshi,Female,23-27,Undergraduate student,University of Hertfordshire,BSc / BEng / BA,Year 4,Cybersecurity,Moderate,A_no_explanation,2026-08-12 15:43:34,55.9,Somewhat — thought it was about AI accuracy,3,2.3,3.6,0.6,0.3,-0.145,2.8,16833,0,0,4,49,False,4.51,5.58,1,3
P0086,Sufia Begum,Bangladeshi,Female,23-27,Postgraduate student (MSc),University of Bedfordshire,MSc / MA / MEng,PhD Year 3,Cybersecurity,Moderate,C_counterfactual,2026-08-17 11:30:39,51.7,Yes — I thought it was about trust in AI,2,4.4,3.3,0.3,0.2,-0.373,3.5,20842,1,1,6,76,True,4.39,4.94,3,3
P0087,Sumi Akter,Bangladeshi,Female,18-22,Postgraduate student (MSc),Kingston University London,BSc / BEng / BA,PhD Year 1,Computer Science,Moderate,C_counterfactual,2026-08-04 10:54:32,53.8,No,1,3.8,4.5,0.7,0.4,-0.244,3.3,19517,0,0,3,76,True,3.98,4.98,3,2
P0088,Zain Malik,Pakistani,Male,28-32,Undergraduate student,Anglia Ruskin University,PhD / MPhil,PhD Year 2,International Business,Low,C_counterfactual,2026-08-08 15:38:20,61.9,No,0,3.9,3.1,0.3,0.4,0.383,2.7,20733,2,2,5,86,False,3.89,5.22,2,2
P0089,Yan Luo,Chinese,Female,23-27,Undergraduate student,University of Reading,BSc / BEng / BA,PG Year 2,Information Technology,High,A_no_explanation,2026-08-05 14:20:42,41.2,No,0,2.6,4.1,0.5,0.4,-0.185,3.4,14477,1,1,4,69,True,5.03,2.39,1,3
P0090,Mizanur Rahman,Bangladeshi,Male,33-40,Undergraduate student,Goldsmiths University of London,BSc / BEng / BA,Year 3,Health Informatics,Low,B_surface,2026-08-06 12:23:11,58.5,No,2,3.8,2.4,0.7,0.6,-0.421,2.8,12798,1,1,2,72,True,3.77,4.1,3,4
P0091,Lily Scott,British,Female,18-22,PhD researcher,Coventry University,BSc / BEng / BA,Year 1,Media & Communication,Low,C_counterfactual,2026-08-02 10:35:55,47.3,Somewhat — thought it was about usability,3,1.9,3.3,0.7,0.6,-0.204,3.0,17717,1,1,2,73,True,4.33,4.15,4,2
P0092,Andrei Popescu,Other,Male,28-32,Undergraduate student,University of Dhaka,BSc / BEng / BA,Year 2,Cybersecurity,Low,C_counterfactual,2026-08-03 10:48:16,53.3,No,3,2.5,4.1,0.1,0.4,0.681,3.4,22530,3,3,6,58,False,3.87,5.77,5,2
P0093,Rahul Verma,Indian,Male,23-27,Postgraduate student (MSc),London Metropolitan University,MSc / MA / MEng,Year 4,Information Technology,Moderate,C_counterfactual,2026-08-15 15:33:55,68.7,No,2,2.7,4.4,0.7,0.8,0.323,3.0,17395,2,2,1,86,False,5.17,4.72,4,5
P0094,Jeba Akter,Bangladeshi,Female,41-50,Graduate (recent),BRAC University,BSc / BEng / BA,PG Year 2,International Business,None,C_counterfactual,2026-08-04 13:40:06,52.2,No,3,3.2,3.4,0.5,0.6,-0.089,3.7,18024,2,2,3,85,False,3.67,4.87,4,4
P0095,Ryan Green,British,Male,28-32,Undergraduate student,Oxford Brookes University,MSc / MA / MEng,Year 4,Media & Communication,Low,A_no_explanation,2026-08-05 16:13:01,65.5,Unsure,2,2.7,3.0,0.4,0.5,0.0,2.8,17563,2,2,4,72,True,3.74,3.29,3,4
P0096,Said Al-Rashidi,Other,Male,23-27,Postgraduate student (MSc),University of Bedfordshire,MSc / MA / MEng,PhD Year 2,Media & Communication,Moderate,B_surface,2026-08-02 14:15:13,42.2,No,3,2.5,2.3,0.5,0.4,-0.187,3.2,17466,1,1,4,59,False,4.26,4.35,2,3
P0097,Bisi Adeyemi,Nigerian,Female,23-27,Undergraduate student,University of Dhaka,Prefer not to say,Year 1,International Business,Moderate,A_no_explanation,2026-08-08 13:32:54,49.5,No,1,4.4,4.5,0.6,0.5,-0.459,3.2,14185,1,1,3,68,True,5.49,4.56,2,2
P0098,Emily Clarke,British,Female,23-27,PhD researcher,University of Hertfordshire,MSc / MA / MEng,PhD Year 3,International Business,Moderate,B_surface,2026-08-04 15:08:32,44.4,No,2,3.9,3.9,0.4,0.3,-0.175,3.2,17182,1,1,5,73,True,4.07,4.85,3,4
P0099,Tayo Adebisi,Nigerian,Male,28-32,Postgraduate student (MSc),BRAC University,MSc / MA / MEng,PhD Year 1,Health Informatics,None,A_no_explanation,2026-08-04 11:50:55,59.2,No,2,4.3,2.4,0.8,0.5,-0.535,3.2,14683,0,0,2,43,False,4.82,4.45,3,2
P0100,Shafiqur Rahman,Bangladeshi,Male,28-32,Postgraduate student (MSc),Anglia Ruskin University,BSc / BEng / BA,Year 2,Cybersecurity,High,B_surface,2026-08-12 11:49:55,61.8,No,2,4.9,4.8,0.5,0.2,0.212,3.1,17309,0,0,5,79,True,5.06,4.43,2,3
P0101,Syafiq Ramli,Malaysian,Male,23-27,Postgraduate student (MSc),"University for the Creative Arts, Farnham",MSc / MA / MEng,Completed,Health Informatics,Moderate,C_counterfactual,2026-08-02 14:08:35,52.2,No,2,1.2,2.9,0.6,0.5,0.469,3.3,18904,1,1,3,65,True,4.71,5.61,3,2
P0102,Nurjahan Begum,Bangladeshi,Female,51+,PhD researcher,Coventry University,MSc / MA / MEng,PhD Year 3,Data Science & AI,Low,B_surface,2026-08-11 12:23:41,54.4,No,3,2.9,2.2,0.4,0.3,-0.375,3.7,18475,1,1,5,66,True,2.69,4.25,4,3
P0103,Syafiqah Ramli,Malaysian,Female,28-32,Postgraduate student (MSc),University of Hertfordshire,BSc / BEng / BA,Year 3,Information Technology,Low,B_surface,2026-08-04 13:34:39,58.6,Somewhat — thought it was about AI accuracy,0,4.7,3.8,0.5,0.6,0.25,3.4,16666,2,2,3,82,False,5.14,4.38,5,5
P0104,Bayzid Hossain,Bangladeshi,Male,23-27,PhD researcher,Oxford Brookes University,BSc / BEng / BA,Year 4,Health Informatics,Moderate,A_no_explanation,2026-08-13 15:12:09,48.8,Somewhat — thought it was about usability,0,4.3,3.4,0.7,0.8,0.134,3.2,13485,2,2,1,73,True,4.92,2.99,3,3
P0105,Runa Begum,Bangladeshi,Female,23-27,Postgraduate student (MSc),University of Reading,MSc / MA / MEng,PG Year 2,Software Engineering,Low,C_counterfactual,2026-08-13 16:35:45,35.9,No,3,3.9,4.1,0.4,0.5,-0.229,3.2,20365,2,2,4,79,True,2.93,3.46,4,3
P0106,Oliver Smith,British,Male,33-40,Postgraduate student (MSc),Anglia Ruskin University,MSc / MA / MEng,PG Year 1,Software Engineering,Low,C_counterfactual,2026-08-16 10:46:09,51.5,Yes — I thought it was about trust in AI,2,2.2,3.1,0.5,0.4,-0.175,2.9,18422,1,1,4,55,False,4.35,4.2,3,2
P0107,Mia Adams,British,Female,28-32,Undergraduate student,University of Bedfordshire,PhD / MPhil,PhD Year 1,Business & Management,Moderate,B_surface,2026-08-08 10:51:52,54.0,Somewhat — thought it was about AI accuracy,2,2.7,2.5,0.7,0.4,0.0,3.0,15714,0,0,3,95,False,5.12,4.43,1,3
P0108,Jack Taylor,British,Male,18-22,Working professional,BRAC University,PhD / MPhil,PG Year 2,Software Engineering,Moderate,A_no_explanation,2026-08-05 16:03:51,67.7,No,1,3.0,2.1,0.3,0.0,0.0,3.0,17772,0,0,7,67,True,3.79,3.58,2,3
P0109,Andrew Wright,British,Male,23-27,Student & part-time worker,"University for the Creative Arts, Farnham",BSc / BEng / BA,Year 3,International Business,Low,C_counterfactual,2026-08-13 09:17:50,52.1,No,0,4.1,3.2,0.6,0.3,0.034,3.3,18701,0,0,4,63,True,5.38,5.35,4,2
P0110,Nafis Ahmed,Bangladeshi,Male,18-22,Undergraduate student,University of Hertfordshire,Prefer not to say,Year 2,Business & Management,Moderate,C_counterfactual,2026-08-16 11:52:11,71.9,Somewhat — thought it was about AI accuracy,0,2.3,2.4,0.5,0.6,-0.272,2.8,19441,2,2,3,68,True,3.71,5.49,4,4
P0111,Emeka Eze,Nigerian,Male,33-40,Postgraduate student (MSc),Oxford Brookes University,PhD / MPhil,Completed,Health Informatics,Moderate,B_surface,2026-08-02 10:17:34,43.9,Somewhat — thought it was about usability,1,3.3,3.8,0.5,0.6,0.314,3.3,18324,2,2,3,100,False,3.97,4.08,5,4
P0112,Pradeep Iyer,Indian,Male,23-27,Undergraduate student,University of East London,MBA,PG Year 1,Digital Marketing,None,B_surface,2026-08-11 12:08:29,62.9,No,0,1.6,3.6,0.8,0.5,-0.573,3.1,14958,0,0,2,49,False,4.06,5.01,2,3
P0113,Saiful Islam,Bangladeshi,Male,18-22,Student & part-time worker,BUET,MSc / MA / MEng,Year 4,Digital Marketing,High,B_surface,2026-08-03 10:11:44,56.6,Yes — I thought it was about trust in AI,2,3.0,4.0,0.7,0.6,-0.064,2.7,13131,1,1,2,92,False,4.84,4.34,3,3
P0114,Pooja Yadav,Indian,Female,23-27,Undergraduate student,Coventry University,BSc / BEng / BA,Year 4,Cybersecurity,None,C_counterfactual,2026-08-05 09:48:11,56.3,Somewhat — thought it was about AI accuracy,1,2.8,2.6,0.7,0.8,-0.128,3.3,16785,2,2,1,85,False,4.42,5.95,3,4
P0115,Farhana Azmi,Malaysian,Female,23-27,Student & part-time worker,North South University,MSc / MA / MEng,Year 2,Human-Computer Interaction,High,C_counterfactual,2026-08-02 10:26:41,57.9,No,1,2.0,4.2,0.5,0.4,-0.228,3.0,20017,1,1,4,84,False,3.16,5.27,3,3
P0116,Umme Habiba,Bangladeshi,Female,28-32,Undergraduate student,Middlesex University,BSc / BEng / BA,PhD Year 2,Digital Marketing,None,C_counterfactual,2026-08-09 16:31:58,60.7,No,2,5.0,3.0,0.4,0.5,-0.128,3.7,21227,2,2,4,59,False,3.99,4.96,4,3
P0117,Monirul Islam,Bangladeshi,Male,41-50,Undergraduate student,Anglia Ruskin University,MSc / MA / MEng,Year 2,Cybersecurity,None,A_no_explanation,2026-08-06 15:01:19,52.3,No,3,3.1,2.9,0.5,0.4,-0.264,3.0,17064,1,1,4,69,True,3.21,4.57,2,3
P0118,Shakib Al Hasan,Bangladeshi,Male,18-22,Undergraduate student,University of Westminster,BSc / BEng / BA,Year 4,Media & Communication,High,A_no_explanation,2026-08-03 11:32:23,57.4,No,0,5.0,4.2,0.5,0.2,0.459,3.2,15974,0,0,5,50,False,5.16,5.32,3,2
P0119,Nabilah Fikri,Malaysian,Female,33-40,Postgraduate student (MSc),BRAC University,MBA,Completed,Human-Computer Interaction,Low,A_no_explanation,2026-08-17 15:05:29,41.5,Unsure,0,4.3,3.4,0.6,0.5,-0.12,2.9,15914,1,1,3,62,True,6.21,2.65,2,4
P0120,Priya Sharma,Indian,Female,23-27,PhD researcher,Anglia Ruskin University,MSc / MA / MEng,Year 4,Health Informatics,Moderate,A_no_explanation,2026-08-05 13:09:57,38.6,No,0,2.8,4.3,0.7,0.8,0.228,3.0,16899,2,2,1,40,False,5.13,6.48,3,3
P0121,Seema Tiwari,Indian,Female,18-22,Undergraduate student,Kingston University London,Not a student,PhD Year 2,Computer Science,High,C_counterfactual,2026-08-03 12:09:45,55.3,Somewhat — thought it was about usability,2,3.4,3.1,0.3,0.6,0.6,2.8,22692,3,3,4,80,True,3.6,4.45,4,2
P0122,Chloe Martin,British,Female,18-22,Working professional,London Metropolitan University,HND / Foundation,Year 3,Media & Communication,Low,B_surface,2026-08-02 15:02:30,49.7,No,3,2.2,1.9,0.8,0.7,-0.535,3.2,14741,1,1,1,81,False,3.04,6.03,3,2
P0123,Anwara Begum,Bangladeshi,Female,28-32,Postgraduate student (MSc),Daffodil International University,BSc / BEng / BA,PhD Year 2,Human-Computer Interaction,Low,A_no_explanation,2026-08-02 09:03:06,63.3,No,0,2.9,2.9,0.7,0.4,0.341,2.8,14214,0,0,3,63,True,5.73,4.96,3,3
P0124,Azlan Ishak,Malaysian,Male,18-22,Undergraduate student,"University for the Creative Arts, Farnham",BSc / BEng / BA,Year 2,Human-Computer Interaction,High,A_no_explanation,2026-08-06 12:37:54,52.5,Somewhat — thought it was about usability,2,3.5,1.8,0.5,0.6,-0.228,3.0,16992,2,2,3,54,False,4.77,3.54,4,4
P0125,Wei Song,Chinese,Female,33-40,Graduate (recent),University of Westminster,BSc / BEng / BA,Year 2,Health Informatics,High,C_counterfactual,2026-08-04 11:21:48,51.0,No,2,3.4,3.4,0.4,0.3,0.089,3.2,20736,1,1,5,68,True,3.58,3.82,3,2
P0126,Shan Lin,Chinese,Female,41-50,Undergraduate student,Goldsmiths University of London,Prefer not to say,PG Year 1,Cybersecurity,Moderate,C_counterfactual,2026-08-03 09:10:32,57.9,No,2,3.8,4.6,0.3,0.4,0.134,3.6,20947,2,2,5,63,True,4.21,5.89,2,2
P0127,Minhajul Abedin,Bangladeshi,Male,33-40,Graduate (recent),University of Hertfordshire,BSc / BEng / BA,Year 4,Human-Computer Interaction,Low,C_counterfactual,2026-08-02 11:55:52,65.9,Unsure,2,3.6,4.2,0.5,0.6,0.304,3.5,18117,2,2,3,65,True,4.54,4.35,3,3
P0128,Abul Kashem,Bangladeshi,Male,18-22,Postgraduate student (MBA),Brunel University London,BSc / BEng / BA,Completed,Graphic Design,Moderate,A_no_explanation,2026-08-02 10:27:42,45.5,Somewhat — thought it was about AI accuracy,2,4.6,2.0,0.6,0.5,-0.5,3.2,16493,1,1,3,33,False,3.91,3.89,3,2
P0129,Motiur Rahman,Bangladeshi,Male,23-27,Postgraduate student (MSc),Kingston University London,HND / Foundation,Year 4,Psychology,High,C_counterfactual,2026-08-04 13:12:53,74.7,No,3,3.8,3.7,0.5,0.6,0.152,3.1,19309,2,2,3,84,False,3.75,5.22,4,3
P0130,Linh Nguyen,Other,Non-binary,23-27,Postgraduate student (MBA),Anglia Ruskin University,MSc / MA / MEng,Completed,Media & Communication,High,B_surface,2026-08-02 10:15:14,61.5,No,0,4.0,3.8,0.5,0.4,-0.313,2.9,17752,1,1,4,93,False,3.72,5.42,3,4
P0131,Ratna Akter,Bangladeshi,Female,28-32,Undergraduate student,London Metropolitan University,BSc / BEng / BA,PhD Year 2,Computer Science,None,C_counterfactual,2026-08-04 14:13:23,58.7,No,2,2.3,3.7,0.7,0.6,0.041,3.3,18124,1,1,2,92,False,3.0,5.44,2,5
P0132,Nabila Islam,Bangladeshi,Female,23-27,Student & part-time worker,Oxford Brookes University,HND / Foundation,Year 3,Information Technology,Moderate,C_counterfactual,2026-08-02 10:34:55,42.8,Somewhat — thought it was about usability,2,2.2,3.2,0.5,0.4,0.281,3.2,19889,1,1,4,79,True,3.54,5.52,3,2
P0133,Zara Qureshi,Pakistani,Female,23-27,PhD researcher,University of Bedfordshire,BSc / BEng / BA,PhD Year 3,Computer Science,None,C_counterfactual,2026-08-03 13:46:27,42.1,Unsure,1,3.4,4.0,0.5,0.6,0.612,3.6,18329,2,2,3,76,True,4.31,4.0,5,3
P0134,Noor Baig,Pakistani,Female,41-50,Undergraduate student,Oxford Brookes University,Prefer not to say,Year 3,Cybersecurity,None,C_counterfactual,2026-08-03 14:54:23,50.9,Somewhat — thought it was about usability,2,3.0,5.0,0.7,0.6,-0.443,3.5,17082,1,1,2,56,False,3.47,3.71,5,3
P0135,Liam Robinson,British,Male,18-22,Student & part-time worker,Brunel University London,BSc / BEng / BA,Year 4,Software Engineering,High,B_surface,2026-08-04 11:19:40,56.2,No,0,2.8,4.3,0.4,0.5,0.0,2.8,16345,2,2,4,62,True,4.21,3.36,3,4
P0136,Himel Hossain,Bangladeshi,Male,18-22,Postgraduate student (MSc),University of Bedfordshire,Not a student,Year 1,Media & Communication,Moderate,A_no_explanation,2026-08-02 14:59:35,54.8,No,1,4.0,4.4,0.6,0.3,0.171,3.4,16047,0,0,4,56,False,5.2,4.94,1,4
P0137,Nisha Iyer,Indian,Female,33-40,Graduate (recent),BUET,BSc / BEng / BA,Year 1,Psychology,High,B_surface,2026-08-02 16:30:05,39.0,No,1,2.6,3.1,0.8,0.7,-0.184,3.1,15177,1,1,1,66,True,4.01,6.08,4,4
P0138,Farhan Hossain,Bangladeshi,Male,18-22,Postgraduate student (MSc),University of Hertfordshire,MSc / MA / MEng,PG Year 1,Computer Science,Moderate,C_counterfactual,2026-08-04 11:47:12,54.6,No,3,2.4,3.8,0.5,0.6,0.227,2.9,17196,2,2,3,76,True,3.36,6.73,5,4
P0139,Hafiz Uddin,Bangladeshi,Male,51+,Postgraduate student (MSc),North South University,BSc / BEng / BA,PG Year 2,Finance & Accounting,Moderate,C_counterfactual,2026-08-07 10:48:05,56.0,No,3,2.0,2.5,0.7,0.8,0.075,2.6,19389,2,2,1,75,True,3.16,6.06,3,4
P0140,Taslima Begum,Bangladeshi,Female,18-22,Undergraduate student,BUET,MBA,Year 3,Computer Science,Moderate,A_no_explanation,2026-08-06 12:45:43,50.3,Somewhat — thought it was about usability,1,4.3,2.8,0.6,0.5,0.196,3.4,14015,1,1,3,63,True,5.11,4.07,2,4
P0141,Urmila Dubey,Indian,Female,23-27,Working professional,BUET,BSc / BEng / BA,PG Year 1,Information Technology,Moderate,C_counterfactual,2026-08-07 16:44:10,58.1,No,3,2.7,3.4,0.3,0.6,-0.228,3.0,21111,3,3,4,78,True,3.47,5.64,4,2
P0142,Morshedul Islam,Bangladeshi,Male,51+,Postgraduate student (MSc),Middlesex University,BSc / BEng / BA,PG Year 1,Graphic Design,Moderate,C_counterfactual,2026-08-10 10:11:13,49.7,Somewhat — thought it was about usability,3,2.3,3.9,0.5,0.6,0.187,3.2,18706,2,2,3,51,False,4.85,5.47,2,3
P0143,Zahid Hasan,Bangladeshi,Male,33-40,Postgraduate student (MSc),University of Surrey,Not a student,PhD Year 2,Human-Computer Interaction,High,B_surface,2026-08-13 13:12:57,65.3,No,2,3.5,2.3,0.5,0.4,0.656,2.8,17460,1,1,4,78,True,4.57,5.66,4,4
P0144,Nasir Uddin,Bangladeshi,Male,18-22,Undergraduate student,"University for the Creative Arts, Farnham",BSc / BEng / BA,PhD Year 2,Health Informatics,Low,B_surface,2026-08-02 13:01:35,48.9,No,3,2.7,3.5,0.6,0.3,-0.175,3.2,16436,0,0,4,72,True,3.49,6.45,3,2
P0145,Shahid Hussain,Pakistani,Male,18-22,Postgraduate student (MSc),University of East London,BSc / BEng / BA,PG Year 1,Media & Communication,Moderate,B_surface,2026-08-08 10:41:57,50.5,Somewhat — thought it was about AI accuracy,2,3.8,4.8,0.7,0.6,-0.25,2.6,15870,1,1,2,57,False,3.21,5.56,4,3
P0146,Lamia Hossain,Bangladeshi,Prefer not to say,28-32,Postgraduate student (MBA),North South University,MSc / MA / MEng,PhD Year 1,Health Informatics,Low,B_surface,2026-08-02 11:18:47,50.6,No,1,3.5,2.2,0.6,0.5,0.0,3.4,16964,1,1,3,59,False,2.94,4.75,3,3
P0147,Ella Hall,British,Female,18-22,Undergraduate student,Oxford Brookes University,BSc / BEng / BA,PhD Year 1,Psychology,None,C_counterfactual,2026-08-09 12:25:00,49.0,No,2,3.0,3.0,0.7,0.4,0.527,3.0,18311,0,0,3,65,True,3.82,4.07,3,2
P0148,Tariq Mahmood,Pakistani,Male,18-22,Postgraduate student (MSc),University of Westminster,PhD / MPhil,Year 4,Data Science & AI,Low,A_no_explanation,2026-08-06 14:33:29,50.5,No,1,2.7,4.7,0.8,0.5,0.111,2.7,14549,0,0,2,55,False,4.06,4.52,2,3
P0149,Sophia Harris,British,Female,18-22,Undergraduate student,Oxford Brookes University,BSc / BEng / BA,Year 4,Education Technology,Moderate,C_counterfactual,2026-08-04 11:53:22,36.9,No,0,3.2,3.6,0.4,0.7,-0.069,2.9,21323,3,3,3,77,True,4.15,4.91,4,3
P0150,Charlie Davis,British,Male,18-22,Working professional,Kingston University London,BSc / BEng / BA,PhD Year 1,International Business,Moderate,C_counterfactual,2026-08-13 14:08:06,48.3,Unsure,2,4.1,3.4,0.5,0.6,0.187,3.2,18456,2,2,3,89,False,4.86,4.09,4,2
P0151,Naveed Chaudhry,Pakistani,Male,41-50,Undergraduate student,Kingston University London,PhD / MPhil,Year 1,International Business,None,A_no_explanation,2026-08-11 10:35:14,49.9,No,0,3.3,3.5,0.6,0.5,0.0,2.6,13917,1,1,3,81,False,4.29,2.85,1,3
P0152,Khadija Begum,Bangladeshi,Female,23-27,PhD researcher,Goldsmiths University of London,MBA,PG Year 2,Graphic Design,Low,A_no_explanation,2026-08-03 12:29:24,53.3,No,2,3.9,2.9,0.8,0.7,-0.163,3.5,12467,1,1,1,72,True,4.76,3.25,3,4
P0153,Jean Baptiste,Other,Male,33-40,Postgraduate student (MSc),North South University,BSc / BEng / BA,PG Year 2,Health Informatics,None,C_counterfactual,2026-08-03 16:40:37,65.4,Unsure,3,4.4,4.3,0.6,0.5,0.229,3.8,18448,1,1,3,92,False,3.02,5.5,3,1
P0154,Zahirul Islam,Bangladeshi,Male,23-27,Postgraduate student (MSc),University of Reading,BSc / BEng / BA,PhD Year 3,Information Technology,Moderate,A_no_explanation,2026-08-09 09:59:44,50.1,Unsure,1,2.4,3.0,0.4,0.5,0.143,2.9,17272,2,2,4,64,True,3.98,2.95,1,2
P0155,Sunita Mehta,Indian,Female,18-22,Undergraduate student,BRAC University,BSc / BEng / BA,PG Year 2,Information Technology,Low,C_counterfactual,2026-08-16 15:20:48,52.6,No,1,3.8,3.2,0.7,0.8,-0.06,2.9,16412,2,2,1,62,True,3.84,5.12,4,4
P0156,Radha Pandey,Indian,Female,28-32,Undergraduate student,Anglia Ruskin University,MSc / MA / MEng,Year 1,Finance & Accounting,Moderate,C_counterfactual,2026-08-06 11:43:05,48.2,Yes — I thought it was about trust in AI,3,1.8,2.8,0.5,0.6,0.153,3.4,20134,2,2,3,68,True,3.6,5.17,3,4
P0157,Meera Verma,Indian,Female,18-22,Postgraduate student (MSc),University of Surrey,PhD / MPhil,Completed,International Business,Low,A_no_explanation,2026-08-02 14:29:22,56.1,Somewhat — thought it was about usability,3,3.6,3.9,0.7,0.6,-0.323,3.0,15591,1,1,2,52,False,4.9,4.33,4,4
P0158,Mehedi Mahmud,Bangladeshi,Male,28-32,Postgraduate student (MSc),"University for the Creative Arts, Farnham",MSc / MA / MEng,PG Year 1,Finance & Accounting,High,B_surface,2026-08-15 15:52:50,47.1,No,2,4.3,3.0,0.4,0.7,0.625,2.9,18778,3,3,3,71,True,5.5,5.39,5,3
P0159,Hidayah Ishak,Malaysian,Prefer not to say,41-50,PhD researcher,Daffodil International University,MBA,PG Year 2,Digital Marketing,None,A_no_explanation,2026-08-17 15:52:33,55.4,No,2,4.0,3.0,0.5,0.2,0.667,3.3,15801,0,0,5,72,True,4.62,4.37,3,4
P0160,Alamgir Hossain,Bangladeshi,Male,18-22,Postgraduate student (MSc),London Metropolitan University,Not a student,Year 3,Finance & Accounting,High,C_counterfactual,2026-08-04 10:52:17,55.4,No,3,2.3,3.1,0.6,0.7,0.307,3.3,19834,2,2,2,70,True,4.27,3.44,3,3
P0161,Shakil Ahmed,Bangladeshi,Male,18-22,Undergraduate student,University of East London,MSc / MA / MEng,PG Year 2,Psychology,None,C_counterfactual,2026-08-03 11:02:05,57.0,Yes — I thought it was about trust in AI,2,3.5,3.7,1.0,0.7,-0.218,3.8,16295,0,0,0,70,True,3.86,3.77,4,2
P0162,Mamunur Rashid,Bangladeshi,Male,23-27,Postgraduate student (MBA),"University for the Creative Arts, Farnham",BSc / BEng / BA,Year 1,Software Engineering,Moderate,B_surface,2026-08-03 16:02:04,47.0,No,1,3.2,2.3,0.7,0.8,0.0,3.5,15296,2,2,1,69,True,4.66,6.86,1,2
P0163,Shumon Hasan,Bangladeshi,Male,28-32,Undergraduate student,Daffodil International University,PhD / MPhil,PG Year 1,Software Engineering,None,C_counterfactual,2026-08-12 15:59:28,67.5,No,2,3.7,3.0,0.4,0.3,0.034,3.3,20491,1,1,5,65,True,3.87,5.24,5,4
P0164,Akosua Osei,Other,Female,23-27,Postgraduate student (MSc),"University for the Creative Arts, Farnham",BSc / BEng / BA,Completed,Data Science & AI,Moderate,B_surface,2026-08-05 16:06:24,56.1,No,2,3.5,3.6,0.4,0.5,0.0,2.2,16958,2,2,4,70,True,4.14,4.45,5,3
P0165,Kavitha Nair,Indian,Female,23-27,Undergraduate student,Daffodil International University,Not a student,Year 3,Health Informatics,None,C_counterfactual,2026-08-02 16:29:39,39.1,No,2,3.0,3.7,0.5,0.6,-0.0,3.5,19282,2,2,3,67,True,3.44,6.35,4,4
P0166,Robiul Islam,Bangladeshi,Male,18-22,Postgraduate student (MBA),BRAC University,BSc / BEng / BA,PhD Year 3,Finance & Accounting,Low,C_counterfactual,2026-08-06 14:34:01,50.0,Yes — I thought it was about trust in AI,1,3.2,2.6,0.3,0.4,-0.047,2.8,23310,2,2,5,56,False,3.81,6.16,5,3
P0167,Jia Zheng,Chinese,Female,23-27,Student & part-time worker,University of Dhaka,Not a student,PG Year 2,Finance & Accounting,High,C_counterfactual,2026-08-02 10:57:20,61.0,No,1,3.9,3.7,0.3,0.4,0.344,2.9,20193,2,2,5,84,False,4.28,4.38,5,4
P0168,Alamin Hossain,Bangladeshi,Male,18-22,Undergraduate student,Anglia Ruskin University,PhD / MPhil,Year 4,Psychology,Low,B_surface,2026-08-05 10:01:06,42.9,No,0,4.3,3.7,0.7,0.4,0.365,3.5,14688,0,0,3,67,True,5.18,3.62,3,4
P0169,Qiang He,Chinese,Male,23-27,Student & part-time worker,Coventry University,MSc / MA / MEng,PhD Year 2,Health Informatics,Moderate,A_no_explanation,2026-08-12 13:05:10,42.6,No,1,3.0,2.7,0.7,0.4,0.303,2.9,14448,0,0,3,69,True,4.79,5.41,4,3
P0170,Mayisha Islam,Bangladeshi,Female,33-40,Undergraduate student,Goldsmiths University of London,BSc / BEng / BA,Year 1,Cybersecurity,Moderate,B_surface,2026-08-03 15:55:16,57.2,Unsure,3,2.7,4.2,0.4,0.7,-0.345,3.0,17002,3,3,3,52,False,4.75,5.43,3,3
P0171,Salim Ahmed,Bangladeshi,Male,23-27,Postgraduate student (MSc),Anglia Ruskin University,BSc / BEng / BA,Year 1,Psychology,Moderate,A_no_explanation,2026-08-05 09:02:47,56.5,No,1,2.6,2.4,0.6,0.7,-0.239,3.3,16667,2,2,2,59,False,4.72,4.48,1,3
P0172,Raj Gupta,Indian,Male,33-40,Postgraduate student (MSc),Daffodil International University,MSc / MA / MEng,PG Year 1,Graphic Design,Moderate,B_surface,2026-08-08 10:48:38,47.6,No,2,3.2,2.5,0.4,0.3,0.017,3.3,18008,1,1,5,73,True,3.83,4.04,2,3
P0173,Yasmin Tehrani,Other,Female,28-32,Postgraduate student (MSc),University of Reading,MSc / MA / MEng,PhD Year 3,Graphic Design,Low,A_no_explanation,2026-08-07 15:07:46,50.1,Somewhat — thought it was about usability,1,3.5,3.3,0.7,0.4,0.421,2.8,16364,0,0,3,78,True,5.45,4.95,3,4
P0174,Rina Akter,Bangladeshi,Prefer not to say,18-22,Postgraduate student (MSc),University of East London,BSc / BEng / BA,PhD Year 3,Graphic Design,High,A_no_explanation,2026-08-02 12:45:09,40.2,No,2,2.9,3.9,0.4,0.5,0.333,2.8,16092,2,2,4,56,False,6.23,3.48,2,4
P0175,Tanzia Akter,Bangladeshi,Female,18-22,Postgraduate student (MSc),Anglia Ruskin University,BSc / BEng / BA,PG Year 2,Education Technology,None,C_counterfactual,2026-08-13 11:30:15,45.8,No,0,3.5,3.7,0.6,0.9,0.306,3.8,19218,3,3,1,63,True,4.05,5.37,5,4
P0176,Hao Chen,Chinese,Male,23-27,Postgraduate student (MSc),North South University,BSc / BEng / BA,Year 2,Media & Communication,High,C_counterfactual,2026-08-02 12:45:57,63.4,No,1,4.6,4.6,0.5,0.6,-0.431,3.9,19854,2,2,3,70,True,4.4,5.54,3,4
P0177,Lei Song,Chinese,Male,18-22,Graduate (recent),University of Dhaka,MSc / MA / MEng,Year 4,Cybersecurity,None,B_surface,2026-08-02 14:44:15,42.8,No,1,3.4,5.0,0.5,0.2,0.375,3.4,17919,0,0,5,74,True,4.38,3.97,3,4
P0178,Vinod Pandey,Indian,Male,18-22,Undergraduate student,Brunel University London,MSc / MA / MEng,PG Year 2,Graphic Design,Moderate,A_no_explanation,2026-08-04 13:15:32,47.7,No,0,3.3,4.2,0.8,0.7,0.625,2.9,12221,1,1,1,70,True,5.39,4.61,1,5
P0179,Kwame Asante,Other,Male,33-40,Student & part-time worker,University of Dhaka,MSc / MA / MEng,PhD Year 3,Information Technology,Moderate,B_surface,2026-08-03 12:26:02,62.2,No,2,4.5,3.7,0.4,0.5,0.156,2.7,17665,2,2,4,80,True,5.2,3.5,4,4
P0180,Shahidul Islam,Bangladeshi,Male,23-27,Undergraduate student,Goldsmiths University of London,MSc / MA / MEng,Year 2,Software Engineering,High,A_no_explanation,2026-08-06 14:15:38,54.4,Somewhat — thought it was about AI accuracy,3,3.2,4.1,0.7,0.6,-0.264,3.0,14674,1,1,2,74,True,3.46,3.93,2,3
P0181,Mahmudul Hasan,Bangladeshi,Male,28-32,Postgraduate student (MSc),University of East London,PhD / MPhil,PhD Year 1,International Business,None,B_surface,2026-08-08 10:28:12,50.5,No,3,3.2,4.3,0.6,0.5,-0.111,3.3,14744,1,1,3,61,True,3.13,5.6,4,4
P0182,Nurul Huda,Bangladeshi,Male,18-22,Undergraduate student,Kingston University London,MSc / MA / MEng,Year 3,Information Technology,High,B_surface,2026-08-09 10:37:30,48.5,No,1,3.0,2.4,0.6,0.3,-0.488,3.0,15379,0,0,4,54,False,4.45,7.0,3,3
P0183,Nasima Begum,Bangladeshi,Female,18-22,Graduate (recent),University of Dhaka,Prefer not to say,Year 2,Digital Marketing,Moderate,C_counterfactual,2026-08-04 16:24:30,44.6,No,1,3.4,1.6,0.6,0.7,-0.218,3.4,18217,2,2,2,67,True,4.09,4.82,5,3
P0184,Bilal Ahmed,Pakistani,Male,18-22,Postgraduate student (MSc),University of Surrey,MSc / MA / MEng,Year 2,Graphic Design,High,A_no_explanation,2026-08-02 15:01:31,71.5,No,2,2.6,3.7,0.6,0.3,0.604,2.9,14595,0,0,4,65,True,4.59,3.09,3,2
P0185,Maria Garcia,Other,Female,23-27,Graduate (recent),University of Hertfordshire,HND / Foundation,Completed,Finance & Accounting,Moderate,B_surface,2026-08-06 11:24:46,72.9,No,1,3.9,3.1,0.4,0.3,0.134,2.8,19664,1,1,5,68,True,5.83,4.09,2,4
P0186,Sadia Islam,Bangladeshi,Female,33-40,Postgraduate student (MSc),BUET,BSc / BEng / BA,PhD Year 1,Health Informatics,Moderate,C_counterfactual,2026-08-04 09:33:29,57.3,No,0,1.9,3.7,0.6,0.5,0.143,3.1,17518,1,1,3,64,True,4.09,5.03,4,2
P0187,Azizul Haque,Bangladeshi,Male,23-27,Postgraduate student (MSc),BRAC University,MSc / MA / MEng,Year 1,Computer Science,Moderate,C_counterfactual,2026-08-03 10:18:15,53.9,No,1,2.2,5.0,0.4,0.7,-0.058,2.9,21241,3,3,3,70,True,5.22,5.3,5,5
P0188,Fariha Islam,Bangladeshi,Female,23-27,Postgraduate student (MSc),Daffodil International University,PhD / MPhil,Year 4,Digital Marketing,High,B_surface,2026-08-07 15:20:17,50.1,No,0,3.0,4.0,0.6,0.7,0.408,2.8,16813,2,2,2,64,True,4.19,5.1,2,4
P0189,Sofia Rossi,Other,Female,23-27,Undergraduate student,University of Surrey,MBA,PG Year 1,Information Technology,Moderate,B_surface,2026-08-07 13:55:47,42.9,No,3,4.8,3.3,0.6,0.7,0.094,3.1,16676,2,2,2,86,False,4.18,5.51,1,4
P0190,Emma Campbell,British,Non-binary,28-32,Postgraduate student (MSc),University of Reading,BSc / BEng / BA,PhD Year 3,Business & Management,High,B_surface,2026-08-11 16:01:22,44.6,No,3,3.2,2.7,0.6,0.5,0.267,3.2,17519,1,1,3,63,True,3.15,5.04,4,3
P0191,Ming Liu,Chinese,Male,33-40,Undergraduate student,Oxford Brookes University,MSc / MA / MEng,PG Year 1,Data Science & AI,Low,B_surface,2026-08-06 16:55:33,48.4,No,2,4.0,4.4,0.5,0.6,-0.327,3.2,18126,2,2,3,100,False,4.94,5.04,4,4
P0192,Alauddin Ahmed,Bangladeshi,Male,18-22,Undergraduate student,Coventry University,BSc / BEng / BA,PhD Year 1,Business & Management,Low,C_counterfactual,2026-08-16 10:33:07,49.3,Yes — I thought it was about trust in AI,0,1.3,2.1,0.8,0.9,-0.111,3.7,17670,2,2,0,66,True,2.92,6.85,4,2
P0193,Milon Hossain,Bangladeshi,Male,33-40,Undergraduate student,Brunel University London,BSc / BEng / BA,Year 1,Digital Marketing,High,B_surface,2026-08-03 16:23:51,52.9,Somewhat — thought it was about usability,1,3.4,3.1,0.6,0.5,0.688,2.8,17340,1,1,3,70,True,5.03,4.96,2,5
P0194,Poly Akter,Bangladeshi,Female,28-32,Undergraduate student,University of Reading,BSc / BEng / BA,Year 4,Business & Management,High,A_no_explanation,2026-08-12 11:37:04,47.8,Yes — I thought it was about trust in AI,1,3.2,2.8,0.7,1.0,0.0,3.2,15403,3,3,0,62,True,4.51,3.61,2,3
P0195,Amirah Hamdan,Malaysian,Female,33-40,Postgraduate student (MSc),Brunel University London,MSc / MA / MEng,Year 1,Psychology,Moderate,C_counterfactual,2026-08-05 15:10:29,60.8,No,2,3.1,4.0,0.5,0.6,0.383,3.3,19545,2,2,3,83,False,3.64,7.0,5,3
P0196,Salman Hossain,Bangladeshi,Male,23-27,Postgraduate student (MSc),North South University,MSc / MA / MEng,Year 2,Graphic Design,None,B_surface,2026-08-13 13:51:07,43.7,No,0,2.7,3.4,0.4,0.5,-0.111,3.3,17974,2,2,4,58,False,4.72,3.28,3,3
P0197,Sabbir Rahman,Bangladeshi,Male,18-22,Undergraduate student,Kingston University London,BSc / BEng / BA,Year 1,Business & Management,Moderate,A_no_explanation,2026-08-02 10:51:26,61.8,No,1,2.1,2.7,0.6,0.5,0.143,3.1,15416,1,1,3,66,True,4.67,2.93,2,2
P0198,Mehedi Hasan,Bangladeshi,Male,23-27,Postgraduate student (MSc),Brunel University London,MSc / MA / MEng,PhD Year 2,International Business,Moderate,A_no_explanation,2026-08-02 13:00:15,48.6,No,2,2.6,2.8,0.6,0.7,-0.488,3.0,15837,2,2,2,47,False,4.37,2.58,1,4
P0199,Bushra Islam,Bangladeshi,Female,33-40,Undergraduate student,University of East London,MBA,PG Year 2,Information Technology,Moderate,A_no_explanation,2026-08-02 11:03:16,58.7,No,1,1.0,4.0,0.5,0.2,-0.663,2.8,18346,0,0,5,61,True,6.17,2.96,2,3
P0200,Rima Akter,Bangladeshi,Female,18-22,Postgraduate student (MSc),University of Bedfordshire,PhD / MPhil,Year 1,International Business,Moderate,C_counterfactual,2026-08-02 10:33:17,54.7,No,3,2.4,4.7,0.5,0.6,0.344,3.1,19123,2,2,3,91,False,4.51,6.1,5,3
P0201,Momtaz Begum,Bangladeshi,Female,18-22,Graduate (recent),North South University,Not a student,PG Year 1,Graphic Design,Moderate,A_no_explanation,2026-08-03 12:05:16,58.6,Somewhat — thought it was about AI accuracy,2,1.8,2.4,0.5,0.8,0.645,3.0,16365,3,3,2,74,True,3.62,2.62,3,4
P0202,Asad Mirza,Pakistani,Male,18-22,Undergraduate student,"University for the Creative Arts, Farnham",MSc / MA / MEng,PG Year 1,Business & Management,Moderate,A_no_explanation,2026-08-03 10:59:58,55.0,Somewhat — thought it was about usability,0,4.0,2.7,0.4,0.7,0.0,3.0,14708,3,3,3,73,True,3.62,4.01,3,3
P0203,Monir Hossain,Bangladeshi,Male,41-50,Graduate (recent),Oxford Brookes University,BSc / BEng / BA,Year 2,Business & Management,Low,C_counterfactual,2026-08-03 09:13:45,49.7,No,3,2.0,3.7,0.7,0.4,0.068,3.2,17508,0,0,3,86,False,2.75,6.77,4,3
P0204,Faruk Hossain,Bangladeshi,Male,23-27,Undergraduate student,University of Surrey,PhD / MPhil,Year 3,Health Informatics,None,B_surface,2026-08-04 15:07:57,34.9,Somewhat — thought it was about usability,2,3.5,3.7,0.8,0.7,-0.122,2.9,14647,1,1,1,58,False,2.88,3.88,1,2
P0205,Rumaisa Akter,Bangladeshi,Female,23-27,Postgraduate student (MSc),University of Bedfordshire,Prefer not to say,Year 2,Psychology,High,C_counterfactual,2026-08-03 14:35:42,51.2,No,1,3.9,4.3,0.6,0.5,0.333,3.2,20000,1,1,3,72,True,3.02,4.34,5,2
P0206,Uchenna Nnaji,Nigerian,Non-binary,41-50,Student & part-time worker,Kingston University London,MSc / MA / MEng,PG Year 2,Health Informatics,Moderate,B_surface,2026-08-07 09:22:56,65.6,No,1,2.4,2.8,0.6,0.7,-0.356,2.8,17128,2,2,2,88,False,3.97,4.53,2,3
P0207,Hassan Ali,Pakistani,Male,28-32,Undergraduate student,Brunel University London,Prefer not to say,Year 1,Business & Management,High,C_counterfactual,2026-08-02 14:53:32,50.2,Yes — I thought it was about trust in AI,1,2.1,4.2,0.7,0.4,-0.089,3.6,17875,0,0,3,82,False,3.69,5.55,5,4
P0208,Monwar Hossain,Bangladeshi,Male,23-27,Student & part-time worker,University of Dhaka,Prefer not to say,PhD Year 1,International Business,Moderate,B_surface,2026-08-11 09:59:57,61.2,No,0,3.0,3.5,0.5,0.6,-0.042,3.2,14878,2,2,3,72,True,5.14,4.7,1,4
P0209,Hamza Iqbal,Pakistani,Male,18-22,Student & part-time worker,University of Reading,PhD / MPhil,PhD Year 2,Information Technology,Moderate,A_no_explanation,2026-08-05 11:41:41,43.4,Unsure,3,3.9,3.4,0.7,0.6,0.147,2.9,12352,1,1,2,61,True,4.49,5.38,4,3
P0210,Hao Tang,Chinese,Male,18-22,Undergraduate student,North South University,BSc / BEng / BA,PhD Year 2,Business & Management,Moderate,A_no_explanation,2026-08-02 14:03:18,34.6,Somewhat — thought it was about AI accuracy,1,3.2,4.0,0.6,0.5,-0.143,2.9,15091,1,1,3,81,False,5.53,3.1,2,2
P0211,Zoe Thompson,British,Female,23-27,Undergraduate student,University of Bedfordshire,MSc / MA / MEng,PG Year 1,Education Technology,Moderate,B_surface,2026-08-06 10:10:41,42.6,No,1,2.9,3.2,0.7,1.0,0.0,2.7,15407,3,3,0,60,True,5.07,4.15,3,3
P0212,Poppy Baker,British,Female,28-32,Undergraduate student,Anglia Ruskin University,Not a student,PhD Year 1,Business & Management,Low,A_no_explanation,2026-08-04 10:17:13,55.4,No,1,5.0,3.3,0.8,0.9,-0.167,2.6,13909,2,2,0,52,False,4.34,3.33,2,2
P0213,Raihan Islam,Bangladeshi,Male,18-22,Postgraduate student (MSc),University of Reading,PhD / MPhil,PhD Year 2,Media & Communication,Low,B_surface,2026-08-09 09:18:39,49.5,No,0,3.3,2.3,0.7,0.8,0.167,3.2,14572,2,2,1,90,False,3.63,5.67,3,4
P0214,Anik Hossain,Bangladeshi,Male,23-27,Postgraduate student (MSc),"University for the Creative Arts, Farnham",MSc / MA / MEng,Year 4,Information Technology,Low,C_counterfactual,2026-08-15 09:30:59,45.6,No,1,3.0,2.9,0.6,0.5,0.267,3.2,18847,1,1,3,95,False,3.89,5.01,5,2
P0215,Nargis Akter,Bangladeshi,Female,23-27,Postgraduate student (MSc),Oxford Brookes University,MSc / MA / MEng,Completed,Human-Computer Interaction,Moderate,A_no_explanation,2026-08-02 11:04:56,41.5,No,2,3.8,3.7,0.8,0.5,0.0,3.4,14262,0,0,2,48,False,4.02,4.56,3,3
P0216,Roksana Akter,Bangladeshi,Female,23-27,Undergraduate student,Goldsmiths University of London,BSc / BEng / BA,Year 3,Information Technology,High,B_surface,2026-08-13 15:10:35,52.8,No,0,3.5,2.9,0.4,0.3,0.282,3.0,17401,1,1,5,58,False,4.58,5.01,2,3
P0217,Ayasha Siddika,Bangladeshi,Female,28-32,Postgraduate student (MSc),University of Surrey,MSc / MA / MEng,Year 4,Education Technology,Moderate,A_no_explanation,2026-08-14 15:37:34,60.0,No,2,3.9,4.0,0.6,0.7,0.327,2.9,14622,2,2,2,49,False,5.07,3.8,1,2
P0218,Moni Akter,Bangladeshi,Female,18-22,PhD researcher,Goldsmiths University of London,BSc / BEng / BA,PhD Year 3,Media & Communication,Low,C_counterfactual,2026-08-13 11:31:52,60.3,No,1,1.6,3.6,0.6,0.5,0.143,3.1,18980,1,1,3,81,False,3.3,4.67,4,4
P0219,Riadul Islam,Bangladeshi,Male,28-32,Undergraduate student,University of Reading,BSc / BEng / BA,Year 2,Digital Marketing,Moderate,A_no_explanation,2026-08-07 09:34:22,52.5,No,1,3.0,2.1,0.5,0.6,0.356,2.7,16422,2,2,3,82,False,4.03,4.43,3,3
P0220,Mahbub Alam,Bangladeshi,Male,23-27,Postgraduate student (MSc),Middlesex University,PhD / MPhil,Year 4,Education Technology,Moderate,A_no_explanation,2026-08-05 11:34:25,60.9,Unsure,0,3.8,2.9,0.6,0.7,-0.066,2.6,11629,2,2,2,66,True,5.16,3.08,3,4
P0221,Rafat Hossain,Bangladeshi,Male,51+,Undergraduate student,University of Reading,Prefer not to say,Year 3,Business & Management,High,C_counterfactual,2026-08-05 14:05:15,46.1,No,1,2.4,2.6,0.3,0.4,0.0,3.0,20647,2,2,5,92,False,3.88,5.15,5,3
P0222,Ping Guo,Chinese,Female,18-22,Undergraduate student,University of Bedfordshire,BSc / BEng / BA,PhD Year 1,Business & Management,Moderate,A_no_explanation,2026-08-02 09:00:26,45.5,No,2,3.8,4.1,0.6,0.7,0.312,2.8,14058,2,2,2,65,True,4.5,3.85,1,2
P0223,Sunil Bose,Indian,Male,18-22,Undergraduate student,Daffodil International University,Prefer not to say,PhD Year 2,Health Informatics,Moderate,C_counterfactual,2026-08-02 13:35:05,64.7,No,2,3.5,5.0,0.7,1.0,0.0,3.7,18196,3,3,0,62,True,3.97,5.33,3,2
P0224,Sanjay Mehta,Indian,Male,28-32,Working professional,BRAC University,Prefer not to say,PhD Year 1,Graphic Design,Moderate,C_counterfactual,2026-08-02 14:43:39,49.3,No,2,3.5,4.1,0.4,0.7,0.066,3.4,19341,3,3,3,72,True,3.99,4.01,5,2
P0225,Aminul Islam,Bangladeshi,Male,23-27,Undergraduate student,Oxford Brookes University,Prefer not to say,Year 2,Cybersecurity,None,B_surface,2026-08-07 10:10:15,55.2,Unsure,3,2.1,4.1,0.4,0.5,0.429,3.1,17703,2,2,4,57,False,4.65,5.54,3,4
P0226,Arafat Hossain,Bangladeshi,Male,18-22,Graduate (recent),University of Dhaka,BSc / BEng / BA,PG Year 1,Data Science & AI,None,B_surface,2026-08-12 10:35:12,58.7,Somewhat — thought it was about AI accuracy,0,1.9,4.4,0.8,0.9,-0.364,3.3,13566,2,2,0,70,True,4.35,5.67,3,2
P0227,Sabrina Islam,Bangladeshi,Female,23-27,Undergraduate student,Kingston University London,BSc / BEng / BA,Year 2,Psychology,Low,B_surface,2026-08-07 15:48:21,42.9,No,0,2.1,3.0,0.7,0.6,0.102,3.6,15000,1,1,2,83,False,5.05,4.7,3,4
P0228,Ashok Mishra,Indian,Male,23-27,Student & part-time worker,Daffodil International University,PhD / MPhil,Year 2,Computer Science,Low,B_surface,2026-08-03 13:17:41,50.6,No,2,2.4,3.9,0.7,0.8,-0.764,3.3,15025,2,2,1,72,True,3.52,6.36,2,4
P0229,Amelia King,British,Female,18-22,Undergraduate student,BRAC University,HND / Foundation,PhD Year 1,Data Science & AI,Low,C_counterfactual,2026-08-11 10:29:05,40.0,No,1,3.5,2.8,0.4,0.5,0.1,3.3,20551,2,2,4,66,True,4.1,5.98,4,3
P0230,Liton Hossain,Bangladeshi,Male,18-22,Undergraduate student,University of Surrey,PhD / MPhil,Year 1,International Business,High,B_surface,2026-08-10 09:22:04,48.0,Somewhat — thought it was about AI accuracy,1,2.7,1.7,0.5,0.6,0.117,3.1,17644,2,2,3,43,False,4.43,5.48,2,4
P0231,Divya Pillai,Indian,Non-binary,28-32,Working professional,University of Dhaka,MSc / MA / MEng,PG Year 2,Computer Science,High,A_no_explanation,2026-08-06 10:36:55,44.3,No,3,2.5,2.3,0.6,0.5,-0.361,3.1,16122,1,1,3,58,False,4.89,5.18,1,2
P0232,Samia Islam,Bangladeshi,Female,23-27,Postgraduate student (MSc),University of Westminster,MSc / MA / MEng,PhD Year 3,Media & Communication,None,B_surface,2026-08-05 15:49:15,46.7,No,0,1.0,3.3,0.5,0.6,-0.047,3.2,16529,2,2,3,72,True,4.46,5.03,3,3
P0233,Marium Akter,Bangladeshi,Female,23-27,Graduate (recent),Middlesex University,MSc / MA / MEng,PhD Year 1,Business & Management,Moderate,C_counterfactual,2026-08-05 14:55:44,66.0,No,0,1.8,3.0,0.4,0.5,-0.2,3.5,22080,2,2,4,98,False,2.73,5.88,5,4
P0234,Logan Garcia,British,Male,23-27,Undergraduate student,University of Bedfordshire,PhD / MPhil,PG Year 1,International Business,None,C_counterfactual,2026-08-02 10:43:51,55.4,Yes — I thought it was about trust in AI,3,3.0,3.5,0.6,0.7,-0.066,3.6,17645,2,2,2,54,False,4.58,4.31,5,3
P0235,Suchona Akter,Bangladeshi,Female,18-22,Graduate (recent),University of Dhaka,BSc / BEng / BA,Completed,Psychology,High,A_no_explanation,2026-08-04 12:11:31,58.9,No,1,1.3,2.3,0.6,0.5,0.316,3.0,13731,1,1,3,69,True,5.2,3.63,2,3
P0236,Shamim Hossain,Bangladeshi,Male,23-27,Working professional,Daffodil International University,BSc / BEng / BA,PG Year 2,Psychology,Low,A_no_explanation,2026-08-09 15:07:08,60.2,Somewhat — thought it was about usability,3,2.9,2.7,0.7,0.8,-0.055,3.4,14768,2,2,1,66,True,5.65,3.53,3,4
P0237,Farida Akter,Bangladeshi,Female,33-40,Undergraduate student,Kingston University London,Prefer not to say,Completed,Information Technology,Low,C_counterfactual,2026-08-06 09:52:24,41.4,No,2,3.0,3.7,0.4,0.5,0.53,3.1,19593,2,2,4,66,True,3.58,5.64,4,4
P0238,Mily Akter,Bangladeshi,Female,18-22,Working professional,Anglia Ruskin University,MSc / MA / MEng,Completed,Health Informatics,Moderate,C_counterfactual,2026-08-02 10:44:31,55.0,Unsure,1,4.8,3.7,0.3,0.6,-0.748,3.2,19788,3,3,4,80,True,3.54,5.34,4,4
P0239,Raisul Islam,Bangladeshi,Male,28-32,Graduate (recent),Kingston University London,Not a student,Year 1,Digital Marketing,Low,A_no_explanation,2026-08-03 13:42:36,57.6,No,0,2.5,4.2,0.9,0.6,0.175,2.9,14274,0,0,1,47,False,5.1,3.54,2,3
P0240,Ritu Gupta,Indian,Female,23-27,Postgraduate student (MSc),"University for the Creative Arts, Farnham",BSc / BEng / BA,PG Year 1,Graphic Design,Low,C_counterfactual,2026-08-03 12:32:22,54.0,No,1,4.5,3.1,0.8,0.9,-0.111,3.7,15455,2,2,0,100,False,4.93,5.31,2,2
P0241,Charlotte Carter,British,Female,23-27,Academic / lecturer,Daffodil International University,MSc / MA / MEng,PG Year 1,Data Science & AI,None,B_surface,2026-08-11 10:47:43,54.8,No,3,4.2,2.7,0.4,0.3,-0.218,2.8,17529,1,1,5,67,True,3.26,4.09,3,4
P0242,Toufiqul Islam,Bangladeshi,Male,18-22,Student & part-time worker,Coventry University,MSc / MA / MEng,PhD Year 3,Graphic Design,Low,C_counterfactual,2026-08-09 16:01:41,53.5,No,2,3.0,3.4,0.4,0.7,0.307,3.3,20246,3,3,3,87,False,4.78,4.68,2,4
P0243,Asma Mirza,Pakistani,Female,41-50,Postgraduate student (MSc),Anglia Ruskin University,HND / Foundation,Year 3,Information Technology,Low,C_counterfactual,2026-08-07 11:15:07,53.2,No,1,2.6,4.1,0.9,0.8,0.115,3.2,15982,1,1,0,63,True,3.46,5.16,3,2
P0244,Ava Jackson,British,Female,33-40,Student & part-time worker,"University for the Creative Arts, Farnham",PhD / MPhil,Year 3,Media & Communication,Low,A_no_explanation,2026-08-05 13:56:15,59.3,No,2,2.6,3.5,0.8,0.9,0.062,3.1,14124,2,2,0,73,True,5.03,3.53,3,4
P0245,Samuel Lewis,British,Male,23-27,Postgraduate student (MSc),University of Reading,Prefer not to say,Year 2,Education Technology,Moderate,C_counterfactual,2026-08-11 11:38:43,58.4,Somewhat — thought it was about AI accuracy,2,2.2,2.6,0.4,0.5,0.143,3.1,19957,2,2,4,65,True,2.92,4.22,4,2
P0246,Salsabil Hossain,Bangladeshi,Female,18-22,Graduate (recent),Middlesex University,Not a student,PhD Year 3,Finance & Accounting,High,A_no_explanation,2026-08-09 16:43:36,45.8,Somewhat — thought it was about usability,0,2.4,4.3,0.7,0.4,-0.272,3.2,14688,0,0,3,57,False,5.33,4.18,3,2
P0247,Mithila Rahman,Bangladeshi,Female,28-32,Postgraduate student (MBA),University of Hertfordshire,BSc / BEng / BA,Year 3,Graphic Design,None,C_counterfactual,2026-08-05 10:19:47,46.7,Somewhat — thought it was about usability,2,3.1,3.3,0.6,0.7,-0.375,3.3,20245,2,2,2,61,True,3.62,3.88,5,3
P0248,Adnan Siddiqui,Pakistani,Male,18-22,Postgraduate student (MSc),Goldsmiths University of London,MSc / MA / MEng,Year 3,Finance & Accounting,Low,A_no_explanation,2026-08-06 15:00:01,54.7,No,1,4.2,1.8,0.5,0.6,0.117,2.9,16643,2,2,3,70,True,3.29,3.87,2,3
P0249,Sadia Hossain,Bangladeshi,Female,18-22,Undergraduate student,North South University,Prefer not to say,Year 2,Graphic Design,Moderate,A_no_explanation,2026-08-08 12:58:47,50.4,No,3,1.6,2.6,0.4,0.5,0.361,2.9,19261,2,2,4,73,True,4.37,3.94,1,3
P0250,Efua Boateng,Other,Female,18-22,Postgraduate student (MSc),University of Westminster,MBA,PhD Year 3,Cybersecurity,Moderate,A_no_explanation,2026-08-03 10:45:29,50.6,Somewhat — thought it was about usability,1,3.0,3.3,0.8,0.5,0.1,3.3,13431,0,0,2,54,False,3.67,3.14,3,3
P0251,Asif Iqbal,Bangladeshi,Male,18-22,Postgraduate student (MBA),University of Bedfordshire,MSc / MA / MEng,PG Year 2,Media & Communication,Moderate,B_surface,2026-08-02 16:06:15,43.9,No,3,3.6,3.7,0.3,0.6,-0.218,2.8,16634,3,3,4,66,True,2.87,6.05,3,4
P0252,Hasibul Hasan,Bangladeshi,Male,18-22,Undergraduate student,University of Dhaka,HND / Foundation,PhD Year 3,Health Informatics,High,B_surface,2026-08-02 14:48:10,59.5,No,2,2.4,3.4,0.7,0.6,0.344,3.1,16501,1,1,2,64,True,4.08,5.56,3,2
P0253,Swati Joshi,Indian,Female,23-27,PhD researcher,"University for the Creative Arts, Farnham",MSc / MA / MEng,Year 4,Information Technology,Moderate,A_no_explanation,2026-08-11 16:32:59,66.7,No,1,2.7,2.8,0.7,0.4,-0.531,3.1,12436,0,0,3,67,True,3.7,4.49,1,4
P0254,Dinesh Nair,Indian,Male,23-27,Student & part-time worker,University of Surrey,BSc / BEng / BA,Year 3,Graphic Design,High,C_counterfactual,2026-08-11 14:07:04,41.3,No,1,2.0,2.7,0.7,0.6,0.167,3.6,17010,1,1,2,62,True,2.63,4.62,4,1
P0255,Hong Ma,Chinese,Female,23-27,Postgraduate student (MBA),University of Dhaka,Not a student,Year 3,Cybersecurity,High,B_surface,2026-08-08 10:00:39,44.1,Somewhat — thought it was about AI accuracy,3,2.9,3.8,0.3,0.4,-0.408,2.8,19250,2,2,5,75,True,3.71,3.87,4,4
P0256,Faisal Ahmed,Bangladeshi,Male,18-22,Undergraduate student,University of Surrey,BSc / BEng / BA,Year 2,Finance & Accounting,Low,A_no_explanation,2026-08-03 15:19:09,45.2,No,0,2.1,3.3,0.8,0.7,0.218,2.9,12861,1,1,1,51,False,4.36,3.22,2,3
P0257,Maisha Akter,Bangladeshi,Female,41-50,Undergraduate student,University of Hertfordshire,BSc / BEng / BA,PhD Year 3,International Business,Low,A_no_explanation,2026-08-02 13:16:01,59.1,No,2,3.2,2.0,0.8,0.5,0.186,3.1,13530,0,0,2,55,False,4.87,4.45,2,4
P0258,Saad Anwar,Pakistani,Male,23-27,Undergraduate student,University of Hertfordshire,Prefer not to say,PG Year 1,Human-Computer Interaction,None,B_surface,2026-08-06 14:38:18,54.1,Somewhat — thought it was about AI accuracy,2,3.0,3.5,0.9,0.6,0.152,3.2,12376,0,0,1,63,True,5.73,3.17,2,4
P0259,Rafiqul Islam,Bangladeshi,Male,28-32,Postgraduate student (MSc),BRAC University,BSc / BEng / BA,Year 3,Finance & Accounting,Low,B_surface,2026-08-05 10:24:40,54.7,No,1,2.8,2.8,0.4,0.5,0.603,3.4,18288,2,2,4,61,True,5.31,4.9,1,5
P0260,Laila Chaudhry,Pakistani,Female,28-32,Undergraduate student,University of Bedfordshire,BSc / BEng / BA,PhD Year 2,Health Informatics,Low,A_no_explanation,2026-08-08 09:28:37,62.6,Somewhat — thought it was about usability,2,2.2,2.0,0.9,0.6,-0.609,2.5,11144,0,0,1,53,False,5.03,5.29,3,2
P0261,Nicholas Allen,British,Male,23-27,Undergraduate student,London Metropolitan University,MSc / MA / MEng,Year 3,Data Science & AI,None,C_counterfactual,2026-08-09 10:06:14,62.3,No,2,2.6,2.3,0.3,0.6,0.583,3.2,20007,3,3,4,70,True,3.38,7.0,5,4
P0262,Aisha Hassan,Other,Female,28-32,Student & part-time worker,"University for the Creative Arts, Farnham",BSc / BEng / BA,PG Year 1,Business & Management,None,B_surface,2026-08-05 12:28:51,65.1,No,1,2.1,1.7,0.6,0.9,0.0,3.0,16404,3,3,1,76,True,4.33,4.3,2,3
P0263,Shahidur Rahman,Bangladeshi,Male,23-27,Postgraduate student (MSc),Brunel University London,MSc / MA / MEng,Year 4,Media & Communication,Moderate,C_counterfactual,2026-08-13 10:54:24,57.9,No,2,3.6,4.7,0.6,0.5,-0.25,3.6,19174,1,1,3,77,True,4.28,5.19,3,2
P0264,Bo Yang,Chinese,Male,23-27,Academic / lecturer,University of Surrey,BSc / BEng / BA,Year 3,Business & Management,Moderate,B_surface,2026-08-10 11:28:49,50.2,Somewhat — thought it was about usability,2,2.4,3.4,0.8,0.7,0.094,3.1,15037,1,1,1,78,True,4.59,2.61,4,1
P0265,Mahfuza Akter,Bangladeshi,Female,23-27,Postgraduate student (MSc),University of Surrey,BSc / BEng / BA,PhD Year 2,Cybersecurity,Low,B_surface,2026-08-03 14:46:53,41.2,Unsure,0,3.8,4.3,0.8,0.7,0.284,2.9,14368,1,1,1,80,True,4.8,3.14,3,4
P0266,Anika Tasnim,Bangladeshi,Female,33-40,Graduate (recent),Coventry University,BSc / BEng / BA,Completed,Psychology,Moderate,B_surface,2026-08-02 11:16:28,62.3,No,3,3.7,2.3,0.6,0.5,0.287,2.9,14931,1,1,3,89,False,4.57,3.83,4,2
P0267,Rubel Hossain,Bangladeshi,Male,28-32,Undergraduate student,London Metropolitan University,MSc / MA / MEng,Completed,Health Informatics,High,A_no_explanation,2026-08-14 16:26:30,35.7,Somewhat — thought it was about usability,2,2.3,3.6,0.5,0.6,0.531,3.1,15609,2,2,3,77,True,4.12,4.62,2,5
P0268,Parvez Ahmed,Bangladeshi,Male,18-22,Graduate (recent),University of East London,Prefer not to say,Year 4,Computer Science,Moderate,A_no_explanation,2026-08-12 11:55:20,51.3,No,1,2.6,1.8,0.6,0.7,-0.079,2.9,17370,2,2,2,70,True,4.01,4.09,4,4
P0269,Zahir Uddin,Bangladeshi,Male,28-32,Undergraduate student,University of East London,BSc / BEng / BA,Year 2,Software Engineering,Low,B_surface,2026-08-07 10:06:39,62.1,No,3,2.6,3.3,0.7,0.8,-0.071,2.9,14080,2,2,1,59,False,4.54,4.72,4,4
P0270,Liza Akter,Bangladeshi,Female,23-27,Postgraduate student (MSc),University of Dhaka,Not a student,Completed,Cybersecurity,Low,B_surface,2026-08-05 15:01:13,44.5,No,1,3.9,3.7,0.8,0.5,0.0,3.4,15212,0,0,2,60,True,5.7,6.15,3,3
P0271,Rabia Hussain,Pakistani,Female,23-27,Postgraduate student (MSc),Middlesex University,BSc / BEng / BA,PG Year 1,Data Science & AI,Low,B_surface,2026-08-03 11:44:18,59.6,No,0,4.0,3.1,0.6,0.5,-0.218,3.4,18244,1,1,3,72,True,4.83,3.75,3,3
P0272,Madison Clark,British,Female,41-50,Postgraduate student (MSc),University of Reading,BSc / BEng / BA,Year 3,Media & Communication,Moderate,B_surface,2026-08-07 13:14:55,43.9,Unsure,0,1.0,3.3,0.7,0.6,-0.357,3.4,15510,1,1,2,80,True,3.73,4.93,2,3
P0273,Monira Begum,Bangladeshi,Female,18-22,Student & part-time worker,London Metropolitan University,MSc / MA / MEng,Year 1,Digital Marketing,Low,A_no_explanation,2026-08-14 12:10:51,51.5,No,1,3.1,3.3,0.7,0.6,-0.123,3.4,13231,1,1,2,59,False,4.84,3.62,3,3
P0274,Natalie Lewis,British,Female,28-32,Postgraduate student (MBA),University of Westminster,PhD / MPhil,Year 2,Graphic Design,High,A_no_explanation,2026-08-03 10:14:24,52.9,No,2,3.7,2.1,0.7,0.4,-0.042,2.8,14591,0,0,3,52,False,3.83,3.73,1,3
P0275,Tousif Ahmed,Bangladeshi,Male,23-27,Undergraduate student,Oxford Brookes University,PhD / MPhil,Year 4,Computer Science,Moderate,A_no_explanation,2026-08-04 10:38:21,45.3,Somewhat — thought it was about AI accuracy,2,3.8,4.3,0.6,0.5,0.12,2.9,15799,1,1,3,76,True,4.85,4.68,1,2
P0276,Nadia Akter,Bangladeshi,Female,23-27,Graduate (recent),"University for the Creative Arts, Farnham",MSc / MA / MEng,PhD Year 2,Information Technology,Moderate,A_no_explanation,2026-08-05 15:25:13,62.1,No,1,3.7,4.2,0.8,0.7,0.0,3.0,12232,1,1,1,43,False,4.4,4.04,3,3
P0277,Redwan Islam,Bangladeshi,Male,23-27,Postgraduate student (MSc),"University for the Creative Arts, Farnham",HND / Foundation,PG Year 1,Software Engineering,Moderate,C_counterfactual,2026-08-05 16:35:19,55.3,No,1,4.7,3.1,0.5,0.2,0.2,3.2,20415,0,0,5,80,True,4.43,4.71,3,4
P0278,Seun Akinwale,Nigerian,Male,23-27,Postgraduate student (MSc),University of Hertfordshire,MSc / MA / MEng,PhD Year 1,Computer Science,Low,A_no_explanation,2026-08-05 15:34:24,41.3,No,2,3.8,3.7,0.3,0.4,0.609,2.5,18394,2,2,5,72,True,4.53,4.92,4,4
P0279,Rezaul Karim,Bangladeshi,Male,18-22,Working professional,University of Reading,Prefer not to say,PhD Year 1,Graphic Design,High,C_counterfactual,2026-08-04 11:22:55,56.0,Somewhat — thought it was about AI accuracy,0,1.1,4.3,0.4,0.7,0.429,3.3,20042,3,3,3,68,True,4.32,5.84,3,3
P0280,Toyin Adebayo,Nigerian,Female,23-27,PhD researcher,Goldsmiths University of London,MBA,PhD Year 2,Cybersecurity,Moderate,B_surface,2026-08-08 14:15:11,44.3,Somewhat — thought it was about usability,0,2.4,3.6,0.8,0.5,0.0,3.4,15380,0,0,2,68,True,5.15,3.6,2,4
P0281,Mamun Hossain,Bangladeshi,Male,18-22,Postgraduate student (MSc),Middlesex University,MSc / MA / MEng,PG Year 2,Finance & Accounting,High,B_surface,2026-08-12 15:19:02,58.8,Somewhat — thought it was about usability,2,1.0,2.8,0.6,0.7,-0.094,2.9,15241,2,2,2,46,False,4.9,4.3,3,3
P0282,Abul Hossain,Bangladeshi,Male,28-32,Undergraduate student,BUET,Prefer not to say,PhD Year 2,Finance & Accounting,Low,C_counterfactual,2026-08-13 16:52:12,63.9,Unsure,2,2.6,3.0,0.5,0.6,0.344,3.1,18082,2,2,3,80,True,3.21,4.17,5,2
P0283,Lucas Martin,British,Male,41-50,Postgraduate student (MSc),London Metropolitan University,MSc / MA / MEng,Year 1,Education Technology,Moderate,C_counterfactual,2026-08-02 11:10:54,71.2,No,2,4.7,2.2,0.6,0.7,0.257,3.4,16722,2,2,2,69,True,3.46,5.21,4,3
P0284,Mofazzal Hossain,Bangladeshi,Male,33-40,Postgraduate student (MBA),London Metropolitan University,BSc / BEng / BA,PG Year 2,Business & Management,None,A_no_explanation,2026-08-03 13:42:37,44.2,No,2,2.3,3.3,0.5,0.2,0.045,2.4,16058,0,0,5,61,True,5.51,3.56,3,3
P0285,Suraya Jaafar,Malaysian,Female,23-27,Undergraduate student,University of Westminster,BSc / BEng / BA,PhD Year 1,Media & Communication,None,A_no_explanation,2026-08-04 10:28:24,38.1,Somewhat — thought it was about AI accuracy,0,2.7,4.5,0.7,0.6,0.152,3.1,14928,1,1,2,68,True,5.19,3.73,1,3
P0286,Rahela Begum,Bangladeshi,Female,18-22,Undergraduate student,North South University,PhD / MPhil,PhD Year 2,Graphic Design,Moderate,A_no_explanation,2026-08-05 14:43:03,49.9,No,2,3.1,2.4,0.6,0.3,-0.327,3.2,14507,0,0,4,78,True,4.99,5.4,2,4
P0287,Zarif Ahmed,Bangladeshi,Male,41-50,Postgraduate student (MSc),Daffodil International University,MSc / MA / MEng,PG Year 2,Health Informatics,High,A_no_explanation,2026-08-07 16:19:47,55.0,No,1,5.0,2.7,0.8,0.5,0.318,2.9,14740,0,0,2,57,False,3.77,5.08,2,4
P0288,Sohel Rana,Bangladeshi,Male,18-22,PhD researcher,Goldsmiths University of London,MSc / MA / MEng,Year 4,Digital Marketing,Low,A_no_explanation,2026-08-13 09:51:38,50.7,No,3,2.8,3.5,0.5,0.4,0.408,2.6,15081,1,1,4,66,True,4.2,3.89,3,3
P0289,Jessica Mitchell,British,Female,23-27,Undergraduate student,University of East London,BSc / BEng / BA,PG Year 1,International Business,Moderate,B_surface,2026-08-03 15:21:35,45.7,Yes — I thought it was about trust in AI,2,3.8,2.7,0.5,0.4,0.635,3.3,15918,1,1,4,81,False,4.26,4.91,2,3
P0290,Nazmun Nahar,Bangladeshi,Female,28-32,Graduate (recent),Coventry University,BSc / BEng / BA,PG Year 1,Business & Management,High,B_surface,2026-08-03 11:53:26,60.8,No,0,3.4,2.4,0.5,0.6,-0.314,2.7,15481,2,2,3,56,False,4.18,3.32,5,1
P0291,Yeasmin Akter,Bangladeshi,Female,23-27,Undergraduate student,University of East London,Prefer not to say,PhD Year 1,Psychology,Moderate,C_counterfactual,2026-08-03 11:44:40,49.8,Somewhat — thought it was about usability,3,2.7,4.5,0.2,0.3,0.075,3.2,22846,2,2,6,75,True,3.82,5.99,3,5
P0292,Bilkis Akter,Bangladeshi,Female,23-27,Undergraduate student,Kingston University London,MSc / MA / MEng,PhD Year 2,Education Technology,High,B_surface,2026-08-04 15:56:53,57.1,No,2,2.3,3.2,0.4,0.5,0.612,2.8,16230,2,2,4,60,True,5.05,6.38,3,4
P0293,Wei Zhang,Chinese,Male,18-22,Undergraduate student,Goldsmiths University of London,MSc / MA / MEng,Year 1,Cybersecurity,Moderate,C_counterfactual,2026-08-03 15:18:51,56.2,No,1,2.6,3.0,0.7,0.6,0.612,3.2,17952,1,1,2,78,True,2.93,4.6,5,4
P0294,Nadia Iqbal,Pakistani,Prefer not to say,18-22,Academic / lecturer,University of Surrey,BSc / BEng / BA,PG Year 1,Business & Management,Low,A_no_explanation,2026-08-11 16:32:22,51.3,No,1,2.8,3.7,0.7,0.6,0.491,3.2,15373,1,1,2,62,True,5.22,4.31,1,2
P0295,Nurul Islam,Bangladeshi,Male,18-22,Postgraduate student (MBA),University of Surrey,Prefer not to say,Year 4,International Business,Low,C_counterfactual,2026-08-14 12:48:24,55.3,No,1,1.5,4.5,0.6,0.7,0.307,3.3,17065,2,2,2,59,False,4.52,5.3,2,4
P0296,Sola Adesanya,Nigerian,Female,33-40,Postgraduate student (MSc),University of Bedfordshire,BSc / BEng / BA,PhD Year 1,Education Technology,Moderate,A_no_explanation,2026-08-13 15:14:00,39.8,Somewhat — thought it was about usability,1,2.6,3.6,0.6,0.5,0.186,3.2,14238,1,1,3,69,True,4.04,4.58,3,1
P0297,Abdul Karim,Bangladeshi,Male,18-22,Postgraduate student (MSc),Brunel University London,Not a student,Completed,Digital Marketing,Moderate,A_no_explanation,2026-08-16 13:33:27,46.5,No,0,1.9,3.0,0.7,0.4,-0.0,2.5,13337,0,0,3,47,False,5.42,5.44,1,3
P0298,Sophie Walker,British,Non-binary,23-27,Graduate (recent),Daffodil International University,MSc / MA / MEng,PG Year 1,Cybersecurity,Moderate,A_no_explanation,2026-08-02 13:39:57,50.1,No,3,2.6,3.8,0.7,0.6,0.56,2.8,15614,1,1,2,81,False,5.38,3.78,2,4
P0299,Rajesh Pillai,Indian,Male,23-27,Undergraduate student,Oxford Brookes University,BSc / BEng / BA,PG Year 2,Graphic Design,Moderate,B_surface,2026-08-06 12:54:51,43.3,No,0,1.9,4.1,0.7,0.6,-0.327,3.2,13439,1,1,2,61,True,5.56,4.01,2,3
P0300,Murad Hossain,Bangladeshi,Male,23-27,Postgraduate student (MSc),Oxford Brookes University,BSc / BEng / BA,PG Year 2,Psychology,Low,B_surface,2026-08-11 11:35:37,55.0,Somewhat — thought it was about AI accuracy,1,3.1,3.8,0.8,0.7,0.218,3.2,12122,1,1,1,42,False,2.23,5.3,4,4
P0301,Mason Thompson,British,Male,23-27,Undergraduate student,University of East London,MSc / MA / MEng,PhD Year 1,Psychology,High,C_counterfactual,2026-08-02 13:22:55,35.7,No,1,2.4,2.8,0.6,0.7,-0.048,3.3,20840,2,2,2,87,False,4.44,5.05,3,3
P0302,Lakshmi Reddy,Indian,Female,28-32,Postgraduate student (MSc),University of Dhaka,BSc / BEng / BA,PhD Year 1,Software Engineering,None,B_surface,2026-08-04 09:06:15,51.3,No,1,4.7,3.6,0.6,0.7,0.307,3.3,15714,2,2,2,77,True,3.68,3.85,1,4
P0303,Jian Wu,Chinese,Male,33-40,Postgraduate student (MSc),Brunel University London,BSc / BEng / BA,PG Year 1,Psychology,Moderate,B_surface,2026-08-02 11:11:31,58.1,Somewhat — thought it was about usability,0,2.3,3.6,0.5,0.2,0.323,3.0,16589,0,0,5,82,False,4.64,4.81,4,3
P0304,Ananya Krishnan,Indian,Female,18-22,Working professional,Brunel University London,BSc / BEng / BA,Year 4,Business & Management,None,A_no_explanation,2026-08-05 16:25:30,50.7,Somewhat — thought it was about usability,3,2.5,4.2,0.5,0.6,0.134,2.4,13580,2,2,3,76,True,4.62,4.01,2,3
P0305,Tanvir Ahmed,Bangladeshi,Male,23-27,Postgraduate student (MSc),Daffodil International University,HND / Foundation,PhD Year 2,Health Informatics,Moderate,A_no_explanation,2026-08-03 10:27:32,52.2,No,2,3.6,2.7,0.3,0.4,0.041,2.7,18810,2,2,5,66,True,3.88,3.54,2,3
P0306,Ying Chen,Chinese,Non-binary,23-27,Undergraduate student,Oxford Brookes University,BSc / BEng / BA,Year 4,Cybersecurity,Moderate,B_surface,2026-08-03 11:23:01,49.1,Somewhat — thought it was about usability,3,4.6,3.3,0.6,0.5,0.0,2.8,16171,1,1,3,81,False,4.39,3.8,3,5
P0307,Jaya Chauhan,Indian,Female,41-50,Postgraduate student (MSc),Daffodil International University,Not a student,PhD Year 2,Finance & Accounting,Low,A_no_explanation,2026-08-05 15:05:06,50.6,Somewhat — thought it was about AI accuracy,2,3.3,3.7,0.5,0.4,0.123,3.4,16573,1,1,4,82,False,5.07,4.87,2,3
P0308,Kiran Reddy,Indian,Male,18-22,Postgraduate student (MSc),University of Surrey,Not a student,Year 2,Information Technology,Low,C_counterfactual,2026-08-08 10:13:25,60.2,No,1,3.2,3.5,0.6,0.5,0.224,3.0,17745,1,1,3,68,True,3.54,5.17,5,3
P0309,Ajay Chauhan,Indian,Male,28-32,Postgraduate student (MSc),Anglia Ruskin University,BSc / BEng / BA,Year 1,Education Technology,Moderate,C_counterfactual,2026-08-12 10:29:38,66.4,Somewhat — thought it was about AI accuracy,0,3.5,3.8,0.5,0.6,0.408,3.5,20525,2,2,3,99,False,4.97,4.01,3,4
P0310,Mostofa Kamal,Bangladeshi,Male,23-27,Postgraduate student (MSc),North South University,MSc / MA / MEng,PhD Year 3,Information Technology,Low,C_counterfactual,2026-08-07 12:40:33,60.9,Somewhat — thought it was about AI accuracy,2,3.1,2.6,0.5,0.4,0.047,3.2,19369,1,1,4,57,False,4.87,6.63,5,3
P0311,Lu Sun,Chinese,Female,28-32,Postgraduate student (MBA),Coventry University,Not a student,Year 1,Psychology,None,B_surface,2026-08-02 10:26:15,51.7,No,3,2.6,4.6,0.6,0.7,-0.19,3.4,15973,2,2,2,63,True,4.97,4.99,3,3
P0312,Benjamin Clark,British,Male,28-32,Graduate (recent),Daffodil International University,BSc / BEng / BA,Year 4,Data Science & AI,None,A_no_explanation,2026-08-07 12:19:57,39.6,Somewhat — thought it was about AI accuracy,0,3.8,4.8,0.8,0.7,-0.406,3.5,14004,1,1,1,71,True,5.66,4.86,2,4
P0313,Ripa Akter,Bangladeshi,Female,23-27,Academic / lecturer,BRAC University,MBA,PhD Year 3,Graphic Design,None,A_no_explanation,2026-08-06 09:06:56,52.6,No,2,2.1,3.9,0.8,0.7,0.282,3.0,14281,1,1,1,63,True,4.72,4.18,1,2
P0314,Abigail Robinson,British,Female,23-27,Undergraduate student,University of Westminster,PhD / MPhil,Year 2,Health Informatics,Low,A_no_explanation,2026-08-10 10:48:21,51.4,Unsure,3,2.8,4.3,0.7,0.6,0.098,3.1,15817,1,1,2,52,False,5.14,3.97,2,4
P0315,Anisur Rahman,Bangladeshi,Male,23-27,Working professional,BUET,Prefer not to say,Year 4,Graphic Design,Low,A_no_explanation,2026-08-14 10:29:40,42.0,Somewhat — thought it was about AI accuracy,2,1.9,2.9,0.8,0.5,0.602,2.9,11581,0,0,2,63,True,4.93,4.75,4,3
P0316,Jakir Hossain,Bangladeshi,Male,18-22,Academic / lecturer,University of Surrey,BSc / BEng / BA,PG Year 2,Software Engineering,Low,C_counterfactual,2026-08-10 13:06:41,56.5,No,3,1.2,4.5,0.6,0.5,-0.128,3.7,16834,1,1,3,83,False,3.24,5.87,4,4
P0317,Noah Anderson,British,Male,18-22,PhD researcher,North South University,Prefer not to say,PG Year 2,Education Technology,High,B_surface,2026-08-03 10:52:52,42.8,Somewhat — thought it was about AI accuracy,3,3.7,3.1,0.7,0.4,0.639,3.1,14873,0,0,3,64,True,3.97,4.96,3,3
P0318,Shariful Islam,Bangladeshi,Male,18-22,Postgraduate student (MSc),Daffodil International University,BSc / BEng / BA,Year 4,Finance & Accounting,High,C_counterfactual,2026-08-03 11:55:51,70.6,No,2,2.9,3.8,0.3,0.6,0.218,3.2,21002,3,3,4,73,True,3.64,6.76,5,2
P0319,Nazrul Islam,Bangladeshi,Male,18-22,Undergraduate student,Daffodil International University,PhD / MPhil,Year 4,Psychology,Low,B_surface,2026-08-06 15:55:31,42.1,No,1,2.8,2.7,0.8,0.5,-0.429,2.9,12908,0,0,2,67,True,4.33,4.6,4,3
P0320,Isla Young,British,Female,23-27,Postgraduate student (MSc),North South University,BSc / BEng / BA,Year 1,Graphic Design,None,B_surface,2026-08-09 12:38:11,49.5,Somewhat — thought it was about AI accuracy,1,3.6,3.2,0.6,0.5,0.204,3.2,16012,1,1,3,69,True,4.0,5.87,4,5
P0321,Qian Zhao,Chinese,Female,41-50,Graduate (recent),Kingston University London,BSc / BEng / BA,Completed,Graphic Design,Low,B_surface,2026-08-13 10:05:22,48.5,No,2,2.6,3.6,0.6,0.5,-0.128,3.3,15492,1,1,3,69,True,4.44,4.81,4,3
P0322,Zarif Hossain,Bangladeshi,Male,23-27,Undergraduate student,University of East London,BSc / BEng / BA,Year 2,Information Technology,None,C_counterfactual,2026-08-11 11:09:28,47.5,Somewhat — thought it was about usability,2,2.3,3.6,0.6,0.5,0.186,3.9,20314,1,1,3,71,True,3.49,4.81,3,4
P0323,Arafatur Rahman,Bangladeshi,Male,23-27,Undergraduate student,Middlesex University,Prefer not to say,PhD Year 2,Computer Science,High,B_surface,2026-08-03 14:54:58,58.0,Yes — I thought it was about trust in AI,1,3.3,3.4,0.8,0.7,-0.218,3.1,16053,1,1,1,66,True,3.98,4.69,3,3
P0324,Golam Rabbani,Bangladeshi,Male,23-27,Undergraduate student,University of Hertfordshire,MSc / MA / MEng,Year 3,Cybersecurity,None,B_surface,2026-08-02 10:58:35,54.1,Unsure,2,3.0,3.8,0.9,0.6,-0.13,3.1,14820,0,0,1,96,False,4.7,6.56,5,3
P0325,Rekha A. Bose,Indian,Female,23-27,Undergraduate student,North South University,MSc / MA / MEng,PG Year 1,Cybersecurity,None,B_surface,2026-08-03 13:48:08,50.7,No,0,1.1,4.7,0.7,0.6,0.272,3.3,15429,1,1,2,62,True,4.64,4.14,3,5
P0326,Farzana Akter,Bangladeshi,Prefer not to say,33-40,Undergraduate student,BRAC University,MSc / MA / MEng,PhD Year 2,International Business,High,A_no_explanation,2026-08-07 10:01:43,43.1,Somewhat — thought it was about AI accuracy,1,4.4,4.3,0.5,0.6,0.467,2.9,16322,2,2,3,62,True,4.33,2.45,2,2
P0327,Amna Siddiqui,Pakistani,Female,23-27,Postgraduate student (MSc),Middlesex University,Not a student,PhD Year 2,Health Informatics,None,C_counterfactual,2026-08-03 14:27:56,45.9,No,2,5.0,3.9,0.4,0.5,0.0,3.4,18251,2,2,4,86,False,3.9,5.12,4,4
P0328,Grace Wright,British,Female,33-40,Undergraduate student,Goldsmiths University of London,MSc / MA / MEng,Year 2,Psychology,Moderate,B_surface,2026-08-03 10:28:31,51.7,No,2,3.0,4.1,0.5,0.4,0.339,2.9,18590,1,1,4,72,True,5.43,5.78,3,3
P0329,Deepa A. Singh,Indian,Female,18-22,Undergraduate student,University of Westminster,BSc / BEng / BA,PhD Year 1,Data Science & AI,High,C_counterfactual,2026-08-15 09:28:30,57.2,Somewhat — thought it was about usability,2,2.5,3.8,0.4,0.7,0.094,3.1,21673,3,3,3,86,False,3.82,5.41,3,3
P0330,Mahmuda Khatun,Bangladeshi,Female,23-27,Postgraduate student (MBA),Coventry University,BSc / BEng / BA,PhD Year 2,Media & Communication,Low,A_no_explanation,2026-08-03 12:47:06,71.9,Yes — I thought it was about trust in AI,3,2.5,3.7,0.6,0.5,0.318,2.9,16267,1,1,3,65,True,4.87,4.86,4,3
P0331,Arun Krishnan,Indian,Male,41-50,Postgraduate student (MSc),University of Reading,Prefer not to say,PG Year 2,Graphic Design,Moderate,C_counterfactual,2026-08-04 09:26:11,48.9,No,0,2.9,3.4,0.7,1.0,0.0,3.7,18862,3,3,0,70,True,3.87,6.32,3,5
P0332,Sheng Lin,Chinese,Male,18-22,Postgraduate student (MBA),University of Westminster,MSc / MA / MEng,Year 3,Computer Science,Low,B_surface,2026-08-08 13:40:04,41.5,Yes — I thought it was about trust in AI,2,3.7,3.2,0.5,0.4,-0.153,3.4,14876,1,1,4,62,True,3.45,3.94,3,2
P0333,Phoebe Phillips,British,Female,28-32,Student & part-time worker,Oxford Brookes University,BSc / BEng / BA,PhD Year 3,Software Engineering,Moderate,A_no_explanation,2026-08-04 11:45:34,32.0,Unsure,3,3.5,4.0,0.7,0.8,0.431,2.9,12578,2,2,1,76,True,5.26,3.94,3,3
P0334,Jun Li,Chinese,Male,28-32,Academic / lecturer,Coventry University,MSc / MA / MEng,Year 4,Digital Marketing,Low,B_surface,2026-08-04 15:15:27,56.8,No,2,2.1,3.6,0.7,0.6,-0.209,3.3,13867,1,1,2,60,True,4.78,4.57,3,5
P0335,Forhad Hossain,Bangladeshi,Male,18-22,Postgraduate student (MSc),University of Westminster,BSc / BEng / BA,Year 3,Finance & Accounting,Low,C_counterfactual,2026-08-08 10:22:10,58.3,Somewhat — thought it was about usability,3,2.0,4.6,0.8,0.7,0.15,3.2,17443,1,1,1,79,True,4.58,4.91,3,2
P0336,Sara Butt,Pakistani,Female,23-27,Postgraduate student (MSc),BUET,MBA,PG Year 1,Graphic Design,Moderate,C_counterfactual,2026-08-02 09:54:09,47.1,No,3,5.0,3.4,0.6,0.7,0.481,3.1,19529,2,2,2,63,True,3.52,5.01,4,3
P0337,Sirajul Islam,Bangladeshi,Male,23-27,Undergraduate student,Oxford Brookes University,BSc / BEng / BA,Year 3,Software Engineering,Low,C_counterfactual,2026-08-04 16:38:50,65.2,Somewhat — thought it was about AI accuracy,2,2.2,3.6,0.4,0.5,0.128,3.3,20054,2,2,4,54,False,4.23,6.2,4,4
P0338,Eduardo Ferreira,Other,Male,28-32,Postgraduate student (MBA),BUET,MSc / MA / MEng,Year 3,International Business,Low,B_surface,2026-08-07 11:16:49,46.7,Unsure,1,4.1,5.0,0.3,0.6,0.612,3.2,19109,3,3,4,60,True,4.11,4.79,2,4
P0339,Emon Hossain,Bangladeshi,Male,28-32,Undergraduate student,London Metropolitan University,Prefer not to say,PG Year 2,Media & Communication,Moderate,B_surface,2026-08-12 13:50:06,63.9,No,0,2.1,2.8,0.4,0.3,0.401,2.8,18649,1,1,5,43,False,3.19,5.08,2,4
P0340,Sabbir Hossain,Bangladeshi,Male,23-27,Undergraduate student,Middlesex University,MSc / MA / MEng,Year 1,Computer Science,None,B_surface,2026-08-10 11:23:59,45.5,No,1,3.7,2.7,0.6,0.3,0.449,3.2,15021,0,0,4,75,True,5.39,6.24,2,3
P0341,Puja Rani Das,Bangladeshi,Female,23-27,Postgraduate student (MBA),Daffodil International University,BSc / BEng / BA,Year 2,Graphic Design,High,B_surface,2026-08-05 10:26:56,43.8,No,0,4.3,2.0,0.4,0.3,0.263,3.4,16903,1,1,5,51,False,3.44,4.66,3,5
P0342,Hannah A. Green,British,Female,23-27,Undergraduate student,University of Westminster,BSc / BEng / BA,Year 2,Education Technology,None,A_no_explanation,2026-08-07 10:36:49,44.0,No,1,3.9,3.9,0.7,0.4,0.268,3.1,13147,0,0,3,63,True,4.57,4.05,2,3
P0343,Arjun Sharma,Indian,Male,18-22,Postgraduate student (MSc),University of Bedfordshire,MBA,Year 3,Education Technology,Low,B_surface,2026-08-02 16:16:20,57.2,Unsure,0,4.9,2.5,0.4,0.1,-0.218,2.6,17642,0,0,6,56,False,5.01,5.76,3,2
P0344,Izzatul Nasir,Malaysian,Female,18-22,Undergraduate student,North South University,Not a student,PhD Year 2,Finance & Accounting,Moderate,C_counterfactual,2026-08-04 13:54:39,58.7,Unsure,3,2.7,2.6,0.7,0.8,0.447,3.5,18945,2,2,1,84,False,3.31,6.09,5,2
P0345,George Brown,British,Male,18-22,Undergraduate student,Daffodil International University,PhD / MPhil,PhD Year 2,Psychology,High,A_no_explanation,2026-08-07 16:19:14,53.4,No,0,4.3,3.0,0.9,0.8,-0.448,3.3,14436,1,1,0,77,True,4.14,4.59,4,4
P0346,Antara Mim,Bangladeshi,Female,18-22,Undergraduate student,University of Dhaka,MSc / MA / MEng,PG Year 2,Education Technology,High,A_no_explanation,2026-08-07 16:33:11,45.7,No,0,4.3,3.6,0.4,0.5,-0.333,3.3,16323,2,2,4,74,True,4.87,4.3,2,4
P0347,Mousumi Akter,Bangladeshi,Female,23-27,Undergraduate student,BUET,MSc / MA / MEng,Year 3,Education Technology,None,A_no_explanation,2026-08-08 15:26:16,57.0,No,2,2.0,2.8,0.7,0.8,-0.071,2.9,13992,2,2,1,60,True,4.06,3.62,1,2
P0348,Naim Islam,Bangladeshi,Male,18-22,Undergraduate student,Brunel University London,BSc / BEng / BA,PhD Year 3,Psychology,Moderate,C_counterfactual,2026-08-02 09:35:39,47.5,No,3,4.3,4.4,0.4,0.5,-0.2,3.5,18713,2,2,4,57,False,3.47,3.23,4,2
P0349,Feng Wang,Chinese,Male,33-40,Undergraduate student,"University for the Creative Arts, Farnham",MSc / MA / MEng,PG Year 1,Media & Communication,Moderate,B_surface,2026-08-06 11:33:29,72.8,No,3,3.0,4.9,0.6,0.7,0.355,3.5,17763,2,2,2,78,True,4.36,5.02,5,5
P0350,Khorshed Alam,Bangladeshi,Male,33-40,PhD researcher,University of Surrey,MBA,PhD Year 3,Computer Science,Moderate,B_surface,2026-08-08 11:26:47,50.5,No,2,2.6,3.1,0.6,0.7,0.15,3.2,15819,2,2,2,39,False,3.68,4.37,2,4
P0351,Maruf Hossain,Bangladeshi,Male,28-32,Undergraduate student,University of Hertfordshire,PhD / MPhil,Year 2,Human-Computer Interaction,Moderate,B_surface,2026-08-02 11:13:45,56.8,Somewhat — thought it was about AI accuracy,3,3.0,2.1,0.4,0.3,0.286,2.6,17543,1,1,5,65,True,3.64,5.32,2,4
P0352,Khalilur Rahman,Bangladeshi,Male,23-27,Postgraduate student (MBA),University of Hertfordshire,MSc / MA / MEng,Year 4,Psychology,None,C_counterfactual,2026-08-09 16:28:10,61.6,No,3,3.8,4.3,0.6,0.5,-0.111,3.3,20243,1,1,3,85,False,3.07,4.68,4,3
P0353,Rifat Chowdhury,Bangladeshi,Male,33-40,Graduate (recent),Oxford Brookes University,MBA,PhD Year 1,Information Technology,Moderate,A_no_explanation,2026-08-02 12:52:33,55.9,No,1,3.7,4.2,0.9,0.6,-0.357,3.4,11067,0,0,1,80,True,4.32,2.36,2,4
P0354,Tamanna Islam,Bangladeshi,Female,18-22,Graduate (recent),University of Dhaka,MSc / MA / MEng,PG Year 2,Psychology,Moderate,A_no_explanation,2026-08-17 11:16:19,58.3,No,1,4.1,3.0,0.4,0.5,0.186,3.1,14665,2,2,4,53,False,4.24,3.12,1,2
P0355,Bithi Akter,Bangladeshi,Female,23-27,Working professional,Brunel University London,Prefer not to say,Year 4,Data Science & AI,Low,C_counterfactual,2026-08-05 10:55:38,57.3,No,2,2.1,4.5,0.5,0.4,-0.173,3.0,21417,1,1,4,65,True,4.4,4.78,5,4
P0356,Olivia A. Morris,British,Female,33-40,Postgraduate student (MSc),University of Dhaka,Not a student,Year 1,International Business,Moderate,C_counterfactual,2026-08-02 11:00:58,63.7,No,1,1.7,3.0,0.4,0.3,0.284,3.1,19192,1,1,5,81,False,4.39,5.59,4,4
P0357,Sumon Hossain,Bangladeshi,Male,23-27,PhD researcher,London Metropolitan University,MSc / MA / MEng,Year 4,Finance & Accounting,Low,C_counterfactual,2026-08-06 11:38:38,52.8,No,3,4.0,5.0,0.5,0.6,0.0,3.5,18743,2,2,3,62,True,4.52,5.98,2,3
P0358,Anjali A. Patel,Indian,Prefer not to say,18-22,Postgraduate student (MSc),"University for the Creative Arts, Farnham",MSc / MA / MEng,Completed,Information Technology,High,B_surface,2026-08-10 12:44:20,58.3,No,1,3.9,5.0,0.6,0.5,0.318,3.1,15742,1,1,3,56,False,5.53,3.65,2,4
P0359,Afsana Islam,Bangladeshi,Female,23-27,Undergraduate student,London Metropolitan University,Prefer not to say,PG Year 2,Information Technology,Low,A_no_explanation,2026-08-02 10:42:21,46.7,No,3,3.4,2.0,0.6,0.5,0.0,2.8,16484,1,1,3,55,False,3.75,4.87,3,3
P0360,Usman Khan,Pakistani,Male,28-32,Undergraduate student,London Metropolitan University,Prefer not to say,Completed,Graphic Design,Moderate,C_counterfactual,2026-08-03 13:41:27,56.5,No,1,2.1,4.4,0.6,0.9,0.076,3.2,18561,3,3,1,70,True,4.24,5.68,4,4
P0361,Shafiqul Islam,Bangladeshi,Male,41-50,PhD researcher,BRAC University,BSc / BEng / BA,PhD Year 2,Computer Science,High,B_surface,2026-08-05 16:29:38,49.1,Somewhat — thought it was about usability,0,4.6,1.0,0.4,0.5,-0.229,3.2,17540,2,2,4,65,True,3.71,3.7,4,3
P0362,Nazim Uddin,Bangladeshi,Male,18-22,Postgraduate student (MSc),Goldsmiths University of London,BSc / BEng / BA,PhD Year 2,Human-Computer Interaction,Low,A_no_explanation,2026-08-03 13:43:06,55.1,Unsure,0,2.7,1.8,0.6,0.5,0.408,3.4,16421,1,1,3,80,True,5.1,3.22,3,3
P0363,Saidur Rahman,Bangladeshi,Male,18-22,Student & part-time worker,Oxford Brookes University,MSc / MA / MEng,Year 2,Digital Marketing,High,A_no_explanation,2026-08-06 12:55:52,60.8,No,3,2.2,4.1,0.7,0.6,-0.068,3.2,14170,1,1,2,72,True,4.49,3.03,3,4
P0364,Rahnuma Islam,Bangladeshi,Female,33-40,Undergraduate student,University of East London,BSc / BEng / BA,Year 4,Finance & Accounting,Low,C_counterfactual,2026-08-02 13:48:43,59.5,Yes — I thought it was about trust in AI,2,3.5,3.4,0.4,0.5,-0.302,3.4,20405,2,2,4,64,True,3.35,5.28,3,3
P0365,Monowara Begum,Bangladeshi,Prefer not to say,23-27,Academic / lecturer,BRAC University,MSc / MA / MEng,Completed,Psychology,Moderate,A_no_explanation,2026-08-05 14:37:20,36.6,Somewhat — thought it was about AI accuracy,1,3.3,3.7,0.5,0.4,0.078,2.9,15344,1,1,4,68,True,4.52,3.6,3,3
P0366,Popy Akter,Bangladeshi,Female,18-22,Postgraduate student (MSc),London Metropolitan University,MSc / MA / MEng,Year 3,Business & Management,Low,C_counterfactual,2026-08-16 16:24:22,49.0,Unsure,2,1.0,3.4,0.9,0.8,0.25,3.4,15585,1,1,0,61,True,4.31,3.94,5,4
P0367,Afsana Akter,Bangladeshi,Female,33-40,Student & part-time worker,University of Surrey,BSc / BEng / BA,Year 3,Software Engineering,None,B_surface,2026-08-02 09:48:22,42.1,No,2,3.7,2.8,0.6,0.5,-0.156,3.3,15758,1,1,3,57,False,5.62,3.89,4,4
P0368,Morsheda Begum,Bangladeshi,Female,23-27,Postgraduate student (MBA),Kingston University London,PhD / MPhil,PhD Year 1,Software Engineering,High,C_counterfactual,2026-08-03 13:47:22,52.9,Yes — I thought it was about trust in AI,1,2.7,2.4,0.5,0.8,0.234,3.3,20434,3,3,2,72,True,2.56,5.67,5,4
P0369,Marufa Begum,Bangladeshi,Female,33-40,Graduate (recent),University of Hertfordshire,BSc / BEng / BA,PG Year 1,Finance & Accounting,Moderate,A_no_explanation,2026-08-02 11:50:30,54.1,No,0,3.8,3.5,0.7,0.6,0.167,3.2,17156,1,1,2,52,False,4.58,3.49,2,5
P0370,Dele Ogunyemi,Nigerian,Male,33-40,Graduate (recent),Brunel University London,BSc / BEng / BA,PG Year 2,Psychology,Moderate,C_counterfactual,2026-08-17 09:23:26,49.5,No,0,3.9,3.5,0.4,0.7,-0.218,3.4,18970,3,3,3,58,False,4.02,5.39,3,5
P0371,Kamran Yousaf,Pakistani,Male,33-40,Working professional,BUET,PhD / MPhil,Completed,Education Technology,High,B_surface,2026-08-06 14:02:38,51.2,No,3,3.4,4.2,0.6,0.3,0.122,2.9,13892,0,0,4,70,True,4.05,6.06,3,4
P0372,Lucy A. Turner,British,Female,18-22,PhD researcher,Goldsmiths University of London,BSc / BEng / BA,PG Year 2,Graphic Design,None,C_counterfactual,2026-08-03 09:55:45,46.2,No,1,3.9,3.2,0.8,0.7,-0.218,3.1,17268,1,1,1,77,True,3.1,4.72,3,3
P0373,Atiqur Rahman,Bangladeshi,Male,18-22,Undergraduate student,"University for the Creative Arts, Farnham",Not a student,Year 1,Human-Computer Interaction,Low,B_surface,2026-08-02 11:34:34,48.2,No,1,4.0,3.4,0.6,0.5,-0.384,3.3,15769,1,1,3,61,True,4.64,4.73,1,3
P0374,Victoria A. Lee,British,Female,23-27,Working professional,University of East London,Not a student,PhD Year 1,Data Science & AI,Low,A_no_explanation,2026-08-07 09:07:49,35.1,No,1,2.7,2.6,0.8,0.7,-0.175,2.8,13373,1,1,1,73,True,4.26,5.35,2,3
P0375,Ahsan Habib,Bangladeshi,Male,18-22,Undergraduate student,Middlesex University,HND / Foundation,PG Year 1,Health Informatics,Moderate,C_counterfactual,2026-08-04 12:27:16,47.2,No,3,3.2,1.9,0.3,0.6,0.0,3.0,19045,3,3,4,87,False,2.49,6.04,3,4
P0376,Ife Adebisi,Nigerian,Female,28-32,Graduate (recent),Daffodil International University,MSc / MA / MEng,Year 4,International Business,High,B_surface,2026-08-08 13:19:58,50.1,No,2,2.2,2.9,0.4,0.7,0.034,2.7,16897,3,3,3,57,False,3.56,5.11,3,3
P0377,Fazlul Haque,Bangladeshi,Male,33-40,Graduate (recent),Daffodil International University,MSc / MA / MEng,PhD Year 1,Finance & Accounting,None,C_counterfactual,2026-08-16 11:00:13,46.1,No,2,2.8,3.7,0.4,0.5,0.128,2.7,20217,2,2,4,71,True,4.21,4.25,5,3
P0378,Zainab Anwar,Pakistani,Female,18-22,Postgraduate student (MSc),Middlesex University,Not a student,PG Year 2,Health Informatics,High,C_counterfactual,2026-08-02 11:03:04,61.1,No,3,2.5,3.2,0.5,0.4,0.531,2.9,19722,1,1,4,73,True,2.77,6.66,4,1
P0379,Bristy Akter,Bangladeshi,Female,18-22,Student & part-time worker,London Metropolitan University,MSc / MA / MEng,Year 3,Information Technology,Moderate,A_no_explanation,2026-08-07 11:11:03,57.3,No,3,2.6,3.6,0.6,0.7,0.239,3.7,13800,2,2,2,81,False,4.27,4.15,2,4
P0380,Lutful Haque,Bangladeshi,Male,18-22,Undergraduate student,Anglia Ruskin University,Not a student,PG Year 2,Finance & Accounting,High,A_no_explanation,2026-08-03 12:59:55,58.7,No,3,3.9,3.7,0.5,0.6,0.25,2.4,15962,2,2,3,55,False,3.83,4.32,2,2
P0381,Halima Begum,Bangladeshi,Female,23-27,Graduate (recent),"University for the Creative Arts, Farnham",BSc / BEng / BA,Year 3,Digital Marketing,Low,A_no_explanation,2026-08-06 16:34:29,53.5,No,2,4.6,3.5,0.7,0.4,-0.175,2.9,12160,0,0,3,71,True,5.34,5.85,2,3
P0382,Arash Tehrani,Other,Male,28-32,Postgraduate student (MSc),University of Bedfordshire,MSc / MA / MEng,PhD Year 1,Human-Computer Interaction,Low,B_surface,2026-08-10 10:43:39,42.5,Unsure,3,2.2,4.1,0.7,0.6,0.221,3.5,16047,1,1,2,72,True,3.72,4.74,5,4
P0383,Junaid Baig,Pakistani,Male,28-32,Undergraduate student,London Metropolitan University,MSc / MA / MEng,Completed,International Business,Low,C_counterfactual,2026-08-05 15:33:40,55.9,No,2,3.1,3.1,0.7,0.8,0.441,3.4,16692,2,2,1,72,True,3.73,5.32,4,4
P0384,Ayesha Khan,Pakistani,Female,18-22,Undergraduate student,Anglia Ruskin University,MSc / MA / MEng,PhD Year 3,Software Engineering,Moderate,C_counterfactual,2026-08-07 16:03:18,48.2,No,3,2.9,3.9,0.7,0.8,0.128,3.7,19358,2,2,1,60,True,5.48,6.27,5,3
P0385,Hasina Begum,Bangladeshi,Female,28-32,Undergraduate student,BRAC University,BSc / BEng / BA,PhD Year 2,Software Engineering,None,A_no_explanation,2026-08-08 10:06:55,52.1,No,0,2.6,3.6,0.7,0.6,-0.303,2.9,15986,1,1,2,61,True,4.82,4.61,2,3
P0386,Kamrul Hasan,Bangladeshi,Male,28-32,Postgraduate student (MBA),University of Dhaka,Prefer not to say,Completed,Graphic Design,Moderate,A_no_explanation,2026-08-04 13:14:07,54.5,No,0,2.4,4.4,0.6,0.5,0.091,2.7,14230,1,1,3,55,False,5.45,3.67,1,1
P0387,Abul Bashar,Bangladeshi,Male,23-27,Postgraduate student (MSc),Middlesex University,BSc / BEng / BA,PhD Year 2,Computer Science,High,A_no_explanation,2026-08-09 10:58:06,44.5,No,3,3.6,3.5,0.5,0.2,0.192,2.7,14308,0,0,5,52,False,4.74,3.58,4,4
P0388,Faizan Qureshi,Pakistani,Male,18-22,Postgraduate student (MSc),Daffodil International University,PhD / MPhil,Completed,Digital Marketing,Moderate,C_counterfactual,2026-08-06 10:37:55,60.1,No,2,3.8,2.3,0.3,0.6,0.0,3.0,19879,3,3,4,56,False,4.15,5.61,5,2
P0389,Siti Hajar,Malaysian,Female,33-40,PhD researcher,University of Hertfordshire,BSc / BEng / BA,Year 1,Human-Computer Interaction,High,B_surface,2026-08-12 13:02:08,50.3,No,0,2.3,3.3,0.8,0.5,0.1,3.3,15793,0,0,2,50,False,3.02,4.75,2,3
P0390,Shweta A. Kumar,Indian,Female,23-27,Postgraduate student (MSc),Kingston University London,MSc / MA / MEng,Year 1,Digital Marketing,High,B_surface,2026-08-08 14:53:35,54.6,No,2,1.0,4.2,0.6,0.5,0.843,3.1,15801,1,1,3,59,False,4.2,5.19,3,4
P0391,Mei Li,Chinese,Female,23-27,Academic / lecturer,University of Westminster,MSc / MA / MEng,Year 1,Health Informatics,Moderate,C_counterfactual,2026-08-03 09:48:49,45.4,No,1,2.6,4.9,0.5,0.6,0.185,3.4,20520,2,2,3,85,False,4.14,4.95,4,3
P0392,Isabella A. White,British,Prefer not to say,18-22,Undergraduate student,Brunel University London,BSc / BEng / BA,PG Year 1,Digital Marketing,None,A_no_explanation,2026-08-08 11:26:59,47.1,No,2,1.6,2.9,0.6,0.7,0.094,3.1,13210,2,2,2,77,True,4.62,5.65,3,3
P0393,Tasfia Islam,Bangladeshi,Female,18-22,Undergraduate student,Goldsmiths University of London,BSc / BEng / BA,PhD Year 2,Cybersecurity,Low,C_counterfactual,2026-08-02 12:35:43,61.5,No,2,3.7,4.4,0.4,0.5,-0.469,3.3,19630,2,2,4,78,True,4.92,6.52,4,3
P0394,Hafsa Begum,Bangladeshi,Female,28-32,Undergraduate student,Middlesex University,MSc / MA / MEng,PhD Year 2,Digital Marketing,Moderate,A_no_explanation,2026-08-02 14:12:59,46.6,Somewhat — thought it was about AI accuracy,2,3.9,4.9,0.7,0.6,0.117,3.1,15432,1,1,2,66,True,4.23,2.65,3,4
P0395,William Moore,British,Male,33-40,Postgraduate student (MBA),BUET,PhD / MPhil,Year 3,Media & Communication,Low,B_surface,2026-08-11 09:26:19,49.5,Yes — I thought it was about trust in AI,2,1.7,4.5,0.8,0.5,-0.293,3.5,13554,0,0,2,93,False,4.19,4.88,3,3
P0396,Musharraf Hossain,Bangladeshi,Male,18-22,Undergraduate student,University of Bedfordshire,MSc / MA / MEng,Year 2,Software Engineering,Moderate,A_no_explanation,2026-08-03 10:17:40,51.2,No,1,3.7,3.8,0.6,0.7,0.244,3.0,15608,2,2,2,60,True,4.79,5.61,1,3
P0397,Enamul Haque,Bangladeshi,Male,18-22,Postgraduate student (MSc),Kingston University London,MSc / MA / MEng,PhD Year 1,International Business,High,A_no_explanation,2026-08-02 15:10:38,48.2,No,2,3.8,3.8,0.4,0.5,0.0,3.0,17562,2,2,4,61,True,5.58,3.57,3,4
P0398,Razia Begum,Bangladeshi,Female,23-27,Postgraduate student (MBA),University of East London,Prefer not to say,PhD Year 2,Health Informatics,Moderate,B_surface,2026-08-03 13:45:03,66.0,No,2,3.6,2.9,0.4,0.5,0.0,3.2,17620,2,2,4,53,False,4.43,4.11,4,5
P0399,Nike Lawal,Nigerian,Female,18-22,Postgraduate student (MSc),London Metropolitan University,MSc / MA / MEng,PhD Year 3,Data Science & AI,Low,C_counterfactual,2026-08-06 10:29:36,55.6,No,3,1.9,2.4,0.6,0.9,-0.459,3.8,21149,3,3,1,72,True,3.32,5.14,5,3
P0400,Chioma Nwosu,Nigerian,Female,23-27,Undergraduate student,BUET,BSc / BEng / BA,PhD Year 1,Psychology,Moderate,A_no_explanation,2026-08-02 13:52:30,65.6,No,1,2.4,3.1,0.7,0.8,-0.678,3.6,14475,2,2,1,70,True,5.58,3.59,2,4
P0401,Nur Izzati,Malaysian,Prefer not to say,23-27,PhD researcher,University of Reading,BSc / BEng / BA,Completed,Psychology,Low,A_no_explanation,2026-08-10 14:40:40,67.1,No,2,3.6,2.4,0.5,0.4,0.25,2.6,14373,1,1,4,55,False,4.44,3.2,2,3
P0402,Lily A. Scott,British,Female,23-27,PhD researcher,University of Hertfordshire,Prefer not to say,Year 1,Finance & Accounting,None,B_surface,2026-08-08 10:50:00,48.7,No,2,3.1,3.3,0.6,0.5,-0.408,3.4,17215,1,1,3,62,True,4.4,4.24,3,3
P0403,Farah Yousaf,Pakistani,Female,23-27,PhD researcher,Kingston University London,HND / Foundation,PhD Year 3,Psychology,Low,B_surface,2026-08-06 11:49:49,45.4,Yes — I thought it was about trust in AI,1,1.3,4.0,0.6,0.3,-0.184,2.9,14599,0,0,4,74,True,4.64,4.84,2,3
P0404,Iqbal Nasir,Malaysian,Male,33-40,Postgraduate student (MSc),Middlesex University,MSc / MA / MEng,PhD Year 2,Software Engineering,Moderate,B_surface,2026-08-09 10:50:08,53.5,No,0,3.4,4.3,0.6,0.7,0.345,3.0,13671,2,2,2,68,True,5.99,4.28,5,4
P0405,Emily A. Clarke,British,Female,41-50,Postgraduate student (MSc),University of Westminster,MSc / MA / MEng,PG Year 1,Data Science & AI,None,B_surface,2026-08-03 13:12:17,42.5,No,1,3.9,2.5,0.6,0.5,0.408,2.6,14599,1,1,3,69,True,3.91,5.4,3,4
P0406,Bazlur Rahman,Bangladeshi,Male,23-27,PhD researcher,Coventry University,MSc / MA / MEng,PG Year 1,Data Science & AI,Moderate,B_surface,2026-08-02 14:33:39,63.0,No,0,3.4,2.2,0.5,0.6,-0.272,2.7,17137,2,2,3,64,True,4.01,4.27,3,4
P0407,Shumi Akter,Bangladeshi,Female,28-32,Undergraduate student,University of Hertfordshire,MBA,PG Year 1,Health Informatics,None,B_surface,2026-08-04 10:13:20,50.6,No,3,3.5,4.5,0.4,0.3,-0.7,2.8,18341,1,1,5,83,False,4.35,6.3,2,3
P0408,Rifat Hasan,Bangladeshi,Male,28-32,Undergraduate student,University of Westminster,MBA,Year 2,Cybersecurity,Moderate,B_surface,2026-08-11 10:48:51,45.9,Yes — I thought it was about trust in AI,1,2.8,3.1,0.7,0.8,0.234,3.3,15061,2,2,1,78,True,4.3,2.12,2,4
P0409,Turjoy Roy,Bangladeshi,Male,18-22,PhD researcher,University of Reading,BSc / BEng / BA,PhD Year 3,Finance & Accounting,High,A_no_explanation,2026-08-03 11:01:56,57.0,No,0,3.9,3.2,0.7,0.4,0.102,2.4,12964,0,0,3,77,True,4.89,5.73,3,4
P0410,Imran A. Butt,Pakistani,Male,23-27,PhD researcher,BRAC University,BSc / BEng / BA,Completed,Information Technology,Moderate,A_no_explanation,2026-08-04 10:12:29,47.4,No,2,2.8,4.8,0.8,0.9,0.429,2.9,14048,2,2,0,54,False,4.37,3.24,2,3
P0411,Zain A. Malik,Pakistani,Male,28-32,PhD researcher,North South University,BSc / BEng / BA,Completed,Cybersecurity,Moderate,B_surface,2026-08-15 13:04:23,44.0,Somewhat — thought it was about AI accuracy,2,2.6,3.9,0.6,0.5,0.0,3.0,15052,1,1,3,68,True,5.45,3.69,2,3
P0412,Mia A. Adams,British,Female,23-27,Undergraduate student,University of Dhaka,Prefer not to say,PhD Year 3,Education Technology,Low,B_surface,2026-08-06 13:04:54,58.8,No,0,4.5,2.6,0.9,0.8,-0.688,2.8,13727,1,1,0,49,False,4.25,5.31,5,5
P0413,Abdur Rahman,Bangladeshi,Male,28-32,Postgraduate student (MSc),Middlesex University,BSc / BEng / BA,Year 2,Business & Management,Moderate,B_surface,2026-08-03 09:23:36,48.6,Somewhat — thought it was about AI accuracy,1,4.9,5.0,0.5,0.6,0.527,3.0,17323,2,2,3,49,False,5.14,6.21,3,3
P0414,Sana Malik,Pakistani,Female,28-32,Undergraduate student,University of East London,BSc / BEng / BA,PG Year 2,Finance & Accounting,Low,A_no_explanation,2026-08-06 10:17:35,53.5,No,3,2.9,3.8,0.8,0.5,0.0,3.2,13340,0,0,2,53,False,3.36,3.62,2,3
P0415,Chloe A. Martin,British,Female,18-22,Undergraduate student,University of Westminster,BSc / BEng / BA,Year 1,Software Engineering,Low,C_counterfactual,2026-08-05 11:12:21,46.6,No,0,2.9,2.9,0.9,0.8,0.0,3.5,15433,1,1,0,89,False,3.61,4.93,5,4
P0416,Aiden Young,British,Male,23-27,Postgraduate student (MSc),Anglia Ruskin University,MBA,Year 2,Business & Management,Low,B_surface,2026-08-10 11:05:19,61.1,Somewhat — thought it was about AI accuracy,2,2.5,4.3,0.4,0.5,0.0,2.8,18791,2,2,4,75,True,4.62,4.84,2,5
P0417,Aklima Begum,Bangladeshi,Prefer not to say,33-40,Postgraduate student (MSc),Brunel University London,MSc / MA / MEng,PG Year 1,Computer Science,Low,C_counterfactual,2026-08-03 15:35:07,45.4,No,0,2.9,3.3,0.5,0.6,0.304,3.5,20246,2,2,3,74,True,4.32,7.0,3,3
P0418,Folake Afolabi,Nigerian,Female,18-22,Postgraduate student (MSc),Brunel University London,Prefer not to say,Year 1,Software Engineering,Moderate,C_counterfactual,2026-08-05 15:04:44,50.9,No,1,4.3,3.7,0.7,0.8,0.153,3.8,19143,2,2,1,77,True,3.5,5.97,5,2
P0419,Rania Al-Rashidi,Other,Female,23-27,Graduate (recent),Goldsmiths University of London,PhD / MPhil,Year 4,Media & Communication,Low,C_counterfactual,2026-08-02 11:29:35,50.8,No,1,3.4,3.7,0.6,0.7,0.218,3.0,16904,2,2,2,100,False,3.91,4.14,5,2
P0420,Jahanara Begum,Bangladeshi,Female,28-32,Graduate (recent),"University for the Creative Arts, Farnham",BSc / BEng / BA,Completed,Software Engineering,Low,C_counterfactual,2026-08-02 12:50:50,64.4,No,1,2.0,4.2,0.6,0.5,0.325,3.5,18970,1,1,3,67,True,4.1,4.9,4,3
P0421,Shirina Begum,Bangladeshi,Female,23-27,Undergraduate student,University of Westminster,PhD / MPhil,PhD Year 2,Business & Management,Low,B_surface,2026-08-16 10:10:09,53.4,Somewhat — thought it was about usability,0,1.1,3.9,0.9,0.8,-0.643,3.1,12988,1,1,0,80,True,4.82,1.97,2,3
P0422,Akbar Ali,Bangladeshi,Male,28-32,Working professional,University of Dhaka,MSc / MA / MEng,Year 3,Finance & Accounting,High,A_no_explanation,2026-08-05 11:35:16,32.0,No,0,4.8,2.7,0.5,0.4,0.055,3.2,15319,1,1,4,59,False,4.22,4.49,2,3
P0423,Shahid A. Hussain,Pakistani,Male,28-32,Postgraduate student (MBA),London Metropolitan University,Prefer not to say,PhD Year 3,Human-Computer Interaction,Moderate,B_surface,2026-08-12 10:24:16,55.2,Somewhat — thought it was about AI accuracy,0,2.4,4.6,0.6,0.3,-0.244,3.0,15606,0,0,4,82,False,4.38,2.99,4,3
P0424,Ahmad Razali,Malaysian,Male,18-22,Working professional,Middlesex University,BSc / BEng / BA,PG Year 1,Data Science & AI,Low,C_counterfactual,2026-08-02 16:41:30,48.2,Somewhat — thought it was about AI accuracy,2,1.5,3.2,0.7,0.6,-0.117,2.9,17426,1,1,2,58,False,4.36,5.04,2,4
P0425,Golam Mostafa,Bangladeshi,Male,18-22,Postgraduate student (MSc),BUET,MSc / MA / MEng,PhD Year 2,Cybersecurity,Low,C_counterfactual,2026-08-02 12:12:12,43.8,Somewhat — thought it was about AI accuracy,0,3.8,3.4,0.5,0.4,0.098,2.9,20353,1,1,4,76,True,3.17,5.2,4,2
P0426,Tania Sultana,Bangladeshi,Female,23-27,Undergraduate student,"University for the Creative Arts, Farnham",MBA,PG Year 2,Data Science & AI,Moderate,A_no_explanation,2026-08-15 10:23:30,45.4,Yes — I thought it was about trust in AI,3,2.8,3.0,0.5,0.6,-0.59,2.9,15852,2,2,3,72,True,3.88,3.56,2,3
P0427,Kamal Hossain,Bangladeshi,Male,23-27,Student & part-time worker,Brunel University London,BSc / BEng / BA,PhD Year 3,Human-Computer Interaction,High,B_surface,2026-08-06 10:58:40,47.3,Yes — I thought it was about trust in AI,2,3.6,3.8,0.6,0.7,-0.307,2.7,16142,2,2,2,45,False,4.01,4.03,2,3
P0428,Wasif Hossain,Bangladeshi,Male,23-27,Undergraduate student,North South University,Prefer not to say,Year 4,Cybersecurity,High,A_no_explanation,2026-08-02 16:08:39,52.4,No,1,3.3,3.3,0.6,0.3,0.094,2.9,15500,0,0,4,74,True,5.14,5.79,1,3
P0429,Touhidul Islam,Bangladeshi,Male,23-27,Student & part-time worker,University of Dhaka,HND / Foundation,Completed,Business & Management,Low,B_surface,2026-08-02 11:51:51,72.1,No,1,2.1,2.8,0.3,0.4,-0.408,3.5,16352,2,2,5,66,True,3.72,5.15,3,1
P0430,Reshma Begum,Bangladeshi,Female,18-22,Undergraduate student,University of Reading,Not a student,PhD Year 2,Digital Marketing,Moderate,B_surface,2026-08-04 15:03:35,36.9,Somewhat — thought it was about AI accuracy,0,2.1,3.8,0.7,0.6,0.7,3.1,15956,1,1,2,82,False,5.16,3.66,2,4
P0431,Suresh Yadav,Indian,Male,18-22,PhD researcher,Kingston University London,MSc / MA / MEng,PG Year 1,Education Technology,Moderate,B_surface,2026-08-04 12:54:59,65.8,No,2,3.2,2.2,0.4,0.7,0.732,3.0,18465,3,3,3,61,True,2.93,5.21,2,4
P0432,Tasnia Rahman,Bangladeshi,Female,23-27,Undergraduate student,Oxford Brookes University,MBA,Completed,Cybersecurity,None,A_no_explanation,2026-08-03 11:46:17,45.4,No,1,1.7,3.3,1.0,0.7,-0.592,3.4,12998,0,0,0,50,False,4.7,4.71,3,4
P0433,Sumaiya Islam,Bangladeshi,Female,23-27,Postgraduate student (MSc),Daffodil International University,BSc / BEng / BA,Completed,Data Science & AI,None,C_counterfactual,2026-08-07 14:40:58,49.1,Somewhat — thought it was about AI accuracy,2,3.2,2.5,0.2,0.3,0.0,3.0,22021,2,2,6,62,True,4.26,4.21,3,4
P0434,Nasrin Akter,Bangladeshi,Prefer not to say,18-22,Undergraduate student,University of Surrey,BSc / BEng / BA,PhD Year 1,Human-Computer Interaction,Low,B_surface,2026-08-06 09:58:19,49.4,Somewhat — thought it was about AI accuracy,1,3.8,1.3,0.4,0.5,0.0,3.2,17248,2,2,4,59,False,3.75,3.64,2,5
P0435,Ella A. Hall,British,Female,18-22,Postgraduate student (MSc),"University for the Creative Arts, Farnham",MSc / MA / MEng,Year 2,Media & Communication,Moderate,B_surface,2026-08-16 10:17:29,62.7,Somewhat — thought it was about AI accuracy,3,3.7,3.0,0.2,0.3,-0.35,2.8,20394,2,2,6,85,False,3.3,5.48,3,2
P0436,Geeta A. Mishra,Indian,Female,33-40,Undergraduate student,"University for the Creative Arts, Farnham",BSc / BEng / BA,Completed,Digital Marketing,Low,A_no_explanation,2026-08-04 13:56:50,61.1,No,3,2.9,5.0,0.8,0.7,0.089,3.4,14160,1,1,1,60,True,4.56,3.65,3,2
P0437,Masum Billah,Bangladeshi,Male,33-40,Undergraduate student,BRAC University,BSc / BEng / BA,Year 2,Health Informatics,Moderate,C_counterfactual,2026-08-08 10:13:19,51.7,Somewhat — thought it was about AI accuracy,2,1.3,4.9,0.5,0.4,-0.087,3.1,18829,1,1,4,74,True,4.56,6.52,5,5
P0438,Amit Kumar,Indian,Male,28-32,Postgraduate student (MBA),BRAC University,MBA,Completed,Cybersecurity,Low,B_surface,2026-08-09 10:16:43,62.3,No,2,2.6,3.6,0.5,0.4,0.408,3.3,16794,1,1,4,81,False,5.16,4.66,2,5
P0439,Sophia A. Harris,British,Female,28-32,Academic / lecturer,Brunel University London,Not a student,Year 2,Digital Marketing,Moderate,B_surface,2026-08-07 13:04:30,66.7,No,1,3.3,1.9,0.6,0.5,0.333,2.8,15954,1,1,3,85,False,4.04,3.72,3,3
P0440,Morium Begum,Bangladeshi,Female,23-27,Undergraduate student,"University for the Creative Arts, Farnham",Prefer not to say,PhD Year 1,Finance & Accounting,Moderate,B_surface,2026-08-04 12:18:19,60.5,No,0,4.0,2.1,0.7,0.8,-0.102,3.4,16475,2,2,1,58,False,3.62,5.17,3,4
P0441,Maryam Ali,Pakistani,Female,23-27,Undergraduate student,University of Bedfordshire,Not a student,PhD Year 2,Media & Communication,Low,B_surface,2026-08-03 10:44:58,65.0,Yes — I thought it was about trust in AI,1,1.6,3.9,0.7,0.8,0.491,3.4,15459,2,2,1,86,False,4.9,3.41,1,2
P0442,Emma A. Campbell,British,Female,23-27,Undergraduate student,University of Surrey,MSc / MA / MEng,Year 4,Information Technology,High,B_surface,2026-08-10 09:59:04,56.7,Somewhat — thought it was about AI accuracy,1,3.3,3.8,0.5,0.6,0.0,3.0,18065,2,2,3,63,True,5.63,3.22,3,2
P0443,Amirul Fikri,Malaysian,Male,18-22,Postgraduate student (MSc),Middlesex University,Not a student,Year 4,Graphic Design,None,A_no_explanation,2026-08-03 11:48:27,53.7,No,3,3.8,1.6,0.6,0.5,-0.186,2.9,13085,1,1,3,83,False,3.9,3.42,3,2
P0444,Zoe A. Thompson,British,Female,23-27,Undergraduate student,Kingston University London,BSc / BEng / BA,Year 1,Human-Computer Interaction,None,B_surface,2026-08-04 10:56:12,50.0,Somewhat — thought it was about AI accuracy,2,4.2,4.0,0.4,0.7,0.447,2.9,18933,3,3,3,77,True,3.61,5.43,4,4
P0445,Jahidul Islam,Bangladeshi,Male,28-32,Undergraduate student,Goldsmiths University of London,MSc / MA / MEng,Year 2,Human-Computer Interaction,None,B_surface,2026-08-02 11:59:34,53.5,No,3,3.1,4.8,0.5,0.4,-0.13,2.9,18353,1,1,4,78,True,4.59,3.82,3,4
P0446,Raisuddin Ahmed,Bangladeshi,Male,18-22,Undergraduate student,University of Bedfordshire,BSc / BEng / BA,PhD Year 1,Software Engineering,High,C_counterfactual,2026-08-10 09:01:20,55.7,Unsure,0,2.8,3.2,0.8,0.7,0.066,3.4,16889,1,1,1,64,True,3.76,3.66,3,4
P0447,Mosharraf Hossain,Bangladeshi,Male,23-27,Postgraduate student (MSc),Kingston University London,MSc / MA / MEng,PG Year 2,Digital Marketing,Low,C_counterfactual,2026-08-13 11:01:40,60.4,No,1,3.5,2.5,0.7,0.8,0.0,3.0,18082,2,2,1,60,True,4.02,5.7,5,3
P0448,Anna Mueller,Other,Female,33-40,Undergraduate student,University of Dhaka,Prefer not to say,PG Year 2,Human-Computer Interaction,Low,A_no_explanation,2026-08-14 12:06:16,55.9,No,1,3.8,2.2,0.6,0.5,-0.302,2.4,14270,1,1,3,76,True,4.94,4.98,1,2
P0449,Chao Zhao,Chinese,Male,41-50,Undergraduate student,University of Bedfordshire,MSc / MA / MEng,Year 2,International Business,None,A_no_explanation,2026-08-11 14:33:53,64.2,Somewhat — thought it was about AI accuracy,3,1.8,3.4,0.7,0.6,0.272,3.3,15525,1,1,2,72,True,4.01,5.05,3,3
P0450,Natalia Petrov,Other,Female,18-22,Undergraduate student,Goldsmiths University of London,HND / Foundation,Year 1,Graphic Design,Moderate,C_counterfactual,2026-08-02 13:43:21,62.4,Somewhat — thought it was about usability,3,1.3,2.8,0.5,0.4,0.152,2.9,20565,1,1,4,86,False,4.21,5.85,5,2
P0451,Nipa Akter,Bangladeshi,Female,23-27,Working professional,University of Surrey,BSc / BEng / BA,PG Year 2,Business & Management,Moderate,B_surface,2026-08-09 15:47:39,49.2,Somewhat — thought it was about usability,2,3.7,2.8,0.7,0.4,0.492,2.6,16432,0,0,3,69,True,3.77,5.73,4,4
P0452,Poppy A. Baker,British,Female,18-22,Graduate (recent),North South University,BSc / BEng / BA,Year 4,International Business,Low,B_surface,2026-08-11 11:02:22,52.4,Somewhat — thought it was about usability,1,2.8,4.8,0.8,0.7,0.393,2.9,13102,1,1,1,50,False,4.69,5.48,4,5
P0453,Pooja A. Yadav,Indian,Female,23-27,Student & part-time worker,Goldsmiths University of London,HND / Foundation,Completed,International Business,Moderate,C_counterfactual,2026-08-15 16:45:31,51.1,Somewhat — thought it was about AI accuracy,1,3.5,3.1,0.3,0.6,0.272,3.2,20582,3,3,4,67,True,4.04,5.75,3,2
P0454,Hira Ahmed,Pakistani,Female,28-32,Postgraduate student (MSc),University of Hertfordshire,BSc / BEng / BA,Year 1,Information Technology,None,A_no_explanation,2026-08-03 14:44:27,48.9,Unsure,1,3.4,4.3,0.9,0.6,-0.218,2.8,11884,0,0,1,52,False,3.61,2.97,2,1
P0455,Humaira Begum,Bangladeshi,Female,23-27,Postgraduate student (MSc),Coventry University,HND / Foundation,Year 1,Cybersecurity,Low,B_surface,2026-08-05 09:40:41,58.7,Somewhat — thought it was about AI accuracy,1,3.0,3.0,0.6,0.7,0.069,3.1,15907,2,2,2,60,True,3.73,3.62,3,5
P0456,Obaidul Haque,Bangladeshi,Male,23-27,Postgraduate student (MSc),North South University,BSc / BEng / BA,Completed,Human-Computer Interaction,High,C_counterfactual,2026-08-13 12:55:23,53.2,No,1,4.5,3.6,0.4,0.5,0.143,3.1,22122,2,2,4,81,False,3.75,5.62,4,4
P0457,Rekha Begum,Bangladeshi,Female,28-32,Undergraduate student,University of Surrey,MSc / MA / MEng,PhD Year 1,Cybersecurity,Low,C_counterfactual,2026-08-05 11:34:16,50.1,No,1,3.2,5.0,0.5,0.4,-0.052,3.3,18028,1,1,4,74,True,4.17,5.38,3,3
P0458,Amelia A. King,British,Female,18-22,Undergraduate student,Middlesex University,MSc / MA / MEng,PG Year 2,Health Informatics,Moderate,A_no_explanation,2026-08-02 15:40:33,52.8,Unsure,2,2.8,3.5,0.9,0.8,-0.373,3.5,13588,1,1,0,64,True,4.39,4.26,3,2
P0459,Muhammad Faiz,Malaysian,Male,23-27,Undergraduate student,North South University,Not a student,PG Year 1,Media & Communication,Moderate,A_no_explanation,2026-08-05 12:51:25,38.0,No,1,3.0,2.8,1.0,0.7,0.135,2.5,12751,0,0,0,78,True,5.7,5.57,3,3
P0460,Rohit Patel,Indian,Male,41-50,Graduate (recent),BUET,MSc / MA / MEng,Year 4,Digital Marketing,Moderate,C_counterfactual,2026-08-05 15:55:48,63.5,No,1,1.1,3.3,0.6,0.7,0.218,2.9,19086,2,2,2,61,True,5.11,6.21,3,3
P0461,Arifa Begum,Bangladeshi,Female,23-27,Postgraduate student (MSc),Anglia Ruskin University,MSc / MA / MEng,PhD Year 3,Finance & Accounting,Moderate,C_counterfactual,2026-08-07 10:40:41,43.0,No,0,3.3,3.6,0.4,0.5,0.408,3.6,19494,2,2,4,75,True,4.21,5.52,4,3
P0462,Fatima A. Mahmood,Pakistani,Female,18-22,Postgraduate student (MSc),Kingston University London,MSc / MA / MEng,PG Year 2,International Business,Low,C_counterfactual,2026-08-03 09:27:29,50.1,No,1,2.6,2.9,0.1,0.4,-0.123,2.6,21421,3,3,6,91,False,3.63,5.1,4,2
P0463,Christopher Walker,British,Male,23-27,Postgraduate student (MSc),Goldsmiths University of London,BSc / BEng / BA,PhD Year 2,Computer Science,Moderate,A_no_explanation,2026-08-09 09:41:38,51.4,No,3,3.2,4.7,0.5,0.6,0.123,2.6,14069,2,2,3,62,True,5.49,3.06,1,2
P0464,Tariqul Islam,Bangladeshi,Male,41-50,Postgraduate student (MSc),Coventry University,Not a student,PG Year 1,Digital Marketing,Moderate,C_counterfactual,2026-08-07 09:30:09,52.8,No,0,3.1,3.0,0.5,0.8,0.0,3.5,19259,3,3,2,52,False,2.96,5.68,3,2
P0465,Moshiur Rahman,Bangladeshi,Male,18-22,Postgraduate student (MSc),London Metropolitan University,HND / Foundation,Year 4,Business & Management,Moderate,C_counterfactual,2026-08-09 14:25:07,58.9,Yes — I thought it was about trust in AI,1,1.9,3.1,0.2,0.5,0.0,3.6,23043,3,3,5,46,False,3.15,4.36,5,4
P0466,Najma Begum,Bangladeshi,Female,23-27,Graduate (recent),University of Westminster,Prefer not to say,Year 3,Computer Science,None,A_no_explanation,2026-08-09 12:07:16,50.4,No,1,4.0,4.4,0.9,0.6,0.408,2.8,13074,0,0,1,81,False,4.16,4.49,3,3
P0467,Sinthia Islam,Bangladeshi,Female,23-27,Graduate (recent),University of Reading,BSc / BEng / BA,Year 4,Cybersecurity,Moderate,C_counterfactual,2026-08-02 10:15:27,50.5,No,3,4.9,3.5,0.4,0.7,0.327,3.4,18033,3,3,3,79,True,2.93,6.05,5,3
P0468,Moklesur Rahman,Bangladeshi,Male,23-27,PhD researcher,Anglia Ruskin University,Not a student,PG Year 2,Finance & Accounting,Low,C_counterfactual,2026-08-02 11:41:13,54.7,Somewhat — thought it was about usability,1,5.0,1.8,0.3,0.4,0.467,3.1,21439,2,2,5,59,False,4.04,5.5,4,3
P0469,Kulsum Begum,Bangladeshi,Female,18-22,Undergraduate student,Middlesex University,PhD / MPhil,PhD Year 3,Finance & Accounting,None,A_no_explanation,2026-08-11 11:13:29,53.3,No,3,2.9,3.5,0.5,0.8,0.0,3.0,17096,3,3,2,40,False,3.88,3.82,1,2
P0470,Nabiha Islam,Bangladeshi,Female,18-22,Graduate (recent),"University for the Creative Arts, Farnham",BSc / BEng / BA,PhD Year 2,Business & Management,High,C_counterfactual,2026-08-04 09:07:02,45.1,No,3,2.4,3.8,0.3,0.4,0.204,3.0,19423,2,2,5,59,False,2.84,5.93,5,3
P0471,Rony Hossain,Bangladeshi,Male,18-22,Undergraduate student,University of Bedfordshire,BSc / BEng / BA,Year 1,Digital Marketing,High,C_counterfactual,2026-08-10 15:30:22,52.8,Somewhat — thought it was about usability,3,4.4,3.4,0.4,0.3,0.272,2.9,20348,1,1,5,65,True,3.17,7.0,5,3
P0472,Ishrat Jahan,Bangladeshi,Female,23-27,Postgraduate student (MSc),Oxford Brookes University,Prefer not to say,Year 2,Graphic Design,Moderate,A_no_explanation,2026-08-02 10:25:57,48.2,Somewhat — thought it was about AI accuracy,3,2.7,2.6,0.6,0.5,0.0,2.8,14828,1,1,3,62,True,4.57,3.69,2,4
P0473,Zara A. Qureshi,Pakistani,Female,41-50,Undergraduate student,North South University,Not a student,PG Year 1,Media & Communication,None,C_counterfactual,2026-08-04 10:52:12,55.0,No,0,3.5,3.4,0.6,0.9,0.535,3.2,18865,3,3,1,81,False,4.51,6.5,3,2
P0474,Biplab Das,Bangladeshi,Male,18-22,Undergraduate student,BUET,Not a student,Year 1,Psychology,None,C_counterfactual,2026-08-03 16:19:11,54.5,No,2,2.0,3.9,0.8,0.7,0.345,3.0,17212,1,1,1,80,True,4.35,5.69,4,3
P0475,Charlotte A. Carter,British,Female,23-27,PhD researcher,BUET,Not a student,PhD Year 3,Health Informatics,Moderate,C_counterfactual,2026-08-06 11:48:27,45.3,No,3,4.3,3.5,0.4,0.3,0.53,3.1,19240,1,1,5,48,False,3.77,4.65,5,4
P0476,Nurul Ain,Malaysian,Female,18-22,Working professional,University of Bedfordshire,BSc / BEng / BA,Year 3,Digital Marketing,Moderate,A_no_explanation,2026-08-02 11:27:52,47.7,Somewhat — thought it was about AI accuracy,1,4.5,4.3,0.7,0.6,0.167,3.2,13142,1,1,2,64,True,4.87,3.49,3,1
P0477,Rayhan Ahmed,Bangladeshi,Male,33-40,Postgraduate student (MSc),University of Hertfordshire,PhD / MPhil,PhD Year 2,Psychology,None,B_surface,2026-08-08 13:35:27,41.6,Somewhat — thought it was about AI accuracy,3,3.6,3.0,0.5,0.6,-0.467,3.1,14765,2,2,3,57,False,4.42,5.0,3,3
P0478,Tao Zhou,Chinese,Male,18-22,Undergraduate student,"University for the Creative Arts, Farnham",MSc / MA / MEng,PhD Year 3,Human-Computer Interaction,High,C_counterfactual,2026-08-07 11:05:25,54.0,No,2,2.6,3.7,0.2,0.5,0.143,2.9,20881,3,3,5,83,False,4.58,6.4,5,1
P0479,Funke Ogunyemi,Nigerian,Female,33-40,Undergraduate student,Anglia Ruskin University,BSc / BEng / BA,PG Year 1,Finance & Accounting,Low,C_counterfactual,2026-08-16 13:54:23,47.3,No,2,3.5,1.8,0.4,0.5,0.632,3.0,19090,2,2,4,58,False,3.22,5.76,4,3
P0480,Ramisa Rahman,Bangladeshi,Female,33-40,PhD researcher,University of East London,BSc / BEng / BA,Year 1,Health Informatics,High,A_no_explanation,2026-08-15 11:38:34,46.6,No,0,1.9,3.5,0.7,0.6,-0.047,3.2,15405,1,1,2,51,False,5.52,3.17,1,4
P0481,Rakibul Islam,Bangladeshi,Male,23-27,Postgraduate student (MBA),Kingston University London,BSc / BEng / BA,Year 1,Information Technology,High,C_counterfactual,2026-08-06 16:36:49,41.9,Unsure,1,1.5,2.4,0.7,0.6,-0.264,3.0,18735,1,1,2,87,False,4.84,4.29,5,4
P0482,Alexander Lee,British,Male,18-22,Academic / lecturer,North South University,BSc / BEng / BA,PG Year 2,Media & Communication,Moderate,C_counterfactual,2026-08-06 14:16:49,62.5,No,2,3.7,4.3,0.5,0.6,-0.227,3.1,19785,2,2,3,75,True,4.17,5.94,5,5
P0483,Shahidul Alam,Bangladeshi,Male,33-40,Postgraduate student (MSc),University of Surrey,BSc / BEng / BA,Year 3,Graphic Design,Low,A_no_explanation,2026-08-15 12:45:15,61.0,No,1,4.1,3.5,0.8,0.7,-0.356,3.4,14144,1,1,1,50,False,3.96,2.82,2,3
P0484,Delwar Hossain,Bangladeshi,Male,28-32,PhD researcher,Kingston University London,MSc / MA / MEng,Year 1,Finance & Accounting,None,A_no_explanation,2026-08-09 12:35:05,53.1,No,2,3.0,1.9,0.8,0.5,0.556,2.7,14238,0,0,2,54,False,3.7,2.77,4,3
P0485,Hasan Mahmud,Bangladeshi,Male,28-32,Undergraduate student,Kingston University London,BSc / BEng / BA,Year 3,International Business,Moderate,C_counterfactual,2026-08-06 11:47:17,50.9,No,1,2.0,2.7,0.4,0.5,-0.267,3.8,19214,2,2,4,71,True,4.37,5.78,5,2
P0486,Kawsar Ahmed,Bangladeshi,Male,33-40,Undergraduate student,BRAC University,BSc / BEng / BA,PG Year 2,Information Technology,Moderate,A_no_explanation,2026-08-15 10:05:29,49.8,No,2,3.1,3.4,0.5,0.4,-0.227,2.9,15340,1,1,4,61,True,3.61,4.44,2,4
P0487,Priya A. Sharma,Indian,Female,28-32,Postgraduate student (MSc),University of Surrey,MSc / MA / MEng,PhD Year 1,Psychology,Moderate,C_counterfactual,2026-08-04 10:14:46,64.4,No,2,2.8,2.6,0.2,0.5,0.318,3.1,21567,3,3,5,90,False,3.6,6.36,4,3
P0488,Nazmul Huda,Bangladeshi,Male,33-40,Postgraduate student (MSc),University of Reading,BSc / BEng / BA,PG Year 2,Education Technology,Moderate,B_surface,2026-08-14 11:59:19,56.6,No,1,4.8,3.5,0.4,0.7,0.6,3.4,19078,3,3,3,88,False,4.02,4.07,4,3
P0489,Tariq A. Mahmood,Pakistani,Male,28-32,Undergraduate student,University of Westminster,PhD / MPhil,Year 4,Psychology,High,A_no_explanation,2026-08-09 16:26:29,47.2,Yes — I thought it was about trust in AI,2,2.6,2.7,0.5,0.4,0.134,2.6,14463,1,1,4,56,False,4.26,3.47,1,3
P0490,Seema A. Tiwari,Indian,Female,18-22,Academic / lecturer,Kingston University London,BSc / BEng / BA,Completed,Information Technology,None,B_surface,2026-08-05 14:02:17,32.0,Unsure,2,2.5,1.9,0.8,0.7,0.429,3.3,13610,1,1,1,85,False,3.27,4.18,3,5
P0491,Hafiz Jaafar,Malaysian,Male,23-27,Undergraduate student,Oxford Brookes University,Not a student,Year 4,Education Technology,Low,C_counterfactual,2026-08-04 11:44:05,61.7,No,3,3.7,2.6,0.5,0.8,-0.25,3.2,18882,3,3,2,59,False,4.69,5.57,4,4
P0492,Afroza Begum,Bangladeshi,Female,18-22,Postgraduate student (MSc),Goldsmiths University of London,BSc / BEng / BA,Year 4,Digital Marketing,Moderate,B_surface,2026-08-03 09:17:53,65.8,No,2,2.9,3.6,0.5,0.4,0.0,3.0,17451,1,1,4,99,False,4.51,3.58,4,2
P0493,Salma Begum,Bangladeshi,Prefer not to say,18-22,Postgraduate student (MSc),Coventry University,Prefer not to say,PG Year 1,Education Technology,High,B_surface,2026-08-14 14:21:44,49.2,No,1,2.2,3.9,0.6,0.5,0.333,3.3,16249,1,1,3,63,True,4.51,6.55,3,2
P0494,Nisha A. Iyer,Indian,Prefer not to say,41-50,Undergraduate student,Brunel University London,MBA,Year 4,Business & Management,None,B_surface,2026-08-13 10:48:24,60.6,No,0,2.3,2.6,0.5,0.4,-0.531,3.1,16307,1,1,4,70,True,6.01,4.63,1,3
P0495,Ashik Hossain,Bangladeshi,Male,18-22,Postgraduate student (MSc),University of Surrey,Prefer not to say,Year 1,Health Informatics,High,B_surface,2026-08-02 15:32:27,51.9,No,0,3.5,3.7,0.8,0.7,0.066,3.4,15283,1,1,1,69,True,3.88,5.81,3,1
P0496,Jonathan Scott,British,Male,28-32,Undergraduate student,"University for the Creative Arts, Farnham",MSc / MA / MEng,Year 1,Finance & Accounting,Low,B_surface,2026-08-06 12:26:05,59.8,Yes — I thought it was about trust in AI,3,3.9,2.5,0.5,0.4,0.323,3.0,17941,1,1,4,65,True,4.51,4.17,3,4
P0497,Haziq Azmi,Malaysian,Male,23-27,Undergraduate student,Daffodil International University,BSc / BEng / BA,PG Year 2,Cybersecurity,None,C_counterfactual,2026-08-04 10:44:43,43.5,No,2,3.8,3.2,0.5,0.6,0.272,3.3,19151,2,2,3,88,False,4.15,4.86,5,2
P0498,Md. Abdulla Al Noman,Bangladeshi,Male,23-27,Academic / lecturer,University of East London,MBA,Completed,Cybersecurity,Moderate,A_no_explanation,2026-08-03 11:07:45,46.7,No,3,3.3,2.8,0.6,0.5,0.156,3.3,14923,1,1,3,51,False,3.72,4.66,3,2
P0499,Riyadh Hossain,Bangladeshi,Male,23-27,Postgraduate student (MSc),University of East London,BSc / BEng / BA,PhD Year 1,Education Technology,Low,B_surface,2026-08-07 09:33:55,56.9,No,2,3.4,4.5,0.8,0.5,0.667,3.2,12821,0,0,2,70,True,4.81,3.98,3,3
P0500,Elena Popescu,Other,Female,33-40,Undergraduate student,Brunel University London,Prefer not to say,PhD Year 2,Business & Management,High,A_no_explanation,2026-08-06 10:15:20,55.0,No,3,1.6,3.2,0.7,0.6,0.181,2.7,15143,1,1,2,66,True,5.68,2.57,2,4
P0501,Noor A. Baig,Pakistani,Female,18-22,Postgraduate student (MSc),Daffodil International University,MSc / MA / MEng,Year 2,Media & Communication,High,B_surface,2026-08-06 16:58:20,44.3,No,3,4.7,3.1,0.4,0.7,0.175,3.2,16604,3,3,3,85,False,4.26,3.63,5,4
P0502,Ramesh A. Dubey,Indian,Male,23-27,Student & part-time worker,University of Hertfordshire,BSc / BEng / BA,PG Year 2,Digital Marketing,Moderate,A_no_explanation,2026-08-06 11:16:39,54.5,No,3,1.5,3.9,0.6,0.5,0.088,3.1,14961,1,1,3,69,True,4.44,4.29,3,4
P0503,Urmila A. Dubey,Indian,Female,23-27,Undergraduate student,University of Dhaka,Prefer not to say,PhD Year 1,Graphic Design,Low,B_surface,2026-08-14 11:00:43,54.0,Somewhat — thought it was about AI accuracy,2,3.6,3.5,0.8,0.5,0.0,2.8,14878,0,0,2,100,False,3.77,3.29,3,3
P0504,Vikram A. Singh,Indian,Male,18-22,Undergraduate student,University of Hertfordshire,Prefer not to say,PG Year 1,Information Technology,Low,B_surface,2026-08-03 11:58:10,51.5,Somewhat — thought it was about AI accuracy,0,4.6,3.3,0.6,0.5,0.5,3.4,15776,1,1,3,80,True,5.23,4.06,2,2
P0505,Uche Nnaji,Nigerian,Male,23-27,Working professional,University of Surrey,MSc / MA / MEng,PhD Year 2,Graphic Design,High,C_counterfactual,2026-08-02 16:59:17,59.7,No,3,2.4,4.2,0.4,0.7,0.524,3.4,20568,3,3,3,98,False,2.86,5.85,1,4
P0506,Jasim Uddin,Bangladeshi,Male,18-22,Undergraduate student,BRAC University,Prefer not to say,Year 2,Health Informatics,Low,C_counterfactual,2026-08-02 14:17:29,43.7,No,0,2.2,3.8,0.7,0.4,-0.25,2.8,17105,0,0,3,75,True,3.77,4.69,5,3
P0507,Sazzad Hossain,Bangladeshi,Male,23-27,Undergraduate student,BUET,Prefer not to say,PhD Year 1,International Business,Moderate,C_counterfactual,2026-08-06 15:48:45,45.1,No,0,1.7,1.3,0.4,0.7,-0.048,3.3,19951,3,3,3,75,True,4.52,6.38,4,3
P0508,Tahmina Akter,Bangladeshi,Female,23-27,Postgraduate student (MSc),Middlesex University,MSc / MA / MEng,Year 2,Data Science & AI,Moderate,C_counterfactual,2026-08-10 10:49:35,66.8,Somewhat — thought it was about AI accuracy,3,2.9,2.8,0.4,0.3,0.0,3.0,20886,1,1,5,62,True,4.65,5.66,5,4
P0509,Thomas Evans,British,Male,18-22,Postgraduate student (MSc),Brunel University London,Prefer not to say,PhD Year 1,Cybersecurity,High,C_counterfactual,2026-08-03 10:17:51,68.2,No,3,3.2,4.8,0.2,0.3,0.079,2.9,18178,2,2,6,85,False,3.71,5.05,5,2
P0510,Ava A. Jackson,British,Female,23-27,Postgraduate student (MSc),University of Dhaka,Not a student,PhD Year 3,Media & Communication,None,A_no_explanation,2026-08-04 11:25:00,41.7,Somewhat — thought it was about usability,1,4.6,2.5,0.8,0.5,0.224,3.0,13672,0,0,2,83,False,4.89,5.69,3,3
P0511,Bin Luo,Chinese,Male,23-27,Undergraduate student,London Metropolitan University,Not a student,PG Year 1,International Business,Moderate,B_surface,2026-08-10 10:25:05,58.7,No,1,4.3,4.7,0.5,0.4,-0.175,2.9,15883,1,1,4,61,True,4.44,5.21,3,3
P0512,Asma A. Mirza,Pakistani,Female,23-27,Postgraduate student (MSc),Oxford Brookes University,MBA,PhD Year 1,Digital Marketing,Moderate,C_counterfactual,2026-08-07 16:23:25,49.9,Yes — I thought it was about trust in AI,1,2.2,3.4,0.5,0.4,0.0,3.0,18411,1,1,4,80,True,3.79,5.14,3,3
P0513,Mushfiqur Rahman,Bangladeshi,Male,23-27,Undergraduate student,University of Bedfordshire,MSc / MA / MEng,Year 3,Media & Communication,High,B_surface,2026-08-10 15:44:00,59.2,Unsure,1,3.5,4.2,0.8,0.7,0.048,2.4,15070,1,1,1,85,False,4.43,4.32,3,4
P0514,Sanjida Islam,Bangladeshi,Female,23-27,Undergraduate student,North South University,BSc / BEng / BA,Year 1,Psychology,None,A_no_explanation,2026-08-03 15:00:04,47.9,Somewhat — thought it was about AI accuracy,2,4.1,3.7,0.5,0.6,-0.087,2.9,16423,2,2,3,72,True,5.41,4.27,1,2
P0515,Jobayer Hossain,Bangladeshi,Male,18-22,Undergraduate student,University of Dhaka,PhD / MPhil,PG Year 1,Digital Marketing,None,C_counterfactual,2026-08-06 09:56:01,59.7,No,1,5.0,2.6,0.4,0.3,0.401,2.8,22614,1,1,5,73,True,4.45,5.4,3,3
P0516,Karim Mansour,Other,Male,23-27,Postgraduate student (MSc),Anglia Ruskin University,MSc / MA / MEng,PhD Year 1,Education Technology,Moderate,B_surface,2026-08-06 09:40:20,53.3,No,0,3.4,3.4,0.7,0.6,0.123,2.6,14640,1,1,2,67,True,4.51,6.59,4,3
P0517,Shamima Akter,Bangladeshi,Female,23-27,PhD researcher,Coventry University,Prefer not to say,Year 2,Business & Management,Moderate,A_no_explanation,2026-08-07 10:01:01,58.3,No,2,3.6,4.2,0.9,0.6,0.068,2.8,13735,0,0,1,64,True,5.74,5.04,3,4
P0518,Rokeya Begum,Bangladeshi,Female,51+,Postgraduate student (MSc),BUET,MSc / MA / MEng,Year 4,Media & Communication,Low,B_surface,2026-08-02 14:03:49,41.6,Somewhat — thought it was about usability,0,2.6,3.9,0.5,0.4,-0.519,3.1,17020,1,1,4,72,True,4.15,4.28,3,4
P0519,Kai Xu,Chinese,Male,28-32,Postgraduate student (MSc),Goldsmiths University of London,HND / Foundation,PG Year 2,Human-Computer Interaction,Moderate,A_no_explanation,2026-08-06 09:37:06,56.2,No,3,2.0,4.1,0.8,0.5,-0.224,3.0,13642,0,0,2,62,True,5.02,4.63,4,3
P0520,Madison A. Clark,British,Female,18-22,Undergraduate student,Coventry University,MSc / MA / MEng,Year 1,Computer Science,Low,B_surface,2026-08-02 14:49:03,47.1,Yes — I thought it was about trust in AI,3,3.9,4.9,0.8,0.5,0.106,2.9,14784,0,0,2,90,False,5.07,3.38,4,3
P0521,Izzat Hamdan,Malaysian,Male,33-40,Postgraduate student (MSc),"University for the Creative Arts, Farnham",MSc / MA / MEng,PhD Year 3,Finance & Accounting,Moderate,A_no_explanation,2026-08-02 11:48:51,64.1,No,2,3.2,4.3,0.7,0.8,-0.172,3.2,12752,2,2,1,45,False,3.89,2.85,4,4
P0522,Sadman Sakib,Bangladeshi,Male,18-22,Undergraduate student,Coventry University,BSc / BEng / BA,Year 4,International Business,None,B_surface,2026-08-05 16:09:31,49.4,No,3,3.7,3.3,0.6,0.7,-0.408,3.2,15649,2,2,2,61,True,4.14,3.31,2,3
P0523,Farhan A. Zulkifli,Malaysian,Male,18-22,PhD researcher,Middlesex University,PhD / MPhil,Completed,Human-Computer Interaction,High,C_counterfactual,2026-08-07 11:14:02,62.2,No,3,3.1,2.3,0.5,0.6,-0.255,3.3,19793,2,2,3,74,True,3.89,4.3,3,2
P0524,Shahida Begum,Bangladeshi,Female,41-50,Postgraduate student (MSc),Daffodil International University,BSc / BEng / BA,PG Year 2,Information Technology,None,B_surface,2026-08-04 12:28:02,55.5,Somewhat — thought it was about usability,3,1.9,3.8,0.7,0.8,-0.153,3.2,15686,2,2,1,81,False,4.59,5.15,1,3
P0525,Mahbubur Rahman,Bangladeshi,Male,23-27,Undergraduate student,London Metropolitan University,MSc / MA / MEng,Year 3,Finance & Accounting,None,A_no_explanation,2026-08-14 11:02:19,44.0,No,2,2.7,3.3,0.8,0.5,0.0,3.2,15378,0,0,2,36,False,3.95,5.59,3,3
P0526,Manoj A. Joshi,Indian,Male,18-22,Undergraduate student,BUET,BSc / BEng / BA,Year 4,Computer Science,Moderate,A_no_explanation,2026-08-02 15:32:30,49.9,Somewhat — thought it was about usability,0,4.4,3.2,0.6,0.5,0.333,3.1,16636,1,1,3,98,False,5.01,4.17,1,5
P0527,Daniel Harris,British,Male,33-40,Postgraduate student (MSc),BRAC University,BSc / BEng / BA,Year 3,Media & Communication,Low,A_no_explanation,2026-08-03 14:44:33,49.3,No,3,1.1,2.2,0.8,0.7,0.488,3.0,12859,1,1,1,99,False,4.98,4.22,2,5
P0528,Rahima Begum,Bangladeshi,Female,28-32,Undergraduate student,Daffodil International University,BSc / BEng / BA,Completed,Business & Management,Low,C_counterfactual,2026-08-04 10:57:26,56.5,Somewhat — thought it was about usability,3,3.3,2.5,0.4,0.5,0.2,3.5,21130,2,2,4,63,True,4.02,4.77,4,2
P0529,Sunita A. Mehta,Indian,Female,18-22,PhD researcher,North South University,MSc / MA / MEng,PhD Year 2,Human-Computer Interaction,Moderate,B_surface,2026-08-17 13:54:04,57.3,No,2,2.4,1.9,0.7,0.6,0.612,3.6,14635,1,1,2,70,True,4.05,4.41,2,4
P0530,Natalie A. Lewis,British,Female,23-27,Undergraduate student,University of Hertfordshire,BSc / BEng / BA,Year 1,Health Informatics,None,C_counterfactual,2026-08-15 10:19:25,47.8,No,2,3.9,4.8,0.5,0.6,0.535,3.3,19361,2,2,3,68,True,4.34,3.52,5,4
P0531,Asma Begum,Bangladeshi,Female,23-27,Postgraduate student (MSc),North South University,BSc / BEng / BA,Year 4,Human-Computer Interaction,Low,A_no_explanation,2026-08-08 11:22:05,52.7,Somewhat — thought it was about usability,2,2.5,4.2,0.6,0.5,-0.16,3.2,14938,1,1,3,70,True,4.59,2.55,2,4
P0532,Mahir Hossain,Bangladeshi,Male,18-22,Working professional,University of East London,MSc / MA / MEng,Year 4,Computer Science,Moderate,C_counterfactual,2026-08-11 10:00:11,55.2,No,3,3.6,3.3,0.4,0.5,-0.343,2.8,20851,2,2,4,58,False,4.16,5.5,3,3
P0533,Hosne Ara,Bangladeshi,Female,18-22,Academic / lecturer,Kingston University London,BSc / BEng / BA,Year 2,Media & Communication,Moderate,B_surface,2026-08-07 09:15:32,68.0,Somewhat — thought it was about AI accuracy,1,2.8,2.6,0.7,0.6,-0.327,3.2,15159,1,1,2,67,True,5.54,5.02,4,4
P0534,Rabeya Begum,Bangladeshi,Female,18-22,Postgraduate student (MBA),Brunel University London,Not a student,PhD Year 3,Finance & Accounting,Low,C_counterfactual,2026-08-06 11:02:03,51.0,No,3,3.1,3.1,0.6,0.7,-0.024,3.3,18150,2,2,2,72,True,2.93,7.0,3,2
P0535,Imtiaz Ahmed,Bangladeshi,Male,23-27,Graduate (recent),University of Reading,BSc / BEng / BA,PG Year 2,Psychology,Moderate,C_counterfactual,2026-08-08 11:00:40,46.7,No,3,2.0,4.0,0.4,0.7,0.703,3.3,19709,3,3,3,72,True,5.06,4.71,5,4
P0536,Saifur Rahman,Bangladeshi,Male,28-32,Undergraduate student,Goldsmiths University of London,MSc / MA / MEng,Year 4,Human-Computer Interaction,None,B_surface,2026-08-02 11:00:00,61.1,No,1,2.4,2.5,0.6,0.5,0.447,3.0,16733,1,1,3,62,True,3.2,4.87,2,4
P0537,James Wilson,British,Male,23-27,Student & part-time worker,"University for the Creative Arts, Farnham",MSc / MA / MEng,PG Year 1,Data Science & AI,Moderate,B_surface,2026-08-06 11:10:24,44.0,No,3,2.8,2.1,0.7,0.6,0.408,3.0,16474,1,1,2,63,True,3.67,3.56,4,4
P0538,Radha A. Pandey,Indian,Female,23-27,PhD researcher,Oxford Brookes University,MSc / MA / MEng,Completed,Education Technology,Moderate,A_no_explanation,2026-08-06 11:48:28,51.5,No,1,4.3,2.3,0.6,0.3,0.094,2.9,15419,0,0,4,48,False,5.3,4.48,3,3
P0539,Laila A. Chaudhry,Pakistani,Prefer not to say,18-22,Undergraduate student,Kingston University London,MSc / MA / MEng,Year 2,Finance & Accounting,Moderate,B_surface,2026-08-04 10:56:27,64.5,No,1,2.6,4.9,0.6,0.3,-0.0,3.0,17120,0,0,4,56,False,4.58,4.52,3,5
P0540,Jessica A. Mitchell,British,Female,28-32,Postgraduate student (MSc),"University for the Creative Arts, Farnham",Prefer not to say,Year 2,Psychology,Moderate,B_surface,2026-08-11 14:06:21,75.1,No,2,1.6,2.8,0.5,0.6,0.068,2.8,16931,2,2,3,86,False,3.5,4.15,4,4
P0541,Hui Yang,Chinese,Prefer not to say,23-27,Postgraduate student (MSc),Daffodil International University,MSc / MA / MEng,Year 1,Computer Science,Moderate,C_counterfactual,2026-08-04 12:11:52,70.5,No,1,3.8,3.9,0.7,0.8,0.149,3.3,17450,2,2,1,54,False,2.88,5.5,5,3
P0542,Shayla Akter,Bangladeshi,Female,18-22,Postgraduate student (MBA),Kingston University London,MSc / MA / MEng,Completed,Cybersecurity,Moderate,A_no_explanation,2026-08-03 16:15:58,40.7,No,3,4.2,2.5,0.5,0.6,0.087,3.1,15828,2,2,3,44,False,4.0,4.49,2,3
P0543,Syafiq A. Ramli,Malaysian,Male,23-27,Academic / lecturer,University of Reading,BSc / BEng / BA,PG Year 2,Media & Communication,Moderate,C_counterfactual,2026-08-03 09:05:56,44.8,Yes — I thought it was about trust in AI,0,2.7,3.3,0.5,0.8,-0.25,3.2,19326,3,3,2,94,False,3.9,5.58,3,4
P0544,Harry A. Johnson,British,Male,33-40,PhD researcher,BRAC University,MSc / MA / MEng,PhD Year 2,Business & Management,Low,C_counterfactual,2026-08-02 10:26:28,61.4,Yes — I thought it was about trust in AI,1,3.1,4.5,0.4,0.7,-0.375,3.3,19258,3,3,3,49,False,4.3,5.52,4,5
P0545,Lima Akter,Bangladeshi,Female,18-22,Graduate (recent),London Metropolitan University,BSc / BEng / BA,PG Year 2,Digital Marketing,Moderate,C_counterfactual,2026-08-08 09:32:45,51.8,Yes — I thought it was about trust in AI,2,3.4,2.2,0.5,0.6,-0.748,3.2,21396,2,2,3,100,False,2.86,5.76,5,3
P0546,Camila Ferreira,Other,Prefer not to say,23-27,PhD researcher,University of Bedfordshire,PhD / MPhil,PhD Year 2,Health Informatics,Moderate,A_no_explanation,2026-08-12 10:50:09,49.5,Somewhat — thought it was about usability,1,1.6,4.3,0.4,0.5,-0.267,3.2,16542,2,2,4,68,True,4.2,5.86,3,4
P0547,Sarwar Hossain,Bangladeshi,Male,23-27,Undergraduate student,University of East London,Not a student,PG Year 1,Graphic Design,High,B_surface,2026-08-02 16:55:51,65.9,No,3,2.7,2.3,0.5,0.4,0.323,3.0,17040,1,1,4,76,True,3.81,5.91,4,3
P0548,Kohinoor Begum,Bangladeshi,Female,18-22,Postgraduate student (MSc),BRAC University,MSc / MA / MEng,Year 1,Human-Computer Interaction,Low,A_no_explanation,2026-08-06 14:30:01,52.3,Somewhat — thought it was about AI accuracy,3,2.9,3.9,0.6,0.5,0.16,3.2,15277,1,1,3,74,True,5.78,3.86,1,4
P0549,Masud Rana,Bangladeshi,Male,23-27,PhD researcher,"University for the Creative Arts, Farnham",Not a student,PG Year 1,Business & Management,None,C_counterfactual,2026-08-02 12:50:31,48.1,Unsure,1,4.3,2.8,0.4,0.5,0.0,3.2,19228,2,2,4,73,True,4.98,5.02,5,4
P0550,Meera A. Verma,Indian,Female,23-27,Postgraduate student (MBA),BUET,MSc / MA / MEng,PG Year 2,Computer Science,Low,B_surface,2026-08-05 16:46:11,45.4,Unsure,1,3.5,4.4,0.8,0.7,-0.263,3.4,13407,1,1,1,57,False,6.09,5.59,4,3
P0551,Naimul Islam,Bangladeshi,Male,23-27,Student & part-time worker,Brunel University London,BSc / BEng / BA,PG Year 2,Digital Marketing,Low,B_surface,2026-08-02 16:45:39,49.1,No,2,4.5,3.3,0.8,0.9,0.0,3.0,12402,2,2,0,75,True,2.85,4.13,2,3
P0552,Rubayat Ahmed,Bangladeshi,Male,23-27,PhD researcher,"University for the Creative Arts, Farnham",MBA,Year 2,Graphic Design,High,A_no_explanation,2026-08-15 10:13:38,41.8,No,2,3.2,1.7,0.5,0.4,0.408,2.8,15654,1,1,4,70,True,4.73,2.48,1,2
P0553,Kavitha A. Nair,Indian,Female,23-27,Postgraduate student (MSc),Coventry University,BSc / BEng / BA,PhD Year 2,Finance & Accounting,None,A_no_explanation,2026-08-07 15:04:47,44.6,No,3,4.3,3.0,0.8,0.9,0.0,3.0,13546,2,2,0,50,False,4.53,4.73,4,4
P0554,Yetunde Akinwale,Nigerian,Female,23-27,Postgraduate student (MSc),Oxford Brookes University,PhD / MPhil,PhD Year 1,Digital Marketing,High,B_surface,2026-08-16 11:12:31,56.0,No,3,3.4,4.0,0.7,0.8,-0.389,3.3,15090,2,2,1,72,True,4.25,4.34,4,4
P0555,Divya A. Pillai,Indian,Female,23-27,Undergraduate student,North South University,PhD / MPhil,PhD Year 3,Education Technology,Low,B_surface,2026-08-11 09:53:08,47.8,No,1,2.4,2.6,0.5,0.6,-0.038,3.2,16712,2,2,3,57,False,2.46,4.02,2,3
P0556,Rabia A. Hussain,Pakistani,Female,33-40,PhD researcher,University of Dhaka,BSc / BEng / BA,PhD Year 1,Information Technology,Moderate,B_surface,2026-08-10 14:43:55,50.6,No,3,3.3,3.7,0.8,0.7,0.15,3.2,13372,1,1,1,75,True,4.19,4.15,3,3
P0557,Ahmed Hassan,Other,Male,23-27,Postgraduate student (MSc),Coventry University,Not a student,PG Year 1,Education Technology,Moderate,C_counterfactual,2026-08-02 10:32:26,39.3,No,0,3.2,4.1,0.4,0.3,0.066,3.6,21881,1,1,5,77,True,3.87,5.05,2,3
P0558,Shahid Ullah,Bangladeshi,Male,23-27,Undergraduate student,Coventry University,MBA,PhD Year 1,International Business,Moderate,B_surface,2026-08-04 10:23:35,55.0,No,2,3.5,3.3,0.4,0.7,-0.218,3.1,17194,3,3,3,67,True,4.24,4.54,4,3
P0559,Sujon Ahmed,Bangladeshi,Male,23-27,Graduate (recent),Middlesex University,BSc / BEng / BA,Year 3,Digital Marketing,Moderate,B_surface,2026-08-08 10:08:52,58.8,No,2,5.0,2.6,0.7,0.8,-0.2,3.2,14364,2,2,1,73,True,4.64,4.41,3,5
P0560,Ritu A. Gupta,Indian,Female,23-27,Undergraduate student,University of Hertfordshire,MBA,PhD Year 1,Health Informatics,None,C_counterfactual,2026-08-02 16:55:56,53.4,Somewhat — thought it was about usability,1,4.5,2.8,0.7,0.8,0.2,3.8,17490,2,2,1,84,False,3.72,4.58,5,3
P0561,Habibur Rahman,Bangladeshi,Male,28-32,Working professional,Daffodil International University,BSc / BEng / BA,Year 3,Media & Communication,Low,B_surface,2026-08-13 16:38:06,57.0,No,1,4.6,3.0,0.4,0.3,-0.069,3.1,18245,1,1,5,83,False,3.21,2.9,3,4
P0562,Leila Reza,Other,Prefer not to say,41-50,Student & part-time worker,University of Hertfordshire,BSc / BEng / BA,PhD Year 2,Software Engineering,High,A_no_explanation,2026-08-02 11:31:59,48.3,Yes — I thought it was about trust in AI,1,2.8,5.0,0.8,0.7,0.218,2.6,13698,1,1,1,85,False,4.59,3.73,1,4
P0563,Sophie A. Walker,British,Female,33-40,Undergraduate student,Oxford Brookes University,BSc / BEng / BA,Year 4,Digital Marketing,None,A_no_explanation,2026-08-07 09:42:25,53.2,No,2,1.0,3.9,0.8,0.9,0.111,3.2,14672,2,2,0,59,False,5.57,4.53,2,4
P0564,Jing Zheng,Chinese,Male,18-22,PhD researcher,BUET,Prefer not to say,Completed,Business & Management,None,A_no_explanation,2026-08-03 14:52:21,51.8,Yes — I thought it was about trust in AI,3,4.3,2.6,0.6,0.5,0.258,3.0,13652,1,1,3,40,False,4.47,4.36,4,4
P0565,Shakibul A. Hasan,Bangladeshi,Male,18-22,Working professional,Goldsmiths University of London,MBA,PG Year 1,Cybersecurity,None,A_no_explanation,2026-08-03 12:16:34,47.8,No,2,3.7,3.3,0.8,0.7,0.162,2.9,14480,1,1,1,66,True,4.35,2.63,2,3
P0566,Abigail A. Robinson,British,Female,23-27,Undergraduate student,Daffodil International University,BSc / BEng / BA,Year 2,Media & Communication,Moderate,A_no_explanation,2026-08-05 12:03:27,39.7,Unsure,1,1.0,2.5,0.8,0.5,0.0,2.8,13771,0,0,2,48,False,3.67,3.65,2,3
P0567,Lutfa A. Begum,Bangladeshi,Female,18-22,Undergraduate student,Anglia Ruskin University,MSc / MA / MEng,Year 4,Human-Computer Interaction,Moderate,A_no_explanation,2026-08-02 13:14:52,44.1,No,3,3.9,5.0,0.6,0.7,-0.582,2.8,15460,2,2,2,61,True,4.93,3.85,3,2
P0568,Syafiqah A. Ramli,Malaysian,Female,18-22,Undergraduate student,Anglia Ruskin University,BSc / BEng / BA,PhD Year 1,Software Engineering,Moderate,B_surface,2026-08-03 12:06:25,60.6,No,1,3.0,3.9,0.5,0.6,0.185,3.4,15983,2,2,3,59,False,4.92,4.79,1,3
P0569,Isla A. Young,British,Prefer not to say,28-32,Undergraduate student,BRAC University,BSc / BEng / BA,Year 3,Digital Marketing,Low,B_surface,2026-08-16 14:26:50,47.9,No,1,2.6,2.9,0.5,0.4,-0.055,2.8,18299,1,1,4,57,False,4.2,4.06,2,4
P0570,Hasna A. Begum,Bangladeshi,Female,23-27,Student & part-time worker,North South University,MSc / MA / MEng,Year 4,Finance & Accounting,None,C_counterfactual,2026-08-06 15:09:57,46.2,No,2,4.0,3.9,0.6,0.9,0.04,3.1,20307,3,3,1,68,True,4.22,5.64,4,3
P0571,Ethan A. White,British,Male,28-32,Undergraduate student,Oxford Brookes University,BSc / BEng / BA,Year 4,Cybersecurity,Low,C_counterfactual,2026-08-04 12:37:29,43.6,No,3,1.6,5.0,0.6,0.5,-0.616,3.1,20289,1,1,3,81,False,4.14,3.74,3,5
P0572,Noor A. Islam,Bangladeshi,Male,18-22,Undergraduate student,University of Reading,PhD / MPhil,Year 1,Media & Communication,High,B_surface,2026-08-06 11:16:35,55.3,No,3,3.9,2.9,0.5,0.2,-0.167,3.2,17506,0,0,5,82,False,3.23,3.95,3,4
P0573,Deepak A. Tiwari,Indian,Male,51+,Postgraduate student (MSc),Daffodil International University,Prefer not to say,PhD Year 3,Education Technology,Moderate,B_surface,2026-08-02 10:08:17,46.9,No,2,3.9,3.3,0.8,0.5,0.128,3.3,12836,0,0,2,78,True,5.2,5.81,2,3
P0574,Swati A. Joshi,Indian,Female,18-22,Postgraduate student (MSc),BRAC University,PhD / MPhil,Year 4,Data Science & AI,Moderate,B_surface,2026-08-09 10:29:57,51.2,Somewhat — thought it was about usability,3,3.2,3.3,0.3,0.6,-0.383,2.7,19383,3,3,4,60,True,4.12,3.89,4,3
P0575,Nazia A. Islam,Bangladeshi,Female,18-22,Working professional,Kingston University London,Prefer not to say,PhD Year 1,Digital Marketing,None,C_counterfactual,2026-08-14 10:24:16,47.8,No,0,3.0,2.8,0.4,0.3,0.327,2.6,19837,1,1,5,77,True,3.55,3.46,4,2
P0576,Tahiya A. Islam,Bangladeshi,Female,33-40,Undergraduate student,Coventry University,MBA,Year 3,Cybersecurity,High,C_counterfactual,2026-08-03 11:52:47,54.9,No,3,2.9,3.1,0.5,0.6,0.312,3.6,20357,2,2,3,54,False,4.67,5.5,3,4
P0577,Ashraful A. Alam,Bangladeshi,Male,23-27,Undergraduate student,"University for the Creative Arts, Farnham",BSc / BEng / BA,Completed,Psychology,High,B_surface,2026-08-09 13:25:51,35.1,No,0,2.6,3.4,0.6,0.7,0.0,3.0,16923,2,2,2,84,False,3.91,4.21,3,1
P0578,Zakia A. Begum,Bangladeshi,Female,18-22,Graduate (recent),Kingston University London,Not a student,PhD Year 1,Human-Computer Interaction,Low,A_no_explanation,2026-08-07 10:33:51,52.9,Somewhat — thought it was about usability,2,3.5,3.6,0.7,0.6,0.408,2.8,13010,1,1,2,46,False,5.3,3.3,3,4
P0579,Layla A. Akter,Bangladeshi,Female,33-40,PhD researcher,BRAC University,MSc / MA / MEng,Year 2,Psychology,Moderate,B_surface,2026-08-13 10:36:01,40.9,Unsure,1,3.7,3.7,0.8,0.7,0.579,3.2,14890,1,1,1,80,True,5.12,4.58,1,4
P0580,Belal A. Hossain,Bangladeshi,Male,18-22,Undergraduate student,BRAC University,PhD / MPhil,Year 4,Psychology,Moderate,A_no_explanation,2026-08-05 16:50:11,50.6,Somewhat — thought it was about AI accuracy,3,2.9,3.4,0.4,0.5,0.459,2.8,16527,2,2,4,58,False,5.71,4.27,4,2
P0581,Nusrat A. Jahan,Bangladeshi,Female,23-27,Undergraduate student,BUET,MBA,PG Year 2,Data Science & AI,Moderate,B_surface,2026-08-07 09:33:46,53.6,No,2,4.5,1.8,0.5,0.4,0.255,3.3,17364,1,1,4,68,True,4.44,3.67,3,4
P0582,Sohanur A. Rahman,Bangladeshi,Male,23-27,Undergraduate student,BRAC University,MSc / MA / MEng,PhD Year 1,Human-Computer Interaction,Low,C_counterfactual,2026-08-06 10:45:46,49.7,No,3,2.8,3.5,0.8,0.7,-0.355,3.5,18092,1,1,1,97,False,4.26,6.17,3,2
P0583,Nadia A. Iqbal,Pakistani,Female,33-40,Postgraduate student (MSc),University of Bedfordshire,MSc / MA / MEng,PhD Year 2,Digital Marketing,Moderate,C_counterfactual,2026-08-04 11:09:40,39.1,No,3,3.1,3.4,0.6,0.5,-0.287,3.1,18544,1,1,3,70,True,3.43,6.15,3,3
P0584,Fatema A. Begum,Bangladeshi,Female,33-40,Undergraduate student,Daffodil International University,MSc / MA / MEng,PG Year 1,Education Technology,Low,C_counterfactual,2026-08-08 10:01:47,53.6,No,1,2.5,2.6,0.5,0.6,0.491,3.2,19370,2,2,3,67,True,5.31,4.92,3,3
P0585,Rahul A. Verma,Indian,Male,23-27,Undergraduate student,Oxford Brookes University,MSc / MA / MEng,Year 4,Graphic Design,None,A_no_explanation,2026-08-15 11:08:25,46.6,Somewhat — thought it was about usability,2,3.9,3.1,0.9,0.6,0.0,2.5,15739,0,0,1,65,True,4.62,5.95,3,4
P0586,Fahim A. Uddin,Bangladeshi,Male,28-32,Postgraduate student (MSc),University of Surrey,PhD / MPhil,PhD Year 2,Business & Management,Low,A_no_explanation,2026-08-02 10:33:14,44.4,No,2,2.4,4.6,0.8,0.5,0.0,3.2,11428,0,0,2,80,True,5.46,3.73,2,3
P0587,Kamrun A. Nahar,Bangladeshi,Female,23-27,Undergraduate student,London Metropolitan University,BSc / BEng / BA,Year 1,Information Technology,Moderate,C_counterfactual,2026-08-10 14:44:01,50.4,Somewhat — thought it was about usability,1,2.6,3.0,0.6,0.7,0.089,3.4,18112,2,2,2,85,False,4.86,4.29,4,2
P0588,Rui Hu,Chinese,Male,28-32,Graduate (recent),BRAC University,MBA,PG Year 2,Data Science & AI,Low,A_no_explanation,2026-08-05 16:40:44,53.1,No,2,3.1,4.0,0.8,0.5,-0.196,2.6,12089,0,0,2,54,False,3.97,3.74,2,3
P0589,Matthew A. Hall,British,Male,23-27,Working professional,University of Hertfordshire,Prefer not to say,PG Year 2,Psychology,Low,B_surface,2026-08-05 12:02:24,47.7,No,2,3.0,3.3,0.5,0.6,-0.167,2.8,16569,2,2,3,71,True,3.58,4.58,3,3
P0590,Lakshmi A. Reddy,Indian,Female,28-32,Undergraduate student,"University for the Creative Arts, Farnham",MBA,Year 3,Digital Marketing,None,C_counterfactual,2026-08-06 09:56:41,50.4,No,1,4.6,3.9,0.7,0.6,0.681,3.6,18182,1,1,2,75,True,3.83,6.3,5,4
P0591,Khairul A. Islam,Bangladeshi,Male,18-22,Undergraduate student,North South University,Prefer not to say,PhD Year 2,Software Engineering,Moderate,B_surface,2026-08-09 10:34:33,48.0,Somewhat — thought it was about AI accuracy,1,2.5,4.0,0.7,0.6,-0.185,3.6,14492,1,1,2,64,True,5.12,3.79,3,3
P0592,Nabil A. Hossain,Bangladeshi,Male,23-27,Undergraduate student,University of Hertfordshire,MSc / MA / MEng,Completed,Media & Communication,Moderate,A_no_explanation,2026-08-05 16:42:35,48.4,No,3,3.6,3.9,0.8,0.5,0.1,3.3,12538,0,0,2,69,True,3.91,4.72,2,3
P0593,Wali A. Ullah,Bangladeshi,Male,33-40,Postgraduate student (MSc),BRAC University,MSc / MA / MEng,Year 1,Software Engineering,Low,B_surface,2026-08-05 14:00:19,45.9,No,3,3.1,3.1,0.5,0.6,0.183,3.5,17227,2,2,3,91,False,4.65,4.46,4,4
P0594,Imran A. Hossain,Bangladeshi,Male,33-40,Postgraduate student (MBA),Middlesex University,MSc / MA / MEng,Year 1,Cybersecurity,Low,C_counterfactual,2026-08-04 10:20:07,58.4,Yes — I thought it was about trust in AI,1,4.0,2.8,0.8,0.7,-0.145,3.2,16190,1,1,1,68,True,2.94,5.65,1,4
P0595,Yan Liu,Chinese,Female,23-27,PhD researcher,University of Hertfordshire,BSc / BEng / BA,PhD Year 3,Digital Marketing,Moderate,C_counterfactual,2026-08-04 14:58:34,51.3,No,0,2.2,2.4,0.4,0.5,0.0,3.6,20732,2,2,4,77,True,4.49,5.55,4,5
P0596,Grace A. Wright,British,Female,28-32,Undergraduate student,Brunel University London,PhD / MPhil,PhD Year 3,Human-Computer Interaction,High,C_counterfactual,2026-08-04 09:52:06,48.2,No,1,1.7,3.5,0.3,0.4,0.7,2.9,20458,2,2,5,69,True,4.67,5.49,5,3
P0597,Shirin A. Akter,Bangladeshi,Female,28-32,Undergraduate student,Kingston University London,PhD / MPhil,PhD Year 1,Finance & Accounting,Moderate,A_no_explanation,2026-08-08 11:14:47,46.8,No,1,1.0,2.2,0.6,0.5,-0.516,3.0,13499,1,1,3,58,False,2.55,3.11,4,2
P0598,Naveed A. Chaudhry,Pakistani,Male,23-27,Postgraduate student (MSc),"University for the Creative Arts, Farnham",MSc / MA / MEng,Completed,Computer Science,Low,C_counterfactual,2026-08-07 10:21:55,54.3,No,2,1.7,4.2,0.7,0.6,-0.209,3.3,17842,1,1,2,61,True,4.71,6.4,4,3
P0599,Rasel A. Ahmed,Bangladeshi,Male,23-27,Postgraduate student (MBA),Goldsmiths University of London,Prefer not to say,PG Year 2,Human-Computer Interaction,Moderate,B_surface,2026-08-08 10:24:37,54.4,No,2,4.0,3.1,0.5,0.4,0.123,3.4,16656,1,1,4,87,False,3.59,3.24,3,3
P0600,Dong Guo,Chinese,Male,23-27,Postgraduate student (MSc),University of Surrey,HND / Foundation,PhD Year 3,Graphic Design,Moderate,A_no_explanation,2026-08-02 12:56:47,40.4,Somewhat — thought it was about AI accuracy,0,4.4,2.7,0.7,0.8,0.25,2.8,15294,2,2,1,55,False,5.15,3.44,1,3
P0601,Arif A. Hossain,Bangladeshi,Male,18-22,Student & part-time worker,Kingston University London,BSc / BEng / BA,PG Year 1,Digital Marketing,Moderate,C_counterfactual,2026-08-02 13:46:12,65.7,No,2,3.8,1.0,0.5,0.6,-0.196,3.2,20337,2,2,3,92,False,4.08,6.07,2,4
P0602,Chuks Okafor,Nigerian,Male,23-27,Working professional,Middlesex University,MBA,PhD Year 1,Digital Marketing,None,C_counterfactual,2026-08-03 14:33:52,46.6,No,2,2.9,2.2,0.5,0.6,0.087,3.1,17731,2,2,3,78,True,3.97,5.96,5,3
P0603,Lutfur A. Rahman,Bangladeshi,Male,33-40,Student & part-time worker,University of East London,BSc / BEng / BA,PhD Year 3,Psychology,Low,C_counterfactual,2026-08-12 10:58:29,39.9,Unsure,1,2.6,2.5,0.6,0.5,0.0,3.6,19374,1,1,3,86,False,3.4,4.31,3,2
P0604,Shapna A. Akter,Bangladeshi,Female,18-22,PhD researcher,Goldsmiths University of London,MBA,PG Year 1,Health Informatics,Moderate,B_surface,2026-08-02 13:44:02,56.0,No,2,3.7,3.6,0.6,0.7,0.355,3.5,14902,2,2,2,75,True,4.78,4.64,3,5
P0605,Mitu A. Akter,Bangladeshi,Female,18-22,Undergraduate student,University of Westminster,MSc / MA / MEng,PG Year 1,Graphic Design,Low,C_counterfactual,2026-08-08 15:08:06,53.4,Somewhat — thought it was about AI accuracy,0,2.5,2.2,0.5,0.4,0.102,3.4,18619,1,1,4,75,True,4.42,4.6,2,1
P0606,Bilal A. Ahmed,Pakistani,Male,28-32,Undergraduate student,London Metropolitan University,PhD / MPhil,Year 2,Information Technology,None,B_surface,2026-08-03 16:25:40,58.0,No,1,3.4,3.2,0.8,0.7,0.488,3.0,13625,1,1,1,94,False,4.22,4.85,2,5
P0607,Nayem A. Islam,Bangladeshi,Male,23-27,Undergraduate student,University of Reading,MBA,Year 4,Software Engineering,High,C_counterfactual,2026-08-05 10:11:06,54.2,Somewhat — thought it was about AI accuracy,3,3.2,3.1,0.4,0.5,0.25,3.4,19525,2,2,4,69,True,3.67,4.71,5,3
P0608,Ashique A. Hossain,Bangladeshi,Male,18-22,Graduate (recent),Kingston University London,BSc / BEng / BA,Year 2,Education Technology,High,C_counterfactual,2026-08-10 11:33:22,76.0,No,1,1.9,2.6,0.4,0.5,0.111,3.3,18829,2,2,4,53,False,3.2,6.96,4,3
P0609,Sagor A. Hossain,Bangladeshi,Male,28-32,Postgraduate student (MSc),North South University,BSc / BEng / BA,Year 4,Computer Science,Moderate,C_counterfactual,2026-08-02 13:03:29,51.6,Unsure,3,4.4,3.2,0.2,0.5,-0.156,3.3,21713,3,3,5,57,False,3.05,5.99,3,4
P0610,Shahnaz A. Parvin,Bangladeshi,Prefer not to say,28-32,PhD researcher,University of Westminster,BSc / BEng / BA,Completed,International Business,Low,A_no_explanation,2026-08-03 09:01:10,46.5,Yes — I thought it was about trust in AI,1,2.9,3.7,0.6,0.3,0.342,2.9,14111,0,0,4,68,True,6.09,3.68,5,2
P0611,Mehrab A. Hossain,Bangladeshi,Male,41-50,Postgraduate student (MSc),London Metropolitan University,MSc / MA / MEng,PG Year 2,Education Technology,Moderate,B_surface,2026-08-11 10:13:34,51.6,Somewhat — thought it was about AI accuracy,2,2.4,2.2,0.1,0.4,0.327,3.2,20772,3,3,6,71,True,3.32,6.08,3,3
P0612,Shahriar A. Kabir,Bangladeshi,Male,23-27,Postgraduate student (MSc),University of Dhaka,Prefer not to say,Year 3,International Business,None,C_counterfactual,2026-08-03 13:48:44,52.2,No,3,3.1,4.2,0.1,0.4,-0.272,3.2,24879,3,3,6,66,True,3.7,4.66,4,2
P0613,Naima A. Islam,Bangladeshi,Female,18-22,Undergraduate student,University of Hertfordshire,BSc / BEng / BA,PhD Year 1,Software Engineering,Low,B_surface,2026-08-03 16:25:38,49.5,Somewhat — thought it was about usability,1,2.8,4.6,0.7,0.6,-0.098,2.9,15474,1,1,2,83,False,3.1,3.02,3,2
P0614,Phoebe A. Phillips,British,Female,23-27,PhD researcher,Middlesex University,BSc / BEng / BA,PG Year 1,Information Technology,Moderate,B_surface,2026-08-02 12:13:16,39.7,Somewhat — thought it was about AI accuracy,3,2.4,2.8,0.5,0.6,0.264,3.0,15962,2,2,3,59,False,4.42,4.63,4,3
P0615,Hannah B. Green,British,Prefer not to say,23-27,Postgraduate student (MSc),University of Bedfordshire,BSc / BEng / BA,PhD Year 3,Business & Management,Low,B_surface,2026-08-07 11:08:31,60.6,No,2,2.1,3.4,0.4,0.5,-0.325,2.5,15906,2,2,4,53,False,4.8,6.4,4,3
P0616,Pradeep A. Iyer,Indian,Male,23-27,Postgraduate student (MSc),University of Bedfordshire,BSc / BEng / BA,PhD Year 1,Psychology,High,C_counterfactual,2026-08-05 11:49:25,36.1,No,2,3.4,2.9,0.3,0.6,0.366,3.7,20186,3,3,4,46,False,3.23,4.23,3,4
P0617,Dilruba A. Begum,Bangladeshi,Female,28-32,Student & part-time worker,BRAC University,Prefer not to say,Year 3,Data Science & AI,Low,A_no_explanation,2026-08-04 12:55:20,59.9,No,0,3.5,4.1,0.7,0.4,0.314,2.7,12909,0,0,3,76,True,4.96,3.74,3,2
P0618,Asad A. Mirza,Pakistani,Male,23-27,Postgraduate student (MSc),Oxford Brookes University,MSc / MA / MEng,Year 1,Health Informatics,Low,A_no_explanation,2026-08-03 09:04:12,51.5,Somewhat — thought it was about AI accuracy,3,2.3,3.0,0.6,0.7,0.488,3.0,14048,2,2,2,65,True,4.34,4.19,4,4
P0619,Rumana A. Akter,Bangladeshi,Female,23-27,Undergraduate student,"University for the Creative Arts, Farnham",MSc / MA / MEng,PG Year 2,Psychology,None,A_no_explanation,2026-08-04 12:07:03,49.0,No,3,3.9,1.8,0.8,0.7,0.02,2.7,15909,1,1,1,56,False,2.97,4.09,2,3
P0620,Raj A. Gupta,Indian,Male,23-27,Undergraduate student,Brunel University London,BSc / BEng / BA,Year 1,Business & Management,High,B_surface,2026-08-03 09:27:12,59.8,No,2,2.7,2.3,0.4,0.3,-0.327,3.2,16571,1,1,5,90,False,3.74,3.85,4,3
P0621,Yusuf Ibrahim,Other,Male,23-27,Student & part-time worker,Coventry University,MSc / MA / MEng,PG Year 1,Health Informatics,None,A_no_explanation,2026-08-04 14:04:46,42.4,Somewhat — thought it was about AI accuracy,2,2.8,2.6,0.7,0.6,0.393,2.9,15156,1,1,2,64,True,5.1,3.93,2,2
P0622,Hassan A. Ali,Pakistani,Male,28-32,Undergraduate student,BRAC University,MSc / MA / MEng,Year 2,Cybersecurity,High,A_no_explanation,2026-08-13 14:04:41,50.3,No,0,3.5,3.2,0.8,0.5,0.0,3.2,11594,0,0,2,26,False,5.64,3.23,3,3
P0623,Sufia A. Begum,Bangladeshi,Female,23-27,Graduate (recent),London Metropolitan University,MBA,Completed,Graphic Design,High,A_no_explanation,2026-08-04 10:10:48,46.8,Yes — I thought it was about trust in AI,2,2.0,5.0,0.7,0.8,0.547,3.3,14545,2,2,1,62,True,5.14,3.37,5,2
P0624,Sumi A. Akter,Bangladeshi,Female,23-27,Postgraduate student (MSc),Brunel University London,MSc / MA / MEng,PG Year 2,Finance & Accounting,High,B_surface,2026-08-04 11:14:15,57.1,No,2,3.4,3.8,0.3,0.4,-0.227,2.9,17604,2,2,5,84,False,4.11,5.65,1,3
P0625,Ryan A. Green,British,Male,18-22,Undergraduate student,Brunel University London,HND / Foundation,Year 2,Cybersecurity,Low,C_counterfactual,2026-08-05 12:04:26,32.0,No,3,3.4,4.0,0.3,0.4,-0.606,2.9,20407,2,2,5,60,True,4.63,5.83,3,2
P0626,Abid A. Hossain,Bangladeshi,Male,23-27,Undergraduate student,Oxford Brookes University,Prefer not to say,Completed,Software Engineering,Moderate,C_counterfactual,2026-08-11 12:35:23,54.2,Somewhat — thought it was about usability,2,3.9,3.4,0.2,0.5,0.143,3.1,21998,3,3,5,73,True,3.6,4.35,4,5
P0627,Xia Zhou,Chinese,Female,18-22,PhD researcher,University of Reading,BSc / BEng / BA,Year 4,Information Technology,Moderate,A_no_explanation,2026-08-12 09:38:55,49.2,No,2,4.3,2.6,0.5,0.6,0.218,3.2,15566,2,2,3,57,False,3.34,2.36,1,3
P0628,Wura Oluwole,Nigerian,Female,23-27,Postgraduate student (MSc),Oxford Brookes University,BSc / BEng / BA,Completed,Digital Marketing,High,B_surface,2026-08-05 15:41:26,49.4,Yes — I thought it was about trust in AI,2,4.7,4.8,0.6,0.5,0.229,3.2,15844,1,1,3,97,False,4.94,2.92,3,4
P0629,Billal A. Hossain,Bangladeshi,Male,28-32,Postgraduate student (MSc),London Metropolitan University,MSc / MA / MEng,Year 2,Computer Science,High,B_surface,2026-08-02 15:01:49,32.0,No,2,3.9,2.8,0.5,0.6,-0.055,3.2,16731,2,2,3,78,True,4.82,3.93,4,3
P0630,Liang Ma,Chinese,Male,41-50,Undergraduate student,Oxford Brookes University,PhD / MPhil,PhD Year 2,Finance & Accounting,Moderate,B_surface,2026-08-06 10:20:16,47.7,Yes — I thought it was about trust in AI,1,2.0,2.5,0.5,0.6,0.228,3.0,16076,2,2,3,82,False,4.54,3.72,4,5
P0631,Jeba A. Akter,Bangladeshi,Female,18-22,Undergraduate student,Brunel University London,BSc / BEng / BA,Year 4,Psychology,Low,C_counterfactual,2026-08-05 11:06:24,57.7,Yes — I thought it was about trust in AI,0,1.7,3.2,0.5,0.8,-0.31,3.5,17401,3,3,2,74,True,3.52,5.65,4,5
P0632,Mahmudul A. Karim,Bangladeshi,Male,23-27,Undergraduate student,BUET,PhD / MPhil,Completed,Software Engineering,Low,B_surface,2026-08-13 10:02:12,53.6,No,2,3.5,2.9,0.5,0.6,0.0,3.0,17046,2,2,3,64,True,4.19,3.81,3,3
P0633,Nurjahan A. Begum,Bangladeshi,Female,18-22,Undergraduate student,Goldsmiths University of London,BSc / BEng / BA,PhD Year 1,Cybersecurity,High,A_no_explanation,2026-08-12 09:09:11,53.1,Yes — I thought it was about trust in AI,2,2.5,3.4,0.7,0.8,0.218,2.7,14987,2,2,1,42,False,3.92,2.13,4,3
P0634,Badrul A. Alam,Bangladeshi,Male,23-27,Student & part-time worker,University of Westminster,MSc / MA / MEng,Year 3,Digital Marketing,None,B_surface,2026-08-13 12:00:10,55.9,No,3,2.8,4.9,0.7,0.8,0.2,2.8,16478,2,2,1,73,True,4.7,5.92,5,4
P0635,Sharif A. Ahmed,Bangladeshi,Male,28-32,Postgraduate student (MSc),University of Hertfordshire,MSc / MA / MEng,Year 3,Finance & Accounting,Moderate,B_surface,2026-08-04 10:22:53,44.8,Unsure,0,4.1,2.6,0.5,0.6,0.068,2.8,16740,2,2,3,76,True,4.76,4.16,3,4
P0636,Oliver A. Smith,British,Male,28-32,Undergraduate student,Anglia Ruskin University,MSc / MA / MEng,Completed,Finance & Accounting,High,B_surface,2026-08-03 10:00:23,56.6,No,1,3.6,4.0,0.7,0.8,-0.444,2.7,14604,2,2,1,83,False,3.85,2.72,4,5
P0637,Shahed A. Alam,Bangladeshi,Male,18-22,PhD researcher,University of Surrey,MSc / MA / MEng,Completed,International Business,High,B_surface,2026-08-04 10:05:17,36.5,No,1,4.6,3.8,0.2,0.5,0.316,3.0,19451,3,3,5,71,True,4.09,5.5,2,4
P0638,Amna A. Siddiqui,Pakistani,Female,18-22,Undergraduate student,Brunel University London,MSc / MA / MEng,Year 1,Health Informatics,High,B_surface,2026-08-03 15:57:08,55.8,Somewhat — thought it was about AI accuracy,2,3.2,2.6,0.2,0.3,-0.413,3.3,19046,2,2,6,77,True,3.65,3.61,2,5
P0639,Hafizur A. Rahman,Bangladeshi,Male,28-32,Postgraduate student (MSc),Daffodil International University,MSc / MA / MEng,Year 4,Education Technology,Low,B_surface,2026-08-15 16:41:16,54.9,No,2,3.7,3.4,0.4,0.5,0.299,3.3,16617,2,2,4,64,True,4.11,4.92,4,5
P0640,Azlan A. Ishak,Malaysian,Male,23-27,Graduate (recent),University of Surrey,BSc / BEng / BA,Year 1,International Business,Moderate,B_surface,2026-08-04 10:51:32,36.6,No,0,1.4,4.4,0.5,0.6,0.73,2.5,17663,2,2,3,68,True,5.39,5.77,3,2
P0641,Runa A. Begum,Bangladeshi,Female,18-22,Postgraduate student (MBA),Daffodil International University,Prefer not to say,Year 3,Cybersecurity,Moderate,C_counterfactual,2026-08-02 11:18:07,49.7,Yes — I thought it was about trust in AI,2,3.4,3.9,0.1,0.4,0.175,3.1,24264,3,3,6,68,True,3.1,6.65,5,3
P0642,Zubayer A. Hossain,Bangladeshi,Male,28-32,Postgraduate student (MSc),University of Reading,Not a student,Year 1,Cybersecurity,Moderate,B_surface,2026-08-03 16:01:55,56.8,Somewhat — thought it was about usability,1,3.3,3.2,1.0,0.7,-0.184,3.1,13906,0,0,0,82,False,3.46,4.65,1,3
P0643,Sara A. Butt,Pakistani,Female,28-32,Postgraduate student (MBA),North South University,BSc / BEng / BA,Year 2,Human-Computer Interaction,None,B_surface,2026-08-06 15:08:51,49.0,No,3,2.8,2.4,0.5,0.6,-0.281,3.2,16721,2,2,3,51,False,4.35,5.01,3,2
P0644,Harunur A. Rashid,Bangladeshi,Male,28-32,Postgraduate student (MSc),Goldsmiths University of London,HND / Foundation,Year 4,Graphic Design,None,C_counterfactual,2026-08-02 11:32:25,53.1,No,3,2.5,2.5,0.7,0.6,0.272,3.3,18268,1,1,2,66,True,4.0,4.76,3,4
P0645,Ananya A. Krishnan,Indian,Female,23-27,Postgraduate student (MSc),Goldsmiths University of London,MSc / MA / MEng,Year 4,Media & Communication,Low,B_surface,2026-08-08 10:52:14,37.3,No,3,3.4,3.6,0.7,0.4,-0.346,2.9,14315,0,0,3,72,True,4.66,4.13,2,3
P0646,Arman A. Hossain,Bangladeshi,Male,28-32,Postgraduate student (MSc),University of Surrey,BSc / BEng / BA,PhD Year 1,Data Science & AI,High,A_no_explanation,2026-08-02 12:51:08,52.1,Yes — I thought it was about trust in AI,0,1.4,4.1,0.5,0.6,-0.408,2.6,15626,2,2,3,47,False,4.78,3.0,2,4
P0647,Vinod A. Pandey,Indian,Male,23-27,Postgraduate student (MSc),Daffodil International University,MSc / MA / MEng,PhD Year 3,Health Informatics,High,B_surface,2026-08-03 10:57:46,57.9,Somewhat — thought it was about usability,2,2.4,3.6,0.4,0.5,0.535,3.2,16330,2,2,4,72,True,3.48,5.31,4,3
P0648,Tawhid A. Islam,Bangladeshi,Male,23-27,Undergraduate student,University of Hertfordshire,BSc / BEng / BA,Year 1,Computer Science,None,A_no_explanation,2026-08-10 10:11:11,53.6,Unsure,1,4.6,3.0,0.5,0.4,-0.175,2.9,15572,1,1,4,52,False,4.39,4.29,3,3
P0649,Jack A. Taylor,British,Male,28-32,Undergraduate student,Daffodil International University,MSc / MA / MEng,PhD Year 2,Psychology,Moderate,A_no_explanation,2026-08-03 11:44:51,52.3,No,3,2.7,2.9,0.3,0.4,0.341,2.8,18538,2,2,5,61,True,3.67,5.53,2,3
P0650,Umme A. Habiba,Bangladeshi,Female,28-32,PhD researcher,University of Surrey,BSc / BEng / BA,Year 2,International Business,Low,C_counterfactual,2026-08-08 15:56:42,62.4,No,1,3.5,3.6,0.8,0.5,-0.108,3.5,17046,0,0,2,59,False,3.32,5.01,5,2
P0651,Shamsul A. Alam,Bangladeshi,Male,23-27,Undergraduate student,Anglia Ruskin University,BSc / BEng / BA,Year 1,Business & Management,Moderate,A_no_explanation,2026-08-09 13:13:31,48.5,No,2,3.1,3.4,0.8,0.7,-0.405,2.9,15045,1,1,1,70,True,4.97,5.72,2,2
P0652,Kemi Okonkwo,Nigerian,Female,23-27,Undergraduate student,University of Hertfordshire,BSc / BEng / BA,PG Year 2,Digital Marketing,Moderate,A_no_explanation,2026-08-14 15:29:31,63.5,Somewhat — thought it was about AI accuracy,1,1.2,2.9,0.5,0.4,-0.052,3.3,16153,1,1,4,83,False,5.74,5.39,1,3
P0653,Peng A. Sun,Chinese,Male,23-27,Postgraduate student (MBA),Oxford Brookes University,MSc / MA / MEng,Completed,International Business,None,C_counterfactual,2026-08-06 13:02:18,42.9,No,2,4.1,3.1,0.6,0.5,0.455,3.3,17758,1,1,3,100,False,4.07,5.03,4,2
P0654,Kola Adesanya,Nigerian,Male,18-22,Postgraduate student (MSc),University of Dhaka,MBA,PG Year 2,Human-Computer Interaction,Low,C_counterfactual,2026-08-11 09:23:19,56.0,No,3,3.0,4.0,0.4,0.5,0.267,2.8,19646,2,2,4,89,False,4.04,3.82,4,4
P0655,Mujibur A. Rahman,Bangladeshi,Male,18-22,PhD researcher,Kingston University London,MSc / MA / MEng,Year 2,Human-Computer Interaction,Low,A_no_explanation,2026-08-04 10:18:53,52.1,Yes — I thought it was about trust in AI,3,3.7,2.5,0.8,0.9,-0.306,3.2,14113,2,2,0,68,True,4.35,5.04,1,3
P0656,Jaya A. Chauhan,Indian,Female,23-27,Undergraduate student,Goldsmiths University of London,Prefer not to say,Year 1,Data Science & AI,High,C_counterfactual,2026-08-12 13:33:44,40.6,No,2,3.8,4.6,0.4,0.7,0.327,2.9,19040,3,3,3,83,False,4.04,4.92,5,3
P0657,Anwara A. Begum,Bangladeshi,Female,23-27,Postgraduate student (MBA),Anglia Ruskin University,MSc / MA / MEng,Year 3,Software Engineering,None,C_counterfactual,2026-08-03 12:18:43,50.0,Unsure,0,2.7,2.2,0.6,0.5,-0.535,3.2,19103,1,1,3,65,True,4.1,7.0,3,2
P0658,Rejwan A. Ahmed,Bangladeshi,Male,23-27,Undergraduate student,Kingston University London,Not a student,Year 1,Data Science & AI,Moderate,A_no_explanation,2026-08-02 10:16:08,48.6,Somewhat — thought it was about AI accuracy,3,3.1,5.0,0.6,0.5,0.0,2.6,16488,1,1,3,71,True,4.39,6.19,2,2
P0659,Tarek A. Hossain,Bangladeshi,Male,41-50,Postgraduate student (MSc),Oxford Brookes University,MSc / MA / MEng,Year 2,Software Engineering,Moderate,A_no_explanation,2026-08-02 14:27:17,61.8,No,1,3.1,2.1,0.7,0.8,0.149,3.3,14805,2,2,1,54,False,4.05,3.16,3,3
P0660,Siamul A. Islam,Bangladeshi,Male,23-27,Postgraduate student (MSc),Kingston University London,BSc / BEng / BA,PG Year 2,Software Engineering,Moderate,B_surface,2026-08-02 10:40:45,51.7,No,1,4.3,3.6,0.7,0.6,-0.117,2.9,15207,1,1,2,76,True,4.76,3.9,5,4
P0661,Olivia B. Morris,British,Female,23-27,Working professional,University of Dhaka,BSc / BEng / BA,Year 2,Graphic Design,High,B_surface,2026-08-02 10:39:51,57.5,Somewhat — thought it was about usability,1,4.7,4.0,0.3,0.6,0.393,2.9,19071,3,3,4,48,False,3.66,4.79,3,2
P0662,Rong He,Chinese,Female,23-27,Undergraduate student,Oxford Brookes University,PhD / MPhil,Year 4,Graphic Design,None,C_counterfactual,2026-08-07 14:19:16,46.5,No,2,3.8,4.6,0.5,0.6,0.272,3.3,20443,2,2,3,81,False,4.78,4.24,3,2
P0663,Zara Shaikh,Other,Female,23-27,Postgraduate student (MSc),BUET,Not a student,Completed,Health Informatics,None,C_counterfactual,2026-08-06 14:25:25,63.2,No,2,2.2,4.2,0.6,0.5,0.697,3.3,18024,1,1,3,64,True,4.15,6.82,4,4
P0664,Ruhul A. Amin,Bangladeshi,Male,23-27,Undergraduate student,University of Bedfordshire,MSc / MA / MEng,PG Year 2,International Business,Moderate,C_counterfactual,2026-08-11 09:17:53,60.2,No,2,2.6,4.4,0.4,0.3,0.447,3.1,19898,1,1,5,86,False,5.35,5.75,5,5
P0665,Rekha B. Bose,Indian,Female,28-32,Undergraduate student,BUET,PhD / MPhil,Completed,Psychology,Moderate,B_surface,2026-08-12 14:05:14,54.1,No,2,4.0,2.1,0.6,0.5,-0.124,3.5,16253,1,1,3,63,True,4.45,2.88,3,3
P0666,Mizanur A. Rahman,Bangladeshi,Male,23-27,Postgraduate student (MBA),Daffodil International University,MSc / MA / MEng,Completed,Cybersecurity,Moderate,B_surface,2026-08-03 16:14:25,44.8,Somewhat — thought it was about AI accuracy,2,2.4,2.9,0.5,0.4,0.515,3.2,15508,1,1,4,81,False,4.95,4.16,4,5
P0667,Ratna A. Akter,Bangladeshi,Female,28-32,Postgraduate student (MSc),BRAC University,MSc / MA / MEng,Year 4,Business & Management,None,C_counterfactual,2026-08-11 09:42:23,57.1,No,0,3.4,2.8,0.9,0.8,0.167,3.2,17903,1,1,0,56,False,4.21,5.62,3,4
P0668,David Osei,Other,Male,23-27,Undergraduate student,Anglia Ruskin University,BSc / BEng / BA,PhD Year 2,Computer Science,None,B_surface,2026-08-09 12:01:18,57.0,No,0,2.8,3.7,0.7,0.6,0.073,2.6,15921,1,1,2,78,True,4.72,3.86,3,3
P0669,Nabila A. Islam,Bangladeshi,Female,33-40,Postgraduate student (MSc),BUET,MSc / MA / MEng,Year 1,Data Science & AI,Low,B_surface,2026-08-08 16:25:23,64.7,Yes — I thought it was about trust in AI,3,2.5,3.0,1.0,0.7,0.179,3.3,13814,0,0,0,63,True,3.99,4.68,3,2
P0670,Taslima A. Begum,Bangladeshi,Female,18-22,Academic / lecturer,London Metropolitan University,MSc / MA / MEng,PhD Year 3,International Business,Moderate,C_counterfactual,2026-08-02 14:00:36,51.4,Somewhat — thought it was about AI accuracy,2,4.0,3.7,0.5,0.4,0.089,3.4,19733,1,1,4,76,True,2.91,5.81,4,3
P0671,Lucy B. Turner,British,Female,18-22,Postgraduate student (MBA),"University for the Creative Arts, Farnham",Prefer not to say,PG Year 1,Business & Management,Low,B_surface,2026-08-03 13:03:21,60.8,No,2,2.0,3.7,0.8,0.7,-0.375,3.3,14748,1,1,1,69,True,3.42,4.78,3,3
P0672,Shafiqur A. Rahman,Bangladeshi,Male,33-40,Undergraduate student,University of Westminster,Prefer not to say,PG Year 1,Education Technology,High,A_no_explanation,2026-08-08 13:16:44,47.6,Yes — I thought it was about trust in AI,2,3.9,1.1,0.8,0.5,-0.447,3.0,14658,0,0,2,37,False,4.87,2.56,2,1
P0673,Jing Wu,Chinese,Female,18-22,Postgraduate student (MSc),Coventry University,MSc / MA / MEng,Year 3,Graphic Design,Low,B_surface,2026-08-02 11:14:13,41.5,Somewhat — thought it was about usability,2,1.9,3.5,0.6,0.3,0.048,3.3,17284,0,0,4,71,True,4.19,5.55,3,3
P0674,Andrew A. Wright,British,Male,33-40,Undergraduate student,BUET,BSc / BEng / BA,PhD Year 3,Digital Marketing,High,C_counterfactual,2026-08-03 15:29:59,67.4,No,2,2.9,3.4,0.6,0.5,0.302,3.6,17412,1,1,3,75,True,5.13,5.15,5,5
P0675,Bayzid A. Hossain,Bangladeshi,Male,18-22,Postgraduate student (MSc),Anglia Ruskin University,Not a student,PhD Year 1,Computer Science,Low,A_no_explanation,2026-08-08 16:10:24,32.0,Yes — I thought it was about trust in AI,2,2.6,3.1,0.8,0.7,-0.401,2.8,12592,1,1,1,56,False,4.43,3.89,4,5
P0676,Nafis A. Ahmed,Bangladeshi,Male,18-22,Undergraduate student,Goldsmiths University of London,PhD / MPhil,PhD Year 3,Data Science & AI,Low,A_no_explanation,2026-08-05 15:54:30,46.3,No,1,3.7,3.0,1.0,0.7,-0.094,2.9,10547,0,0,0,79,True,3.74,5.95,2,4
P0677,Liam A. Robinson,British,Male,23-27,Working professional,North South University,PhD / MPhil,Year 1,Digital Marketing,High,C_counterfactual,2026-08-06 14:06:00,60.6,No,2,3.7,3.3,0.5,0.6,0.612,3.6,19195,2,2,3,86,False,4.57,5.6,5,4
P0678,Victoria B. Lee,British,Prefer not to say,28-32,Undergraduate student,Oxford Brookes University,BSc / BEng / BA,Year 2,Psychology,Low,A_no_explanation,2026-08-09 16:48:59,45.3,No,3,1.5,4.1,0.7,0.6,0.548,3.5,14112,1,1,2,84,False,4.34,5.57,2,3
